ISO-10303-21;
HEADER;
/* Generated by software containing ST-Developer
 * from STEP Tools, Inc. (www.steptools.com) 
 */
/* OPTION: using custom renumber hook */

FILE_DESCRIPTION(
/* description */ ('STEP AP242 Edition 2',
'CAx-IF Rec.Pracs.---Representation and Presentation of Product Manufa
cturing Information (PMI)---4.0---2014-10-13',
'CAx-IF Rec.Pracs.---3D Tessellated Geometry---0.4---2014-09-14','2;1',
'CAx-IF Rec.Pracs.---User Defined Attributes---1.5---2016-08-15'),
/* implementation_level */ '2;1');

FILE_NAME(
/* name */ 'KEYPLATE - Part 3',
/* time_stamp */ '2026-08-18T01:24:35Z',
/* author */ (''),
/* organization */ (''),
/* preprocessor_version */ 'ST-DEVELOPER v20',
/* originating_system */ 'ONSHAPE BY PTC INC, 1.219',
/* authorisation */ '  ');

FILE_SCHEMA (('AP242_MANAGED_MODEL_BASED_3D_ENGINEERING_MIM_LF { 1 0 10303 442 3 1 4 }'));
ENDSEC;

DATA;
#10=SHAPE_REPRESENTATION_RELATIONSHIP('','',#11978,#11);
#11=ADVANCED_BREP_SHAPE_REPRESENTATION('',(#11976),#20132);
#12=PLANE('',#11983);
#13=PLANE('',#11987);
#14=PLANE('',#11991);
#15=PLANE('',#11998);
#16=PLANE('',#12002);
#17=PLANE('',#12006);
#18=PLANE('',#12013);
#19=PLANE('',#12017);
#20=PLANE('',#12021);
#21=PLANE('',#12028);
#22=PLANE('',#12032);
#23=PLANE('',#12036);
#24=PLANE('',#12043);
#25=PLANE('',#12047);
#26=PLANE('',#12051);
#27=PLANE('',#12058);
#28=PLANE('',#12062);
#29=PLANE('',#12066);
#30=PLANE('',#12073);
#31=PLANE('',#12077);
#32=PLANE('',#12081);
#33=PLANE('',#12088);
#34=PLANE('',#12092);
#35=PLANE('',#12096);
#36=PLANE('',#12103);
#37=PLANE('',#12107);
#38=PLANE('',#12111);
#39=PLANE('',#12118);
#40=PLANE('',#12122);
#41=PLANE('',#12126);
#42=PLANE('',#12133);
#43=PLANE('',#12137);
#44=PLANE('',#12141);
#45=PLANE('',#12148);
#46=PLANE('',#12152);
#47=PLANE('',#12156);
#48=PLANE('',#12163);
#49=PLANE('',#12167);
#50=PLANE('',#12171);
#51=PLANE('',#12178);
#52=PLANE('',#12182);
#53=PLANE('',#12186);
#54=PLANE('',#12193);
#55=PLANE('',#12197);
#56=PLANE('',#12201);
#57=PLANE('',#12208);
#58=PLANE('',#12212);
#59=PLANE('',#12216);
#60=PLANE('',#12223);
#61=PLANE('',#12227);
#62=PLANE('',#12231);
#63=PLANE('',#12238);
#64=PLANE('',#12242);
#65=PLANE('',#12246);
#66=PLANE('',#12253);
#67=PLANE('',#12257);
#68=PLANE('',#12261);
#69=PLANE('',#12268);
#70=PLANE('',#12272);
#71=PLANE('',#12276);
#72=PLANE('',#12283);
#73=PLANE('',#12287);
#74=PLANE('',#12291);
#75=PLANE('',#12298);
#76=PLANE('',#12302);
#77=PLANE('',#12306);
#78=PLANE('',#12313);
#79=PLANE('',#12317);
#80=PLANE('',#12321);
#81=PLANE('',#12328);
#82=PLANE('',#12332);
#83=PLANE('',#12336);
#84=PLANE('',#12340);
#85=PLANE('',#12344);
#86=PLANE('',#12348);
#87=PLANE('',#12352);
#88=PLANE('',#12353);
#89=PLANE('',#12357);
#90=PLANE('',#12361);
#91=PLANE('',#12365);
#92=PLANE('',#12369);
#93=PLANE('',#12373);
#94=PLANE('',#12377);
#95=PLANE('',#12381);
#96=PLANE('',#12385);
#97=PLANE('',#12389);
#98=PLANE('',#12393);
#99=PLANE('',#12397);
#100=PLANE('',#12401);
#101=PLANE('',#12405);
#102=PLANE('',#12412);
#103=PLANE('',#12416);
#104=PLANE('',#12420);
#105=PLANE('',#12427);
#106=PLANE('',#12431);
#107=PLANE('',#12435);
#108=PLANE('',#12442);
#109=PLANE('',#12446);
#110=PLANE('',#12450);
#111=PLANE('',#12457);
#112=PLANE('',#12461);
#113=PLANE('',#12465);
#114=PLANE('',#12472);
#115=PLANE('',#12476);
#116=PLANE('',#12480);
#117=PLANE('',#12487);
#118=PLANE('',#12491);
#119=PLANE('',#12495);
#120=PLANE('',#12499);
#121=PLANE('',#12503);
#122=PLANE('',#12507);
#123=PLANE('',#12511);
#124=PLANE('',#12515);
#125=PLANE('',#12519);
#126=PLANE('',#12523);
#127=PLANE('',#12527);
#128=PLANE('',#12531);
#129=PLANE('',#12535);
#130=PLANE('',#12539);
#131=PLANE('',#12540);
#132=PLANE('',#12544);
#133=PLANE('',#12548);
#134=PLANE('',#12552);
#135=PLANE('',#12556);
#136=PLANE('',#12560);
#137=PLANE('',#12564);
#138=PLANE('',#12571);
#139=PLANE('',#12575);
#140=PLANE('',#12582);
#141=PLANE('',#12586);
#142=PLANE('',#12590);
#143=PLANE('',#12600);
#144=PLANE('',#12604);
#145=PLANE('',#12608);
#146=PLANE('',#12615);
#147=PLANE('',#12619);
#148=PLANE('',#12623);
#149=PLANE('',#12630);
#150=PLANE('',#12634);
#151=PLANE('',#12638);
#152=PLANE('',#12642);
#153=PLANE('',#12646);
#154=PLANE('',#12650);
#155=PLANE('',#12654);
#156=PLANE('',#12658);
#157=PLANE('',#12662);
#158=PLANE('',#12666);
#159=PLANE('',#12673);
#160=PLANE('',#12677);
#161=PLANE('',#12681);
#162=PLANE('',#12688);
#163=PLANE('',#12692);
#164=PLANE('',#12696);
#165=PLANE('',#12703);
#166=PLANE('',#12707);
#167=PLANE('',#12711);
#168=PLANE('',#12718);
#169=PLANE('',#12722);
#170=PLANE('',#12726);
#171=PLANE('',#12733);
#172=PLANE('',#12737);
#173=PLANE('',#12741);
#174=PLANE('',#12748);
#175=PLANE('',#12752);
#176=PLANE('',#12756);
#177=PLANE('',#12760);
#178=PLANE('',#12764);
#179=PLANE('',#12768);
#180=PLANE('',#12772);
#181=PLANE('',#12773);
#182=PLANE('',#12777);
#183=PLANE('',#12781);
#184=PLANE('',#12785);
#185=PLANE('',#12789);
#186=PLANE('',#12793);
#187=PLANE('',#12797);
#188=PLANE('',#12804);
#189=PLANE('',#12808);
#190=PLANE('',#12812);
#191=PLANE('',#12819);
#192=PLANE('',#12823);
#193=PLANE('',#12827);
#194=PLANE('',#12834);
#195=PLANE('',#12838);
#196=PLANE('',#12842);
#197=PLANE('',#12846);
#198=PLANE('',#12850);
#199=PLANE('',#12854);
#200=PLANE('',#12858);
#201=PLANE('',#12862);
#202=PLANE('',#12866);
#203=PLANE('',#12870);
#204=PLANE('',#12874);
#205=PLANE('',#12878);
#206=PLANE('',#12882);
#207=PLANE('',#12886);
#208=PLANE('',#12890);
#209=PLANE('',#12894);
#210=PLANE('',#12898);
#211=PLANE('',#12905);
#212=PLANE('',#12909);
#213=PLANE('',#12913);
#214=PLANE('',#12920);
#215=PLANE('',#12924);
#216=PLANE('',#12928);
#217=PLANE('',#12935);
#218=PLANE('',#12939);
#219=PLANE('',#12943);
#220=PLANE('',#12950);
#221=PLANE('',#12954);
#222=PLANE('',#12958);
#223=PLANE('',#12965);
#224=PLANE('',#12969);
#225=PLANE('',#12973);
#226=PLANE('',#12980);
#227=PLANE('',#12984);
#228=PLANE('',#12988);
#229=PLANE('',#12992);
#230=PLANE('',#12996);
#231=PLANE('',#13000);
#232=PLANE('',#13004);
#233=PLANE('',#13005);
#234=PLANE('',#13006);
#235=PLANE('',#13007);
#236=PLANE('',#13008);
#237=PLANE('',#13009);
#238=PLANE('',#13010);
#239=PLANE('',#13011);
#240=PLANE('',#13012);
#241=PLANE('',#13013);
#242=PLANE('',#13014);
#243=PLANE('',#13015);
#244=PLANE('',#13028);
#245=PLANE('',#13029);
#246=PLANE('',#13030);
#247=PLANE('',#13031);
#248=PLANE('',#13035);
#249=PLANE('',#13039);
#250=PLANE('',#13040);
#251=PLANE('',#13041);
#252=PLANE('',#13042);
#253=PLANE('',#13043);
#254=PLANE('',#13044);
#255=PLANE('',#13045);
#256=PLANE('',#13046);
#257=PLANE('',#13047);
#258=PLANE('',#13048);
#259=PLANE('',#13049);
#260=PLANE('',#13050);
#261=PLANE('',#13051);
#262=PLANE('',#13052);
#263=PLANE('',#13053);
#264=PLANE('',#13054);
#265=PLANE('',#13055);
#266=PLANE('',#13056);
#267=PLANE('',#13057);
#268=PLANE('',#13058);
#269=PLANE('',#13059);
#270=PLANE('',#13060);
#271=PLANE('',#13061);
#272=PLANE('',#13062);
#273=PLANE('',#13063);
#274=PLANE('',#13070);
#275=PLANE('',#13074);
#276=PLANE('',#13075);
#277=PLANE('',#13076);
#278=PLANE('',#13077);
#279=PLANE('',#13078);
#280=PLANE('',#13079);
#281=PLANE('',#13080);
#282=PLANE('',#13084);
#283=PLANE('',#13091);
#284=PLANE('',#13092);
#285=PLANE('',#13093);
#286=PLANE('',#13094);
#287=PLANE('',#13095);
#288=PLANE('',#13099);
#289=PLANE('',#13100);
#290=PLANE('',#13101);
#291=PLANE('',#13102);
#292=PLANE('',#13103);
#293=PLANE('',#13104);
#294=PLANE('',#13105);
#295=PLANE('',#13112);
#296=PLANE('',#13113);
#297=PLANE('',#13114);
#298=PLANE('',#13115);
#299=PLANE('',#13119);
#300=PLANE('',#13123);
#301=PLANE('',#13124);
#302=PLANE('',#13125);
#303=PLANE('',#13126);
#304=PLANE('',#13127);
#305=PLANE('',#13128);
#306=PLANE('',#13129);
#307=PLANE('',#13133);
#308=PLANE('',#13134);
#309=PLANE('',#13135);
#310=PLANE('',#13136);
#311=LINE('',#16635,#1488);
#312=LINE('',#16639,#1489);
#313=LINE('',#16641,#1490);
#314=LINE('',#16643,#1491);
#315=LINE('',#16645,#1492);
#316=LINE('',#16649,#1493);
#317=LINE('',#16653,#1494);
#318=LINE('',#16655,#1495);
#319=LINE('',#16657,#1496);
#320=LINE('',#16661,#1497);
#321=LINE('',#16665,#1498);
#322=LINE('',#16667,#1499);
#323=LINE('',#16669,#1500);
#324=LINE('',#16673,#1501);
#325=LINE('',#16680,#1502);
#326=LINE('',#16684,#1503);
#327=LINE('',#16686,#1504);
#328=LINE('',#16688,#1505);
#329=LINE('',#16690,#1506);
#330=LINE('',#16694,#1507);
#331=LINE('',#16698,#1508);
#332=LINE('',#16700,#1509);
#333=LINE('',#16702,#1510);
#334=LINE('',#16706,#1511);
#335=LINE('',#16710,#1512);
#336=LINE('',#16712,#1513);
#337=LINE('',#16714,#1514);
#338=LINE('',#16718,#1515);
#339=LINE('',#16725,#1516);
#340=LINE('',#16729,#1517);
#341=LINE('',#16731,#1518);
#342=LINE('',#16733,#1519);
#343=LINE('',#16735,#1520);
#344=LINE('',#16739,#1521);
#345=LINE('',#16743,#1522);
#346=LINE('',#16745,#1523);
#347=LINE('',#16747,#1524);
#348=LINE('',#16751,#1525);
#349=LINE('',#16755,#1526);
#350=LINE('',#16757,#1527);
#351=LINE('',#16759,#1528);
#352=LINE('',#16763,#1529);
#353=LINE('',#16770,#1530);
#354=LINE('',#16774,#1531);
#355=LINE('',#16776,#1532);
#356=LINE('',#16778,#1533);
#357=LINE('',#16780,#1534);
#358=LINE('',#16784,#1535);
#359=LINE('',#16788,#1536);
#360=LINE('',#16790,#1537);
#361=LINE('',#16792,#1538);
#362=LINE('',#16796,#1539);
#363=LINE('',#16800,#1540);
#364=LINE('',#16802,#1541);
#365=LINE('',#16804,#1542);
#366=LINE('',#16808,#1543);
#367=LINE('',#16815,#1544);
#368=LINE('',#16819,#1545);
#369=LINE('',#16821,#1546);
#370=LINE('',#16823,#1547);
#371=LINE('',#16825,#1548);
#372=LINE('',#16829,#1549);
#373=LINE('',#16833,#1550);
#374=LINE('',#16835,#1551);
#375=LINE('',#16837,#1552);
#376=LINE('',#16841,#1553);
#377=LINE('',#16845,#1554);
#378=LINE('',#16847,#1555);
#379=LINE('',#16849,#1556);
#380=LINE('',#16853,#1557);
#381=LINE('',#16860,#1558);
#382=LINE('',#16864,#1559);
#383=LINE('',#16866,#1560);
#384=LINE('',#16868,#1561);
#385=LINE('',#16870,#1562);
#386=LINE('',#16874,#1563);
#387=LINE('',#16878,#1564);
#388=LINE('',#16880,#1565);
#389=LINE('',#16882,#1566);
#390=LINE('',#16886,#1567);
#391=LINE('',#16890,#1568);
#392=LINE('',#16892,#1569);
#393=LINE('',#16894,#1570);
#394=LINE('',#16898,#1571);
#395=LINE('',#16905,#1572);
#396=LINE('',#16909,#1573);
#397=LINE('',#16911,#1574);
#398=LINE('',#16913,#1575);
#399=LINE('',#16915,#1576);
#400=LINE('',#16919,#1577);
#401=LINE('',#16923,#1578);
#402=LINE('',#16925,#1579);
#403=LINE('',#16927,#1580);
#404=LINE('',#16931,#1581);
#405=LINE('',#16935,#1582);
#406=LINE('',#16937,#1583);
#407=LINE('',#16939,#1584);
#408=LINE('',#16943,#1585);
#409=LINE('',#16950,#1586);
#410=LINE('',#16954,#1587);
#411=LINE('',#16956,#1588);
#412=LINE('',#16958,#1589);
#413=LINE('',#16960,#1590);
#414=LINE('',#16964,#1591);
#415=LINE('',#16968,#1592);
#416=LINE('',#16970,#1593);
#417=LINE('',#16972,#1594);
#418=LINE('',#16976,#1595);
#419=LINE('',#16980,#1596);
#420=LINE('',#16982,#1597);
#421=LINE('',#16984,#1598);
#422=LINE('',#16988,#1599);
#423=LINE('',#16995,#1600);
#424=LINE('',#16999,#1601);
#425=LINE('',#17001,#1602);
#426=LINE('',#17003,#1603);
#427=LINE('',#17005,#1604);
#428=LINE('',#17009,#1605);
#429=LINE('',#17013,#1606);
#430=LINE('',#17015,#1607);
#431=LINE('',#17017,#1608);
#432=LINE('',#17021,#1609);
#433=LINE('',#17025,#1610);
#434=LINE('',#17027,#1611);
#435=LINE('',#17029,#1612);
#436=LINE('',#17033,#1613);
#437=LINE('',#17040,#1614);
#438=LINE('',#17044,#1615);
#439=LINE('',#17046,#1616);
#440=LINE('',#17048,#1617);
#441=LINE('',#17050,#1618);
#442=LINE('',#17054,#1619);
#443=LINE('',#17058,#1620);
#444=LINE('',#17060,#1621);
#445=LINE('',#17062,#1622);
#446=LINE('',#17066,#1623);
#447=LINE('',#17070,#1624);
#448=LINE('',#17072,#1625);
#449=LINE('',#17074,#1626);
#450=LINE('',#17078,#1627);
#451=LINE('',#17085,#1628);
#452=LINE('',#17089,#1629);
#453=LINE('',#17091,#1630);
#454=LINE('',#17093,#1631);
#455=LINE('',#17095,#1632);
#456=LINE('',#17099,#1633);
#457=LINE('',#17103,#1634);
#458=LINE('',#17105,#1635);
#459=LINE('',#17107,#1636);
#460=LINE('',#17111,#1637);
#461=LINE('',#17115,#1638);
#462=LINE('',#17117,#1639);
#463=LINE('',#17119,#1640);
#464=LINE('',#17123,#1641);
#465=LINE('',#17130,#1642);
#466=LINE('',#17134,#1643);
#467=LINE('',#17136,#1644);
#468=LINE('',#17138,#1645);
#469=LINE('',#17140,#1646);
#470=LINE('',#17144,#1647);
#471=LINE('',#17148,#1648);
#472=LINE('',#17150,#1649);
#473=LINE('',#17152,#1650);
#474=LINE('',#17156,#1651);
#475=LINE('',#17160,#1652);
#476=LINE('',#17162,#1653);
#477=LINE('',#17164,#1654);
#478=LINE('',#17168,#1655);
#479=LINE('',#17175,#1656);
#480=LINE('',#17179,#1657);
#481=LINE('',#17181,#1658);
#482=LINE('',#17183,#1659);
#483=LINE('',#17185,#1660);
#484=LINE('',#17189,#1661);
#485=LINE('',#17193,#1662);
#486=LINE('',#17195,#1663);
#487=LINE('',#17197,#1664);
#488=LINE('',#17201,#1665);
#489=LINE('',#17205,#1666);
#490=LINE('',#17207,#1667);
#491=LINE('',#17209,#1668);
#492=LINE('',#17213,#1669);
#493=LINE('',#17220,#1670);
#494=LINE('',#17224,#1671);
#495=LINE('',#17226,#1672);
#496=LINE('',#17228,#1673);
#497=LINE('',#17230,#1674);
#498=LINE('',#17234,#1675);
#499=LINE('',#17238,#1676);
#500=LINE('',#17240,#1677);
#501=LINE('',#17242,#1678);
#502=LINE('',#17246,#1679);
#503=LINE('',#17250,#1680);
#504=LINE('',#17252,#1681);
#505=LINE('',#17254,#1682);
#506=LINE('',#17258,#1683);
#507=LINE('',#17265,#1684);
#508=LINE('',#17269,#1685);
#509=LINE('',#17271,#1686);
#510=LINE('',#17273,#1687);
#511=LINE('',#17275,#1688);
#512=LINE('',#17279,#1689);
#513=LINE('',#17283,#1690);
#514=LINE('',#17285,#1691);
#515=LINE('',#17287,#1692);
#516=LINE('',#17291,#1693);
#517=LINE('',#17295,#1694);
#518=LINE('',#17297,#1695);
#519=LINE('',#17299,#1696);
#520=LINE('',#17303,#1697);
#521=LINE('',#17310,#1698);
#522=LINE('',#17314,#1699);
#523=LINE('',#17316,#1700);
#524=LINE('',#17318,#1701);
#525=LINE('',#17320,#1702);
#526=LINE('',#17324,#1703);
#527=LINE('',#17328,#1704);
#528=LINE('',#17330,#1705);
#529=LINE('',#17332,#1706);
#530=LINE('',#17336,#1707);
#531=LINE('',#17340,#1708);
#532=LINE('',#17342,#1709);
#533=LINE('',#17344,#1710);
#534=LINE('',#17348,#1711);
#535=LINE('',#17355,#1712);
#536=LINE('',#17359,#1713);
#537=LINE('',#17361,#1714);
#538=LINE('',#17363,#1715);
#539=LINE('',#17365,#1716);
#540=LINE('',#17369,#1717);
#541=LINE('',#17373,#1718);
#542=LINE('',#17375,#1719);
#543=LINE('',#17377,#1720);
#544=LINE('',#17381,#1721);
#545=LINE('',#17385,#1722);
#546=LINE('',#17387,#1723);
#547=LINE('',#17389,#1724);
#548=LINE('',#17393,#1725);
#549=LINE('',#17400,#1726);
#550=LINE('',#17404,#1727);
#551=LINE('',#17406,#1728);
#552=LINE('',#17408,#1729);
#553=LINE('',#17410,#1730);
#554=LINE('',#17414,#1731);
#555=LINE('',#17418,#1732);
#556=LINE('',#17420,#1733);
#557=LINE('',#17422,#1734);
#558=LINE('',#17426,#1735);
#559=LINE('',#17430,#1736);
#560=LINE('',#17432,#1737);
#561=LINE('',#17434,#1738);
#562=LINE('',#17438,#1739);
#563=LINE('',#17445,#1740);
#564=LINE('',#17449,#1741);
#565=LINE('',#17451,#1742);
#566=LINE('',#17453,#1743);
#567=LINE('',#17455,#1744);
#568=LINE('',#17459,#1745);
#569=LINE('',#17463,#1746);
#570=LINE('',#17465,#1747);
#571=LINE('',#17467,#1748);
#572=LINE('',#17471,#1749);
#573=LINE('',#17475,#1750);
#574=LINE('',#17477,#1751);
#575=LINE('',#17479,#1752);
#576=LINE('',#17483,#1753);
#577=LINE('',#17490,#1754);
#578=LINE('',#17494,#1755);
#579=LINE('',#17496,#1756);
#580=LINE('',#17498,#1757);
#581=LINE('',#17500,#1758);
#582=LINE('',#17504,#1759);
#583=LINE('',#17508,#1760);
#584=LINE('',#17510,#1761);
#585=LINE('',#17512,#1762);
#586=LINE('',#17516,#1763);
#587=LINE('',#17520,#1764);
#588=LINE('',#17522,#1765);
#589=LINE('',#17524,#1766);
#590=LINE('',#17528,#1767);
#591=LINE('',#17535,#1768);
#592=LINE('',#17539,#1769);
#593=LINE('',#17541,#1770);
#594=LINE('',#17543,#1771);
#595=LINE('',#17545,#1772);
#596=LINE('',#17549,#1773);
#597=LINE('',#17553,#1774);
#598=LINE('',#17555,#1775);
#599=LINE('',#17557,#1776);
#600=LINE('',#17561,#1777);
#601=LINE('',#17565,#1778);
#602=LINE('',#17567,#1779);
#603=LINE('',#17569,#1780);
#604=LINE('',#17573,#1781);
#605=LINE('',#17580,#1782);
#606=LINE('',#17584,#1783);
#607=LINE('',#17586,#1784);
#608=LINE('',#17588,#1785);
#609=LINE('',#17590,#1786);
#610=LINE('',#17594,#1787);
#611=LINE('',#17598,#1788);
#612=LINE('',#17600,#1789);
#613=LINE('',#17602,#1790);
#614=LINE('',#17606,#1791);
#615=LINE('',#17610,#1792);
#616=LINE('',#17612,#1793);
#617=LINE('',#17614,#1794);
#618=LINE('',#17618,#1795);
#619=LINE('',#17625,#1796);
#620=LINE('',#17629,#1797);
#621=LINE('',#17631,#1798);
#622=LINE('',#17633,#1799);
#623=LINE('',#17635,#1800);
#624=LINE('',#17639,#1801);
#625=LINE('',#17643,#1802);
#626=LINE('',#17645,#1803);
#627=LINE('',#17647,#1804);
#628=LINE('',#17651,#1805);
#629=LINE('',#17655,#1806);
#630=LINE('',#17657,#1807);
#631=LINE('',#17659,#1808);
#632=LINE('',#17663,#1809);
#633=LINE('',#17670,#1810);
#634=LINE('',#17674,#1811);
#635=LINE('',#17676,#1812);
#636=LINE('',#17678,#1813);
#637=LINE('',#17680,#1814);
#638=LINE('',#17684,#1815);
#639=LINE('',#17688,#1816);
#640=LINE('',#17690,#1817);
#641=LINE('',#17692,#1818);
#642=LINE('',#17696,#1819);
#643=LINE('',#17700,#1820);
#644=LINE('',#17702,#1821);
#645=LINE('',#17704,#1822);
#646=LINE('',#17708,#1823);
#647=LINE('',#17712,#1824);
#648=LINE('',#17715,#1825);
#649=LINE('',#17717,#1826);
#650=LINE('',#17719,#1827);
#651=LINE('',#17723,#1828);
#652=LINE('',#17727,#1829);
#653=LINE('',#17729,#1830);
#654=LINE('',#17731,#1831);
#655=LINE('',#17735,#1832);
#656=LINE('',#17739,#1833);
#657=LINE('',#17741,#1834);
#658=LINE('',#17743,#1835);
#659=LINE('',#17747,#1836);
#660=LINE('',#17751,#1837);
#661=LINE('',#17753,#1838);
#662=LINE('',#17755,#1839);
#663=LINE('',#17757,#1840);
#664=LINE('',#17760,#1841);
#665=LINE('',#17762,#1842);
#666=LINE('',#17764,#1843);
#667=LINE('',#17768,#1844);
#668=LINE('',#17772,#1845);
#669=LINE('',#17774,#1846);
#670=LINE('',#17776,#1847);
#671=LINE('',#17780,#1848);
#672=LINE('',#17784,#1849);
#673=LINE('',#17786,#1850);
#674=LINE('',#17788,#1851);
#675=LINE('',#17792,#1852);
#676=LINE('',#17796,#1853);
#677=LINE('',#17798,#1854);
#678=LINE('',#17800,#1855);
#679=LINE('',#17805,#1856);
#680=LINE('',#17809,#1857);
#681=LINE('',#17811,#1858);
#682=LINE('',#17813,#1859);
#683=LINE('',#17815,#1860);
#684=LINE('',#17819,#1861);
#685=LINE('',#17823,#1862);
#686=LINE('',#17825,#1863);
#687=LINE('',#17827,#1864);
#688=LINE('',#17831,#1865);
#689=LINE('',#17835,#1866);
#690=LINE('',#17837,#1867);
#691=LINE('',#17839,#1868);
#692=LINE('',#17843,#1869);
#693=LINE('',#17847,#1870);
#694=LINE('',#17850,#1871);
#695=LINE('',#17852,#1872);
#696=LINE('',#17854,#1873);
#697=LINE('',#17858,#1874);
#698=LINE('',#17862,#1875);
#699=LINE('',#17864,#1876);
#700=LINE('',#17866,#1877);
#701=LINE('',#17870,#1878);
#702=LINE('',#17874,#1879);
#703=LINE('',#17876,#1880);
#704=LINE('',#17878,#1881);
#705=LINE('',#17882,#1882);
#706=LINE('',#17886,#1883);
#707=LINE('',#17888,#1884);
#708=LINE('',#17890,#1885);
#709=LINE('',#17895,#1886);
#710=LINE('',#17899,#1887);
#711=LINE('',#17901,#1888);
#712=LINE('',#17903,#1889);
#713=LINE('',#17905,#1890);
#714=LINE('',#17909,#1891);
#715=LINE('',#17913,#1892);
#716=LINE('',#17915,#1893);
#717=LINE('',#17917,#1894);
#718=LINE('',#17921,#1895);
#719=LINE('',#17925,#1896);
#720=LINE('',#17927,#1897);
#721=LINE('',#17929,#1898);
#722=LINE('',#17933,#1899);
#723=LINE('',#17940,#1900);
#724=LINE('',#17944,#1901);
#725=LINE('',#17946,#1902);
#726=LINE('',#17948,#1903);
#727=LINE('',#17950,#1904);
#728=LINE('',#17954,#1905);
#729=LINE('',#17958,#1906);
#730=LINE('',#17960,#1907);
#731=LINE('',#17962,#1908);
#732=LINE('',#17966,#1909);
#733=LINE('',#17970,#1910);
#734=LINE('',#17972,#1911);
#735=LINE('',#17974,#1912);
#736=LINE('',#17978,#1913);
#737=LINE('',#17985,#1914);
#738=LINE('',#17989,#1915);
#739=LINE('',#17991,#1916);
#740=LINE('',#17993,#1917);
#741=LINE('',#17995,#1918);
#742=LINE('',#17999,#1919);
#743=LINE('',#18003,#1920);
#744=LINE('',#18005,#1921);
#745=LINE('',#18007,#1922);
#746=LINE('',#18011,#1923);
#747=LINE('',#18015,#1924);
#748=LINE('',#18017,#1925);
#749=LINE('',#18019,#1926);
#750=LINE('',#18023,#1927);
#751=LINE('',#18030,#1928);
#752=LINE('',#18034,#1929);
#753=LINE('',#18036,#1930);
#754=LINE('',#18038,#1931);
#755=LINE('',#18040,#1932);
#756=LINE('',#18044,#1933);
#757=LINE('',#18048,#1934);
#758=LINE('',#18050,#1935);
#759=LINE('',#18052,#1936);
#760=LINE('',#18056,#1937);
#761=LINE('',#18060,#1938);
#762=LINE('',#18062,#1939);
#763=LINE('',#18064,#1940);
#764=LINE('',#18068,#1941);
#765=LINE('',#18075,#1942);
#766=LINE('',#18079,#1943);
#767=LINE('',#18081,#1944);
#768=LINE('',#18083,#1945);
#769=LINE('',#18085,#1946);
#770=LINE('',#18089,#1947);
#771=LINE('',#18093,#1948);
#772=LINE('',#18095,#1949);
#773=LINE('',#18097,#1950);
#774=LINE('',#18101,#1951);
#775=LINE('',#18105,#1952);
#776=LINE('',#18107,#1953);
#777=LINE('',#18109,#1954);
#778=LINE('',#18113,#1955);
#779=LINE('',#18120,#1956);
#780=LINE('',#18124,#1957);
#781=LINE('',#18126,#1958);
#782=LINE('',#18128,#1959);
#783=LINE('',#18130,#1960);
#784=LINE('',#18134,#1961);
#785=LINE('',#18138,#1962);
#786=LINE('',#18140,#1963);
#787=LINE('',#18142,#1964);
#788=LINE('',#18146,#1965);
#789=LINE('',#18150,#1966);
#790=LINE('',#18152,#1967);
#791=LINE('',#18154,#1968);
#792=LINE('',#18158,#1969);
#793=LINE('',#18165,#1970);
#794=LINE('',#18169,#1971);
#795=LINE('',#18171,#1972);
#796=LINE('',#18173,#1973);
#797=LINE('',#18175,#1974);
#798=LINE('',#18179,#1975);
#799=LINE('',#18183,#1976);
#800=LINE('',#18185,#1977);
#801=LINE('',#18187,#1978);
#802=LINE('',#18191,#1979);
#803=LINE('',#18195,#1980);
#804=LINE('',#18197,#1981);
#805=LINE('',#18199,#1982);
#806=LINE('',#18203,#1983);
#807=LINE('',#18207,#1984);
#808=LINE('',#18210,#1985);
#809=LINE('',#18212,#1986);
#810=LINE('',#18214,#1987);
#811=LINE('',#18218,#1988);
#812=LINE('',#18222,#1989);
#813=LINE('',#18224,#1990);
#814=LINE('',#18226,#1991);
#815=LINE('',#18230,#1992);
#816=LINE('',#18234,#1993);
#817=LINE('',#18236,#1994);
#818=LINE('',#18238,#1995);
#819=LINE('',#18242,#1996);
#820=LINE('',#18246,#1997);
#821=LINE('',#18248,#1998);
#822=LINE('',#18250,#1999);
#823=LINE('',#18255,#2000);
#824=LINE('',#18259,#2001);
#825=LINE('',#18261,#2002);
#826=LINE('',#18263,#2003);
#827=LINE('',#18265,#2004);
#828=LINE('',#18269,#2005);
#829=LINE('',#18273,#2006);
#830=LINE('',#18275,#2007);
#831=LINE('',#18277,#2008);
#832=LINE('',#18281,#2009);
#833=LINE('',#18285,#2010);
#834=LINE('',#18287,#2011);
#835=LINE('',#18289,#2012);
#836=LINE('',#18293,#2013);
#837=LINE('',#18297,#2014);
#838=LINE('',#18300,#2015);
#839=LINE('',#18302,#2016);
#840=LINE('',#18304,#2017);
#841=LINE('',#18308,#2018);
#842=LINE('',#18312,#2019);
#843=LINE('',#18314,#2020);
#844=LINE('',#18316,#2021);
#845=LINE('',#18320,#2022);
#846=LINE('',#18324,#2023);
#847=LINE('',#18326,#2024);
#848=LINE('',#18328,#2025);
#849=LINE('',#18332,#2026);
#850=LINE('',#18336,#2027);
#851=LINE('',#18338,#2028);
#852=LINE('',#18340,#2029);
#853=LINE('',#18342,#2030);
#854=LINE('',#18345,#2031);
#855=LINE('',#18347,#2032);
#856=LINE('',#18349,#2033);
#857=LINE('',#18353,#2034);
#858=LINE('',#18357,#2035);
#859=LINE('',#18359,#2036);
#860=LINE('',#18361,#2037);
#861=LINE('',#18365,#2038);
#862=LINE('',#18369,#2039);
#863=LINE('',#18371,#2040);
#864=LINE('',#18373,#2041);
#865=LINE('',#18377,#2042);
#866=LINE('',#18381,#2043);
#867=LINE('',#18383,#2044);
#868=LINE('',#18385,#2045);
#869=LINE('',#18390,#2046);
#870=LINE('',#18394,#2047);
#871=LINE('',#18396,#2048);
#872=LINE('',#18398,#2049);
#873=LINE('',#18400,#2050);
#874=LINE('',#18404,#2051);
#875=LINE('',#18408,#2052);
#876=LINE('',#18410,#2053);
#877=LINE('',#18412,#2054);
#878=LINE('',#18416,#2055);
#879=LINE('',#18420,#2056);
#880=LINE('',#18422,#2057);
#881=LINE('',#18424,#2058);
#882=LINE('',#18428,#2059);
#883=LINE('',#18435,#2060);
#884=LINE('',#18439,#2061);
#885=LINE('',#18441,#2062);
#886=LINE('',#18443,#2063);
#887=LINE('',#18445,#2064);
#888=LINE('',#18449,#2065);
#889=LINE('',#18453,#2066);
#890=LINE('',#18455,#2067);
#891=LINE('',#18457,#2068);
#892=LINE('',#18461,#2069);
#893=LINE('',#18467,#2070);
#894=LINE('',#18471,#2071);
#895=LINE('',#18473,#2072);
#896=LINE('',#18475,#2073);
#897=LINE('',#18479,#2074);
#898=LINE('',#18483,#2075);
#899=LINE('',#18485,#2076);
#900=LINE('',#18487,#2077);
#901=LINE('',#18491,#2078);
#902=LINE('',#18495,#2079);
#903=LINE('',#18497,#2080);
#904=LINE('',#18499,#2081);
#905=LINE('',#18503,#2082);
#906=LINE('',#18509,#2083);
#907=LINE('',#18516,#2084);
#908=LINE('',#18520,#2085);
#909=LINE('',#18522,#2086);
#910=LINE('',#18524,#2087);
#911=LINE('',#18526,#2088);
#912=LINE('',#18530,#2089);
#913=LINE('',#18534,#2090);
#914=LINE('',#18536,#2091);
#915=LINE('',#18538,#2092);
#916=LINE('',#18542,#2093);
#917=LINE('',#18546,#2094);
#918=LINE('',#18548,#2095);
#919=LINE('',#18550,#2096);
#920=LINE('',#18554,#2097);
#921=LINE('',#18561,#2098);
#922=LINE('',#18565,#2099);
#923=LINE('',#18567,#2100);
#924=LINE('',#18569,#2101);
#925=LINE('',#18571,#2102);
#926=LINE('',#18575,#2103);
#927=LINE('',#18579,#2104);
#928=LINE('',#18581,#2105);
#929=LINE('',#18583,#2106);
#930=LINE('',#18587,#2107);
#931=LINE('',#18591,#2108);
#932=LINE('',#18593,#2109);
#933=LINE('',#18595,#2110);
#934=LINE('',#18599,#2111);
#935=LINE('',#18606,#2112);
#936=LINE('',#18610,#2113);
#937=LINE('',#18612,#2114);
#938=LINE('',#18614,#2115);
#939=LINE('',#18616,#2116);
#940=LINE('',#18620,#2117);
#941=LINE('',#18624,#2118);
#942=LINE('',#18626,#2119);
#943=LINE('',#18628,#2120);
#944=LINE('',#18632,#2121);
#945=LINE('',#18636,#2122);
#946=LINE('',#18638,#2123);
#947=LINE('',#18640,#2124);
#948=LINE('',#18644,#2125);
#949=LINE('',#18648,#2126);
#950=LINE('',#18651,#2127);
#951=LINE('',#18653,#2128);
#952=LINE('',#18655,#2129);
#953=LINE('',#18659,#2130);
#954=LINE('',#18663,#2131);
#955=LINE('',#18665,#2132);
#956=LINE('',#18667,#2133);
#957=LINE('',#18671,#2134);
#958=LINE('',#18675,#2135);
#959=LINE('',#18677,#2136);
#960=LINE('',#18679,#2137);
#961=LINE('',#18683,#2138);
#962=LINE('',#18687,#2139);
#963=LINE('',#18689,#2140);
#964=LINE('',#18691,#2141);
#965=LINE('',#18696,#2142);
#966=LINE('',#18700,#2143);
#967=LINE('',#18702,#2144);
#968=LINE('',#18704,#2145);
#969=LINE('',#18706,#2146);
#970=LINE('',#18710,#2147);
#971=LINE('',#18714,#2148);
#972=LINE('',#18716,#2149);
#973=LINE('',#18718,#2150);
#974=LINE('',#18722,#2151);
#975=LINE('',#18726,#2152);
#976=LINE('',#18728,#2153);
#977=LINE('',#18730,#2154);
#978=LINE('',#18734,#2155);
#979=LINE('',#18741,#2156);
#980=LINE('',#18745,#2157);
#981=LINE('',#18747,#2158);
#982=LINE('',#18749,#2159);
#983=LINE('',#18751,#2160);
#984=LINE('',#18755,#2161);
#985=LINE('',#18759,#2162);
#986=LINE('',#18761,#2163);
#987=LINE('',#18763,#2164);
#988=LINE('',#18767,#2165);
#989=LINE('',#18771,#2166);
#990=LINE('',#18773,#2167);
#991=LINE('',#18775,#2168);
#992=LINE('',#18779,#2169);
#993=LINE('',#18786,#2170);
#994=LINE('',#18790,#2171);
#995=LINE('',#18792,#2172);
#996=LINE('',#18794,#2173);
#997=LINE('',#18796,#2174);
#998=LINE('',#18800,#2175);
#999=LINE('',#18804,#2176);
#1000=LINE('',#18806,#2177);
#1001=LINE('',#18808,#2178);
#1002=LINE('',#18812,#2179);
#1003=LINE('',#18816,#2180);
#1004=LINE('',#18818,#2181);
#1005=LINE('',#18820,#2182);
#1006=LINE('',#18824,#2183);
#1007=LINE('',#18831,#2184);
#1008=LINE('',#18835,#2185);
#1009=LINE('',#18837,#2186);
#1010=LINE('',#18839,#2187);
#1011=LINE('',#18841,#2188);
#1012=LINE('',#18845,#2189);
#1013=LINE('',#18849,#2190);
#1014=LINE('',#18851,#2191);
#1015=LINE('',#18853,#2192);
#1016=LINE('',#18857,#2193);
#1017=LINE('',#18861,#2194);
#1018=LINE('',#18863,#2195);
#1019=LINE('',#18865,#2196);
#1020=LINE('',#18869,#2197);
#1021=LINE('',#18876,#2198);
#1022=LINE('',#18880,#2199);
#1023=LINE('',#18882,#2200);
#1024=LINE('',#18884,#2201);
#1025=LINE('',#18886,#2202);
#1026=LINE('',#18890,#2203);
#1027=LINE('',#18894,#2204);
#1028=LINE('',#18896,#2205);
#1029=LINE('',#18898,#2206);
#1030=LINE('',#18902,#2207);
#1031=LINE('',#18906,#2208);
#1032=LINE('',#18908,#2209);
#1033=LINE('',#18910,#2210);
#1034=LINE('',#18914,#2211);
#1035=LINE('',#18921,#2212);
#1036=LINE('',#18925,#2213);
#1037=LINE('',#18927,#2214);
#1038=LINE('',#18929,#2215);
#1039=LINE('',#18931,#2216);
#1040=LINE('',#18935,#2217);
#1041=LINE('',#18939,#2218);
#1042=LINE('',#18941,#2219);
#1043=LINE('',#18943,#2220);
#1044=LINE('',#18947,#2221);
#1045=LINE('',#18951,#2222);
#1046=LINE('',#18953,#2223);
#1047=LINE('',#18955,#2224);
#1048=LINE('',#18959,#2225);
#1049=LINE('',#18966,#2226);
#1050=LINE('',#18970,#2227);
#1051=LINE('',#18972,#2228);
#1052=LINE('',#18974,#2229);
#1053=LINE('',#18976,#2230);
#1054=LINE('',#18980,#2231);
#1055=LINE('',#18984,#2232);
#1056=LINE('',#18986,#2233);
#1057=LINE('',#18988,#2234);
#1058=LINE('',#18992,#2235);
#1059=LINE('',#18996,#2236);
#1060=LINE('',#18998,#2237);
#1061=LINE('',#19000,#2238);
#1062=LINE('',#19004,#2239);
#1063=LINE('',#19008,#2240);
#1064=LINE('',#19011,#2241);
#1065=LINE('',#19013,#2242);
#1066=LINE('',#19015,#2243);
#1067=LINE('',#19019,#2244);
#1068=LINE('',#19023,#2245);
#1069=LINE('',#19025,#2246);
#1070=LINE('',#19027,#2247);
#1071=LINE('',#19031,#2248);
#1072=LINE('',#19035,#2249);
#1073=LINE('',#19037,#2250);
#1074=LINE('',#19039,#2251);
#1075=LINE('',#19043,#2252);
#1076=LINE('',#19047,#2253);
#1077=LINE('',#19049,#2254);
#1078=LINE('',#19051,#2255);
#1079=LINE('',#19053,#2256);
#1080=LINE('',#19056,#2257);
#1081=LINE('',#19058,#2258);
#1082=LINE('',#19060,#2259);
#1083=LINE('',#19064,#2260);
#1084=LINE('',#19068,#2261);
#1085=LINE('',#19070,#2262);
#1086=LINE('',#19072,#2263);
#1087=LINE('',#19076,#2264);
#1088=LINE('',#19080,#2265);
#1089=LINE('',#19082,#2266);
#1090=LINE('',#19084,#2267);
#1091=LINE('',#19088,#2268);
#1092=LINE('',#19092,#2269);
#1093=LINE('',#19094,#2270);
#1094=LINE('',#19096,#2271);
#1095=LINE('',#19101,#2272);
#1096=LINE('',#19105,#2273);
#1097=LINE('',#19107,#2274);
#1098=LINE('',#19109,#2275);
#1099=LINE('',#19111,#2276);
#1100=LINE('',#19115,#2277);
#1101=LINE('',#19119,#2278);
#1102=LINE('',#19121,#2279);
#1103=LINE('',#19123,#2280);
#1104=LINE('',#19127,#2281);
#1105=LINE('',#19131,#2282);
#1106=LINE('',#19133,#2283);
#1107=LINE('',#19135,#2284);
#1108=LINE('',#19139,#2285);
#1109=LINE('',#19146,#2286);
#1110=LINE('',#19150,#2287);
#1111=LINE('',#19152,#2288);
#1112=LINE('',#19154,#2289);
#1113=LINE('',#19156,#2290);
#1114=LINE('',#19160,#2291);
#1115=LINE('',#19164,#2292);
#1116=LINE('',#19166,#2293);
#1117=LINE('',#19168,#2294);
#1118=LINE('',#19172,#2295);
#1119=LINE('',#19176,#2296);
#1120=LINE('',#19178,#2297);
#1121=LINE('',#19180,#2298);
#1122=LINE('',#19184,#2299);
#1123=LINE('',#19191,#2300);
#1124=LINE('',#19195,#2301);
#1125=LINE('',#19197,#2302);
#1126=LINE('',#19199,#2303);
#1127=LINE('',#19201,#2304);
#1128=LINE('',#19205,#2305);
#1129=LINE('',#19209,#2306);
#1130=LINE('',#19211,#2307);
#1131=LINE('',#19213,#2308);
#1132=LINE('',#19217,#2309);
#1133=LINE('',#19221,#2310);
#1134=LINE('',#19223,#2311);
#1135=LINE('',#19225,#2312);
#1136=LINE('',#19229,#2313);
#1137=LINE('',#19236,#2314);
#1138=LINE('',#19240,#2315);
#1139=LINE('',#19242,#2316);
#1140=LINE('',#19244,#2317);
#1141=LINE('',#19246,#2318);
#1142=LINE('',#19250,#2319);
#1143=LINE('',#19254,#2320);
#1144=LINE('',#19256,#2321);
#1145=LINE('',#19258,#2322);
#1146=LINE('',#19262,#2323);
#1147=LINE('',#19266,#2324);
#1148=LINE('',#19268,#2325);
#1149=LINE('',#19270,#2326);
#1150=LINE('',#19274,#2327);
#1151=LINE('',#19278,#2328);
#1152=LINE('',#19281,#2329);
#1153=LINE('',#19283,#2330);
#1154=LINE('',#19285,#2331);
#1155=LINE('',#19289,#2332);
#1156=LINE('',#19293,#2333);
#1157=LINE('',#19295,#2334);
#1158=LINE('',#19297,#2335);
#1159=LINE('',#19301,#2336);
#1160=LINE('',#19305,#2337);
#1161=LINE('',#19307,#2338);
#1162=LINE('',#19309,#2339);
#1163=LINE('',#19313,#2340);
#1164=LINE('',#19317,#2341);
#1165=LINE('',#19319,#2342);
#1166=LINE('',#19321,#2343);
#1167=LINE('',#19326,#2344);
#1168=LINE('',#19330,#2345);
#1169=LINE('',#19332,#2346);
#1170=LINE('',#19334,#2347);
#1171=LINE('',#19336,#2348);
#1172=LINE('',#19340,#2349);
#1173=LINE('',#19344,#2350);
#1174=LINE('',#19346,#2351);
#1175=LINE('',#19348,#2352);
#1176=LINE('',#19352,#2353);
#1177=LINE('',#19356,#2354);
#1178=LINE('',#19358,#2355);
#1179=LINE('',#19360,#2356);
#1180=LINE('',#19364,#2357);
#1181=LINE('',#19368,#2358);
#1182=LINE('',#19371,#2359);
#1183=LINE('',#19373,#2360);
#1184=LINE('',#19375,#2361);
#1185=LINE('',#19379,#2362);
#1186=LINE('',#19383,#2363);
#1187=LINE('',#19385,#2364);
#1188=LINE('',#19387,#2365);
#1189=LINE('',#19391,#2366);
#1190=LINE('',#19395,#2367);
#1191=LINE('',#19397,#2368);
#1192=LINE('',#19399,#2369);
#1193=LINE('',#19403,#2370);
#1194=LINE('',#19407,#2371);
#1195=LINE('',#19409,#2372);
#1196=LINE('',#19411,#2373);
#1197=LINE('',#19416,#2374);
#1198=LINE('',#19420,#2375);
#1199=LINE('',#19422,#2376);
#1200=LINE('',#19424,#2377);
#1201=LINE('',#19426,#2378);
#1202=LINE('',#19430,#2379);
#1203=LINE('',#19434,#2380);
#1204=LINE('',#19436,#2381);
#1205=LINE('',#19438,#2382);
#1206=LINE('',#19442,#2383);
#1207=LINE('',#19446,#2384);
#1208=LINE('',#19448,#2385);
#1209=LINE('',#19450,#2386);
#1210=LINE('',#19454,#2387);
#1211=LINE('',#19461,#2388);
#1212=LINE('',#19465,#2389);
#1213=LINE('',#19467,#2390);
#1214=LINE('',#19469,#2391);
#1215=LINE('',#19471,#2392);
#1216=LINE('',#19475,#2393);
#1217=LINE('',#19479,#2394);
#1218=LINE('',#19481,#2395);
#1219=LINE('',#19483,#2396);
#1220=LINE('',#19487,#2397);
#1221=LINE('',#19491,#2398);
#1222=LINE('',#19493,#2399);
#1223=LINE('',#19495,#2400);
#1224=LINE('',#19499,#2401);
#1225=LINE('',#19506,#2402);
#1226=LINE('',#19510,#2403);
#1227=LINE('',#19512,#2404);
#1228=LINE('',#19514,#2405);
#1229=LINE('',#19516,#2406);
#1230=LINE('',#19520,#2407);
#1231=LINE('',#19524,#2408);
#1232=LINE('',#19526,#2409);
#1233=LINE('',#19528,#2410);
#1234=LINE('',#19532,#2411);
#1235=LINE('',#19536,#2412);
#1236=LINE('',#19538,#2413);
#1237=LINE('',#19540,#2414);
#1238=LINE('',#19544,#2415);
#1239=LINE('',#19551,#2416);
#1240=LINE('',#19555,#2417);
#1241=LINE('',#19557,#2418);
#1242=LINE('',#19559,#2419);
#1243=LINE('',#19561,#2420);
#1244=LINE('',#19565,#2421);
#1245=LINE('',#19569,#2422);
#1246=LINE('',#19571,#2423);
#1247=LINE('',#19573,#2424);
#1248=LINE('',#19577,#2425);
#1249=LINE('',#19581,#2426);
#1250=LINE('',#19583,#2427);
#1251=LINE('',#19585,#2428);
#1252=LINE('',#19589,#2429);
#1253=LINE('',#19596,#2430);
#1254=LINE('',#19600,#2431);
#1255=LINE('',#19602,#2432);
#1256=LINE('',#19604,#2433);
#1257=LINE('',#19606,#2434);
#1258=LINE('',#19610,#2435);
#1259=LINE('',#19614,#2436);
#1260=LINE('',#19616,#2437);
#1261=LINE('',#19618,#2438);
#1262=LINE('',#19622,#2439);
#1263=LINE('',#19626,#2440);
#1264=LINE('',#19628,#2441);
#1265=LINE('',#19630,#2442);
#1266=LINE('',#19634,#2443);
#1267=LINE('',#19641,#2444);
#1268=LINE('',#19645,#2445);
#1269=LINE('',#19647,#2446);
#1270=LINE('',#19649,#2447);
#1271=LINE('',#19651,#2448);
#1272=LINE('',#19655,#2449);
#1273=LINE('',#19659,#2450);
#1274=LINE('',#19661,#2451);
#1275=LINE('',#19663,#2452);
#1276=LINE('',#19667,#2453);
#1277=LINE('',#19671,#2454);
#1278=LINE('',#19673,#2455);
#1279=LINE('',#19675,#2456);
#1280=LINE('',#19679,#2457);
#1281=LINE('',#19686,#2458);
#1282=LINE('',#19690,#2459);
#1283=LINE('',#19692,#2460);
#1284=LINE('',#19694,#2461);
#1285=LINE('',#19696,#2462);
#1286=LINE('',#19700,#2463);
#1287=LINE('',#19704,#2464);
#1288=LINE('',#19706,#2465);
#1289=LINE('',#19708,#2466);
#1290=LINE('',#19712,#2467);
#1291=LINE('',#19716,#2468);
#1292=LINE('',#19718,#2469);
#1293=LINE('',#19720,#2470);
#1294=LINE('',#19724,#2471);
#1295=LINE('',#19728,#2472);
#1296=LINE('',#19731,#2473);
#1297=LINE('',#19733,#2474);
#1298=LINE('',#19735,#2475);
#1299=LINE('',#19739,#2476);
#1300=LINE('',#19743,#2477);
#1301=LINE('',#19745,#2478);
#1302=LINE('',#19747,#2479);
#1303=LINE('',#19751,#2480);
#1304=LINE('',#19755,#2481);
#1305=LINE('',#19757,#2482);
#1306=LINE('',#19759,#2483);
#1307=LINE('',#19763,#2484);
#1308=LINE('',#19767,#2485);
#1309=LINE('',#19769,#2486);
#1310=LINE('',#19771,#2487);
#1311=LINE('',#19773,#2488);
#1312=LINE('',#19776,#2489);
#1313=LINE('',#19778,#2490);
#1314=LINE('',#19780,#2491);
#1315=LINE('',#19782,#2492);
#1316=LINE('',#19784,#2493);
#1317=LINE('',#19786,#2494);
#1318=LINE('',#19788,#2495);
#1319=LINE('',#19790,#2496);
#1320=LINE('',#19792,#2497);
#1321=LINE('',#19794,#2498);
#1322=LINE('',#19796,#2499);
#1323=LINE('',#19798,#2500);
#1324=LINE('',#19800,#2501);
#1325=LINE('',#19802,#2502);
#1326=LINE('',#19804,#2503);
#1327=LINE('',#19806,#2504);
#1328=LINE('',#19808,#2505);
#1329=LINE('',#19810,#2506);
#1330=LINE('',#19812,#2507);
#1331=LINE('',#19814,#2508);
#1332=LINE('',#19816,#2509);
#1333=LINE('',#19818,#2510);
#1334=LINE('',#19820,#2511);
#1335=LINE('',#19822,#2512);
#1336=LINE('',#19824,#2513);
#1337=LINE('',#19826,#2514);
#1338=LINE('',#19828,#2515);
#1339=LINE('',#19830,#2516);
#1340=LINE('',#19832,#2517);
#1341=LINE('',#19834,#2518);
#1342=LINE('',#19836,#2519);
#1343=LINE('',#19838,#2520);
#1344=LINE('',#19840,#2521);
#1345=LINE('',#19844,#2522);
#1346=LINE('',#19850,#2523);
#1347=LINE('',#19856,#2524);
#1348=LINE('',#19862,#2525);
#1349=LINE('',#19866,#2526);
#1350=LINE('',#19868,#2527);
#1351=LINE('',#19870,#2528);
#1352=LINE('',#19872,#2529);
#1353=LINE('',#19874,#2530);
#1354=LINE('',#19876,#2531);
#1355=LINE('',#19878,#2532);
#1356=LINE('',#19880,#2533);
#1357=LINE('',#19882,#2534);
#1358=LINE('',#19884,#2535);
#1359=LINE('',#19886,#2536);
#1360=LINE('',#19888,#2537);
#1361=LINE('',#19892,#2538);
#1362=LINE('',#19896,#2539);
#1363=LINE('',#19898,#2540);
#1364=LINE('',#19900,#2541);
#1365=LINE('',#19904,#2542);
#1366=LINE('',#19908,#2543);
#1367=LINE('',#19910,#2544);
#1368=LINE('',#19912,#2545);
#1369=LINE('',#19914,#2546);
#1370=LINE('',#19916,#2547);
#1371=LINE('',#19918,#2548);
#1372=LINE('',#19920,#2549);
#1373=LINE('',#19921,#2550);
#1374=LINE('',#19923,#2551);
#1375=LINE('',#19924,#2552);
#1376=LINE('',#19926,#2553);
#1377=LINE('',#19927,#2554);
#1378=LINE('',#19929,#2555);
#1379=LINE('',#19930,#2556);
#1380=LINE('',#19932,#2557);
#1381=LINE('',#19933,#2558);
#1382=LINE('',#19935,#2559);
#1383=LINE('',#19936,#2560);
#1384=LINE('',#19938,#2561);
#1385=LINE('',#19939,#2562);
#1386=LINE('',#19941,#2563);
#1387=LINE('',#19942,#2564);
#1388=LINE('',#19944,#2565);
#1389=LINE('',#19945,#2566);
#1390=LINE('',#19947,#2567);
#1391=LINE('',#19948,#2568);
#1392=LINE('',#19950,#2569);
#1393=LINE('',#19951,#2570);
#1394=LINE('',#19953,#2571);
#1395=LINE('',#19954,#2572);
#1396=LINE('',#19956,#2573);
#1397=LINE('',#19957,#2574);
#1398=LINE('',#19959,#2575);
#1399=LINE('',#19960,#2576);
#1400=LINE('',#19962,#2577);
#1401=LINE('',#19963,#2578);
#1402=LINE('',#19965,#2579);
#1403=LINE('',#19966,#2580);
#1404=LINE('',#19968,#2581);
#1405=LINE('',#19969,#2582);
#1406=LINE('',#19971,#2583);
#1407=LINE('',#19972,#2584);
#1408=LINE('',#19974,#2585);
#1409=LINE('',#19975,#2586);
#1410=LINE('',#19977,#2587);
#1411=LINE('',#19978,#2588);
#1412=LINE('',#19980,#2589);
#1413=LINE('',#19981,#2590);
#1414=LINE('',#19983,#2591);
#1415=LINE('',#19984,#2592);
#1416=LINE('',#19986,#2593);
#1417=LINE('',#19987,#2594);
#1418=LINE('',#19995,#2595);
#1419=LINE('',#19996,#2596);
#1420=LINE('',#20001,#2597);
#1421=LINE('',#20002,#2598);
#1422=LINE('',#20004,#2599);
#1423=LINE('',#20005,#2600);
#1424=LINE('',#20007,#2601);
#1425=LINE('',#20008,#2602);
#1426=LINE('',#20010,#2603);
#1427=LINE('',#20011,#2604);
#1428=LINE('',#20013,#2605);
#1429=LINE('',#20014,#2606);
#1430=LINE('',#20016,#2607);
#1431=LINE('',#20017,#2608);
#1432=LINE('',#20019,#2609);
#1433=LINE('',#20020,#2610);
#1434=LINE('',#20025,#2611);
#1435=LINE('',#20026,#2612);
#1436=LINE('',#20034,#2613);
#1437=LINE('',#20035,#2614);
#1438=LINE('',#20037,#2615);
#1439=LINE('',#20038,#2616);
#1440=LINE('',#20040,#2617);
#1441=LINE('',#20041,#2618);
#1442=LINE('',#20043,#2619);
#1443=LINE('',#20044,#2620);
#1444=LINE('',#20046,#2621);
#1445=LINE('',#20047,#2622);
#1446=LINE('',#20052,#2623);
#1447=LINE('',#20053,#2624);
#1448=LINE('',#20055,#2625);
#1449=LINE('',#20056,#2626);
#1450=LINE('',#20058,#2627);
#1451=LINE('',#20059,#2628);
#1452=LINE('',#20061,#2629);
#1453=LINE('',#20062,#2630);
#1454=LINE('',#20064,#2631);
#1455=LINE('',#20065,#2632);
#1456=LINE('',#20067,#2633);
#1457=LINE('',#20068,#2634);
#1458=LINE('',#20070,#2635);
#1459=LINE('',#20071,#2636);
#1460=LINE('',#20079,#2637);
#1461=LINE('',#20080,#2638);
#1462=LINE('',#20082,#2639);
#1463=LINE('',#20083,#2640);
#1464=LINE('',#20085,#2641);
#1465=LINE('',#20086,#2642);
#1466=LINE('',#20088,#2643);
#1467=LINE('',#20089,#2644);
#1468=LINE('',#20094,#2645);
#1469=LINE('',#20095,#2646);
#1470=LINE('',#20100,#2647);
#1471=LINE('',#20101,#2648);
#1472=LINE('',#20103,#2649);
#1473=LINE('',#20104,#2650);
#1474=LINE('',#20106,#2651);
#1475=LINE('',#20107,#2652);
#1476=LINE('',#20109,#2653);
#1477=LINE('',#20110,#2654);
#1478=LINE('',#20112,#2655);
#1479=LINE('',#20113,#2656);
#1480=LINE('',#20115,#2657);
#1481=LINE('',#20116,#2658);
#1482=LINE('',#20118,#2659);
#1483=LINE('',#20119,#2660);
#1484=LINE('',#20124,#2661);
#1485=LINE('',#20125,#2662);
#1486=LINE('',#20127,#2663);
#1487=LINE('',#20128,#2664);
#1488=VECTOR('',#13143,1.);
#1489=VECTOR('',#13146,1.);
#1490=VECTOR('',#13149,1.);
#1491=VECTOR('',#13150,1.);
#1492=VECTOR('',#13151,1.);
#1493=VECTOR('',#13156,1.);
#1494=VECTOR('',#13161,1.);
#1495=VECTOR('',#13162,1.);
#1496=VECTOR('',#13163,1.);
#1497=VECTOR('',#13168,1.);
#1498=VECTOR('',#13173,1.);
#1499=VECTOR('',#13174,1.);
#1500=VECTOR('',#13175,1.);
#1501=VECTOR('',#13180,1.);
#1502=VECTOR('',#13187,1.);
#1503=VECTOR('',#13190,1.);
#1504=VECTOR('',#13193,1.);
#1505=VECTOR('',#13194,1.);
#1506=VECTOR('',#13195,1.);
#1507=VECTOR('',#13200,1.);
#1508=VECTOR('',#13205,1.);
#1509=VECTOR('',#13206,1.);
#1510=VECTOR('',#13207,1.);
#1511=VECTOR('',#13212,1.);
#1512=VECTOR('',#13217,1.);
#1513=VECTOR('',#13218,1.);
#1514=VECTOR('',#13219,1.);
#1515=VECTOR('',#13224,1.);
#1516=VECTOR('',#13231,1.);
#1517=VECTOR('',#13234,1.);
#1518=VECTOR('',#13237,1.);
#1519=VECTOR('',#13238,1.);
#1520=VECTOR('',#13239,1.);
#1521=VECTOR('',#13244,1.);
#1522=VECTOR('',#13249,1.);
#1523=VECTOR('',#13250,1.);
#1524=VECTOR('',#13251,1.);
#1525=VECTOR('',#13256,1.);
#1526=VECTOR('',#13261,1.);
#1527=VECTOR('',#13262,1.);
#1528=VECTOR('',#13263,1.);
#1529=VECTOR('',#13268,1.);
#1530=VECTOR('',#13275,1.);
#1531=VECTOR('',#13278,1.);
#1532=VECTOR('',#13281,1.);
#1533=VECTOR('',#13282,1.);
#1534=VECTOR('',#13283,1.);
#1535=VECTOR('',#13288,1.);
#1536=VECTOR('',#13293,1.);
#1537=VECTOR('',#13294,1.);
#1538=VECTOR('',#13295,1.);
#1539=VECTOR('',#13300,1.);
#1540=VECTOR('',#13305,1.);
#1541=VECTOR('',#13306,1.);
#1542=VECTOR('',#13307,1.);
#1543=VECTOR('',#13312,1.);
#1544=VECTOR('',#13319,1.);
#1545=VECTOR('',#13322,1.);
#1546=VECTOR('',#13325,1.);
#1547=VECTOR('',#13326,1.);
#1548=VECTOR('',#13327,1.);
#1549=VECTOR('',#13332,1.);
#1550=VECTOR('',#13337,1.);
#1551=VECTOR('',#13338,1.);
#1552=VECTOR('',#13339,1.);
#1553=VECTOR('',#13344,1.);
#1554=VECTOR('',#13349,1.);
#1555=VECTOR('',#13350,1.);
#1556=VECTOR('',#13351,1.);
#1557=VECTOR('',#13356,1.);
#1558=VECTOR('',#13363,1.);
#1559=VECTOR('',#13366,1.);
#1560=VECTOR('',#13369,1.);
#1561=VECTOR('',#13370,1.);
#1562=VECTOR('',#13371,1.);
#1563=VECTOR('',#13376,1.);
#1564=VECTOR('',#13381,1.);
#1565=VECTOR('',#13382,1.);
#1566=VECTOR('',#13383,1.);
#1567=VECTOR('',#13388,1.);
#1568=VECTOR('',#13393,1.);
#1569=VECTOR('',#13394,1.);
#1570=VECTOR('',#13395,1.);
#1571=VECTOR('',#13400,1.);
#1572=VECTOR('',#13407,1.);
#1573=VECTOR('',#13410,1.);
#1574=VECTOR('',#13413,1.);
#1575=VECTOR('',#13414,1.);
#1576=VECTOR('',#13415,1.);
#1577=VECTOR('',#13420,1.);
#1578=VECTOR('',#13425,1.);
#1579=VECTOR('',#13426,1.);
#1580=VECTOR('',#13427,1.);
#1581=VECTOR('',#13432,1.);
#1582=VECTOR('',#13437,1.);
#1583=VECTOR('',#13438,1.);
#1584=VECTOR('',#13439,1.);
#1585=VECTOR('',#13444,1.);
#1586=VECTOR('',#13451,1.);
#1587=VECTOR('',#13454,1.);
#1588=VECTOR('',#13457,1.);
#1589=VECTOR('',#13458,1.);
#1590=VECTOR('',#13459,1.);
#1591=VECTOR('',#13464,1.);
#1592=VECTOR('',#13469,1.);
#1593=VECTOR('',#13470,1.);
#1594=VECTOR('',#13471,1.);
#1595=VECTOR('',#13476,1.);
#1596=VECTOR('',#13481,1.);
#1597=VECTOR('',#13482,1.);
#1598=VECTOR('',#13483,1.);
#1599=VECTOR('',#13488,1.);
#1600=VECTOR('',#13495,1.);
#1601=VECTOR('',#13498,1.);
#1602=VECTOR('',#13501,1.);
#1603=VECTOR('',#13502,1.);
#1604=VECTOR('',#13503,1.);
#1605=VECTOR('',#13508,1.);
#1606=VECTOR('',#13513,1.);
#1607=VECTOR('',#13514,1.);
#1608=VECTOR('',#13515,1.);
#1609=VECTOR('',#13520,1.);
#1610=VECTOR('',#13525,1.);
#1611=VECTOR('',#13526,1.);
#1612=VECTOR('',#13527,1.);
#1613=VECTOR('',#13532,1.);
#1614=VECTOR('',#13539,1.);
#1615=VECTOR('',#13542,1.);
#1616=VECTOR('',#13545,1.);
#1617=VECTOR('',#13546,1.);
#1618=VECTOR('',#13547,1.);
#1619=VECTOR('',#13552,1.);
#1620=VECTOR('',#13557,1.);
#1621=VECTOR('',#13558,1.);
#1622=VECTOR('',#13559,1.);
#1623=VECTOR('',#13564,1.);
#1624=VECTOR('',#13569,1.);
#1625=VECTOR('',#13570,1.);
#1626=VECTOR('',#13571,1.);
#1627=VECTOR('',#13576,1.);
#1628=VECTOR('',#13583,1.);
#1629=VECTOR('',#13586,1.);
#1630=VECTOR('',#13589,1.);
#1631=VECTOR('',#13590,1.);
#1632=VECTOR('',#13591,1.);
#1633=VECTOR('',#13596,1.);
#1634=VECTOR('',#13601,1.);
#1635=VECTOR('',#13602,1.);
#1636=VECTOR('',#13603,1.);
#1637=VECTOR('',#13608,1.);
#1638=VECTOR('',#13613,1.);
#1639=VECTOR('',#13614,1.);
#1640=VECTOR('',#13615,1.);
#1641=VECTOR('',#13620,1.);
#1642=VECTOR('',#13627,1.);
#1643=VECTOR('',#13630,1.);
#1644=VECTOR('',#13633,1.);
#1645=VECTOR('',#13634,1.);
#1646=VECTOR('',#13635,1.);
#1647=VECTOR('',#13640,1.);
#1648=VECTOR('',#13645,1.);
#1649=VECTOR('',#13646,1.);
#1650=VECTOR('',#13647,1.);
#1651=VECTOR('',#13652,1.);
#1652=VECTOR('',#13657,1.);
#1653=VECTOR('',#13658,1.);
#1654=VECTOR('',#13659,1.);
#1655=VECTOR('',#13664,1.);
#1656=VECTOR('',#13671,1.);
#1657=VECTOR('',#13674,1.);
#1658=VECTOR('',#13677,1.);
#1659=VECTOR('',#13678,1.);
#1660=VECTOR('',#13679,1.);
#1661=VECTOR('',#13684,1.);
#1662=VECTOR('',#13689,1.);
#1663=VECTOR('',#13690,1.);
#1664=VECTOR('',#13691,1.);
#1665=VECTOR('',#13696,1.);
#1666=VECTOR('',#13701,1.);
#1667=VECTOR('',#13702,1.);
#1668=VECTOR('',#13703,1.);
#1669=VECTOR('',#13708,1.);
#1670=VECTOR('',#13715,1.);
#1671=VECTOR('',#13718,1.);
#1672=VECTOR('',#13721,1.);
#1673=VECTOR('',#13722,1.);
#1674=VECTOR('',#13723,1.);
#1675=VECTOR('',#13728,1.);
#1676=VECTOR('',#13733,1.);
#1677=VECTOR('',#13734,1.);
#1678=VECTOR('',#13735,1.);
#1679=VECTOR('',#13740,1.);
#1680=VECTOR('',#13745,1.);
#1681=VECTOR('',#13746,1.);
#1682=VECTOR('',#13747,1.);
#1683=VECTOR('',#13752,1.);
#1684=VECTOR('',#13759,1.);
#1685=VECTOR('',#13762,1.);
#1686=VECTOR('',#13765,1.);
#1687=VECTOR('',#13766,1.);
#1688=VECTOR('',#13767,1.);
#1689=VECTOR('',#13772,1.);
#1690=VECTOR('',#13777,1.);
#1691=VECTOR('',#13778,1.);
#1692=VECTOR('',#13779,1.);
#1693=VECTOR('',#13784,1.);
#1694=VECTOR('',#13789,1.);
#1695=VECTOR('',#13790,1.);
#1696=VECTOR('',#13791,1.);
#1697=VECTOR('',#13796,1.);
#1698=VECTOR('',#13803,1.);
#1699=VECTOR('',#13806,1.);
#1700=VECTOR('',#13809,1.);
#1701=VECTOR('',#13810,1.);
#1702=VECTOR('',#13811,1.);
#1703=VECTOR('',#13816,1.);
#1704=VECTOR('',#13821,1.);
#1705=VECTOR('',#13822,1.);
#1706=VECTOR('',#13823,1.);
#1707=VECTOR('',#13828,1.);
#1708=VECTOR('',#13833,1.);
#1709=VECTOR('',#13834,1.);
#1710=VECTOR('',#13835,1.);
#1711=VECTOR('',#13840,1.);
#1712=VECTOR('',#13847,1.);
#1713=VECTOR('',#13850,1.);
#1714=VECTOR('',#13853,1.);
#1715=VECTOR('',#13854,1.);
#1716=VECTOR('',#13855,1.);
#1717=VECTOR('',#13860,1.);
#1718=VECTOR('',#13865,1.);
#1719=VECTOR('',#13866,1.);
#1720=VECTOR('',#13867,1.);
#1721=VECTOR('',#13872,1.);
#1722=VECTOR('',#13877,1.);
#1723=VECTOR('',#13878,1.);
#1724=VECTOR('',#13879,1.);
#1725=VECTOR('',#13884,1.);
#1726=VECTOR('',#13891,1.);
#1727=VECTOR('',#13894,1.);
#1728=VECTOR('',#13897,1.);
#1729=VECTOR('',#13898,1.);
#1730=VECTOR('',#13899,1.);
#1731=VECTOR('',#13904,1.);
#1732=VECTOR('',#13909,1.);
#1733=VECTOR('',#13910,1.);
#1734=VECTOR('',#13911,1.);
#1735=VECTOR('',#13916,1.);
#1736=VECTOR('',#13921,1.);
#1737=VECTOR('',#13922,1.);
#1738=VECTOR('',#13923,1.);
#1739=VECTOR('',#13928,1.);
#1740=VECTOR('',#13935,1.);
#1741=VECTOR('',#13938,1.);
#1742=VECTOR('',#13941,1.);
#1743=VECTOR('',#13942,1.);
#1744=VECTOR('',#13943,1.);
#1745=VECTOR('',#13948,1.);
#1746=VECTOR('',#13953,1.);
#1747=VECTOR('',#13954,1.);
#1748=VECTOR('',#13955,1.);
#1749=VECTOR('',#13960,1.);
#1750=VECTOR('',#13965,1.);
#1751=VECTOR('',#13966,1.);
#1752=VECTOR('',#13967,1.);
#1753=VECTOR('',#13972,1.);
#1754=VECTOR('',#13979,1.);
#1755=VECTOR('',#13982,1.);
#1756=VECTOR('',#13985,1.);
#1757=VECTOR('',#13986,1.);
#1758=VECTOR('',#13987,1.);
#1759=VECTOR('',#13992,1.);
#1760=VECTOR('',#13997,1.);
#1761=VECTOR('',#13998,1.);
#1762=VECTOR('',#13999,1.);
#1763=VECTOR('',#14004,1.);
#1764=VECTOR('',#14009,1.);
#1765=VECTOR('',#14010,1.);
#1766=VECTOR('',#14011,1.);
#1767=VECTOR('',#14016,1.);
#1768=VECTOR('',#14023,1.);
#1769=VECTOR('',#14026,1.);
#1770=VECTOR('',#14029,1.);
#1771=VECTOR('',#14030,1.);
#1772=VECTOR('',#14031,1.);
#1773=VECTOR('',#14036,1.);
#1774=VECTOR('',#14041,1.);
#1775=VECTOR('',#14042,1.);
#1776=VECTOR('',#14043,1.);
#1777=VECTOR('',#14048,1.);
#1778=VECTOR('',#14053,1.);
#1779=VECTOR('',#14054,1.);
#1780=VECTOR('',#14055,1.);
#1781=VECTOR('',#14060,1.);
#1782=VECTOR('',#14067,1.);
#1783=VECTOR('',#14070,1.);
#1784=VECTOR('',#14073,1.);
#1785=VECTOR('',#14074,1.);
#1786=VECTOR('',#14075,1.);
#1787=VECTOR('',#14080,1.);
#1788=VECTOR('',#14085,1.);
#1789=VECTOR('',#14086,1.);
#1790=VECTOR('',#14087,1.);
#1791=VECTOR('',#14092,1.);
#1792=VECTOR('',#14097,1.);
#1793=VECTOR('',#14098,1.);
#1794=VECTOR('',#14099,1.);
#1795=VECTOR('',#14104,1.);
#1796=VECTOR('',#14111,1.);
#1797=VECTOR('',#14114,1.);
#1798=VECTOR('',#14117,1.);
#1799=VECTOR('',#14118,1.);
#1800=VECTOR('',#14119,1.);
#1801=VECTOR('',#14124,1.);
#1802=VECTOR('',#14129,1.);
#1803=VECTOR('',#14130,1.);
#1804=VECTOR('',#14131,1.);
#1805=VECTOR('',#14136,1.);
#1806=VECTOR('',#14141,1.);
#1807=VECTOR('',#14142,1.);
#1808=VECTOR('',#14143,1.);
#1809=VECTOR('',#14148,1.);
#1810=VECTOR('',#14155,1.);
#1811=VECTOR('',#14158,1.);
#1812=VECTOR('',#14161,1.);
#1813=VECTOR('',#14162,1.);
#1814=VECTOR('',#14163,1.);
#1815=VECTOR('',#14168,1.);
#1816=VECTOR('',#14173,1.);
#1817=VECTOR('',#14174,1.);
#1818=VECTOR('',#14175,1.);
#1819=VECTOR('',#14180,1.);
#1820=VECTOR('',#14185,1.);
#1821=VECTOR('',#14186,1.);
#1822=VECTOR('',#14187,1.);
#1823=VECTOR('',#14192,1.);
#1824=VECTOR('',#14197,1.);
#1825=VECTOR('',#14198,1.);
#1826=VECTOR('',#14199,1.);
#1827=VECTOR('',#14200,1.);
#1828=VECTOR('',#14205,1.);
#1829=VECTOR('',#14210,1.);
#1830=VECTOR('',#14211,1.);
#1831=VECTOR('',#14212,1.);
#1832=VECTOR('',#14217,1.);
#1833=VECTOR('',#14222,1.);
#1834=VECTOR('',#14223,1.);
#1835=VECTOR('',#14224,1.);
#1836=VECTOR('',#14229,1.);
#1837=VECTOR('',#14234,1.);
#1838=VECTOR('',#14235,1.);
#1839=VECTOR('',#14236,1.);
#1840=VECTOR('',#14239,1.);
#1841=VECTOR('',#14240,1.);
#1842=VECTOR('',#14241,1.);
#1843=VECTOR('',#14242,1.);
#1844=VECTOR('',#14247,1.);
#1845=VECTOR('',#14252,1.);
#1846=VECTOR('',#14253,1.);
#1847=VECTOR('',#14254,1.);
#1848=VECTOR('',#14259,1.);
#1849=VECTOR('',#14264,1.);
#1850=VECTOR('',#14265,1.);
#1851=VECTOR('',#14266,1.);
#1852=VECTOR('',#14271,1.);
#1853=VECTOR('',#14276,1.);
#1854=VECTOR('',#14277,1.);
#1855=VECTOR('',#14278,1.);
#1856=VECTOR('',#14283,1.);
#1857=VECTOR('',#14286,1.);
#1858=VECTOR('',#14289,1.);
#1859=VECTOR('',#14290,1.);
#1860=VECTOR('',#14291,1.);
#1861=VECTOR('',#14296,1.);
#1862=VECTOR('',#14301,1.);
#1863=VECTOR('',#14302,1.);
#1864=VECTOR('',#14303,1.);
#1865=VECTOR('',#14308,1.);
#1866=VECTOR('',#14313,1.);
#1867=VECTOR('',#14314,1.);
#1868=VECTOR('',#14315,1.);
#1869=VECTOR('',#14320,1.);
#1870=VECTOR('',#14325,1.);
#1871=VECTOR('',#14326,1.);
#1872=VECTOR('',#14327,1.);
#1873=VECTOR('',#14328,1.);
#1874=VECTOR('',#14333,1.);
#1875=VECTOR('',#14338,1.);
#1876=VECTOR('',#14339,1.);
#1877=VECTOR('',#14340,1.);
#1878=VECTOR('',#14345,1.);
#1879=VECTOR('',#14350,1.);
#1880=VECTOR('',#14351,1.);
#1881=VECTOR('',#14352,1.);
#1882=VECTOR('',#14357,1.);
#1883=VECTOR('',#14362,1.);
#1884=VECTOR('',#14363,1.);
#1885=VECTOR('',#14364,1.);
#1886=VECTOR('',#14369,1.);
#1887=VECTOR('',#14372,1.);
#1888=VECTOR('',#14375,1.);
#1889=VECTOR('',#14376,1.);
#1890=VECTOR('',#14377,1.);
#1891=VECTOR('',#14382,1.);
#1892=VECTOR('',#14387,1.);
#1893=VECTOR('',#14388,1.);
#1894=VECTOR('',#14389,1.);
#1895=VECTOR('',#14394,1.);
#1896=VECTOR('',#14399,1.);
#1897=VECTOR('',#14400,1.);
#1898=VECTOR('',#14401,1.);
#1899=VECTOR('',#14406,1.);
#1900=VECTOR('',#14413,1.);
#1901=VECTOR('',#14416,1.);
#1902=VECTOR('',#14419,1.);
#1903=VECTOR('',#14420,1.);
#1904=VECTOR('',#14421,1.);
#1905=VECTOR('',#14426,1.);
#1906=VECTOR('',#14431,1.);
#1907=VECTOR('',#14432,1.);
#1908=VECTOR('',#14433,1.);
#1909=VECTOR('',#14438,1.);
#1910=VECTOR('',#14443,1.);
#1911=VECTOR('',#14444,1.);
#1912=VECTOR('',#14445,1.);
#1913=VECTOR('',#14450,1.);
#1914=VECTOR('',#14457,1.);
#1915=VECTOR('',#14460,1.);
#1916=VECTOR('',#14463,1.);
#1917=VECTOR('',#14464,1.);
#1918=VECTOR('',#14465,1.);
#1919=VECTOR('',#14470,1.);
#1920=VECTOR('',#14475,1.);
#1921=VECTOR('',#14476,1.);
#1922=VECTOR('',#14477,1.);
#1923=VECTOR('',#14482,1.);
#1924=VECTOR('',#14487,1.);
#1925=VECTOR('',#14488,1.);
#1926=VECTOR('',#14489,1.);
#1927=VECTOR('',#14494,1.);
#1928=VECTOR('',#14501,1.);
#1929=VECTOR('',#14504,1.);
#1930=VECTOR('',#14507,1.);
#1931=VECTOR('',#14508,1.);
#1932=VECTOR('',#14509,1.);
#1933=VECTOR('',#14514,1.);
#1934=VECTOR('',#14519,1.);
#1935=VECTOR('',#14520,1.);
#1936=VECTOR('',#14521,1.);
#1937=VECTOR('',#14526,1.);
#1938=VECTOR('',#14531,1.);
#1939=VECTOR('',#14532,1.);
#1940=VECTOR('',#14533,1.);
#1941=VECTOR('',#14538,1.);
#1942=VECTOR('',#14545,1.);
#1943=VECTOR('',#14548,1.);
#1944=VECTOR('',#14551,1.);
#1945=VECTOR('',#14552,1.);
#1946=VECTOR('',#14553,1.);
#1947=VECTOR('',#14558,1.);
#1948=VECTOR('',#14563,1.);
#1949=VECTOR('',#14564,1.);
#1950=VECTOR('',#14565,1.);
#1951=VECTOR('',#14570,1.);
#1952=VECTOR('',#14575,1.);
#1953=VECTOR('',#14576,1.);
#1954=VECTOR('',#14577,1.);
#1955=VECTOR('',#14582,1.);
#1956=VECTOR('',#14589,1.);
#1957=VECTOR('',#14592,1.);
#1958=VECTOR('',#14595,1.);
#1959=VECTOR('',#14596,1.);
#1960=VECTOR('',#14597,1.);
#1961=VECTOR('',#14602,1.);
#1962=VECTOR('',#14607,1.);
#1963=VECTOR('',#14608,1.);
#1964=VECTOR('',#14609,1.);
#1965=VECTOR('',#14614,1.);
#1966=VECTOR('',#14619,1.);
#1967=VECTOR('',#14620,1.);
#1968=VECTOR('',#14621,1.);
#1969=VECTOR('',#14626,1.);
#1970=VECTOR('',#14633,1.);
#1971=VECTOR('',#14636,1.);
#1972=VECTOR('',#14639,1.);
#1973=VECTOR('',#14640,1.);
#1974=VECTOR('',#14641,1.);
#1975=VECTOR('',#14646,1.);
#1976=VECTOR('',#14651,1.);
#1977=VECTOR('',#14652,1.);
#1978=VECTOR('',#14653,1.);
#1979=VECTOR('',#14658,1.);
#1980=VECTOR('',#14663,1.);
#1981=VECTOR('',#14664,1.);
#1982=VECTOR('',#14665,1.);
#1983=VECTOR('',#14670,1.);
#1984=VECTOR('',#14675,1.);
#1985=VECTOR('',#14676,1.);
#1986=VECTOR('',#14677,1.);
#1987=VECTOR('',#14678,1.);
#1988=VECTOR('',#14683,1.);
#1989=VECTOR('',#14688,1.);
#1990=VECTOR('',#14689,1.);
#1991=VECTOR('',#14690,1.);
#1992=VECTOR('',#14695,1.);
#1993=VECTOR('',#14700,1.);
#1994=VECTOR('',#14701,1.);
#1995=VECTOR('',#14702,1.);
#1996=VECTOR('',#14707,1.);
#1997=VECTOR('',#14712,1.);
#1998=VECTOR('',#14713,1.);
#1999=VECTOR('',#14714,1.);
#2000=VECTOR('',#14719,1.);
#2001=VECTOR('',#14722,1.);
#2002=VECTOR('',#14725,1.);
#2003=VECTOR('',#14726,1.);
#2004=VECTOR('',#14727,1.);
#2005=VECTOR('',#14732,1.);
#2006=VECTOR('',#14737,1.);
#2007=VECTOR('',#14738,1.);
#2008=VECTOR('',#14739,1.);
#2009=VECTOR('',#14744,1.);
#2010=VECTOR('',#14749,1.);
#2011=VECTOR('',#14750,1.);
#2012=VECTOR('',#14751,1.);
#2013=VECTOR('',#14756,1.);
#2014=VECTOR('',#14761,1.);
#2015=VECTOR('',#14762,1.);
#2016=VECTOR('',#14763,1.);
#2017=VECTOR('',#14764,1.);
#2018=VECTOR('',#14769,1.);
#2019=VECTOR('',#14774,1.);
#2020=VECTOR('',#14775,1.);
#2021=VECTOR('',#14776,1.);
#2022=VECTOR('',#14781,1.);
#2023=VECTOR('',#14786,1.);
#2024=VECTOR('',#14787,1.);
#2025=VECTOR('',#14788,1.);
#2026=VECTOR('',#14793,1.);
#2027=VECTOR('',#14798,1.);
#2028=VECTOR('',#14799,1.);
#2029=VECTOR('',#14800,1.);
#2030=VECTOR('',#14803,1.);
#2031=VECTOR('',#14804,1.);
#2032=VECTOR('',#14805,1.);
#2033=VECTOR('',#14806,1.);
#2034=VECTOR('',#14811,1.);
#2035=VECTOR('',#14816,1.);
#2036=VECTOR('',#14817,1.);
#2037=VECTOR('',#14818,1.);
#2038=VECTOR('',#14823,1.);
#2039=VECTOR('',#14828,1.);
#2040=VECTOR('',#14829,1.);
#2041=VECTOR('',#14830,1.);
#2042=VECTOR('',#14835,1.);
#2043=VECTOR('',#14840,1.);
#2044=VECTOR('',#14841,1.);
#2045=VECTOR('',#14842,1.);
#2046=VECTOR('',#14847,1.);
#2047=VECTOR('',#14850,1.);
#2048=VECTOR('',#14853,1.);
#2049=VECTOR('',#14854,1.);
#2050=VECTOR('',#14855,1.);
#2051=VECTOR('',#14860,1.);
#2052=VECTOR('',#14865,1.);
#2053=VECTOR('',#14866,1.);
#2054=VECTOR('',#14867,1.);
#2055=VECTOR('',#14872,1.);
#2056=VECTOR('',#14877,1.);
#2057=VECTOR('',#14878,1.);
#2058=VECTOR('',#14879,1.);
#2059=VECTOR('',#14884,1.);
#2060=VECTOR('',#14891,1.);
#2061=VECTOR('',#14894,1.);
#2062=VECTOR('',#14897,1.);
#2063=VECTOR('',#14898,1.);
#2064=VECTOR('',#14899,1.);
#2065=VECTOR('',#14904,1.);
#2066=VECTOR('',#14909,1.);
#2067=VECTOR('',#14910,1.);
#2068=VECTOR('',#14911,1.);
#2069=VECTOR('',#14916,1.);
#2070=VECTOR('',#14923,1.);
#2071=VECTOR('',#14928,1.);
#2072=VECTOR('',#14929,1.);
#2073=VECTOR('',#14930,1.);
#2074=VECTOR('',#14935,1.);
#2075=VECTOR('',#14940,1.);
#2076=VECTOR('',#14941,1.);
#2077=VECTOR('',#14942,1.);
#2078=VECTOR('',#14947,1.);
#2079=VECTOR('',#14952,1.);
#2080=VECTOR('',#14953,1.);
#2081=VECTOR('',#14954,1.);
#2082=VECTOR('',#14959,1.);
#2083=VECTOR('',#14966,1.);
#2084=VECTOR('',#14973,1.);
#2085=VECTOR('',#14976,1.);
#2086=VECTOR('',#14979,1.);
#2087=VECTOR('',#14980,1.);
#2088=VECTOR('',#14981,1.);
#2089=VECTOR('',#14986,1.);
#2090=VECTOR('',#14991,1.);
#2091=VECTOR('',#14992,1.);
#2092=VECTOR('',#14993,1.);
#2093=VECTOR('',#14998,1.);
#2094=VECTOR('',#15003,1.);
#2095=VECTOR('',#15004,1.);
#2096=VECTOR('',#15005,1.);
#2097=VECTOR('',#15010,1.);
#2098=VECTOR('',#15017,1.);
#2099=VECTOR('',#15020,1.);
#2100=VECTOR('',#15023,1.);
#2101=VECTOR('',#15024,1.);
#2102=VECTOR('',#15025,1.);
#2103=VECTOR('',#15030,1.);
#2104=VECTOR('',#15035,1.);
#2105=VECTOR('',#15036,1.);
#2106=VECTOR('',#15037,1.);
#2107=VECTOR('',#15042,1.);
#2108=VECTOR('',#15047,1.);
#2109=VECTOR('',#15048,1.);
#2110=VECTOR('',#15049,1.);
#2111=VECTOR('',#15054,1.);
#2112=VECTOR('',#15061,1.);
#2113=VECTOR('',#15064,1.);
#2114=VECTOR('',#15067,1.);
#2115=VECTOR('',#15068,1.);
#2116=VECTOR('',#15069,1.);
#2117=VECTOR('',#15074,1.);
#2118=VECTOR('',#15079,1.);
#2119=VECTOR('',#15080,1.);
#2120=VECTOR('',#15081,1.);
#2121=VECTOR('',#15086,1.);
#2122=VECTOR('',#15091,1.);
#2123=VECTOR('',#15092,1.);
#2124=VECTOR('',#15093,1.);
#2125=VECTOR('',#15098,1.);
#2126=VECTOR('',#15103,1.);
#2127=VECTOR('',#15104,1.);
#2128=VECTOR('',#15105,1.);
#2129=VECTOR('',#15106,1.);
#2130=VECTOR('',#15111,1.);
#2131=VECTOR('',#15116,1.);
#2132=VECTOR('',#15117,1.);
#2133=VECTOR('',#15118,1.);
#2134=VECTOR('',#15123,1.);
#2135=VECTOR('',#15128,1.);
#2136=VECTOR('',#15129,1.);
#2137=VECTOR('',#15130,1.);
#2138=VECTOR('',#15135,1.);
#2139=VECTOR('',#15140,1.);
#2140=VECTOR('',#15141,1.);
#2141=VECTOR('',#15142,1.);
#2142=VECTOR('',#15147,1.);
#2143=VECTOR('',#15150,1.);
#2144=VECTOR('',#15153,1.);
#2145=VECTOR('',#15154,1.);
#2146=VECTOR('',#15155,1.);
#2147=VECTOR('',#15160,1.);
#2148=VECTOR('',#15165,1.);
#2149=VECTOR('',#15166,1.);
#2150=VECTOR('',#15167,1.);
#2151=VECTOR('',#15172,1.);
#2152=VECTOR('',#15177,1.);
#2153=VECTOR('',#15178,1.);
#2154=VECTOR('',#15179,1.);
#2155=VECTOR('',#15184,1.);
#2156=VECTOR('',#15191,1.);
#2157=VECTOR('',#15194,1.);
#2158=VECTOR('',#15197,1.);
#2159=VECTOR('',#15198,1.);
#2160=VECTOR('',#15199,1.);
#2161=VECTOR('',#15204,1.);
#2162=VECTOR('',#15209,1.);
#2163=VECTOR('',#15210,1.);
#2164=VECTOR('',#15211,1.);
#2165=VECTOR('',#15216,1.);
#2166=VECTOR('',#15221,1.);
#2167=VECTOR('',#15222,1.);
#2168=VECTOR('',#15223,1.);
#2169=VECTOR('',#15228,1.);
#2170=VECTOR('',#15235,1.);
#2171=VECTOR('',#15238,1.);
#2172=VECTOR('',#15241,1.);
#2173=VECTOR('',#15242,1.);
#2174=VECTOR('',#15243,1.);
#2175=VECTOR('',#15248,1.);
#2176=VECTOR('',#15253,1.);
#2177=VECTOR('',#15254,1.);
#2178=VECTOR('',#15255,1.);
#2179=VECTOR('',#15260,1.);
#2180=VECTOR('',#15265,1.);
#2181=VECTOR('',#15266,1.);
#2182=VECTOR('',#15267,1.);
#2183=VECTOR('',#15272,1.);
#2184=VECTOR('',#15279,1.);
#2185=VECTOR('',#15282,1.);
#2186=VECTOR('',#15285,1.);
#2187=VECTOR('',#15286,1.);
#2188=VECTOR('',#15287,1.);
#2189=VECTOR('',#15292,1.);
#2190=VECTOR('',#15297,1.);
#2191=VECTOR('',#15298,1.);
#2192=VECTOR('',#15299,1.);
#2193=VECTOR('',#15304,1.);
#2194=VECTOR('',#15309,1.);
#2195=VECTOR('',#15310,1.);
#2196=VECTOR('',#15311,1.);
#2197=VECTOR('',#15316,1.);
#2198=VECTOR('',#15323,1.);
#2199=VECTOR('',#15326,1.);
#2200=VECTOR('',#15329,1.);
#2201=VECTOR('',#15330,1.);
#2202=VECTOR('',#15331,1.);
#2203=VECTOR('',#15336,1.);
#2204=VECTOR('',#15341,1.);
#2205=VECTOR('',#15342,1.);
#2206=VECTOR('',#15343,1.);
#2207=VECTOR('',#15348,1.);
#2208=VECTOR('',#15353,1.);
#2209=VECTOR('',#15354,1.);
#2210=VECTOR('',#15355,1.);
#2211=VECTOR('',#15360,1.);
#2212=VECTOR('',#15367,1.);
#2213=VECTOR('',#15370,1.);
#2214=VECTOR('',#15373,1.);
#2215=VECTOR('',#15374,1.);
#2216=VECTOR('',#15375,1.);
#2217=VECTOR('',#15380,1.);
#2218=VECTOR('',#15385,1.);
#2219=VECTOR('',#15386,1.);
#2220=VECTOR('',#15387,1.);
#2221=VECTOR('',#15392,1.);
#2222=VECTOR('',#15397,1.);
#2223=VECTOR('',#15398,1.);
#2224=VECTOR('',#15399,1.);
#2225=VECTOR('',#15404,1.);
#2226=VECTOR('',#15411,1.);
#2227=VECTOR('',#15414,1.);
#2228=VECTOR('',#15417,1.);
#2229=VECTOR('',#15418,1.);
#2230=VECTOR('',#15419,1.);
#2231=VECTOR('',#15424,1.);
#2232=VECTOR('',#15429,1.);
#2233=VECTOR('',#15430,1.);
#2234=VECTOR('',#15431,1.);
#2235=VECTOR('',#15436,1.);
#2236=VECTOR('',#15441,1.);
#2237=VECTOR('',#15442,1.);
#2238=VECTOR('',#15443,1.);
#2239=VECTOR('',#15448,1.);
#2240=VECTOR('',#15453,1.);
#2241=VECTOR('',#15454,1.);
#2242=VECTOR('',#15455,1.);
#2243=VECTOR('',#15456,1.);
#2244=VECTOR('',#15461,1.);
#2245=VECTOR('',#15466,1.);
#2246=VECTOR('',#15467,1.);
#2247=VECTOR('',#15468,1.);
#2248=VECTOR('',#15473,1.);
#2249=VECTOR('',#15478,1.);
#2250=VECTOR('',#15479,1.);
#2251=VECTOR('',#15480,1.);
#2252=VECTOR('',#15485,1.);
#2253=VECTOR('',#15490,1.);
#2254=VECTOR('',#15491,1.);
#2255=VECTOR('',#15492,1.);
#2256=VECTOR('',#15495,1.);
#2257=VECTOR('',#15496,1.);
#2258=VECTOR('',#15497,1.);
#2259=VECTOR('',#15498,1.);
#2260=VECTOR('',#15503,1.);
#2261=VECTOR('',#15508,1.);
#2262=VECTOR('',#15509,1.);
#2263=VECTOR('',#15510,1.);
#2264=VECTOR('',#15515,1.);
#2265=VECTOR('',#15520,1.);
#2266=VECTOR('',#15521,1.);
#2267=VECTOR('',#15522,1.);
#2268=VECTOR('',#15527,1.);
#2269=VECTOR('',#15532,1.);
#2270=VECTOR('',#15533,1.);
#2271=VECTOR('',#15534,1.);
#2272=VECTOR('',#15539,1.);
#2273=VECTOR('',#15542,1.);
#2274=VECTOR('',#15545,1.);
#2275=VECTOR('',#15546,1.);
#2276=VECTOR('',#15547,1.);
#2277=VECTOR('',#15552,1.);
#2278=VECTOR('',#15557,1.);
#2279=VECTOR('',#15558,1.);
#2280=VECTOR('',#15559,1.);
#2281=VECTOR('',#15564,1.);
#2282=VECTOR('',#15569,1.);
#2283=VECTOR('',#15570,1.);
#2284=VECTOR('',#15571,1.);
#2285=VECTOR('',#15576,1.);
#2286=VECTOR('',#15583,1.);
#2287=VECTOR('',#15586,1.);
#2288=VECTOR('',#15589,1.);
#2289=VECTOR('',#15590,1.);
#2290=VECTOR('',#15591,1.);
#2291=VECTOR('',#15596,1.);
#2292=VECTOR('',#15601,1.);
#2293=VECTOR('',#15602,1.);
#2294=VECTOR('',#15603,1.);
#2295=VECTOR('',#15608,1.);
#2296=VECTOR('',#15613,1.);
#2297=VECTOR('',#15614,1.);
#2298=VECTOR('',#15615,1.);
#2299=VECTOR('',#15620,1.);
#2300=VECTOR('',#15627,1.);
#2301=VECTOR('',#15630,1.);
#2302=VECTOR('',#15633,1.);
#2303=VECTOR('',#15634,1.);
#2304=VECTOR('',#15635,1.);
#2305=VECTOR('',#15640,1.);
#2306=VECTOR('',#15645,1.);
#2307=VECTOR('',#15646,1.);
#2308=VECTOR('',#15647,1.);
#2309=VECTOR('',#15652,1.);
#2310=VECTOR('',#15657,1.);
#2311=VECTOR('',#15658,1.);
#2312=VECTOR('',#15659,1.);
#2313=VECTOR('',#15664,1.);
#2314=VECTOR('',#15671,1.);
#2315=VECTOR('',#15674,1.);
#2316=VECTOR('',#15677,1.);
#2317=VECTOR('',#15678,1.);
#2318=VECTOR('',#15679,1.);
#2319=VECTOR('',#15684,1.);
#2320=VECTOR('',#15689,1.);
#2321=VECTOR('',#15690,1.);
#2322=VECTOR('',#15691,1.);
#2323=VECTOR('',#15696,1.);
#2324=VECTOR('',#15701,1.);
#2325=VECTOR('',#15702,1.);
#2326=VECTOR('',#15703,1.);
#2327=VECTOR('',#15708,1.);
#2328=VECTOR('',#15713,1.);
#2329=VECTOR('',#15714,1.);
#2330=VECTOR('',#15715,1.);
#2331=VECTOR('',#15716,1.);
#2332=VECTOR('',#15721,1.);
#2333=VECTOR('',#15726,1.);
#2334=VECTOR('',#15727,1.);
#2335=VECTOR('',#15728,1.);
#2336=VECTOR('',#15733,1.);
#2337=VECTOR('',#15738,1.);
#2338=VECTOR('',#15739,1.);
#2339=VECTOR('',#15740,1.);
#2340=VECTOR('',#15745,1.);
#2341=VECTOR('',#15750,1.);
#2342=VECTOR('',#15751,1.);
#2343=VECTOR('',#15752,1.);
#2344=VECTOR('',#15757,1.);
#2345=VECTOR('',#15760,1.);
#2346=VECTOR('',#15763,1.);
#2347=VECTOR('',#15764,1.);
#2348=VECTOR('',#15765,1.);
#2349=VECTOR('',#15770,1.);
#2350=VECTOR('',#15775,1.);
#2351=VECTOR('',#15776,1.);
#2352=VECTOR('',#15777,1.);
#2353=VECTOR('',#15782,1.);
#2354=VECTOR('',#15787,1.);
#2355=VECTOR('',#15788,1.);
#2356=VECTOR('',#15789,1.);
#2357=VECTOR('',#15794,1.);
#2358=VECTOR('',#15799,1.);
#2359=VECTOR('',#15800,1.);
#2360=VECTOR('',#15801,1.);
#2361=VECTOR('',#15802,1.);
#2362=VECTOR('',#15807,1.);
#2363=VECTOR('',#15812,1.);
#2364=VECTOR('',#15813,1.);
#2365=VECTOR('',#15814,1.);
#2366=VECTOR('',#15819,1.);
#2367=VECTOR('',#15824,1.);
#2368=VECTOR('',#15825,1.);
#2369=VECTOR('',#15826,1.);
#2370=VECTOR('',#15831,1.);
#2371=VECTOR('',#15836,1.);
#2372=VECTOR('',#15837,1.);
#2373=VECTOR('',#15838,1.);
#2374=VECTOR('',#15843,1.);
#2375=VECTOR('',#15846,1.);
#2376=VECTOR('',#15849,1.);
#2377=VECTOR('',#15850,1.);
#2378=VECTOR('',#15851,1.);
#2379=VECTOR('',#15856,1.);
#2380=VECTOR('',#15861,1.);
#2381=VECTOR('',#15862,1.);
#2382=VECTOR('',#15863,1.);
#2383=VECTOR('',#15868,1.);
#2384=VECTOR('',#15873,1.);
#2385=VECTOR('',#15874,1.);
#2386=VECTOR('',#15875,1.);
#2387=VECTOR('',#15880,1.);
#2388=VECTOR('',#15887,1.);
#2389=VECTOR('',#15890,1.);
#2390=VECTOR('',#15893,1.);
#2391=VECTOR('',#15894,1.);
#2392=VECTOR('',#15895,1.);
#2393=VECTOR('',#15900,1.);
#2394=VECTOR('',#15905,1.);
#2395=VECTOR('',#15906,1.);
#2396=VECTOR('',#15907,1.);
#2397=VECTOR('',#15912,1.);
#2398=VECTOR('',#15917,1.);
#2399=VECTOR('',#15918,1.);
#2400=VECTOR('',#15919,1.);
#2401=VECTOR('',#15924,1.);
#2402=VECTOR('',#15931,1.);
#2403=VECTOR('',#15934,1.);
#2404=VECTOR('',#15937,1.);
#2405=VECTOR('',#15938,1.);
#2406=VECTOR('',#15939,1.);
#2407=VECTOR('',#15944,1.);
#2408=VECTOR('',#15949,1.);
#2409=VECTOR('',#15950,1.);
#2410=VECTOR('',#15951,1.);
#2411=VECTOR('',#15956,1.);
#2412=VECTOR('',#15961,1.);
#2413=VECTOR('',#15962,1.);
#2414=VECTOR('',#15963,1.);
#2415=VECTOR('',#15968,1.);
#2416=VECTOR('',#15975,1.);
#2417=VECTOR('',#15978,1.);
#2418=VECTOR('',#15981,1.);
#2419=VECTOR('',#15982,1.);
#2420=VECTOR('',#15983,1.);
#2421=VECTOR('',#15988,1.);
#2422=VECTOR('',#15993,1.);
#2423=VECTOR('',#15994,1.);
#2424=VECTOR('',#15995,1.);
#2425=VECTOR('',#16000,1.);
#2426=VECTOR('',#16005,1.);
#2427=VECTOR('',#16006,1.);
#2428=VECTOR('',#16007,1.);
#2429=VECTOR('',#16012,1.);
#2430=VECTOR('',#16019,1.);
#2431=VECTOR('',#16022,1.);
#2432=VECTOR('',#16025,1.);
#2433=VECTOR('',#16026,1.);
#2434=VECTOR('',#16027,1.);
#2435=VECTOR('',#16032,1.);
#2436=VECTOR('',#16037,1.);
#2437=VECTOR('',#16038,1.);
#2438=VECTOR('',#16039,1.);
#2439=VECTOR('',#16044,1.);
#2440=VECTOR('',#16049,1.);
#2441=VECTOR('',#16050,1.);
#2442=VECTOR('',#16051,1.);
#2443=VECTOR('',#16056,1.);
#2444=VECTOR('',#16063,1.);
#2445=VECTOR('',#16066,1.);
#2446=VECTOR('',#16069,1.);
#2447=VECTOR('',#16070,1.);
#2448=VECTOR('',#16071,1.);
#2449=VECTOR('',#16076,1.);
#2450=VECTOR('',#16081,1.);
#2451=VECTOR('',#16082,1.);
#2452=VECTOR('',#16083,1.);
#2453=VECTOR('',#16088,1.);
#2454=VECTOR('',#16093,1.);
#2455=VECTOR('',#16094,1.);
#2456=VECTOR('',#16095,1.);
#2457=VECTOR('',#16100,1.);
#2458=VECTOR('',#16107,1.);
#2459=VECTOR('',#16110,1.);
#2460=VECTOR('',#16113,1.);
#2461=VECTOR('',#16114,1.);
#2462=VECTOR('',#16115,1.);
#2463=VECTOR('',#16120,1.);
#2464=VECTOR('',#16125,1.);
#2465=VECTOR('',#16126,1.);
#2466=VECTOR('',#16127,1.);
#2467=VECTOR('',#16132,1.);
#2468=VECTOR('',#16137,1.);
#2469=VECTOR('',#16138,1.);
#2470=VECTOR('',#16139,1.);
#2471=VECTOR('',#16144,1.);
#2472=VECTOR('',#16149,1.);
#2473=VECTOR('',#16150,1.);
#2474=VECTOR('',#16151,1.);
#2475=VECTOR('',#16152,1.);
#2476=VECTOR('',#16157,1.);
#2477=VECTOR('',#16162,1.);
#2478=VECTOR('',#16163,1.);
#2479=VECTOR('',#16164,1.);
#2480=VECTOR('',#16169,1.);
#2481=VECTOR('',#16174,1.);
#2482=VECTOR('',#16175,1.);
#2483=VECTOR('',#16176,1.);
#2484=VECTOR('',#16181,1.);
#2485=VECTOR('',#16186,1.);
#2486=VECTOR('',#16187,1.);
#2487=VECTOR('',#16188,1.);
#2488=VECTOR('',#16191,1.);
#2489=VECTOR('',#16192,1.);
#2490=VECTOR('',#16193,1.);
#2491=VECTOR('',#16194,1.);
#2492=VECTOR('',#16197,1.);
#2493=VECTOR('',#16198,1.);
#2494=VECTOR('',#16199,1.);
#2495=VECTOR('',#16202,1.);
#2496=VECTOR('',#16203,1.);
#2497=VECTOR('',#16204,1.);
#2498=VECTOR('',#16207,1.);
#2499=VECTOR('',#16208,1.);
#2500=VECTOR('',#16209,1.);
#2501=VECTOR('',#16212,1.);
#2502=VECTOR('',#16213,1.);
#2503=VECTOR('',#16214,1.);
#2504=VECTOR('',#16217,1.);
#2505=VECTOR('',#16218,1.);
#2506=VECTOR('',#16219,1.);
#2507=VECTOR('',#16222,1.);
#2508=VECTOR('',#16223,1.);
#2509=VECTOR('',#16224,1.);
#2510=VECTOR('',#16227,1.);
#2511=VECTOR('',#16228,1.);
#2512=VECTOR('',#16229,1.);
#2513=VECTOR('',#16232,1.);
#2514=VECTOR('',#16233,1.);
#2515=VECTOR('',#16234,1.);
#2516=VECTOR('',#16237,1.);
#2517=VECTOR('',#16238,1.);
#2518=VECTOR('',#16239,1.);
#2519=VECTOR('',#16242,1.);
#2520=VECTOR('',#16243,1.);
#2521=VECTOR('',#16244,1.);
#2522=VECTOR('',#16249,1.);
#2523=VECTOR('',#16256,1.);
#2524=VECTOR('',#16263,1.);
#2525=VECTOR('',#16270,1.);
#2526=VECTOR('',#16275,1.);
#2527=VECTOR('',#16276,1.);
#2528=VECTOR('',#16277,1.);
#2529=VECTOR('',#16280,1.);
#2530=VECTOR('',#16281,1.);
#2531=VECTOR('',#16282,1.);
#2532=VECTOR('',#16285,1.);
#2533=VECTOR('',#16286,1.);
#2534=VECTOR('',#16287,1.);
#2535=VECTOR('',#16290,1.);
#2536=VECTOR('',#16291,1.);
#2537=VECTOR('',#16292,1.);
#2538=VECTOR('',#16297,1.);
#2539=VECTOR('',#16302,1.);
#2540=VECTOR('',#16303,1.);
#2541=VECTOR('',#16304,1.);
#2542=VECTOR('',#16309,1.);
#2543=VECTOR('',#16314,1.);
#2544=VECTOR('',#16315,1.);
#2545=VECTOR('',#16316,1.);
#2546=VECTOR('',#16319,1.);
#2547=VECTOR('',#16320,1.);
#2548=VECTOR('',#16321,1.);
#2549=VECTOR('',#16324,1.);
#2550=VECTOR('',#16325,1.);
#2551=VECTOR('',#16328,1.);
#2552=VECTOR('',#16329,1.);
#2553=VECTOR('',#16332,1.);
#2554=VECTOR('',#16333,1.);
#2555=VECTOR('',#16336,1.);
#2556=VECTOR('',#16337,1.);
#2557=VECTOR('',#16340,1.);
#2558=VECTOR('',#16341,1.);
#2559=VECTOR('',#16344,1.);
#2560=VECTOR('',#16345,1.);
#2561=VECTOR('',#16348,1.);
#2562=VECTOR('',#16349,1.);
#2563=VECTOR('',#16352,1.);
#2564=VECTOR('',#16353,1.);
#2565=VECTOR('',#16356,1.);
#2566=VECTOR('',#16357,1.);
#2567=VECTOR('',#16360,1.);
#2568=VECTOR('',#16361,1.);
#2569=VECTOR('',#16364,1.);
#2570=VECTOR('',#16365,1.);
#2571=VECTOR('',#16368,1.);
#2572=VECTOR('',#16369,1.);
#2573=VECTOR('',#16372,1.);
#2574=VECTOR('',#16373,1.);
#2575=VECTOR('',#16376,1.);
#2576=VECTOR('',#16377,1.);
#2577=VECTOR('',#16380,1.);
#2578=VECTOR('',#16381,1.);
#2579=VECTOR('',#16384,1.);
#2580=VECTOR('',#16385,1.);
#2581=VECTOR('',#16388,1.);
#2582=VECTOR('',#16389,1.);
#2583=VECTOR('',#16392,1.);
#2584=VECTOR('',#16393,1.);
#2585=VECTOR('',#16396,1.);
#2586=VECTOR('',#16397,1.);
#2587=VECTOR('',#16400,1.);
#2588=VECTOR('',#16401,1.);
#2589=VECTOR('',#16404,1.);
#2590=VECTOR('',#16405,1.);
#2591=VECTOR('',#16408,1.);
#2592=VECTOR('',#16409,1.);
#2593=VECTOR('',#16412,1.);
#2594=VECTOR('',#16413,1.);
#2595=VECTOR('',#16428,1.);
#2596=VECTOR('',#16429,1.);
#2597=VECTOR('',#16438,1.);
#2598=VECTOR('',#16439,1.);
#2599=VECTOR('',#16442,1.);
#2600=VECTOR('',#16443,1.);
#2601=VECTOR('',#16446,1.);
#2602=VECTOR('',#16447,1.);
#2603=VECTOR('',#16450,1.);
#2604=VECTOR('',#16451,1.);
#2605=VECTOR('',#16454,1.);
#2606=VECTOR('',#16455,1.);
#2607=VECTOR('',#16458,1.);
#2608=VECTOR('',#16459,1.);
#2609=VECTOR('',#16462,1.);
#2610=VECTOR('',#16463,1.);
#2611=VECTOR('',#16472,1.);
#2612=VECTOR('',#16473,1.);
#2613=VECTOR('',#16488,1.);
#2614=VECTOR('',#16489,1.);
#2615=VECTOR('',#16492,1.);
#2616=VECTOR('',#16493,1.);
#2617=VECTOR('',#16496,1.);
#2618=VECTOR('',#16497,1.);
#2619=VECTOR('',#16500,1.);
#2620=VECTOR('',#16501,1.);
#2621=VECTOR('',#16504,1.);
#2622=VECTOR('',#16505,1.);
#2623=VECTOR('',#16514,1.);
#2624=VECTOR('',#16515,1.);
#2625=VECTOR('',#16518,1.);
#2626=VECTOR('',#16519,1.);
#2627=VECTOR('',#16522,1.);
#2628=VECTOR('',#16523,1.);
#2629=VECTOR('',#16526,1.);
#2630=VECTOR('',#16527,1.);
#2631=VECTOR('',#16530,1.);
#2632=VECTOR('',#16531,1.);
#2633=VECTOR('',#16534,1.);
#2634=VECTOR('',#16535,1.);
#2635=VECTOR('',#16538,1.);
#2636=VECTOR('',#16539,1.);
#2637=VECTOR('',#16554,1.);
#2638=VECTOR('',#16555,1.);
#2639=VECTOR('',#16558,1.);
#2640=VECTOR('',#16559,1.);
#2641=VECTOR('',#16562,1.);
#2642=VECTOR('',#16563,1.);
#2643=VECTOR('',#16566,1.);
#2644=VECTOR('',#16567,1.);
#2645=VECTOR('',#16576,1.);
#2646=VECTOR('',#16577,1.);
#2647=VECTOR('',#16586,1.);
#2648=VECTOR('',#16587,1.);
#2649=VECTOR('',#16590,1.);
#2650=VECTOR('',#16591,1.);
#2651=VECTOR('',#16594,1.);
#2652=VECTOR('',#16595,1.);
#2653=VECTOR('',#16598,1.);
#2654=VECTOR('',#16599,1.);
#2655=VECTOR('',#16602,1.);
#2656=VECTOR('',#16603,1.);
#2657=VECTOR('',#16606,1.);
#2658=VECTOR('',#16607,1.);
#2659=VECTOR('',#16610,1.);
#2660=VECTOR('',#16611,1.);
#2661=VECTOR('',#16620,1.);
#2662=VECTOR('',#16621,1.);
#2663=VECTOR('',#16624,1.);
#2664=VECTOR('',#16625,1.);
#2665=ORIENTED_EDGE('',*,*,#6163,.F.);
#2666=ORIENTED_EDGE('',*,*,#6164,.F.);
#2667=ORIENTED_EDGE('',*,*,#6165,.T.);
#2668=ORIENTED_EDGE('',*,*,#6166,.T.);
#2669=ORIENTED_EDGE('',*,*,#6167,.T.);
#2670=ORIENTED_EDGE('',*,*,#6168,.F.);
#2671=ORIENTED_EDGE('',*,*,#6169,.F.);
#2672=ORIENTED_EDGE('',*,*,#6164,.T.);
#2673=ORIENTED_EDGE('',*,*,#6170,.F.);
#2674=ORIENTED_EDGE('',*,*,#6171,.F.);
#2675=ORIENTED_EDGE('',*,*,#6172,.T.);
#2676=ORIENTED_EDGE('',*,*,#6168,.T.);
#2677=ORIENTED_EDGE('',*,*,#6173,.F.);
#2678=ORIENTED_EDGE('',*,*,#6174,.F.);
#2679=ORIENTED_EDGE('',*,*,#6175,.T.);
#2680=ORIENTED_EDGE('',*,*,#6171,.T.);
#2681=ORIENTED_EDGE('',*,*,#6176,.F.);
#2682=ORIENTED_EDGE('',*,*,#6177,.F.);
#2683=ORIENTED_EDGE('',*,*,#6178,.T.);
#2684=ORIENTED_EDGE('',*,*,#6174,.T.);
#2685=ORIENTED_EDGE('',*,*,#6179,.F.);
#2686=ORIENTED_EDGE('',*,*,#6180,.F.);
#2687=ORIENTED_EDGE('',*,*,#6181,.T.);
#2688=ORIENTED_EDGE('',*,*,#6177,.T.);
#2689=ORIENTED_EDGE('',*,*,#6182,.F.);
#2690=ORIENTED_EDGE('',*,*,#6183,.F.);
#2691=ORIENTED_EDGE('',*,*,#6184,.T.);
#2692=ORIENTED_EDGE('',*,*,#6180,.T.);
#2693=ORIENTED_EDGE('',*,*,#6185,.F.);
#2694=ORIENTED_EDGE('',*,*,#6186,.F.);
#2695=ORIENTED_EDGE('',*,*,#6187,.T.);
#2696=ORIENTED_EDGE('',*,*,#6188,.T.);
#2697=ORIENTED_EDGE('',*,*,#6189,.T.);
#2698=ORIENTED_EDGE('',*,*,#6190,.F.);
#2699=ORIENTED_EDGE('',*,*,#6191,.F.);
#2700=ORIENTED_EDGE('',*,*,#6186,.T.);
#2701=ORIENTED_EDGE('',*,*,#6192,.F.);
#2702=ORIENTED_EDGE('',*,*,#6193,.F.);
#2703=ORIENTED_EDGE('',*,*,#6194,.T.);
#2704=ORIENTED_EDGE('',*,*,#6190,.T.);
#2705=ORIENTED_EDGE('',*,*,#6195,.T.);
#2706=ORIENTED_EDGE('',*,*,#6196,.F.);
#2707=ORIENTED_EDGE('',*,*,#6197,.F.);
#2708=ORIENTED_EDGE('',*,*,#6193,.T.);
#2709=ORIENTED_EDGE('',*,*,#6198,.F.);
#2710=ORIENTED_EDGE('',*,*,#6199,.F.);
#2711=ORIENTED_EDGE('',*,*,#6200,.T.);
#2712=ORIENTED_EDGE('',*,*,#6196,.T.);
#2713=ORIENTED_EDGE('',*,*,#6201,.F.);
#2714=ORIENTED_EDGE('',*,*,#6202,.F.);
#2715=ORIENTED_EDGE('',*,*,#6203,.T.);
#2716=ORIENTED_EDGE('',*,*,#6199,.T.);
#2717=ORIENTED_EDGE('',*,*,#6204,.F.);
#2718=ORIENTED_EDGE('',*,*,#6205,.F.);
#2719=ORIENTED_EDGE('',*,*,#6206,.T.);
#2720=ORIENTED_EDGE('',*,*,#6202,.T.);
#2721=ORIENTED_EDGE('',*,*,#6207,.F.);
#2722=ORIENTED_EDGE('',*,*,#6208,.F.);
#2723=ORIENTED_EDGE('',*,*,#6209,.T.);
#2724=ORIENTED_EDGE('',*,*,#6210,.T.);
#2725=ORIENTED_EDGE('',*,*,#6211,.T.);
#2726=ORIENTED_EDGE('',*,*,#6212,.F.);
#2727=ORIENTED_EDGE('',*,*,#6213,.F.);
#2728=ORIENTED_EDGE('',*,*,#6208,.T.);
#2729=ORIENTED_EDGE('',*,*,#6214,.F.);
#2730=ORIENTED_EDGE('',*,*,#6215,.F.);
#2731=ORIENTED_EDGE('',*,*,#6216,.T.);
#2732=ORIENTED_EDGE('',*,*,#6212,.T.);
#2733=ORIENTED_EDGE('',*,*,#6217,.F.);
#2734=ORIENTED_EDGE('',*,*,#6218,.F.);
#2735=ORIENTED_EDGE('',*,*,#6219,.T.);
#2736=ORIENTED_EDGE('',*,*,#6215,.T.);
#2737=ORIENTED_EDGE('',*,*,#6220,.F.);
#2738=ORIENTED_EDGE('',*,*,#6221,.F.);
#2739=ORIENTED_EDGE('',*,*,#6222,.T.);
#2740=ORIENTED_EDGE('',*,*,#6218,.T.);
#2741=ORIENTED_EDGE('',*,*,#6223,.F.);
#2742=ORIENTED_EDGE('',*,*,#6224,.F.);
#2743=ORIENTED_EDGE('',*,*,#6225,.T.);
#2744=ORIENTED_EDGE('',*,*,#6221,.T.);
#2745=ORIENTED_EDGE('',*,*,#6226,.F.);
#2746=ORIENTED_EDGE('',*,*,#6227,.F.);
#2747=ORIENTED_EDGE('',*,*,#6228,.T.);
#2748=ORIENTED_EDGE('',*,*,#6224,.T.);
#2749=ORIENTED_EDGE('',*,*,#6229,.F.);
#2750=ORIENTED_EDGE('',*,*,#6230,.F.);
#2751=ORIENTED_EDGE('',*,*,#6231,.T.);
#2752=ORIENTED_EDGE('',*,*,#6232,.T.);
#2753=ORIENTED_EDGE('',*,*,#6233,.T.);
#2754=ORIENTED_EDGE('',*,*,#6234,.F.);
#2755=ORIENTED_EDGE('',*,*,#6235,.F.);
#2756=ORIENTED_EDGE('',*,*,#6230,.T.);
#2757=ORIENTED_EDGE('',*,*,#6236,.F.);
#2758=ORIENTED_EDGE('',*,*,#6237,.F.);
#2759=ORIENTED_EDGE('',*,*,#6238,.T.);
#2760=ORIENTED_EDGE('',*,*,#6234,.T.);
#2761=ORIENTED_EDGE('',*,*,#6239,.T.);
#2762=ORIENTED_EDGE('',*,*,#6240,.F.);
#2763=ORIENTED_EDGE('',*,*,#6241,.F.);
#2764=ORIENTED_EDGE('',*,*,#6237,.T.);
#2765=ORIENTED_EDGE('',*,*,#6242,.F.);
#2766=ORIENTED_EDGE('',*,*,#6243,.F.);
#2767=ORIENTED_EDGE('',*,*,#6244,.T.);
#2768=ORIENTED_EDGE('',*,*,#6240,.T.);
#2769=ORIENTED_EDGE('',*,*,#6245,.F.);
#2770=ORIENTED_EDGE('',*,*,#6246,.F.);
#2771=ORIENTED_EDGE('',*,*,#6247,.T.);
#2772=ORIENTED_EDGE('',*,*,#6243,.T.);
#2773=ORIENTED_EDGE('',*,*,#6248,.F.);
#2774=ORIENTED_EDGE('',*,*,#6249,.F.);
#2775=ORIENTED_EDGE('',*,*,#6250,.T.);
#2776=ORIENTED_EDGE('',*,*,#6246,.T.);
#2777=ORIENTED_EDGE('',*,*,#6251,.F.);
#2778=ORIENTED_EDGE('',*,*,#6252,.F.);
#2779=ORIENTED_EDGE('',*,*,#6253,.T.);
#2780=ORIENTED_EDGE('',*,*,#6254,.T.);
#2781=ORIENTED_EDGE('',*,*,#6255,.T.);
#2782=ORIENTED_EDGE('',*,*,#6256,.F.);
#2783=ORIENTED_EDGE('',*,*,#6257,.F.);
#2784=ORIENTED_EDGE('',*,*,#6252,.T.);
#2785=ORIENTED_EDGE('',*,*,#6258,.F.);
#2786=ORIENTED_EDGE('',*,*,#6259,.F.);
#2787=ORIENTED_EDGE('',*,*,#6260,.T.);
#2788=ORIENTED_EDGE('',*,*,#6256,.T.);
#2789=ORIENTED_EDGE('',*,*,#6261,.F.);
#2790=ORIENTED_EDGE('',*,*,#6262,.F.);
#2791=ORIENTED_EDGE('',*,*,#6263,.T.);
#2792=ORIENTED_EDGE('',*,*,#6259,.T.);
#2793=ORIENTED_EDGE('',*,*,#6264,.F.);
#2794=ORIENTED_EDGE('',*,*,#6265,.F.);
#2795=ORIENTED_EDGE('',*,*,#6266,.T.);
#2796=ORIENTED_EDGE('',*,*,#6262,.T.);
#2797=ORIENTED_EDGE('',*,*,#6267,.F.);
#2798=ORIENTED_EDGE('',*,*,#6268,.F.);
#2799=ORIENTED_EDGE('',*,*,#6269,.T.);
#2800=ORIENTED_EDGE('',*,*,#6265,.T.);
#2801=ORIENTED_EDGE('',*,*,#6270,.F.);
#2802=ORIENTED_EDGE('',*,*,#6271,.F.);
#2803=ORIENTED_EDGE('',*,*,#6272,.T.);
#2804=ORIENTED_EDGE('',*,*,#6268,.T.);
#2805=ORIENTED_EDGE('',*,*,#6273,.F.);
#2806=ORIENTED_EDGE('',*,*,#6274,.F.);
#2807=ORIENTED_EDGE('',*,*,#6275,.T.);
#2808=ORIENTED_EDGE('',*,*,#6276,.T.);
#2809=ORIENTED_EDGE('',*,*,#6277,.T.);
#2810=ORIENTED_EDGE('',*,*,#6278,.F.);
#2811=ORIENTED_EDGE('',*,*,#6279,.F.);
#2812=ORIENTED_EDGE('',*,*,#6274,.T.);
#2813=ORIENTED_EDGE('',*,*,#6280,.F.);
#2814=ORIENTED_EDGE('',*,*,#6281,.F.);
#2815=ORIENTED_EDGE('',*,*,#6282,.T.);
#2816=ORIENTED_EDGE('',*,*,#6278,.T.);
#2817=ORIENTED_EDGE('',*,*,#6283,.T.);
#2818=ORIENTED_EDGE('',*,*,#6284,.F.);
#2819=ORIENTED_EDGE('',*,*,#6285,.F.);
#2820=ORIENTED_EDGE('',*,*,#6281,.T.);
#2821=ORIENTED_EDGE('',*,*,#6286,.F.);
#2822=ORIENTED_EDGE('',*,*,#6287,.F.);
#2823=ORIENTED_EDGE('',*,*,#6288,.T.);
#2824=ORIENTED_EDGE('',*,*,#6284,.T.);
#2825=ORIENTED_EDGE('',*,*,#6289,.F.);
#2826=ORIENTED_EDGE('',*,*,#6290,.F.);
#2827=ORIENTED_EDGE('',*,*,#6291,.T.);
#2828=ORIENTED_EDGE('',*,*,#6287,.T.);
#2829=ORIENTED_EDGE('',*,*,#6292,.F.);
#2830=ORIENTED_EDGE('',*,*,#6293,.F.);
#2831=ORIENTED_EDGE('',*,*,#6294,.T.);
#2832=ORIENTED_EDGE('',*,*,#6290,.T.);
#2833=ORIENTED_EDGE('',*,*,#6295,.F.);
#2834=ORIENTED_EDGE('',*,*,#6296,.F.);
#2835=ORIENTED_EDGE('',*,*,#6297,.T.);
#2836=ORIENTED_EDGE('',*,*,#6298,.T.);
#2837=ORIENTED_EDGE('',*,*,#6299,.T.);
#2838=ORIENTED_EDGE('',*,*,#6300,.F.);
#2839=ORIENTED_EDGE('',*,*,#6301,.F.);
#2840=ORIENTED_EDGE('',*,*,#6296,.T.);
#2841=ORIENTED_EDGE('',*,*,#6302,.F.);
#2842=ORIENTED_EDGE('',*,*,#6303,.F.);
#2843=ORIENTED_EDGE('',*,*,#6304,.T.);
#2844=ORIENTED_EDGE('',*,*,#6300,.T.);
#2845=ORIENTED_EDGE('',*,*,#6305,.F.);
#2846=ORIENTED_EDGE('',*,*,#6306,.F.);
#2847=ORIENTED_EDGE('',*,*,#6307,.T.);
#2848=ORIENTED_EDGE('',*,*,#6303,.T.);
#2849=ORIENTED_EDGE('',*,*,#6308,.F.);
#2850=ORIENTED_EDGE('',*,*,#6309,.F.);
#2851=ORIENTED_EDGE('',*,*,#6310,.T.);
#2852=ORIENTED_EDGE('',*,*,#6306,.T.);
#2853=ORIENTED_EDGE('',*,*,#6311,.F.);
#2854=ORIENTED_EDGE('',*,*,#6312,.F.);
#2855=ORIENTED_EDGE('',*,*,#6313,.T.);
#2856=ORIENTED_EDGE('',*,*,#6309,.T.);
#2857=ORIENTED_EDGE('',*,*,#6314,.F.);
#2858=ORIENTED_EDGE('',*,*,#6315,.F.);
#2859=ORIENTED_EDGE('',*,*,#6316,.T.);
#2860=ORIENTED_EDGE('',*,*,#6312,.T.);
#2861=ORIENTED_EDGE('',*,*,#6317,.F.);
#2862=ORIENTED_EDGE('',*,*,#6318,.F.);
#2863=ORIENTED_EDGE('',*,*,#6319,.T.);
#2864=ORIENTED_EDGE('',*,*,#6320,.T.);
#2865=ORIENTED_EDGE('',*,*,#6321,.T.);
#2866=ORIENTED_EDGE('',*,*,#6322,.F.);
#2867=ORIENTED_EDGE('',*,*,#6323,.F.);
#2868=ORIENTED_EDGE('',*,*,#6318,.T.);
#2869=ORIENTED_EDGE('',*,*,#6324,.F.);
#2870=ORIENTED_EDGE('',*,*,#6325,.F.);
#2871=ORIENTED_EDGE('',*,*,#6326,.T.);
#2872=ORIENTED_EDGE('',*,*,#6322,.T.);
#2873=ORIENTED_EDGE('',*,*,#6327,.T.);
#2874=ORIENTED_EDGE('',*,*,#6328,.F.);
#2875=ORIENTED_EDGE('',*,*,#6329,.F.);
#2876=ORIENTED_EDGE('',*,*,#6325,.T.);
#2877=ORIENTED_EDGE('',*,*,#6330,.F.);
#2878=ORIENTED_EDGE('',*,*,#6331,.F.);
#2879=ORIENTED_EDGE('',*,*,#6332,.T.);
#2880=ORIENTED_EDGE('',*,*,#6328,.T.);
#2881=ORIENTED_EDGE('',*,*,#6333,.F.);
#2882=ORIENTED_EDGE('',*,*,#6334,.F.);
#2883=ORIENTED_EDGE('',*,*,#6335,.T.);
#2884=ORIENTED_EDGE('',*,*,#6331,.T.);
#2885=ORIENTED_EDGE('',*,*,#6336,.F.);
#2886=ORIENTED_EDGE('',*,*,#6337,.F.);
#2887=ORIENTED_EDGE('',*,*,#6338,.T.);
#2888=ORIENTED_EDGE('',*,*,#6334,.T.);
#2889=ORIENTED_EDGE('',*,*,#6339,.F.);
#2890=ORIENTED_EDGE('',*,*,#6340,.F.);
#2891=ORIENTED_EDGE('',*,*,#6341,.T.);
#2892=ORIENTED_EDGE('',*,*,#6342,.T.);
#2893=ORIENTED_EDGE('',*,*,#6343,.T.);
#2894=ORIENTED_EDGE('',*,*,#6344,.F.);
#2895=ORIENTED_EDGE('',*,*,#6345,.F.);
#2896=ORIENTED_EDGE('',*,*,#6340,.T.);
#2897=ORIENTED_EDGE('',*,*,#6346,.F.);
#2898=ORIENTED_EDGE('',*,*,#6347,.F.);
#2899=ORIENTED_EDGE('',*,*,#6348,.T.);
#2900=ORIENTED_EDGE('',*,*,#6344,.T.);
#2901=ORIENTED_EDGE('',*,*,#6349,.F.);
#2902=ORIENTED_EDGE('',*,*,#6350,.F.);
#2903=ORIENTED_EDGE('',*,*,#6351,.T.);
#2904=ORIENTED_EDGE('',*,*,#6347,.T.);
#2905=ORIENTED_EDGE('',*,*,#6352,.F.);
#2906=ORIENTED_EDGE('',*,*,#6353,.F.);
#2907=ORIENTED_EDGE('',*,*,#6354,.T.);
#2908=ORIENTED_EDGE('',*,*,#6350,.T.);
#2909=ORIENTED_EDGE('',*,*,#6355,.F.);
#2910=ORIENTED_EDGE('',*,*,#6356,.F.);
#2911=ORIENTED_EDGE('',*,*,#6357,.T.);
#2912=ORIENTED_EDGE('',*,*,#6353,.T.);
#2913=ORIENTED_EDGE('',*,*,#6358,.F.);
#2914=ORIENTED_EDGE('',*,*,#6359,.F.);
#2915=ORIENTED_EDGE('',*,*,#6360,.T.);
#2916=ORIENTED_EDGE('',*,*,#6356,.T.);
#2917=ORIENTED_EDGE('',*,*,#6361,.F.);
#2918=ORIENTED_EDGE('',*,*,#6362,.F.);
#2919=ORIENTED_EDGE('',*,*,#6363,.T.);
#2920=ORIENTED_EDGE('',*,*,#6364,.T.);
#2921=ORIENTED_EDGE('',*,*,#6365,.T.);
#2922=ORIENTED_EDGE('',*,*,#6366,.F.);
#2923=ORIENTED_EDGE('',*,*,#6367,.F.);
#2924=ORIENTED_EDGE('',*,*,#6362,.T.);
#2925=ORIENTED_EDGE('',*,*,#6368,.F.);
#2926=ORIENTED_EDGE('',*,*,#6369,.F.);
#2927=ORIENTED_EDGE('',*,*,#6370,.T.);
#2928=ORIENTED_EDGE('',*,*,#6366,.T.);
#2929=ORIENTED_EDGE('',*,*,#6371,.F.);
#2930=ORIENTED_EDGE('',*,*,#6372,.F.);
#2931=ORIENTED_EDGE('',*,*,#6373,.T.);
#2932=ORIENTED_EDGE('',*,*,#6369,.T.);
#2933=ORIENTED_EDGE('',*,*,#6374,.F.);
#2934=ORIENTED_EDGE('',*,*,#6375,.F.);
#2935=ORIENTED_EDGE('',*,*,#6376,.T.);
#2936=ORIENTED_EDGE('',*,*,#6372,.T.);
#2937=ORIENTED_EDGE('',*,*,#6377,.F.);
#2938=ORIENTED_EDGE('',*,*,#6378,.F.);
#2939=ORIENTED_EDGE('',*,*,#6379,.T.);
#2940=ORIENTED_EDGE('',*,*,#6375,.T.);
#2941=ORIENTED_EDGE('',*,*,#6380,.F.);
#2942=ORIENTED_EDGE('',*,*,#6381,.F.);
#2943=ORIENTED_EDGE('',*,*,#6382,.T.);
#2944=ORIENTED_EDGE('',*,*,#6378,.T.);
#2945=ORIENTED_EDGE('',*,*,#6383,.F.);
#2946=ORIENTED_EDGE('',*,*,#6384,.F.);
#2947=ORIENTED_EDGE('',*,*,#6385,.T.);
#2948=ORIENTED_EDGE('',*,*,#6386,.T.);
#2949=ORIENTED_EDGE('',*,*,#6387,.T.);
#2950=ORIENTED_EDGE('',*,*,#6388,.F.);
#2951=ORIENTED_EDGE('',*,*,#6389,.F.);
#2952=ORIENTED_EDGE('',*,*,#6384,.T.);
#2953=ORIENTED_EDGE('',*,*,#6390,.F.);
#2954=ORIENTED_EDGE('',*,*,#6391,.F.);
#2955=ORIENTED_EDGE('',*,*,#6392,.T.);
#2956=ORIENTED_EDGE('',*,*,#6388,.T.);
#2957=ORIENTED_EDGE('',*,*,#6393,.F.);
#2958=ORIENTED_EDGE('',*,*,#6394,.F.);
#2959=ORIENTED_EDGE('',*,*,#6395,.T.);
#2960=ORIENTED_EDGE('',*,*,#6391,.T.);
#2961=ORIENTED_EDGE('',*,*,#6396,.F.);
#2962=ORIENTED_EDGE('',*,*,#6397,.F.);
#2963=ORIENTED_EDGE('',*,*,#6398,.T.);
#2964=ORIENTED_EDGE('',*,*,#6394,.T.);
#2965=ORIENTED_EDGE('',*,*,#6399,.F.);
#2966=ORIENTED_EDGE('',*,*,#6400,.F.);
#2967=ORIENTED_EDGE('',*,*,#6401,.T.);
#2968=ORIENTED_EDGE('',*,*,#6397,.T.);
#2969=ORIENTED_EDGE('',*,*,#6402,.F.);
#2970=ORIENTED_EDGE('',*,*,#6403,.F.);
#2971=ORIENTED_EDGE('',*,*,#6404,.T.);
#2972=ORIENTED_EDGE('',*,*,#6400,.T.);
#2973=ORIENTED_EDGE('',*,*,#6405,.F.);
#2974=ORIENTED_EDGE('',*,*,#6406,.F.);
#2975=ORIENTED_EDGE('',*,*,#6407,.T.);
#2976=ORIENTED_EDGE('',*,*,#6408,.T.);
#2977=ORIENTED_EDGE('',*,*,#6409,.T.);
#2978=ORIENTED_EDGE('',*,*,#6410,.F.);
#2979=ORIENTED_EDGE('',*,*,#6411,.F.);
#2980=ORIENTED_EDGE('',*,*,#6406,.T.);
#2981=ORIENTED_EDGE('',*,*,#6412,.F.);
#2982=ORIENTED_EDGE('',*,*,#6413,.F.);
#2983=ORIENTED_EDGE('',*,*,#6414,.T.);
#2984=ORIENTED_EDGE('',*,*,#6410,.T.);
#2985=ORIENTED_EDGE('',*,*,#6415,.T.);
#2986=ORIENTED_EDGE('',*,*,#6416,.F.);
#2987=ORIENTED_EDGE('',*,*,#6417,.F.);
#2988=ORIENTED_EDGE('',*,*,#6413,.T.);
#2989=ORIENTED_EDGE('',*,*,#6418,.F.);
#2990=ORIENTED_EDGE('',*,*,#6419,.F.);
#2991=ORIENTED_EDGE('',*,*,#6420,.T.);
#2992=ORIENTED_EDGE('',*,*,#6416,.T.);
#2993=ORIENTED_EDGE('',*,*,#6421,.F.);
#2994=ORIENTED_EDGE('',*,*,#6422,.F.);
#2995=ORIENTED_EDGE('',*,*,#6423,.T.);
#2996=ORIENTED_EDGE('',*,*,#6419,.T.);
#2997=ORIENTED_EDGE('',*,*,#6424,.F.);
#2998=ORIENTED_EDGE('',*,*,#6425,.F.);
#2999=ORIENTED_EDGE('',*,*,#6426,.T.);
#3000=ORIENTED_EDGE('',*,*,#6422,.T.);
#3001=ORIENTED_EDGE('',*,*,#6427,.F.);
#3002=ORIENTED_EDGE('',*,*,#6428,.F.);
#3003=ORIENTED_EDGE('',*,*,#6429,.T.);
#3004=ORIENTED_EDGE('',*,*,#6430,.T.);
#3005=ORIENTED_EDGE('',*,*,#6431,.T.);
#3006=ORIENTED_EDGE('',*,*,#6432,.F.);
#3007=ORIENTED_EDGE('',*,*,#6433,.F.);
#3008=ORIENTED_EDGE('',*,*,#6428,.T.);
#3009=ORIENTED_EDGE('',*,*,#6434,.F.);
#3010=ORIENTED_EDGE('',*,*,#6435,.F.);
#3011=ORIENTED_EDGE('',*,*,#6436,.T.);
#3012=ORIENTED_EDGE('',*,*,#6432,.T.);
#3013=ORIENTED_EDGE('',*,*,#6437,.T.);
#3014=ORIENTED_EDGE('',*,*,#6438,.F.);
#3015=ORIENTED_EDGE('',*,*,#6439,.F.);
#3016=ORIENTED_EDGE('',*,*,#6435,.T.);
#3017=ORIENTED_EDGE('',*,*,#6440,.F.);
#3018=ORIENTED_EDGE('',*,*,#6441,.F.);
#3019=ORIENTED_EDGE('',*,*,#6442,.T.);
#3020=ORIENTED_EDGE('',*,*,#6438,.T.);
#3021=ORIENTED_EDGE('',*,*,#6443,.F.);
#3022=ORIENTED_EDGE('',*,*,#6444,.F.);
#3023=ORIENTED_EDGE('',*,*,#6445,.T.);
#3024=ORIENTED_EDGE('',*,*,#6441,.T.);
#3025=ORIENTED_EDGE('',*,*,#6446,.F.);
#3026=ORIENTED_EDGE('',*,*,#6447,.F.);
#3027=ORIENTED_EDGE('',*,*,#6448,.T.);
#3028=ORIENTED_EDGE('',*,*,#6444,.T.);
#3029=ORIENTED_EDGE('',*,*,#6449,.F.);
#3030=ORIENTED_EDGE('',*,*,#6450,.F.);
#3031=ORIENTED_EDGE('',*,*,#6451,.T.);
#3032=ORIENTED_EDGE('',*,*,#6452,.T.);
#3033=ORIENTED_EDGE('',*,*,#6453,.T.);
#3034=ORIENTED_EDGE('',*,*,#6454,.F.);
#3035=ORIENTED_EDGE('',*,*,#6455,.F.);
#3036=ORIENTED_EDGE('',*,*,#6450,.T.);
#3037=ORIENTED_EDGE('',*,*,#6456,.F.);
#3038=ORIENTED_EDGE('',*,*,#6457,.F.);
#3039=ORIENTED_EDGE('',*,*,#6458,.T.);
#3040=ORIENTED_EDGE('',*,*,#6454,.T.);
#3041=ORIENTED_EDGE('',*,*,#6459,.T.);
#3042=ORIENTED_EDGE('',*,*,#6460,.F.);
#3043=ORIENTED_EDGE('',*,*,#6461,.F.);
#3044=ORIENTED_EDGE('',*,*,#6457,.T.);
#3045=ORIENTED_EDGE('',*,*,#6462,.F.);
#3046=ORIENTED_EDGE('',*,*,#6463,.F.);
#3047=ORIENTED_EDGE('',*,*,#6464,.T.);
#3048=ORIENTED_EDGE('',*,*,#6460,.T.);
#3049=ORIENTED_EDGE('',*,*,#6465,.F.);
#3050=ORIENTED_EDGE('',*,*,#6466,.F.);
#3051=ORIENTED_EDGE('',*,*,#6467,.T.);
#3052=ORIENTED_EDGE('',*,*,#6463,.T.);
#3053=ORIENTED_EDGE('',*,*,#6468,.F.);
#3054=ORIENTED_EDGE('',*,*,#6469,.F.);
#3055=ORIENTED_EDGE('',*,*,#6470,.T.);
#3056=ORIENTED_EDGE('',*,*,#6466,.T.);
#3057=ORIENTED_EDGE('',*,*,#6471,.F.);
#3058=ORIENTED_EDGE('',*,*,#6472,.F.);
#3059=ORIENTED_EDGE('',*,*,#6473,.T.);
#3060=ORIENTED_EDGE('',*,*,#6474,.T.);
#3061=ORIENTED_EDGE('',*,*,#6475,.T.);
#3062=ORIENTED_EDGE('',*,*,#6476,.F.);
#3063=ORIENTED_EDGE('',*,*,#6477,.F.);
#3064=ORIENTED_EDGE('',*,*,#6472,.T.);
#3065=ORIENTED_EDGE('',*,*,#6478,.F.);
#3066=ORIENTED_EDGE('',*,*,#6479,.F.);
#3067=ORIENTED_EDGE('',*,*,#6480,.T.);
#3068=ORIENTED_EDGE('',*,*,#6476,.T.);
#3069=ORIENTED_EDGE('',*,*,#6481,.T.);
#3070=ORIENTED_EDGE('',*,*,#6482,.F.);
#3071=ORIENTED_EDGE('',*,*,#6483,.F.);
#3072=ORIENTED_EDGE('',*,*,#6479,.T.);
#3073=ORIENTED_EDGE('',*,*,#6484,.F.);
#3074=ORIENTED_EDGE('',*,*,#6485,.F.);
#3075=ORIENTED_EDGE('',*,*,#6486,.T.);
#3076=ORIENTED_EDGE('',*,*,#6482,.T.);
#3077=ORIENTED_EDGE('',*,*,#6487,.F.);
#3078=ORIENTED_EDGE('',*,*,#6488,.F.);
#3079=ORIENTED_EDGE('',*,*,#6489,.T.);
#3080=ORIENTED_EDGE('',*,*,#6485,.T.);
#3081=ORIENTED_EDGE('',*,*,#6490,.F.);
#3082=ORIENTED_EDGE('',*,*,#6491,.F.);
#3083=ORIENTED_EDGE('',*,*,#6492,.T.);
#3084=ORIENTED_EDGE('',*,*,#6488,.T.);
#3085=ORIENTED_EDGE('',*,*,#6493,.F.);
#3086=ORIENTED_EDGE('',*,*,#6494,.F.);
#3087=ORIENTED_EDGE('',*,*,#6495,.T.);
#3088=ORIENTED_EDGE('',*,*,#6496,.T.);
#3089=ORIENTED_EDGE('',*,*,#6497,.T.);
#3090=ORIENTED_EDGE('',*,*,#6498,.F.);
#3091=ORIENTED_EDGE('',*,*,#6499,.F.);
#3092=ORIENTED_EDGE('',*,*,#6494,.T.);
#3093=ORIENTED_EDGE('',*,*,#6500,.F.);
#3094=ORIENTED_EDGE('',*,*,#6501,.F.);
#3095=ORIENTED_EDGE('',*,*,#6502,.T.);
#3096=ORIENTED_EDGE('',*,*,#6498,.T.);
#3097=ORIENTED_EDGE('',*,*,#6503,.T.);
#3098=ORIENTED_EDGE('',*,*,#6504,.F.);
#3099=ORIENTED_EDGE('',*,*,#6505,.F.);
#3100=ORIENTED_EDGE('',*,*,#6501,.T.);
#3101=ORIENTED_EDGE('',*,*,#6506,.F.);
#3102=ORIENTED_EDGE('',*,*,#6507,.F.);
#3103=ORIENTED_EDGE('',*,*,#6508,.T.);
#3104=ORIENTED_EDGE('',*,*,#6504,.T.);
#3105=ORIENTED_EDGE('',*,*,#6509,.F.);
#3106=ORIENTED_EDGE('',*,*,#6510,.F.);
#3107=ORIENTED_EDGE('',*,*,#6511,.T.);
#3108=ORIENTED_EDGE('',*,*,#6507,.T.);
#3109=ORIENTED_EDGE('',*,*,#6512,.F.);
#3110=ORIENTED_EDGE('',*,*,#6513,.F.);
#3111=ORIENTED_EDGE('',*,*,#6514,.T.);
#3112=ORIENTED_EDGE('',*,*,#6510,.T.);
#3113=ORIENTED_EDGE('',*,*,#6515,.F.);
#3114=ORIENTED_EDGE('',*,*,#6516,.F.);
#3115=ORIENTED_EDGE('',*,*,#6517,.T.);
#3116=ORIENTED_EDGE('',*,*,#6518,.T.);
#3117=ORIENTED_EDGE('',*,*,#6519,.T.);
#3118=ORIENTED_EDGE('',*,*,#6520,.F.);
#3119=ORIENTED_EDGE('',*,*,#6521,.F.);
#3120=ORIENTED_EDGE('',*,*,#6516,.T.);
#3121=ORIENTED_EDGE('',*,*,#6522,.F.);
#3122=ORIENTED_EDGE('',*,*,#6523,.F.);
#3123=ORIENTED_EDGE('',*,*,#6524,.T.);
#3124=ORIENTED_EDGE('',*,*,#6520,.T.);
#3125=ORIENTED_EDGE('',*,*,#6525,.F.);
#3126=ORIENTED_EDGE('',*,*,#6526,.F.);
#3127=ORIENTED_EDGE('',*,*,#6527,.T.);
#3128=ORIENTED_EDGE('',*,*,#6523,.T.);
#3129=ORIENTED_EDGE('',*,*,#6528,.F.);
#3130=ORIENTED_EDGE('',*,*,#6529,.F.);
#3131=ORIENTED_EDGE('',*,*,#6530,.T.);
#3132=ORIENTED_EDGE('',*,*,#6526,.T.);
#3133=ORIENTED_EDGE('',*,*,#6531,.F.);
#3134=ORIENTED_EDGE('',*,*,#6532,.F.);
#3135=ORIENTED_EDGE('',*,*,#6533,.T.);
#3136=ORIENTED_EDGE('',*,*,#6529,.T.);
#3137=ORIENTED_EDGE('',*,*,#6534,.F.);
#3138=ORIENTED_EDGE('',*,*,#6535,.F.);
#3139=ORIENTED_EDGE('',*,*,#6536,.T.);
#3140=ORIENTED_EDGE('',*,*,#6532,.T.);
#3141=ORIENTED_EDGE('',*,*,#6537,.F.);
#3142=ORIENTED_EDGE('',*,*,#6538,.F.);
#3143=ORIENTED_EDGE('',*,*,#6539,.T.);
#3144=ORIENTED_EDGE('',*,*,#6540,.T.);
#3145=ORIENTED_EDGE('',*,*,#6541,.T.);
#3146=ORIENTED_EDGE('',*,*,#6542,.F.);
#3147=ORIENTED_EDGE('',*,*,#6543,.F.);
#3148=ORIENTED_EDGE('',*,*,#6538,.T.);
#3149=ORIENTED_EDGE('',*,*,#6544,.F.);
#3150=ORIENTED_EDGE('',*,*,#6545,.F.);
#3151=ORIENTED_EDGE('',*,*,#6546,.T.);
#3152=ORIENTED_EDGE('',*,*,#6542,.T.);
#3153=ORIENTED_EDGE('',*,*,#6547,.F.);
#3154=ORIENTED_EDGE('',*,*,#6548,.F.);
#3155=ORIENTED_EDGE('',*,*,#6549,.T.);
#3156=ORIENTED_EDGE('',*,*,#6545,.T.);
#3157=ORIENTED_EDGE('',*,*,#6550,.F.);
#3158=ORIENTED_EDGE('',*,*,#6551,.F.);
#3159=ORIENTED_EDGE('',*,*,#6552,.T.);
#3160=ORIENTED_EDGE('',*,*,#6548,.T.);
#3161=ORIENTED_EDGE('',*,*,#6553,.F.);
#3162=ORIENTED_EDGE('',*,*,#6554,.F.);
#3163=ORIENTED_EDGE('',*,*,#6555,.T.);
#3164=ORIENTED_EDGE('',*,*,#6551,.T.);
#3165=ORIENTED_EDGE('',*,*,#6556,.F.);
#3166=ORIENTED_EDGE('',*,*,#6557,.F.);
#3167=ORIENTED_EDGE('',*,*,#6558,.T.);
#3168=ORIENTED_EDGE('',*,*,#6554,.T.);
#3169=ORIENTED_EDGE('',*,*,#6559,.F.);
#3170=ORIENTED_EDGE('',*,*,#6560,.F.);
#3171=ORIENTED_EDGE('',*,*,#6561,.T.);
#3172=ORIENTED_EDGE('',*,*,#6562,.T.);
#3173=ORIENTED_EDGE('',*,*,#6563,.T.);
#3174=ORIENTED_EDGE('',*,*,#6564,.F.);
#3175=ORIENTED_EDGE('',*,*,#6565,.F.);
#3176=ORIENTED_EDGE('',*,*,#6560,.T.);
#3177=ORIENTED_EDGE('',*,*,#6566,.F.);
#3178=ORIENTED_EDGE('',*,*,#6567,.F.);
#3179=ORIENTED_EDGE('',*,*,#6568,.T.);
#3180=ORIENTED_EDGE('',*,*,#6564,.T.);
#3181=ORIENTED_EDGE('',*,*,#6569,.T.);
#3182=ORIENTED_EDGE('',*,*,#6570,.F.);
#3183=ORIENTED_EDGE('',*,*,#6571,.F.);
#3184=ORIENTED_EDGE('',*,*,#6567,.T.);
#3185=ORIENTED_EDGE('',*,*,#6572,.F.);
#3186=ORIENTED_EDGE('',*,*,#6573,.F.);
#3187=ORIENTED_EDGE('',*,*,#6574,.T.);
#3188=ORIENTED_EDGE('',*,*,#6570,.T.);
#3189=ORIENTED_EDGE('',*,*,#6575,.F.);
#3190=ORIENTED_EDGE('',*,*,#6576,.F.);
#3191=ORIENTED_EDGE('',*,*,#6577,.T.);
#3192=ORIENTED_EDGE('',*,*,#6573,.T.);
#3193=ORIENTED_EDGE('',*,*,#6578,.F.);
#3194=ORIENTED_EDGE('',*,*,#6579,.F.);
#3195=ORIENTED_EDGE('',*,*,#6580,.T.);
#3196=ORIENTED_EDGE('',*,*,#6576,.T.);
#3197=ORIENTED_EDGE('',*,*,#6581,.F.);
#3198=ORIENTED_EDGE('',*,*,#6582,.F.);
#3199=ORIENTED_EDGE('',*,*,#6583,.T.);
#3200=ORIENTED_EDGE('',*,*,#6584,.T.);
#3201=ORIENTED_EDGE('',*,*,#6585,.T.);
#3202=ORIENTED_EDGE('',*,*,#6586,.F.);
#3203=ORIENTED_EDGE('',*,*,#6587,.F.);
#3204=ORIENTED_EDGE('',*,*,#6582,.T.);
#3205=ORIENTED_EDGE('',*,*,#6588,.F.);
#3206=ORIENTED_EDGE('',*,*,#6589,.F.);
#3207=ORIENTED_EDGE('',*,*,#6590,.T.);
#3208=ORIENTED_EDGE('',*,*,#6586,.T.);
#3209=ORIENTED_EDGE('',*,*,#6591,.T.);
#3210=ORIENTED_EDGE('',*,*,#6592,.F.);
#3211=ORIENTED_EDGE('',*,*,#6593,.F.);
#3212=ORIENTED_EDGE('',*,*,#6589,.T.);
#3213=ORIENTED_EDGE('',*,*,#6594,.F.);
#3214=ORIENTED_EDGE('',*,*,#6595,.F.);
#3215=ORIENTED_EDGE('',*,*,#6596,.T.);
#3216=ORIENTED_EDGE('',*,*,#6592,.T.);
#3217=ORIENTED_EDGE('',*,*,#6597,.F.);
#3218=ORIENTED_EDGE('',*,*,#6598,.F.);
#3219=ORIENTED_EDGE('',*,*,#6599,.T.);
#3220=ORIENTED_EDGE('',*,*,#6595,.T.);
#3221=ORIENTED_EDGE('',*,*,#6600,.F.);
#3222=ORIENTED_EDGE('',*,*,#6601,.F.);
#3223=ORIENTED_EDGE('',*,*,#6602,.T.);
#3224=ORIENTED_EDGE('',*,*,#6598,.T.);
#3225=ORIENTED_EDGE('',*,*,#6603,.F.);
#3226=ORIENTED_EDGE('',*,*,#6604,.F.);
#3227=ORIENTED_EDGE('',*,*,#6605,.T.);
#3228=ORIENTED_EDGE('',*,*,#6606,.T.);
#3229=ORIENTED_EDGE('',*,*,#6607,.T.);
#3230=ORIENTED_EDGE('',*,*,#6608,.F.);
#3231=ORIENTED_EDGE('',*,*,#6609,.F.);
#3232=ORIENTED_EDGE('',*,*,#6604,.T.);
#3233=ORIENTED_EDGE('',*,*,#6610,.F.);
#3234=ORIENTED_EDGE('',*,*,#6611,.F.);
#3235=ORIENTED_EDGE('',*,*,#6612,.T.);
#3236=ORIENTED_EDGE('',*,*,#6608,.T.);
#3237=ORIENTED_EDGE('',*,*,#6613,.T.);
#3238=ORIENTED_EDGE('',*,*,#6614,.F.);
#3239=ORIENTED_EDGE('',*,*,#6615,.F.);
#3240=ORIENTED_EDGE('',*,*,#6611,.T.);
#3241=ORIENTED_EDGE('',*,*,#6616,.F.);
#3242=ORIENTED_EDGE('',*,*,#6617,.F.);
#3243=ORIENTED_EDGE('',*,*,#6618,.T.);
#3244=ORIENTED_EDGE('',*,*,#6614,.T.);
#3245=ORIENTED_EDGE('',*,*,#6619,.F.);
#3246=ORIENTED_EDGE('',*,*,#6620,.F.);
#3247=ORIENTED_EDGE('',*,*,#6621,.T.);
#3248=ORIENTED_EDGE('',*,*,#6617,.T.);
#3249=ORIENTED_EDGE('',*,*,#6622,.F.);
#3250=ORIENTED_EDGE('',*,*,#6623,.F.);
#3251=ORIENTED_EDGE('',*,*,#6624,.T.);
#3252=ORIENTED_EDGE('',*,*,#6620,.T.);
#3253=ORIENTED_EDGE('',*,*,#6625,.F.);
#3254=ORIENTED_EDGE('',*,*,#6626,.F.);
#3255=ORIENTED_EDGE('',*,*,#6627,.T.);
#3256=ORIENTED_EDGE('',*,*,#6628,.T.);
#3257=ORIENTED_EDGE('',*,*,#6629,.T.);
#3258=ORIENTED_EDGE('',*,*,#6630,.F.);
#3259=ORIENTED_EDGE('',*,*,#6631,.F.);
#3260=ORIENTED_EDGE('',*,*,#6626,.T.);
#3261=ORIENTED_EDGE('',*,*,#6632,.F.);
#3262=ORIENTED_EDGE('',*,*,#6633,.F.);
#3263=ORIENTED_EDGE('',*,*,#6634,.T.);
#3264=ORIENTED_EDGE('',*,*,#6630,.T.);
#3265=ORIENTED_EDGE('',*,*,#6635,.T.);
#3266=ORIENTED_EDGE('',*,*,#6636,.F.);
#3267=ORIENTED_EDGE('',*,*,#6637,.F.);
#3268=ORIENTED_EDGE('',*,*,#6633,.T.);
#3269=ORIENTED_EDGE('',*,*,#6638,.F.);
#3270=ORIENTED_EDGE('',*,*,#6639,.F.);
#3271=ORIENTED_EDGE('',*,*,#6640,.T.);
#3272=ORIENTED_EDGE('',*,*,#6636,.T.);
#3273=ORIENTED_EDGE('',*,*,#6641,.F.);
#3274=ORIENTED_EDGE('',*,*,#6642,.F.);
#3275=ORIENTED_EDGE('',*,*,#6643,.T.);
#3276=ORIENTED_EDGE('',*,*,#6639,.T.);
#3277=ORIENTED_EDGE('',*,*,#6644,.F.);
#3278=ORIENTED_EDGE('',*,*,#6645,.F.);
#3279=ORIENTED_EDGE('',*,*,#6646,.T.);
#3280=ORIENTED_EDGE('',*,*,#6642,.T.);
#3281=ORIENTED_EDGE('',*,*,#6647,.F.);
#3282=ORIENTED_EDGE('',*,*,#6648,.F.);
#3283=ORIENTED_EDGE('',*,*,#6649,.T.);
#3284=ORIENTED_EDGE('',*,*,#6650,.T.);
#3285=ORIENTED_EDGE('',*,*,#6651,.F.);
#3286=ORIENTED_EDGE('',*,*,#6652,.F.);
#3287=ORIENTED_EDGE('',*,*,#6653,.T.);
#3288=ORIENTED_EDGE('',*,*,#6648,.T.);
#3289=ORIENTED_EDGE('',*,*,#6654,.F.);
#3290=ORIENTED_EDGE('',*,*,#6655,.F.);
#3291=ORIENTED_EDGE('',*,*,#6656,.T.);
#3292=ORIENTED_EDGE('',*,*,#6652,.T.);
#3293=ORIENTED_EDGE('',*,*,#6657,.F.);
#3294=ORIENTED_EDGE('',*,*,#6658,.F.);
#3295=ORIENTED_EDGE('',*,*,#6659,.T.);
#3296=ORIENTED_EDGE('',*,*,#6655,.T.);
#3297=ORIENTED_EDGE('',*,*,#6660,.F.);
#3298=ORIENTED_EDGE('',*,*,#6661,.F.);
#3299=ORIENTED_EDGE('',*,*,#6662,.T.);
#3300=ORIENTED_EDGE('',*,*,#6658,.T.);
#3301=ORIENTED_EDGE('',*,*,#6663,.T.);
#3302=ORIENTED_EDGE('',*,*,#6664,.F.);
#3303=ORIENTED_EDGE('',*,*,#6665,.F.);
#3304=ORIENTED_EDGE('',*,*,#6661,.T.);
#3305=ORIENTED_EDGE('',*,*,#6666,.F.);
#3306=ORIENTED_EDGE('',*,*,#6667,.F.);
#3307=ORIENTED_EDGE('',*,*,#6668,.T.);
#3308=ORIENTED_EDGE('',*,*,#6664,.T.);
#3309=ORIENTED_EDGE('',*,*,#6669,.F.);
#3310=ORIENTED_EDGE('',*,*,#6670,.F.);
#3311=ORIENTED_EDGE('',*,*,#6671,.T.);
#3312=ORIENTED_EDGE('',*,*,#6672,.T.);
#3313=ORIENTED_EDGE('',*,*,#6673,.T.);
#3314=ORIENTED_EDGE('',*,*,#6674,.F.);
#3315=ORIENTED_EDGE('',*,*,#6675,.F.);
#3316=ORIENTED_EDGE('',*,*,#6670,.T.);
#3317=ORIENTED_EDGE('',*,*,#6676,.F.);
#3318=ORIENTED_EDGE('',*,*,#6677,.F.);
#3319=ORIENTED_EDGE('',*,*,#6678,.T.);
#3320=ORIENTED_EDGE('',*,*,#6674,.T.);
#3321=ORIENTED_EDGE('',*,*,#6679,.T.);
#3322=ORIENTED_EDGE('',*,*,#6680,.F.);
#3323=ORIENTED_EDGE('',*,*,#6681,.F.);
#3324=ORIENTED_EDGE('',*,*,#6677,.T.);
#3325=ORIENTED_EDGE('',*,*,#6682,.F.);
#3326=ORIENTED_EDGE('',*,*,#6683,.F.);
#3327=ORIENTED_EDGE('',*,*,#6684,.T.);
#3328=ORIENTED_EDGE('',*,*,#6680,.T.);
#3329=ORIENTED_EDGE('',*,*,#6685,.F.);
#3330=ORIENTED_EDGE('',*,*,#6686,.F.);
#3331=ORIENTED_EDGE('',*,*,#6687,.T.);
#3332=ORIENTED_EDGE('',*,*,#6683,.T.);
#3333=ORIENTED_EDGE('',*,*,#6688,.F.);
#3334=ORIENTED_EDGE('',*,*,#6689,.F.);
#3335=ORIENTED_EDGE('',*,*,#6690,.T.);
#3336=ORIENTED_EDGE('',*,*,#6686,.T.);
#3337=ORIENTED_EDGE('',*,*,#6691,.F.);
#3338=ORIENTED_EDGE('',*,*,#6692,.F.);
#3339=ORIENTED_EDGE('',*,*,#6693,.T.);
#3340=ORIENTED_EDGE('',*,*,#6694,.T.);
#3341=ORIENTED_EDGE('',*,*,#6695,.F.);
#3342=ORIENTED_EDGE('',*,*,#6696,.F.);
#3343=ORIENTED_EDGE('',*,*,#6697,.T.);
#3344=ORIENTED_EDGE('',*,*,#6692,.T.);
#3345=ORIENTED_EDGE('',*,*,#6698,.T.);
#3346=ORIENTED_EDGE('',*,*,#6699,.F.);
#3347=ORIENTED_EDGE('',*,*,#6700,.F.);
#3348=ORIENTED_EDGE('',*,*,#6696,.T.);
#3349=ORIENTED_EDGE('',*,*,#6701,.F.);
#3350=ORIENTED_EDGE('',*,*,#6702,.F.);
#3351=ORIENTED_EDGE('',*,*,#6703,.T.);
#3352=ORIENTED_EDGE('',*,*,#6699,.T.);
#3353=ORIENTED_EDGE('',*,*,#6704,.T.);
#3354=ORIENTED_EDGE('',*,*,#6705,.F.);
#3355=ORIENTED_EDGE('',*,*,#6706,.F.);
#3356=ORIENTED_EDGE('',*,*,#6702,.T.);
#3357=ORIENTED_EDGE('',*,*,#6707,.F.);
#3358=ORIENTED_EDGE('',*,*,#6708,.F.);
#3359=ORIENTED_EDGE('',*,*,#6709,.T.);
#3360=ORIENTED_EDGE('',*,*,#6705,.T.);
#3361=ORIENTED_EDGE('',*,*,#6710,.F.);
#3362=ORIENTED_EDGE('',*,*,#6711,.F.);
#3363=ORIENTED_EDGE('',*,*,#6712,.T.);
#3364=ORIENTED_EDGE('',*,*,#6708,.T.);
#3365=ORIENTED_EDGE('',*,*,#6713,.F.);
#3366=ORIENTED_EDGE('',*,*,#6714,.F.);
#3367=ORIENTED_EDGE('',*,*,#6715,.T.);
#3368=ORIENTED_EDGE('',*,*,#6716,.T.);
#3369=ORIENTED_EDGE('',*,*,#6717,.F.);
#3370=ORIENTED_EDGE('',*,*,#6718,.F.);
#3371=ORIENTED_EDGE('',*,*,#6719,.T.);
#3372=ORIENTED_EDGE('',*,*,#6714,.T.);
#3373=ORIENTED_EDGE('',*,*,#6720,.T.);
#3374=ORIENTED_EDGE('',*,*,#6721,.F.);
#3375=ORIENTED_EDGE('',*,*,#6722,.F.);
#3376=ORIENTED_EDGE('',*,*,#6718,.T.);
#3377=ORIENTED_EDGE('',*,*,#6723,.F.);
#3378=ORIENTED_EDGE('',*,*,#6724,.F.);
#3379=ORIENTED_EDGE('',*,*,#6725,.T.);
#3380=ORIENTED_EDGE('',*,*,#6721,.T.);
#3381=ORIENTED_EDGE('',*,*,#6726,.T.);
#3382=ORIENTED_EDGE('',*,*,#6727,.F.);
#3383=ORIENTED_EDGE('',*,*,#6728,.F.);
#3384=ORIENTED_EDGE('',*,*,#6724,.T.);
#3385=ORIENTED_EDGE('',*,*,#6729,.F.);
#3386=ORIENTED_EDGE('',*,*,#6730,.F.);
#3387=ORIENTED_EDGE('',*,*,#6731,.T.);
#3388=ORIENTED_EDGE('',*,*,#6727,.T.);
#3389=ORIENTED_EDGE('',*,*,#6732,.F.);
#3390=ORIENTED_EDGE('',*,*,#6733,.F.);
#3391=ORIENTED_EDGE('',*,*,#6734,.T.);
#3392=ORIENTED_EDGE('',*,*,#6730,.T.);
#3393=ORIENTED_EDGE('',*,*,#6735,.F.);
#3394=ORIENTED_EDGE('',*,*,#6736,.F.);
#3395=ORIENTED_EDGE('',*,*,#6737,.T.);
#3396=ORIENTED_EDGE('',*,*,#6738,.T.);
#3397=ORIENTED_EDGE('',*,*,#6739,.T.);
#3398=ORIENTED_EDGE('',*,*,#6740,.F.);
#3399=ORIENTED_EDGE('',*,*,#6741,.F.);
#3400=ORIENTED_EDGE('',*,*,#6736,.T.);
#3401=ORIENTED_EDGE('',*,*,#6742,.F.);
#3402=ORIENTED_EDGE('',*,*,#6743,.F.);
#3403=ORIENTED_EDGE('',*,*,#6744,.T.);
#3404=ORIENTED_EDGE('',*,*,#6740,.T.);
#3405=ORIENTED_EDGE('',*,*,#6745,.T.);
#3406=ORIENTED_EDGE('',*,*,#6746,.F.);
#3407=ORIENTED_EDGE('',*,*,#6747,.F.);
#3408=ORIENTED_EDGE('',*,*,#6743,.T.);
#3409=ORIENTED_EDGE('',*,*,#6748,.F.);
#3410=ORIENTED_EDGE('',*,*,#6749,.F.);
#3411=ORIENTED_EDGE('',*,*,#6750,.T.);
#3412=ORIENTED_EDGE('',*,*,#6746,.T.);
#3413=ORIENTED_EDGE('',*,*,#6751,.F.);
#3414=ORIENTED_EDGE('',*,*,#6752,.F.);
#3415=ORIENTED_EDGE('',*,*,#6753,.T.);
#3416=ORIENTED_EDGE('',*,*,#6749,.T.);
#3417=ORIENTED_EDGE('',*,*,#6754,.F.);
#3418=ORIENTED_EDGE('',*,*,#6755,.F.);
#3419=ORIENTED_EDGE('',*,*,#6756,.T.);
#3420=ORIENTED_EDGE('',*,*,#6752,.T.);
#3421=ORIENTED_EDGE('',*,*,#6757,.F.);
#3422=ORIENTED_EDGE('',*,*,#6758,.F.);
#3423=ORIENTED_EDGE('',*,*,#6759,.T.);
#3424=ORIENTED_EDGE('',*,*,#6760,.T.);
#3425=ORIENTED_EDGE('',*,*,#6761,.F.);
#3426=ORIENTED_EDGE('',*,*,#6762,.F.);
#3427=ORIENTED_EDGE('',*,*,#6763,.T.);
#3428=ORIENTED_EDGE('',*,*,#6758,.T.);
#3429=ORIENTED_EDGE('',*,*,#6764,.F.);
#3430=ORIENTED_EDGE('',*,*,#6765,.F.);
#3431=ORIENTED_EDGE('',*,*,#6766,.T.);
#3432=ORIENTED_EDGE('',*,*,#6762,.T.);
#3433=ORIENTED_EDGE('',*,*,#6767,.F.);
#3434=ORIENTED_EDGE('',*,*,#6768,.F.);
#3435=ORIENTED_EDGE('',*,*,#6769,.T.);
#3436=ORIENTED_EDGE('',*,*,#6765,.T.);
#3437=ORIENTED_EDGE('',*,*,#6770,.T.);
#3438=ORIENTED_EDGE('',*,*,#6771,.F.);
#3439=ORIENTED_EDGE('',*,*,#6772,.F.);
#3440=ORIENTED_EDGE('',*,*,#6768,.T.);
#3441=ORIENTED_EDGE('',*,*,#6773,.F.);
#3442=ORIENTED_EDGE('',*,*,#6774,.F.);
#3443=ORIENTED_EDGE('',*,*,#6775,.T.);
#3444=ORIENTED_EDGE('',*,*,#6771,.T.);
#3445=ORIENTED_EDGE('',*,*,#6776,.T.);
#3446=ORIENTED_EDGE('',*,*,#6777,.F.);
#3447=ORIENTED_EDGE('',*,*,#6778,.F.);
#3448=ORIENTED_EDGE('',*,*,#6774,.T.);
#3449=ORIENTED_EDGE('',*,*,#6779,.F.);
#3450=ORIENTED_EDGE('',*,*,#6780,.F.);
#3451=ORIENTED_EDGE('',*,*,#6781,.T.);
#3452=ORIENTED_EDGE('',*,*,#6782,.T.);
#3453=ORIENTED_EDGE('',*,*,#6783,.F.);
#3454=ORIENTED_EDGE('',*,*,#6784,.F.);
#3455=ORIENTED_EDGE('',*,*,#6785,.T.);
#3456=ORIENTED_EDGE('',*,*,#6780,.T.);
#3457=ORIENTED_EDGE('',*,*,#6786,.F.);
#3458=ORIENTED_EDGE('',*,*,#6787,.F.);
#3459=ORIENTED_EDGE('',*,*,#6788,.T.);
#3460=ORIENTED_EDGE('',*,*,#6784,.T.);
#3461=ORIENTED_EDGE('',*,*,#6789,.T.);
#3462=ORIENTED_EDGE('',*,*,#6790,.F.);
#3463=ORIENTED_EDGE('',*,*,#6791,.F.);
#3464=ORIENTED_EDGE('',*,*,#6787,.T.);
#3465=ORIENTED_EDGE('',*,*,#6792,.F.);
#3466=ORIENTED_EDGE('',*,*,#6793,.F.);
#3467=ORIENTED_EDGE('',*,*,#6794,.T.);
#3468=ORIENTED_EDGE('',*,*,#6790,.T.);
#3469=ORIENTED_EDGE('',*,*,#6795,.T.);
#3470=ORIENTED_EDGE('',*,*,#6796,.F.);
#3471=ORIENTED_EDGE('',*,*,#6797,.F.);
#3472=ORIENTED_EDGE('',*,*,#6793,.T.);
#3473=ORIENTED_EDGE('',*,*,#6798,.F.);
#3474=ORIENTED_EDGE('',*,*,#6799,.F.);
#3475=ORIENTED_EDGE('',*,*,#6800,.T.);
#3476=ORIENTED_EDGE('',*,*,#6796,.T.);
#3477=ORIENTED_EDGE('',*,*,#6801,.F.);
#3478=ORIENTED_EDGE('',*,*,#6802,.F.);
#3479=ORIENTED_EDGE('',*,*,#6803,.T.);
#3480=ORIENTED_EDGE('',*,*,#6804,.T.);
#3481=ORIENTED_EDGE('',*,*,#6805,.T.);
#3482=ORIENTED_EDGE('',*,*,#6806,.F.);
#3483=ORIENTED_EDGE('',*,*,#6807,.F.);
#3484=ORIENTED_EDGE('',*,*,#6802,.T.);
#3485=ORIENTED_EDGE('',*,*,#6808,.F.);
#3486=ORIENTED_EDGE('',*,*,#6809,.F.);
#3487=ORIENTED_EDGE('',*,*,#6810,.T.);
#3488=ORIENTED_EDGE('',*,*,#6806,.T.);
#3489=ORIENTED_EDGE('',*,*,#6811,.F.);
#3490=ORIENTED_EDGE('',*,*,#6812,.F.);
#3491=ORIENTED_EDGE('',*,*,#6813,.T.);
#3492=ORIENTED_EDGE('',*,*,#6809,.T.);
#3493=ORIENTED_EDGE('',*,*,#6814,.F.);
#3494=ORIENTED_EDGE('',*,*,#6815,.F.);
#3495=ORIENTED_EDGE('',*,*,#6816,.T.);
#3496=ORIENTED_EDGE('',*,*,#6812,.T.);
#3497=ORIENTED_EDGE('',*,*,#6817,.F.);
#3498=ORIENTED_EDGE('',*,*,#6818,.F.);
#3499=ORIENTED_EDGE('',*,*,#6819,.T.);
#3500=ORIENTED_EDGE('',*,*,#6815,.T.);
#3501=ORIENTED_EDGE('',*,*,#6820,.F.);
#3502=ORIENTED_EDGE('',*,*,#6821,.F.);
#3503=ORIENTED_EDGE('',*,*,#6822,.T.);
#3504=ORIENTED_EDGE('',*,*,#6818,.T.);
#3505=ORIENTED_EDGE('',*,*,#6823,.F.);
#3506=ORIENTED_EDGE('',*,*,#6824,.F.);
#3507=ORIENTED_EDGE('',*,*,#6825,.T.);
#3508=ORIENTED_EDGE('',*,*,#6826,.T.);
#3509=ORIENTED_EDGE('',*,*,#6827,.T.);
#3510=ORIENTED_EDGE('',*,*,#6828,.F.);
#3511=ORIENTED_EDGE('',*,*,#6829,.F.);
#3512=ORIENTED_EDGE('',*,*,#6824,.T.);
#3513=ORIENTED_EDGE('',*,*,#6830,.F.);
#3514=ORIENTED_EDGE('',*,*,#6831,.F.);
#3515=ORIENTED_EDGE('',*,*,#6832,.T.);
#3516=ORIENTED_EDGE('',*,*,#6828,.T.);
#3517=ORIENTED_EDGE('',*,*,#6833,.T.);
#3518=ORIENTED_EDGE('',*,*,#6834,.F.);
#3519=ORIENTED_EDGE('',*,*,#6835,.F.);
#3520=ORIENTED_EDGE('',*,*,#6831,.T.);
#3521=ORIENTED_EDGE('',*,*,#6836,.F.);
#3522=ORIENTED_EDGE('',*,*,#6837,.F.);
#3523=ORIENTED_EDGE('',*,*,#6838,.T.);
#3524=ORIENTED_EDGE('',*,*,#6834,.T.);
#3525=ORIENTED_EDGE('',*,*,#6839,.F.);
#3526=ORIENTED_EDGE('',*,*,#6840,.F.);
#3527=ORIENTED_EDGE('',*,*,#6841,.T.);
#3528=ORIENTED_EDGE('',*,*,#6837,.T.);
#3529=ORIENTED_EDGE('',*,*,#6842,.F.);
#3530=ORIENTED_EDGE('',*,*,#6843,.F.);
#3531=ORIENTED_EDGE('',*,*,#6844,.T.);
#3532=ORIENTED_EDGE('',*,*,#6840,.T.);
#3533=ORIENTED_EDGE('',*,*,#6845,.F.);
#3534=ORIENTED_EDGE('',*,*,#6846,.F.);
#3535=ORIENTED_EDGE('',*,*,#6847,.T.);
#3536=ORIENTED_EDGE('',*,*,#6848,.T.);
#3537=ORIENTED_EDGE('',*,*,#6849,.T.);
#3538=ORIENTED_EDGE('',*,*,#6850,.F.);
#3539=ORIENTED_EDGE('',*,*,#6851,.F.);
#3540=ORIENTED_EDGE('',*,*,#6846,.T.);
#3541=ORIENTED_EDGE('',*,*,#6852,.F.);
#3542=ORIENTED_EDGE('',*,*,#6853,.F.);
#3543=ORIENTED_EDGE('',*,*,#6854,.T.);
#3544=ORIENTED_EDGE('',*,*,#6850,.T.);
#3545=ORIENTED_EDGE('',*,*,#6855,.T.);
#3546=ORIENTED_EDGE('',*,*,#6856,.F.);
#3547=ORIENTED_EDGE('',*,*,#6857,.F.);
#3548=ORIENTED_EDGE('',*,*,#6853,.T.);
#3549=ORIENTED_EDGE('',*,*,#6858,.F.);
#3550=ORIENTED_EDGE('',*,*,#6859,.F.);
#3551=ORIENTED_EDGE('',*,*,#6860,.T.);
#3552=ORIENTED_EDGE('',*,*,#6856,.T.);
#3553=ORIENTED_EDGE('',*,*,#6861,.F.);
#3554=ORIENTED_EDGE('',*,*,#6862,.F.);
#3555=ORIENTED_EDGE('',*,*,#6863,.T.);
#3556=ORIENTED_EDGE('',*,*,#6859,.T.);
#3557=ORIENTED_EDGE('',*,*,#6864,.F.);
#3558=ORIENTED_EDGE('',*,*,#6865,.F.);
#3559=ORIENTED_EDGE('',*,*,#6866,.T.);
#3560=ORIENTED_EDGE('',*,*,#6862,.T.);
#3561=ORIENTED_EDGE('',*,*,#6867,.F.);
#3562=ORIENTED_EDGE('',*,*,#6868,.F.);
#3563=ORIENTED_EDGE('',*,*,#6869,.T.);
#3564=ORIENTED_EDGE('',*,*,#6870,.T.);
#3565=ORIENTED_EDGE('',*,*,#6871,.T.);
#3566=ORIENTED_EDGE('',*,*,#6872,.F.);
#3567=ORIENTED_EDGE('',*,*,#6873,.F.);
#3568=ORIENTED_EDGE('',*,*,#6868,.T.);
#3569=ORIENTED_EDGE('',*,*,#6874,.F.);
#3570=ORIENTED_EDGE('',*,*,#6875,.F.);
#3571=ORIENTED_EDGE('',*,*,#6876,.T.);
#3572=ORIENTED_EDGE('',*,*,#6872,.T.);
#3573=ORIENTED_EDGE('',*,*,#6877,.T.);
#3574=ORIENTED_EDGE('',*,*,#6878,.F.);
#3575=ORIENTED_EDGE('',*,*,#6879,.F.);
#3576=ORIENTED_EDGE('',*,*,#6875,.T.);
#3577=ORIENTED_EDGE('',*,*,#6880,.F.);
#3578=ORIENTED_EDGE('',*,*,#6881,.F.);
#3579=ORIENTED_EDGE('',*,*,#6882,.T.);
#3580=ORIENTED_EDGE('',*,*,#6878,.T.);
#3581=ORIENTED_EDGE('',*,*,#6883,.F.);
#3582=ORIENTED_EDGE('',*,*,#6884,.F.);
#3583=ORIENTED_EDGE('',*,*,#6885,.T.);
#3584=ORIENTED_EDGE('',*,*,#6881,.T.);
#3585=ORIENTED_EDGE('',*,*,#6886,.F.);
#3586=ORIENTED_EDGE('',*,*,#6887,.F.);
#3587=ORIENTED_EDGE('',*,*,#6888,.T.);
#3588=ORIENTED_EDGE('',*,*,#6884,.T.);
#3589=ORIENTED_EDGE('',*,*,#6889,.F.);
#3590=ORIENTED_EDGE('',*,*,#6890,.F.);
#3591=ORIENTED_EDGE('',*,*,#6891,.T.);
#3592=ORIENTED_EDGE('',*,*,#6892,.T.);
#3593=ORIENTED_EDGE('',*,*,#6893,.T.);
#3594=ORIENTED_EDGE('',*,*,#6894,.F.);
#3595=ORIENTED_EDGE('',*,*,#6895,.F.);
#3596=ORIENTED_EDGE('',*,*,#6890,.T.);
#3597=ORIENTED_EDGE('',*,*,#6896,.F.);
#3598=ORIENTED_EDGE('',*,*,#6897,.F.);
#3599=ORIENTED_EDGE('',*,*,#6898,.T.);
#3600=ORIENTED_EDGE('',*,*,#6894,.T.);
#3601=ORIENTED_EDGE('',*,*,#6899,.F.);
#3602=ORIENTED_EDGE('',*,*,#6900,.F.);
#3603=ORIENTED_EDGE('',*,*,#6901,.T.);
#3604=ORIENTED_EDGE('',*,*,#6897,.T.);
#3605=ORIENTED_EDGE('',*,*,#6902,.F.);
#3606=ORIENTED_EDGE('',*,*,#6903,.F.);
#3607=ORIENTED_EDGE('',*,*,#6904,.T.);
#3608=ORIENTED_EDGE('',*,*,#6900,.T.);
#3609=ORIENTED_EDGE('',*,*,#6905,.F.);
#3610=ORIENTED_EDGE('',*,*,#6906,.F.);
#3611=ORIENTED_EDGE('',*,*,#6907,.T.);
#3612=ORIENTED_EDGE('',*,*,#6903,.T.);
#3613=ORIENTED_EDGE('',*,*,#6908,.F.);
#3614=ORIENTED_EDGE('',*,*,#6909,.F.);
#3615=ORIENTED_EDGE('',*,*,#6910,.T.);
#3616=ORIENTED_EDGE('',*,*,#6906,.T.);
#3617=ORIENTED_EDGE('',*,*,#6911,.F.);
#3618=ORIENTED_EDGE('',*,*,#6912,.F.);
#3619=ORIENTED_EDGE('',*,*,#6913,.T.);
#3620=ORIENTED_EDGE('',*,*,#6914,.T.);
#3621=ORIENTED_EDGE('',*,*,#6915,.F.);
#3622=ORIENTED_EDGE('',*,*,#6916,.F.);
#3623=ORIENTED_EDGE('',*,*,#6917,.T.);
#3624=ORIENTED_EDGE('',*,*,#6912,.T.);
#3625=ORIENTED_EDGE('',*,*,#6918,.F.);
#3626=ORIENTED_EDGE('',*,*,#6919,.F.);
#3627=ORIENTED_EDGE('',*,*,#6920,.T.);
#3628=ORIENTED_EDGE('',*,*,#6916,.T.);
#3629=ORIENTED_EDGE('',*,*,#6921,.T.);
#3630=ORIENTED_EDGE('',*,*,#6922,.F.);
#3631=ORIENTED_EDGE('',*,*,#6923,.F.);
#3632=ORIENTED_EDGE('',*,*,#6919,.T.);
#3633=ORIENTED_EDGE('',*,*,#6924,.F.);
#3634=ORIENTED_EDGE('',*,*,#6925,.F.);
#3635=ORIENTED_EDGE('',*,*,#6926,.T.);
#3636=ORIENTED_EDGE('',*,*,#6922,.T.);
#3637=ORIENTED_EDGE('',*,*,#6927,.T.);
#3638=ORIENTED_EDGE('',*,*,#6928,.F.);
#3639=ORIENTED_EDGE('',*,*,#6929,.F.);
#3640=ORIENTED_EDGE('',*,*,#6925,.T.);
#3641=ORIENTED_EDGE('',*,*,#6930,.F.);
#3642=ORIENTED_EDGE('',*,*,#6931,.F.);
#3643=ORIENTED_EDGE('',*,*,#6932,.T.);
#3644=ORIENTED_EDGE('',*,*,#6928,.T.);
#3645=ORIENTED_EDGE('',*,*,#6933,.F.);
#3646=ORIENTED_EDGE('',*,*,#6934,.F.);
#3647=ORIENTED_EDGE('',*,*,#6935,.T.);
#3648=ORIENTED_EDGE('',*,*,#6936,.T.);
#3649=ORIENTED_EDGE('',*,*,#6937,.F.);
#3650=ORIENTED_EDGE('',*,*,#6938,.F.);
#3651=ORIENTED_EDGE('',*,*,#6939,.T.);
#3652=ORIENTED_EDGE('',*,*,#6934,.T.);
#3653=ORIENTED_EDGE('',*,*,#6940,.T.);
#3654=ORIENTED_EDGE('',*,*,#6941,.F.);
#3655=ORIENTED_EDGE('',*,*,#6942,.F.);
#3656=ORIENTED_EDGE('',*,*,#6938,.T.);
#3657=ORIENTED_EDGE('',*,*,#6943,.F.);
#3658=ORIENTED_EDGE('',*,*,#6944,.F.);
#3659=ORIENTED_EDGE('',*,*,#6945,.T.);
#3660=ORIENTED_EDGE('',*,*,#6941,.T.);
#3661=ORIENTED_EDGE('',*,*,#6946,.T.);
#3662=ORIENTED_EDGE('',*,*,#6947,.F.);
#3663=ORIENTED_EDGE('',*,*,#6948,.F.);
#3664=ORIENTED_EDGE('',*,*,#6944,.T.);
#3665=ORIENTED_EDGE('',*,*,#6949,.F.);
#3666=ORIENTED_EDGE('',*,*,#6950,.F.);
#3667=ORIENTED_EDGE('',*,*,#6951,.T.);
#3668=ORIENTED_EDGE('',*,*,#6947,.T.);
#3669=ORIENTED_EDGE('',*,*,#6952,.F.);
#3670=ORIENTED_EDGE('',*,*,#6953,.F.);
#3671=ORIENTED_EDGE('',*,*,#6954,.T.);
#3672=ORIENTED_EDGE('',*,*,#6950,.T.);
#3673=ORIENTED_EDGE('',*,*,#6955,.F.);
#3674=ORIENTED_EDGE('',*,*,#6956,.F.);
#3675=ORIENTED_EDGE('',*,*,#6957,.T.);
#3676=ORIENTED_EDGE('',*,*,#6958,.T.);
#3677=ORIENTED_EDGE('',*,*,#6959,.T.);
#3678=ORIENTED_EDGE('',*,*,#6960,.F.);
#3679=ORIENTED_EDGE('',*,*,#6961,.F.);
#3680=ORIENTED_EDGE('',*,*,#6956,.T.);
#3681=ORIENTED_EDGE('',*,*,#6962,.F.);
#3682=ORIENTED_EDGE('',*,*,#6963,.F.);
#3683=ORIENTED_EDGE('',*,*,#6964,.T.);
#3684=ORIENTED_EDGE('',*,*,#6960,.T.);
#3685=ORIENTED_EDGE('',*,*,#6965,.F.);
#3686=ORIENTED_EDGE('',*,*,#6966,.F.);
#3687=ORIENTED_EDGE('',*,*,#6967,.T.);
#3688=ORIENTED_EDGE('',*,*,#6963,.T.);
#3689=ORIENTED_EDGE('',*,*,#6968,.F.);
#3690=ORIENTED_EDGE('',*,*,#6969,.F.);
#3691=ORIENTED_EDGE('',*,*,#6970,.T.);
#3692=ORIENTED_EDGE('',*,*,#6966,.T.);
#3693=ORIENTED_EDGE('',*,*,#6971,.F.);
#3694=ORIENTED_EDGE('',*,*,#6972,.F.);
#3695=ORIENTED_EDGE('',*,*,#6973,.T.);
#3696=ORIENTED_EDGE('',*,*,#6969,.T.);
#3697=ORIENTED_EDGE('',*,*,#6974,.F.);
#3698=ORIENTED_EDGE('',*,*,#6975,.F.);
#3699=ORIENTED_EDGE('',*,*,#6976,.T.);
#3700=ORIENTED_EDGE('',*,*,#6972,.T.);
#3701=ORIENTED_EDGE('',*,*,#6977,.F.);
#3702=ORIENTED_EDGE('',*,*,#6978,.F.);
#3703=ORIENTED_EDGE('',*,*,#6979,.T.);
#3704=ORIENTED_EDGE('',*,*,#6980,.T.);
#3705=ORIENTED_EDGE('',*,*,#6981,.F.);
#3706=ORIENTED_EDGE('',*,*,#6982,.F.);
#3707=ORIENTED_EDGE('',*,*,#6983,.T.);
#3708=ORIENTED_EDGE('',*,*,#6978,.T.);
#3709=ORIENTED_EDGE('',*,*,#6984,.F.);
#3710=ORIENTED_EDGE('',*,*,#6985,.F.);
#3711=ORIENTED_EDGE('',*,*,#6986,.T.);
#3712=ORIENTED_EDGE('',*,*,#6982,.T.);
#3713=ORIENTED_EDGE('',*,*,#6987,.F.);
#3714=ORIENTED_EDGE('',*,*,#6988,.F.);
#3715=ORIENTED_EDGE('',*,*,#6989,.T.);
#3716=ORIENTED_EDGE('',*,*,#6985,.T.);
#3717=ORIENTED_EDGE('',*,*,#6990,.T.);
#3718=ORIENTED_EDGE('',*,*,#6991,.F.);
#3719=ORIENTED_EDGE('',*,*,#6992,.F.);
#3720=ORIENTED_EDGE('',*,*,#6988,.T.);
#3721=ORIENTED_EDGE('',*,*,#6993,.F.);
#3722=ORIENTED_EDGE('',*,*,#6994,.F.);
#3723=ORIENTED_EDGE('',*,*,#6995,.T.);
#3724=ORIENTED_EDGE('',*,*,#6991,.T.);
#3725=ORIENTED_EDGE('',*,*,#6996,.T.);
#3726=ORIENTED_EDGE('',*,*,#6997,.F.);
#3727=ORIENTED_EDGE('',*,*,#6998,.F.);
#3728=ORIENTED_EDGE('',*,*,#6994,.T.);
#3729=ORIENTED_EDGE('',*,*,#6999,.F.);
#3730=ORIENTED_EDGE('',*,*,#7000,.F.);
#3731=ORIENTED_EDGE('',*,*,#7001,.T.);
#3732=ORIENTED_EDGE('',*,*,#7002,.T.);
#3733=ORIENTED_EDGE('',*,*,#7003,.F.);
#3734=ORIENTED_EDGE('',*,*,#7004,.F.);
#3735=ORIENTED_EDGE('',*,*,#7005,.T.);
#3736=ORIENTED_EDGE('',*,*,#7000,.T.);
#3737=ORIENTED_EDGE('',*,*,#7006,.T.);
#3738=ORIENTED_EDGE('',*,*,#7007,.F.);
#3739=ORIENTED_EDGE('',*,*,#7008,.F.);
#3740=ORIENTED_EDGE('',*,*,#7004,.T.);
#3741=ORIENTED_EDGE('',*,*,#7009,.F.);
#3742=ORIENTED_EDGE('',*,*,#7010,.F.);
#3743=ORIENTED_EDGE('',*,*,#7011,.T.);
#3744=ORIENTED_EDGE('',*,*,#7007,.T.);
#3745=ORIENTED_EDGE('',*,*,#7012,.T.);
#3746=ORIENTED_EDGE('',*,*,#7013,.F.);
#3747=ORIENTED_EDGE('',*,*,#7014,.F.);
#3748=ORIENTED_EDGE('',*,*,#7010,.T.);
#3749=ORIENTED_EDGE('',*,*,#7015,.F.);
#3750=ORIENTED_EDGE('',*,*,#7016,.F.);
#3751=ORIENTED_EDGE('',*,*,#7017,.T.);
#3752=ORIENTED_EDGE('',*,*,#7013,.T.);
#3753=ORIENTED_EDGE('',*,*,#7018,.F.);
#3754=ORIENTED_EDGE('',*,*,#7019,.F.);
#3755=ORIENTED_EDGE('',*,*,#7020,.T.);
#3756=ORIENTED_EDGE('',*,*,#7016,.T.);
#3757=ORIENTED_EDGE('',*,*,#7021,.F.);
#3758=ORIENTED_EDGE('',*,*,#7022,.F.);
#3759=ORIENTED_EDGE('',*,*,#7023,.T.);
#3760=ORIENTED_EDGE('',*,*,#7024,.T.);
#3761=ORIENTED_EDGE('',*,*,#7025,.T.);
#3762=ORIENTED_EDGE('',*,*,#7026,.F.);
#3763=ORIENTED_EDGE('',*,*,#7027,.F.);
#3764=ORIENTED_EDGE('',*,*,#7022,.T.);
#3765=ORIENTED_EDGE('',*,*,#7028,.F.);
#3766=ORIENTED_EDGE('',*,*,#7029,.F.);
#3767=ORIENTED_EDGE('',*,*,#7030,.T.);
#3768=ORIENTED_EDGE('',*,*,#7026,.T.);
#3769=ORIENTED_EDGE('',*,*,#7031,.F.);
#3770=ORIENTED_EDGE('',*,*,#7032,.F.);
#3771=ORIENTED_EDGE('',*,*,#7033,.T.);
#3772=ORIENTED_EDGE('',*,*,#7029,.T.);
#3773=ORIENTED_EDGE('',*,*,#7034,.F.);
#3774=ORIENTED_EDGE('',*,*,#7035,.F.);
#3775=ORIENTED_EDGE('',*,*,#7036,.T.);
#3776=ORIENTED_EDGE('',*,*,#7032,.T.);
#3777=ORIENTED_EDGE('',*,*,#7037,.F.);
#3778=ORIENTED_EDGE('',*,*,#7038,.F.);
#3779=ORIENTED_EDGE('',*,*,#7039,.T.);
#3780=ORIENTED_EDGE('',*,*,#7035,.T.);
#3781=ORIENTED_EDGE('',*,*,#7040,.F.);
#3782=ORIENTED_EDGE('',*,*,#7041,.F.);
#3783=ORIENTED_EDGE('',*,*,#7042,.T.);
#3784=ORIENTED_EDGE('',*,*,#7038,.T.);
#3785=ORIENTED_EDGE('',*,*,#7043,.F.);
#3786=ORIENTED_EDGE('',*,*,#7044,.F.);
#3787=ORIENTED_EDGE('',*,*,#7045,.T.);
#3788=ORIENTED_EDGE('',*,*,#7046,.T.);
#3789=ORIENTED_EDGE('',*,*,#7047,.F.);
#3790=ORIENTED_EDGE('',*,*,#7048,.F.);
#3791=ORIENTED_EDGE('',*,*,#7049,.T.);
#3792=ORIENTED_EDGE('',*,*,#7044,.T.);
#3793=ORIENTED_EDGE('',*,*,#7050,.F.);
#3794=ORIENTED_EDGE('',*,*,#7051,.F.);
#3795=ORIENTED_EDGE('',*,*,#7052,.T.);
#3796=ORIENTED_EDGE('',*,*,#7048,.T.);
#3797=ORIENTED_EDGE('',*,*,#7053,.T.);
#3798=ORIENTED_EDGE('',*,*,#7054,.F.);
#3799=ORIENTED_EDGE('',*,*,#7055,.F.);
#3800=ORIENTED_EDGE('',*,*,#7051,.T.);
#3801=ORIENTED_EDGE('',*,*,#7056,.F.);
#3802=ORIENTED_EDGE('',*,*,#7057,.F.);
#3803=ORIENTED_EDGE('',*,*,#7058,.T.);
#3804=ORIENTED_EDGE('',*,*,#7054,.T.);
#3805=ORIENTED_EDGE('',*,*,#7059,.F.);
#3806=ORIENTED_EDGE('',*,*,#7060,.F.);
#3807=ORIENTED_EDGE('',*,*,#7061,.T.);
#3808=ORIENTED_EDGE('',*,*,#7057,.T.);
#3809=ORIENTED_EDGE('',*,*,#7062,.T.);
#3810=ORIENTED_EDGE('',*,*,#7063,.F.);
#3811=ORIENTED_EDGE('',*,*,#7064,.F.);
#3812=ORIENTED_EDGE('',*,*,#7060,.T.);
#3813=ORIENTED_EDGE('',*,*,#7065,.F.);
#3814=ORIENTED_EDGE('',*,*,#7066,.F.);
#3815=ORIENTED_EDGE('',*,*,#7067,.T.);
#3816=ORIENTED_EDGE('',*,*,#7063,.T.);
#3817=ORIENTED_EDGE('',*,*,#7068,.T.);
#3818=ORIENTED_EDGE('',*,*,#7069,.F.);
#3819=ORIENTED_EDGE('',*,*,#7070,.F.);
#3820=ORIENTED_EDGE('',*,*,#7066,.T.);
#3821=ORIENTED_EDGE('',*,*,#7071,.F.);
#3822=ORIENTED_EDGE('',*,*,#7072,.F.);
#3823=ORIENTED_EDGE('',*,*,#7073,.T.);
#3824=ORIENTED_EDGE('',*,*,#7069,.T.);
#3825=ORIENTED_EDGE('',*,*,#7074,.F.);
#3826=ORIENTED_EDGE('',*,*,#7075,.F.);
#3827=ORIENTED_EDGE('',*,*,#7076,.T.);
#3828=ORIENTED_EDGE('',*,*,#7072,.T.);
#3829=ORIENTED_EDGE('',*,*,#7077,.F.);
#3830=ORIENTED_EDGE('',*,*,#7078,.F.);
#3831=ORIENTED_EDGE('',*,*,#7079,.T.);
#3832=ORIENTED_EDGE('',*,*,#7075,.T.);
#3833=ORIENTED_EDGE('',*,*,#7080,.F.);
#3834=ORIENTED_EDGE('',*,*,#7081,.F.);
#3835=ORIENTED_EDGE('',*,*,#7082,.T.);
#3836=ORIENTED_EDGE('',*,*,#7078,.T.);
#3837=ORIENTED_EDGE('',*,*,#7083,.F.);
#3838=ORIENTED_EDGE('',*,*,#7084,.F.);
#3839=ORIENTED_EDGE('',*,*,#7085,.T.);
#3840=ORIENTED_EDGE('',*,*,#7086,.T.);
#3841=ORIENTED_EDGE('',*,*,#7087,.F.);
#3842=ORIENTED_EDGE('',*,*,#7088,.F.);
#3843=ORIENTED_EDGE('',*,*,#7089,.T.);
#3844=ORIENTED_EDGE('',*,*,#7084,.T.);
#3845=ORIENTED_EDGE('',*,*,#7090,.F.);
#3846=ORIENTED_EDGE('',*,*,#7091,.F.);
#3847=ORIENTED_EDGE('',*,*,#7092,.T.);
#3848=ORIENTED_EDGE('',*,*,#7088,.T.);
#3849=ORIENTED_EDGE('',*,*,#7093,.T.);
#3850=ORIENTED_EDGE('',*,*,#7094,.F.);
#3851=ORIENTED_EDGE('',*,*,#7095,.F.);
#3852=ORIENTED_EDGE('',*,*,#7091,.T.);
#3853=ORIENTED_EDGE('',*,*,#7096,.F.);
#3854=ORIENTED_EDGE('',*,*,#7097,.F.);
#3855=ORIENTED_EDGE('',*,*,#7098,.T.);
#3856=ORIENTED_EDGE('',*,*,#7094,.T.);
#3857=ORIENTED_EDGE('',*,*,#7099,.T.);
#3858=ORIENTED_EDGE('',*,*,#7100,.F.);
#3859=ORIENTED_EDGE('',*,*,#7101,.F.);
#3860=ORIENTED_EDGE('',*,*,#7097,.T.);
#3861=ORIENTED_EDGE('',*,*,#7102,.F.);
#3862=ORIENTED_EDGE('',*,*,#7103,.F.);
#3863=ORIENTED_EDGE('',*,*,#7104,.T.);
#3864=ORIENTED_EDGE('',*,*,#7100,.T.);
#3865=ORIENTED_EDGE('',*,*,#7105,.F.);
#3866=ORIENTED_EDGE('',*,*,#7106,.F.);
#3867=ORIENTED_EDGE('',*,*,#7107,.T.);
#3868=ORIENTED_EDGE('',*,*,#7108,.T.);
#3869=ORIENTED_EDGE('',*,*,#7109,.F.);
#3870=ORIENTED_EDGE('',*,*,#7110,.F.);
#3871=ORIENTED_EDGE('',*,*,#7111,.T.);
#3872=ORIENTED_EDGE('',*,*,#7106,.T.);
#3873=ORIENTED_EDGE('',*,*,#7112,.F.);
#3874=ORIENTED_EDGE('',*,*,#7113,.F.);
#3875=ORIENTED_EDGE('',*,*,#7114,.T.);
#3876=ORIENTED_EDGE('',*,*,#7110,.T.);
#3877=ORIENTED_EDGE('',*,*,#7115,.T.);
#3878=ORIENTED_EDGE('',*,*,#7116,.F.);
#3879=ORIENTED_EDGE('',*,*,#7117,.F.);
#3880=ORIENTED_EDGE('',*,*,#7113,.T.);
#3881=ORIENTED_EDGE('',*,*,#7118,.F.);
#3882=ORIENTED_EDGE('',*,*,#7119,.F.);
#3883=ORIENTED_EDGE('',*,*,#7120,.T.);
#3884=ORIENTED_EDGE('',*,*,#7116,.T.);
#3885=ORIENTED_EDGE('',*,*,#7121,.T.);
#3886=ORIENTED_EDGE('',*,*,#7122,.F.);
#3887=ORIENTED_EDGE('',*,*,#7123,.F.);
#3888=ORIENTED_EDGE('',*,*,#7119,.T.);
#3889=ORIENTED_EDGE('',*,*,#7124,.F.);
#3890=ORIENTED_EDGE('',*,*,#7125,.F.);
#3891=ORIENTED_EDGE('',*,*,#7126,.T.);
#3892=ORIENTED_EDGE('',*,*,#7122,.T.);
#3893=ORIENTED_EDGE('',*,*,#7127,.F.);
#3894=ORIENTED_EDGE('',*,*,#7128,.F.);
#3895=ORIENTED_EDGE('',*,*,#7129,.T.);
#3896=ORIENTED_EDGE('',*,*,#7130,.T.);
#3897=ORIENTED_EDGE('',*,*,#7131,.F.);
#3898=ORIENTED_EDGE('',*,*,#7132,.F.);
#3899=ORIENTED_EDGE('',*,*,#7133,.T.);
#3900=ORIENTED_EDGE('',*,*,#7128,.T.);
#3901=ORIENTED_EDGE('',*,*,#7134,.F.);
#3902=ORIENTED_EDGE('',*,*,#7135,.F.);
#3903=ORIENTED_EDGE('',*,*,#7136,.T.);
#3904=ORIENTED_EDGE('',*,*,#7132,.T.);
#3905=ORIENTED_EDGE('',*,*,#7137,.T.);
#3906=ORIENTED_EDGE('',*,*,#7138,.F.);
#3907=ORIENTED_EDGE('',*,*,#7139,.F.);
#3908=ORIENTED_EDGE('',*,*,#7135,.T.);
#3909=ORIENTED_EDGE('',*,*,#7140,.F.);
#3910=ORIENTED_EDGE('',*,*,#7141,.F.);
#3911=ORIENTED_EDGE('',*,*,#7142,.T.);
#3912=ORIENTED_EDGE('',*,*,#7138,.T.);
#3913=ORIENTED_EDGE('',*,*,#7143,.T.);
#3914=ORIENTED_EDGE('',*,*,#7144,.F.);
#3915=ORIENTED_EDGE('',*,*,#7145,.F.);
#3916=ORIENTED_EDGE('',*,*,#7141,.T.);
#3917=ORIENTED_EDGE('',*,*,#7146,.F.);
#3918=ORIENTED_EDGE('',*,*,#7147,.F.);
#3919=ORIENTED_EDGE('',*,*,#7148,.T.);
#3920=ORIENTED_EDGE('',*,*,#7144,.T.);
#3921=ORIENTED_EDGE('',*,*,#7149,.F.);
#3922=ORIENTED_EDGE('',*,*,#7150,.F.);
#3923=ORIENTED_EDGE('',*,*,#7151,.T.);
#3924=ORIENTED_EDGE('',*,*,#7152,.T.);
#3925=ORIENTED_EDGE('',*,*,#7153,.F.);
#3926=ORIENTED_EDGE('',*,*,#7154,.F.);
#3927=ORIENTED_EDGE('',*,*,#7155,.T.);
#3928=ORIENTED_EDGE('',*,*,#7150,.T.);
#3929=ORIENTED_EDGE('',*,*,#7156,.F.);
#3930=ORIENTED_EDGE('',*,*,#7157,.F.);
#3931=ORIENTED_EDGE('',*,*,#7158,.T.);
#3932=ORIENTED_EDGE('',*,*,#7154,.T.);
#3933=ORIENTED_EDGE('',*,*,#7159,.F.);
#3934=ORIENTED_EDGE('',*,*,#7160,.F.);
#3935=ORIENTED_EDGE('',*,*,#7161,.T.);
#3936=ORIENTED_EDGE('',*,*,#7157,.T.);
#3937=ORIENTED_EDGE('',*,*,#7162,.T.);
#3938=ORIENTED_EDGE('',*,*,#7163,.F.);
#3939=ORIENTED_EDGE('',*,*,#7164,.F.);
#3940=ORIENTED_EDGE('',*,*,#7160,.T.);
#3941=ORIENTED_EDGE('',*,*,#7165,.F.);
#3942=ORIENTED_EDGE('',*,*,#7166,.F.);
#3943=ORIENTED_EDGE('',*,*,#7167,.T.);
#3944=ORIENTED_EDGE('',*,*,#7163,.T.);
#3945=ORIENTED_EDGE('',*,*,#7168,.T.);
#3946=ORIENTED_EDGE('',*,*,#7169,.F.);
#3947=ORIENTED_EDGE('',*,*,#7170,.F.);
#3948=ORIENTED_EDGE('',*,*,#7166,.T.);
#3949=ORIENTED_EDGE('',*,*,#7171,.F.);
#3950=ORIENTED_EDGE('',*,*,#7172,.F.);
#3951=ORIENTED_EDGE('',*,*,#7173,.T.);
#3952=ORIENTED_EDGE('',*,*,#7174,.T.);
#3953=ORIENTED_EDGE('',*,*,#7175,.T.);
#3954=ORIENTED_EDGE('',*,*,#7176,.F.);
#3955=ORIENTED_EDGE('',*,*,#7177,.F.);
#3956=ORIENTED_EDGE('',*,*,#7172,.T.);
#3957=ORIENTED_EDGE('',*,*,#7178,.F.);
#3958=ORIENTED_EDGE('',*,*,#7179,.F.);
#3959=ORIENTED_EDGE('',*,*,#7180,.T.);
#3960=ORIENTED_EDGE('',*,*,#7176,.T.);
#3961=ORIENTED_EDGE('',*,*,#7181,.F.);
#3962=ORIENTED_EDGE('',*,*,#7182,.F.);
#3963=ORIENTED_EDGE('',*,*,#7183,.T.);
#3964=ORIENTED_EDGE('',*,*,#7179,.T.);
#3965=ORIENTED_EDGE('',*,*,#7184,.F.);
#3966=ORIENTED_EDGE('',*,*,#7185,.F.);
#3967=ORIENTED_EDGE('',*,*,#7186,.T.);
#3968=ORIENTED_EDGE('',*,*,#7182,.T.);
#3969=ORIENTED_EDGE('',*,*,#7187,.F.);
#3970=ORIENTED_EDGE('',*,*,#7188,.F.);
#3971=ORIENTED_EDGE('',*,*,#7189,.T.);
#3972=ORIENTED_EDGE('',*,*,#7185,.T.);
#3973=ORIENTED_EDGE('',*,*,#7190,.F.);
#3974=ORIENTED_EDGE('',*,*,#7191,.F.);
#3975=ORIENTED_EDGE('',*,*,#7192,.T.);
#3976=ORIENTED_EDGE('',*,*,#7188,.T.);
#3977=ORIENTED_EDGE('',*,*,#7193,.F.);
#3978=ORIENTED_EDGE('',*,*,#7194,.F.);
#3979=ORIENTED_EDGE('',*,*,#7195,.T.);
#3980=ORIENTED_EDGE('',*,*,#7196,.T.);
#3981=ORIENTED_EDGE('',*,*,#7197,.T.);
#3982=ORIENTED_EDGE('',*,*,#7198,.F.);
#3983=ORIENTED_EDGE('',*,*,#7199,.F.);
#3984=ORIENTED_EDGE('',*,*,#7194,.T.);
#3985=ORIENTED_EDGE('',*,*,#7200,.F.);
#3986=ORIENTED_EDGE('',*,*,#7201,.F.);
#3987=ORIENTED_EDGE('',*,*,#7202,.T.);
#3988=ORIENTED_EDGE('',*,*,#7198,.T.);
#3989=ORIENTED_EDGE('',*,*,#7203,.T.);
#3990=ORIENTED_EDGE('',*,*,#7204,.F.);
#3991=ORIENTED_EDGE('',*,*,#7205,.F.);
#3992=ORIENTED_EDGE('',*,*,#7201,.T.);
#3993=ORIENTED_EDGE('',*,*,#7206,.F.);
#3994=ORIENTED_EDGE('',*,*,#7207,.F.);
#3995=ORIENTED_EDGE('',*,*,#7208,.T.);
#3996=ORIENTED_EDGE('',*,*,#7204,.T.);
#3997=ORIENTED_EDGE('',*,*,#7209,.F.);
#3998=ORIENTED_EDGE('',*,*,#7210,.F.);
#3999=ORIENTED_EDGE('',*,*,#7211,.T.);
#4000=ORIENTED_EDGE('',*,*,#7207,.T.);
#4001=ORIENTED_EDGE('',*,*,#7212,.F.);
#4002=ORIENTED_EDGE('',*,*,#7213,.F.);
#4003=ORIENTED_EDGE('',*,*,#7214,.T.);
#4004=ORIENTED_EDGE('',*,*,#7210,.T.);
#4005=ORIENTED_EDGE('',*,*,#7215,.F.);
#4006=ORIENTED_EDGE('',*,*,#7216,.F.);
#4007=ORIENTED_EDGE('',*,*,#7217,.T.);
#4008=ORIENTED_EDGE('',*,*,#7218,.T.);
#4009=ORIENTED_EDGE('',*,*,#7219,.T.);
#4010=ORIENTED_EDGE('',*,*,#7220,.F.);
#4011=ORIENTED_EDGE('',*,*,#7221,.F.);
#4012=ORIENTED_EDGE('',*,*,#7216,.T.);
#4013=ORIENTED_EDGE('',*,*,#7222,.F.);
#4014=ORIENTED_EDGE('',*,*,#7223,.F.);
#4015=ORIENTED_EDGE('',*,*,#7224,.T.);
#4016=ORIENTED_EDGE('',*,*,#7220,.T.);
#4017=ORIENTED_EDGE('',*,*,#7225,.T.);
#4018=ORIENTED_EDGE('',*,*,#7226,.F.);
#4019=ORIENTED_EDGE('',*,*,#7227,.F.);
#4020=ORIENTED_EDGE('',*,*,#7223,.T.);
#4021=ORIENTED_EDGE('',*,*,#7228,.F.);
#4022=ORIENTED_EDGE('',*,*,#7229,.F.);
#4023=ORIENTED_EDGE('',*,*,#7230,.T.);
#4024=ORIENTED_EDGE('',*,*,#7226,.T.);
#4025=ORIENTED_EDGE('',*,*,#7231,.F.);
#4026=ORIENTED_EDGE('',*,*,#7232,.F.);
#4027=ORIENTED_EDGE('',*,*,#7233,.T.);
#4028=ORIENTED_EDGE('',*,*,#7229,.T.);
#4029=ORIENTED_EDGE('',*,*,#7234,.F.);
#4030=ORIENTED_EDGE('',*,*,#7235,.F.);
#4031=ORIENTED_EDGE('',*,*,#7236,.T.);
#4032=ORIENTED_EDGE('',*,*,#7232,.T.);
#4033=ORIENTED_EDGE('',*,*,#7237,.F.);
#4034=ORIENTED_EDGE('',*,*,#7238,.F.);
#4035=ORIENTED_EDGE('',*,*,#7239,.T.);
#4036=ORIENTED_EDGE('',*,*,#7240,.T.);
#4037=ORIENTED_EDGE('',*,*,#7241,.T.);
#4038=ORIENTED_EDGE('',*,*,#7242,.F.);
#4039=ORIENTED_EDGE('',*,*,#7243,.F.);
#4040=ORIENTED_EDGE('',*,*,#7238,.T.);
#4041=ORIENTED_EDGE('',*,*,#7244,.F.);
#4042=ORIENTED_EDGE('',*,*,#7245,.F.);
#4043=ORIENTED_EDGE('',*,*,#7246,.T.);
#4044=ORIENTED_EDGE('',*,*,#7242,.T.);
#4045=ORIENTED_EDGE('',*,*,#7247,.T.);
#4046=ORIENTED_EDGE('',*,*,#7248,.F.);
#4047=ORIENTED_EDGE('',*,*,#7249,.F.);
#4048=ORIENTED_EDGE('',*,*,#7245,.T.);
#4049=ORIENTED_EDGE('',*,*,#7250,.F.);
#4050=ORIENTED_EDGE('',*,*,#7251,.F.);
#4051=ORIENTED_EDGE('',*,*,#7252,.T.);
#4052=ORIENTED_EDGE('',*,*,#7248,.T.);
#4053=ORIENTED_EDGE('',*,*,#7253,.F.);
#4054=ORIENTED_EDGE('',*,*,#7254,.F.);
#4055=ORIENTED_EDGE('',*,*,#7255,.T.);
#4056=ORIENTED_EDGE('',*,*,#7251,.T.);
#4057=ORIENTED_EDGE('',*,*,#7256,.F.);
#4058=ORIENTED_EDGE('',*,*,#7257,.F.);
#4059=ORIENTED_EDGE('',*,*,#7258,.T.);
#4060=ORIENTED_EDGE('',*,*,#7254,.T.);
#4061=ORIENTED_EDGE('',*,*,#7259,.F.);
#4062=ORIENTED_EDGE('',*,*,#7260,.F.);
#4063=ORIENTED_EDGE('',*,*,#7261,.T.);
#4064=ORIENTED_EDGE('',*,*,#7262,.T.);
#4065=ORIENTED_EDGE('',*,*,#7263,.F.);
#4066=ORIENTED_EDGE('',*,*,#7264,.F.);
#4067=ORIENTED_EDGE('',*,*,#7265,.T.);
#4068=ORIENTED_EDGE('',*,*,#7260,.T.);
#4069=ORIENTED_EDGE('',*,*,#7266,.F.);
#4070=ORIENTED_EDGE('',*,*,#7267,.F.);
#4071=ORIENTED_EDGE('',*,*,#7268,.T.);
#4072=ORIENTED_EDGE('',*,*,#7264,.T.);
#4073=ORIENTED_EDGE('',*,*,#7269,.F.);
#4074=ORIENTED_EDGE('',*,*,#7270,.F.);
#4075=ORIENTED_EDGE('',*,*,#7271,.T.);
#4076=ORIENTED_EDGE('',*,*,#7267,.T.);
#4077=ORIENTED_EDGE('',*,*,#7272,.F.);
#4078=ORIENTED_EDGE('',*,*,#7273,.F.);
#4079=ORIENTED_EDGE('',*,*,#7274,.T.);
#4080=ORIENTED_EDGE('',*,*,#7270,.T.);
#4081=ORIENTED_EDGE('',*,*,#7275,.T.);
#4082=ORIENTED_EDGE('',*,*,#7276,.F.);
#4083=ORIENTED_EDGE('',*,*,#7277,.F.);
#4084=ORIENTED_EDGE('',*,*,#7273,.T.);
#4085=ORIENTED_EDGE('',*,*,#7278,.F.);
#4086=ORIENTED_EDGE('',*,*,#7279,.F.);
#4087=ORIENTED_EDGE('',*,*,#7280,.T.);
#4088=ORIENTED_EDGE('',*,*,#7276,.T.);
#4089=ORIENTED_EDGE('',*,*,#7281,.F.);
#4090=ORIENTED_EDGE('',*,*,#7282,.F.);
#4091=ORIENTED_EDGE('',*,*,#7283,.T.);
#4092=ORIENTED_EDGE('',*,*,#7284,.T.);
#4093=ORIENTED_EDGE('',*,*,#7285,.T.);
#4094=ORIENTED_EDGE('',*,*,#7286,.F.);
#4095=ORIENTED_EDGE('',*,*,#7287,.F.);
#4096=ORIENTED_EDGE('',*,*,#7282,.T.);
#4097=ORIENTED_EDGE('',*,*,#7288,.F.);
#4098=ORIENTED_EDGE('',*,*,#7289,.F.);
#4099=ORIENTED_EDGE('',*,*,#7290,.T.);
#4100=ORIENTED_EDGE('',*,*,#7286,.T.);
#4101=ORIENTED_EDGE('',*,*,#7291,.F.);
#4102=ORIENTED_EDGE('',*,*,#7292,.F.);
#4103=ORIENTED_EDGE('',*,*,#7293,.T.);
#4104=ORIENTED_EDGE('',*,*,#7289,.T.);
#4105=ORIENTED_EDGE('',*,*,#7294,.F.);
#4106=ORIENTED_EDGE('',*,*,#7295,.F.);
#4107=ORIENTED_EDGE('',*,*,#7296,.T.);
#4108=ORIENTED_EDGE('',*,*,#7292,.T.);
#4109=ORIENTED_EDGE('',*,*,#7297,.F.);
#4110=ORIENTED_EDGE('',*,*,#7298,.F.);
#4111=ORIENTED_EDGE('',*,*,#7299,.T.);
#4112=ORIENTED_EDGE('',*,*,#7295,.T.);
#4113=ORIENTED_EDGE('',*,*,#7300,.F.);
#4114=ORIENTED_EDGE('',*,*,#7301,.F.);
#4115=ORIENTED_EDGE('',*,*,#7302,.T.);
#4116=ORIENTED_EDGE('',*,*,#7298,.T.);
#4117=ORIENTED_EDGE('',*,*,#7303,.F.);
#4118=ORIENTED_EDGE('',*,*,#7304,.F.);
#4119=ORIENTED_EDGE('',*,*,#7305,.T.);
#4120=ORIENTED_EDGE('',*,*,#7306,.T.);
#4121=ORIENTED_EDGE('',*,*,#7307,.F.);
#4122=ORIENTED_EDGE('',*,*,#7308,.F.);
#4123=ORIENTED_EDGE('',*,*,#7309,.T.);
#4124=ORIENTED_EDGE('',*,*,#7304,.T.);
#4125=ORIENTED_EDGE('',*,*,#7310,.F.);
#4126=ORIENTED_EDGE('',*,*,#7311,.F.);
#4127=ORIENTED_EDGE('',*,*,#7312,.T.);
#4128=ORIENTED_EDGE('',*,*,#7308,.T.);
#4129=ORIENTED_EDGE('',*,*,#7313,.F.);
#4130=ORIENTED_EDGE('',*,*,#7314,.F.);
#4131=ORIENTED_EDGE('',*,*,#7315,.T.);
#4132=ORIENTED_EDGE('',*,*,#7311,.T.);
#4133=ORIENTED_EDGE('',*,*,#7316,.F.);
#4134=ORIENTED_EDGE('',*,*,#7317,.F.);
#4135=ORIENTED_EDGE('',*,*,#7318,.T.);
#4136=ORIENTED_EDGE('',*,*,#7314,.T.);
#4137=ORIENTED_EDGE('',*,*,#7319,.T.);
#4138=ORIENTED_EDGE('',*,*,#7320,.F.);
#4139=ORIENTED_EDGE('',*,*,#7321,.F.);
#4140=ORIENTED_EDGE('',*,*,#7317,.T.);
#4141=ORIENTED_EDGE('',*,*,#7322,.F.);
#4142=ORIENTED_EDGE('',*,*,#7323,.F.);
#4143=ORIENTED_EDGE('',*,*,#7324,.T.);
#4144=ORIENTED_EDGE('',*,*,#7320,.T.);
#4145=ORIENTED_EDGE('',*,*,#7325,.F.);
#4146=ORIENTED_EDGE('',*,*,#7326,.F.);
#4147=ORIENTED_EDGE('',*,*,#7327,.T.);
#4148=ORIENTED_EDGE('',*,*,#7328,.T.);
#4149=ORIENTED_EDGE('',*,*,#7329,.F.);
#4150=ORIENTED_EDGE('',*,*,#7330,.F.);
#4151=ORIENTED_EDGE('',*,*,#7331,.T.);
#4152=ORIENTED_EDGE('',*,*,#7326,.T.);
#4153=ORIENTED_EDGE('',*,*,#7332,.T.);
#4154=ORIENTED_EDGE('',*,*,#7333,.F.);
#4155=ORIENTED_EDGE('',*,*,#7334,.F.);
#4156=ORIENTED_EDGE('',*,*,#7330,.T.);
#4157=ORIENTED_EDGE('',*,*,#7335,.F.);
#4158=ORIENTED_EDGE('',*,*,#7336,.F.);
#4159=ORIENTED_EDGE('',*,*,#7337,.T.);
#4160=ORIENTED_EDGE('',*,*,#7333,.T.);
#4161=ORIENTED_EDGE('',*,*,#7338,.T.);
#4162=ORIENTED_EDGE('',*,*,#7339,.F.);
#4163=ORIENTED_EDGE('',*,*,#7340,.F.);
#4164=ORIENTED_EDGE('',*,*,#7336,.T.);
#4165=ORIENTED_EDGE('',*,*,#7341,.F.);
#4166=ORIENTED_EDGE('',*,*,#7342,.F.);
#4167=ORIENTED_EDGE('',*,*,#7343,.T.);
#4168=ORIENTED_EDGE('',*,*,#7339,.T.);
#4169=ORIENTED_EDGE('',*,*,#7344,.F.);
#4170=ORIENTED_EDGE('',*,*,#7345,.F.);
#4171=ORIENTED_EDGE('',*,*,#7346,.T.);
#4172=ORIENTED_EDGE('',*,*,#7342,.T.);
#4173=ORIENTED_EDGE('',*,*,#7347,.F.);
#4174=ORIENTED_EDGE('',*,*,#7348,.F.);
#4175=ORIENTED_EDGE('',*,*,#7349,.T.);
#4176=ORIENTED_EDGE('',*,*,#7350,.T.);
#4177=ORIENTED_EDGE('',*,*,#7351,.F.);
#4178=ORIENTED_EDGE('',*,*,#7352,.F.);
#4179=ORIENTED_EDGE('',*,*,#7353,.T.);
#4180=ORIENTED_EDGE('',*,*,#7348,.T.);
#4181=ORIENTED_EDGE('',*,*,#7354,.T.);
#4182=ORIENTED_EDGE('',*,*,#7355,.F.);
#4183=ORIENTED_EDGE('',*,*,#7356,.F.);
#4184=ORIENTED_EDGE('',*,*,#7352,.T.);
#4185=ORIENTED_EDGE('',*,*,#7357,.F.);
#4186=ORIENTED_EDGE('',*,*,#7358,.F.);
#4187=ORIENTED_EDGE('',*,*,#7359,.T.);
#4188=ORIENTED_EDGE('',*,*,#7355,.T.);
#4189=ORIENTED_EDGE('',*,*,#7360,.T.);
#4190=ORIENTED_EDGE('',*,*,#7361,.F.);
#4191=ORIENTED_EDGE('',*,*,#7362,.F.);
#4192=ORIENTED_EDGE('',*,*,#7358,.T.);
#4193=ORIENTED_EDGE('',*,*,#7363,.F.);
#4194=ORIENTED_EDGE('',*,*,#7364,.F.);
#4195=ORIENTED_EDGE('',*,*,#7365,.T.);
#4196=ORIENTED_EDGE('',*,*,#7361,.T.);
#4197=ORIENTED_EDGE('',*,*,#7366,.F.);
#4198=ORIENTED_EDGE('',*,*,#7367,.F.);
#4199=ORIENTED_EDGE('',*,*,#7368,.T.);
#4200=ORIENTED_EDGE('',*,*,#7364,.T.);
#4201=ORIENTED_EDGE('',*,*,#7369,.F.);
#4202=ORIENTED_EDGE('',*,*,#7370,.F.);
#4203=ORIENTED_EDGE('',*,*,#7371,.T.);
#4204=ORIENTED_EDGE('',*,*,#7372,.T.);
#4205=ORIENTED_EDGE('',*,*,#7373,.F.);
#4206=ORIENTED_EDGE('',*,*,#7374,.F.);
#4207=ORIENTED_EDGE('',*,*,#7375,.T.);
#4208=ORIENTED_EDGE('',*,*,#7370,.T.);
#4209=ORIENTED_EDGE('',*,*,#7376,.F.);
#4210=ORIENTED_EDGE('',*,*,#7377,.F.);
#4211=ORIENTED_EDGE('',*,*,#7378,.T.);
#4212=ORIENTED_EDGE('',*,*,#7374,.T.);
#4213=ORIENTED_EDGE('',*,*,#7379,.T.);
#4214=ORIENTED_EDGE('',*,*,#7380,.F.);
#4215=ORIENTED_EDGE('',*,*,#7381,.F.);
#4216=ORIENTED_EDGE('',*,*,#7377,.T.);
#4217=ORIENTED_EDGE('',*,*,#7382,.F.);
#4218=ORIENTED_EDGE('',*,*,#7383,.F.);
#4219=ORIENTED_EDGE('',*,*,#7384,.T.);
#4220=ORIENTED_EDGE('',*,*,#7380,.T.);
#4221=ORIENTED_EDGE('',*,*,#7385,.T.);
#4222=ORIENTED_EDGE('',*,*,#7386,.F.);
#4223=ORIENTED_EDGE('',*,*,#7387,.F.);
#4224=ORIENTED_EDGE('',*,*,#7383,.T.);
#4225=ORIENTED_EDGE('',*,*,#7388,.F.);
#4226=ORIENTED_EDGE('',*,*,#7389,.F.);
#4227=ORIENTED_EDGE('',*,*,#7390,.T.);
#4228=ORIENTED_EDGE('',*,*,#7386,.T.);
#4229=ORIENTED_EDGE('',*,*,#7391,.F.);
#4230=ORIENTED_EDGE('',*,*,#7392,.F.);
#4231=ORIENTED_EDGE('',*,*,#7393,.T.);
#4232=ORIENTED_EDGE('',*,*,#7394,.T.);
#4233=ORIENTED_EDGE('',*,*,#7395,.T.);
#4234=ORIENTED_EDGE('',*,*,#7396,.F.);
#4235=ORIENTED_EDGE('',*,*,#7397,.F.);
#4236=ORIENTED_EDGE('',*,*,#7392,.T.);
#4237=ORIENTED_EDGE('',*,*,#7398,.F.);
#4238=ORIENTED_EDGE('',*,*,#7399,.F.);
#4239=ORIENTED_EDGE('',*,*,#7400,.T.);
#4240=ORIENTED_EDGE('',*,*,#7396,.T.);
#4241=ORIENTED_EDGE('',*,*,#7401,.F.);
#4242=ORIENTED_EDGE('',*,*,#7402,.F.);
#4243=ORIENTED_EDGE('',*,*,#7403,.T.);
#4244=ORIENTED_EDGE('',*,*,#7399,.T.);
#4245=ORIENTED_EDGE('',*,*,#7404,.F.);
#4246=ORIENTED_EDGE('',*,*,#7405,.F.);
#4247=ORIENTED_EDGE('',*,*,#7406,.T.);
#4248=ORIENTED_EDGE('',*,*,#7402,.T.);
#4249=ORIENTED_EDGE('',*,*,#7407,.F.);
#4250=ORIENTED_EDGE('',*,*,#7408,.F.);
#4251=ORIENTED_EDGE('',*,*,#7409,.T.);
#4252=ORIENTED_EDGE('',*,*,#7405,.T.);
#4253=ORIENTED_EDGE('',*,*,#7410,.F.);
#4254=ORIENTED_EDGE('',*,*,#7411,.F.);
#4255=ORIENTED_EDGE('',*,*,#7412,.T.);
#4256=ORIENTED_EDGE('',*,*,#7408,.T.);
#4257=ORIENTED_EDGE('',*,*,#7413,.F.);
#4258=ORIENTED_EDGE('',*,*,#7414,.F.);
#4259=ORIENTED_EDGE('',*,*,#7415,.T.);
#4260=ORIENTED_EDGE('',*,*,#7416,.T.);
#4261=ORIENTED_EDGE('',*,*,#7417,.T.);
#4262=ORIENTED_EDGE('',*,*,#7418,.F.);
#4263=ORIENTED_EDGE('',*,*,#7419,.F.);
#4264=ORIENTED_EDGE('',*,*,#7414,.T.);
#4265=ORIENTED_EDGE('',*,*,#7420,.F.);
#4266=ORIENTED_EDGE('',*,*,#7421,.F.);
#4267=ORIENTED_EDGE('',*,*,#7422,.T.);
#4268=ORIENTED_EDGE('',*,*,#7418,.T.);
#4269=ORIENTED_EDGE('',*,*,#7423,.T.);
#4270=ORIENTED_EDGE('',*,*,#7424,.F.);
#4271=ORIENTED_EDGE('',*,*,#7425,.F.);
#4272=ORIENTED_EDGE('',*,*,#7421,.T.);
#4273=ORIENTED_EDGE('',*,*,#7426,.F.);
#4274=ORIENTED_EDGE('',*,*,#7427,.F.);
#4275=ORIENTED_EDGE('',*,*,#7428,.T.);
#4276=ORIENTED_EDGE('',*,*,#7424,.T.);
#4277=ORIENTED_EDGE('',*,*,#7429,.F.);
#4278=ORIENTED_EDGE('',*,*,#7430,.F.);
#4279=ORIENTED_EDGE('',*,*,#7431,.T.);
#4280=ORIENTED_EDGE('',*,*,#7427,.T.);
#4281=ORIENTED_EDGE('',*,*,#7432,.F.);
#4282=ORIENTED_EDGE('',*,*,#7433,.F.);
#4283=ORIENTED_EDGE('',*,*,#7434,.T.);
#4284=ORIENTED_EDGE('',*,*,#7430,.T.);
#4285=ORIENTED_EDGE('',*,*,#7435,.F.);
#4286=ORIENTED_EDGE('',*,*,#7436,.F.);
#4287=ORIENTED_EDGE('',*,*,#7437,.T.);
#4288=ORIENTED_EDGE('',*,*,#7438,.T.);
#4289=ORIENTED_EDGE('',*,*,#7439,.T.);
#4290=ORIENTED_EDGE('',*,*,#7440,.F.);
#4291=ORIENTED_EDGE('',*,*,#7441,.F.);
#4292=ORIENTED_EDGE('',*,*,#7436,.T.);
#4293=ORIENTED_EDGE('',*,*,#7442,.F.);
#4294=ORIENTED_EDGE('',*,*,#7443,.F.);
#4295=ORIENTED_EDGE('',*,*,#7444,.T.);
#4296=ORIENTED_EDGE('',*,*,#7440,.T.);
#4297=ORIENTED_EDGE('',*,*,#7445,.T.);
#4298=ORIENTED_EDGE('',*,*,#7446,.F.);
#4299=ORIENTED_EDGE('',*,*,#7447,.F.);
#4300=ORIENTED_EDGE('',*,*,#7443,.T.);
#4301=ORIENTED_EDGE('',*,*,#7448,.F.);
#4302=ORIENTED_EDGE('',*,*,#7449,.F.);
#4303=ORIENTED_EDGE('',*,*,#7450,.T.);
#4304=ORIENTED_EDGE('',*,*,#7446,.T.);
#4305=ORIENTED_EDGE('',*,*,#7451,.F.);
#4306=ORIENTED_EDGE('',*,*,#7452,.F.);
#4307=ORIENTED_EDGE('',*,*,#7453,.T.);
#4308=ORIENTED_EDGE('',*,*,#7449,.T.);
#4309=ORIENTED_EDGE('',*,*,#7454,.F.);
#4310=ORIENTED_EDGE('',*,*,#7455,.F.);
#4311=ORIENTED_EDGE('',*,*,#7456,.T.);
#4312=ORIENTED_EDGE('',*,*,#7452,.T.);
#4313=ORIENTED_EDGE('',*,*,#7457,.F.);
#4314=ORIENTED_EDGE('',*,*,#7458,.F.);
#4315=ORIENTED_EDGE('',*,*,#7459,.T.);
#4316=ORIENTED_EDGE('',*,*,#7460,.T.);
#4317=ORIENTED_EDGE('',*,*,#7461,.F.);
#4318=ORIENTED_EDGE('',*,*,#7462,.F.);
#4319=ORIENTED_EDGE('',*,*,#7463,.T.);
#4320=ORIENTED_EDGE('',*,*,#7458,.T.);
#4321=ORIENTED_EDGE('',*,*,#7464,.F.);
#4322=ORIENTED_EDGE('',*,*,#7465,.F.);
#4323=ORIENTED_EDGE('',*,*,#7466,.T.);
#4324=ORIENTED_EDGE('',*,*,#7462,.T.);
#4325=ORIENTED_EDGE('',*,*,#7467,.F.);
#4326=ORIENTED_EDGE('',*,*,#7468,.F.);
#4327=ORIENTED_EDGE('',*,*,#7469,.T.);
#4328=ORIENTED_EDGE('',*,*,#7465,.T.);
#4329=ORIENTED_EDGE('',*,*,#7470,.T.);
#4330=ORIENTED_EDGE('',*,*,#7471,.F.);
#4331=ORIENTED_EDGE('',*,*,#7472,.F.);
#4332=ORIENTED_EDGE('',*,*,#7468,.T.);
#4333=ORIENTED_EDGE('',*,*,#7473,.F.);
#4334=ORIENTED_EDGE('',*,*,#7474,.F.);
#4335=ORIENTED_EDGE('',*,*,#7475,.T.);
#4336=ORIENTED_EDGE('',*,*,#7471,.T.);
#4337=ORIENTED_EDGE('',*,*,#7476,.T.);
#4338=ORIENTED_EDGE('',*,*,#7477,.F.);
#4339=ORIENTED_EDGE('',*,*,#7478,.F.);
#4340=ORIENTED_EDGE('',*,*,#7474,.T.);
#4341=ORIENTED_EDGE('',*,*,#7479,.F.);
#4342=ORIENTED_EDGE('',*,*,#7480,.F.);
#4343=ORIENTED_EDGE('',*,*,#7481,.T.);
#4344=ORIENTED_EDGE('',*,*,#7482,.T.);
#4345=ORIENTED_EDGE('',*,*,#7483,.F.);
#4346=ORIENTED_EDGE('',*,*,#7484,.F.);
#4347=ORIENTED_EDGE('',*,*,#7485,.T.);
#4348=ORIENTED_EDGE('',*,*,#7480,.T.);
#4349=ORIENTED_EDGE('',*,*,#7486,.F.);
#4350=ORIENTED_EDGE('',*,*,#7487,.F.);
#4351=ORIENTED_EDGE('',*,*,#7488,.T.);
#4352=ORIENTED_EDGE('',*,*,#7484,.T.);
#4353=ORIENTED_EDGE('',*,*,#7489,.F.);
#4354=ORIENTED_EDGE('',*,*,#7490,.F.);
#4355=ORIENTED_EDGE('',*,*,#7491,.T.);
#4356=ORIENTED_EDGE('',*,*,#7487,.T.);
#4357=ORIENTED_EDGE('',*,*,#7492,.F.);
#4358=ORIENTED_EDGE('',*,*,#7493,.F.);
#4359=ORIENTED_EDGE('',*,*,#7494,.T.);
#4360=ORIENTED_EDGE('',*,*,#7490,.T.);
#4361=ORIENTED_EDGE('',*,*,#7495,.T.);
#4362=ORIENTED_EDGE('',*,*,#7496,.F.);
#4363=ORIENTED_EDGE('',*,*,#7497,.F.);
#4364=ORIENTED_EDGE('',*,*,#7493,.T.);
#4365=ORIENTED_EDGE('',*,*,#7498,.F.);
#4366=ORIENTED_EDGE('',*,*,#7499,.F.);
#4367=ORIENTED_EDGE('',*,*,#7500,.T.);
#4368=ORIENTED_EDGE('',*,*,#7496,.T.);
#4369=ORIENTED_EDGE('',*,*,#7501,.F.);
#4370=ORIENTED_EDGE('',*,*,#7502,.F.);
#4371=ORIENTED_EDGE('',*,*,#7503,.T.);
#4372=ORIENTED_EDGE('',*,*,#7504,.T.);
#4373=ORIENTED_EDGE('',*,*,#7505,.F.);
#4374=ORIENTED_EDGE('',*,*,#7506,.F.);
#4375=ORIENTED_EDGE('',*,*,#7507,.T.);
#4376=ORIENTED_EDGE('',*,*,#7502,.T.);
#4377=ORIENTED_EDGE('',*,*,#7508,.F.);
#4378=ORIENTED_EDGE('',*,*,#7509,.F.);
#4379=ORIENTED_EDGE('',*,*,#7510,.T.);
#4380=ORIENTED_EDGE('',*,*,#7506,.T.);
#4381=ORIENTED_EDGE('',*,*,#7511,.F.);
#4382=ORIENTED_EDGE('',*,*,#7512,.F.);
#4383=ORIENTED_EDGE('',*,*,#7513,.T.);
#4384=ORIENTED_EDGE('',*,*,#7509,.T.);
#4385=ORIENTED_EDGE('',*,*,#7514,.T.);
#4386=ORIENTED_EDGE('',*,*,#7515,.F.);
#4387=ORIENTED_EDGE('',*,*,#7516,.F.);
#4388=ORIENTED_EDGE('',*,*,#7512,.T.);
#4389=ORIENTED_EDGE('',*,*,#7517,.F.);
#4390=ORIENTED_EDGE('',*,*,#7518,.F.);
#4391=ORIENTED_EDGE('',*,*,#7519,.T.);
#4392=ORIENTED_EDGE('',*,*,#7515,.T.);
#4393=ORIENTED_EDGE('',*,*,#7520,.T.);
#4394=ORIENTED_EDGE('',*,*,#7521,.F.);
#4395=ORIENTED_EDGE('',*,*,#7522,.F.);
#4396=ORIENTED_EDGE('',*,*,#7518,.T.);
#4397=ORIENTED_EDGE('',*,*,#7523,.F.);
#4398=ORIENTED_EDGE('',*,*,#7524,.F.);
#4399=ORIENTED_EDGE('',*,*,#7525,.T.);
#4400=ORIENTED_EDGE('',*,*,#7526,.T.);
#4401=ORIENTED_EDGE('',*,*,#7527,.F.);
#4402=ORIENTED_EDGE('',*,*,#7528,.F.);
#4403=ORIENTED_EDGE('',*,*,#7529,.T.);
#4404=ORIENTED_EDGE('',*,*,#7524,.T.);
#4405=ORIENTED_EDGE('',*,*,#7530,.F.);
#4406=ORIENTED_EDGE('',*,*,#7531,.F.);
#4407=ORIENTED_EDGE('',*,*,#7532,.T.);
#4408=ORIENTED_EDGE('',*,*,#7528,.T.);
#4409=ORIENTED_EDGE('',*,*,#7533,.F.);
#4410=ORIENTED_EDGE('',*,*,#7534,.F.);
#4411=ORIENTED_EDGE('',*,*,#7535,.T.);
#4412=ORIENTED_EDGE('',*,*,#7531,.T.);
#4413=ORIENTED_EDGE('',*,*,#7536,.F.);
#4414=ORIENTED_EDGE('',*,*,#7537,.F.);
#4415=ORIENTED_EDGE('',*,*,#7538,.T.);
#4416=ORIENTED_EDGE('',*,*,#7534,.T.);
#4417=ORIENTED_EDGE('',*,*,#7539,.T.);
#4418=ORIENTED_EDGE('',*,*,#7540,.F.);
#4419=ORIENTED_EDGE('',*,*,#7541,.F.);
#4420=ORIENTED_EDGE('',*,*,#7537,.T.);
#4421=ORIENTED_EDGE('',*,*,#7542,.F.);
#4422=ORIENTED_EDGE('',*,*,#7543,.F.);
#4423=ORIENTED_EDGE('',*,*,#7544,.T.);
#4424=ORIENTED_EDGE('',*,*,#7540,.T.);
#4425=ORIENTED_EDGE('',*,*,#7545,.F.);
#4426=ORIENTED_EDGE('',*,*,#7546,.F.);
#4427=ORIENTED_EDGE('',*,*,#7547,.T.);
#4428=ORIENTED_EDGE('',*,*,#7548,.T.);
#4429=ORIENTED_EDGE('',*,*,#7549,.T.);
#4430=ORIENTED_EDGE('',*,*,#7550,.F.);
#4431=ORIENTED_EDGE('',*,*,#7551,.F.);
#4432=ORIENTED_EDGE('',*,*,#7546,.T.);
#4433=ORIENTED_EDGE('',*,*,#7552,.F.);
#4434=ORIENTED_EDGE('',*,*,#7553,.F.);
#4435=ORIENTED_EDGE('',*,*,#7554,.T.);
#4436=ORIENTED_EDGE('',*,*,#7550,.T.);
#4437=ORIENTED_EDGE('',*,*,#7555,.F.);
#4438=ORIENTED_EDGE('',*,*,#7556,.F.);
#4439=ORIENTED_EDGE('',*,*,#7557,.T.);
#4440=ORIENTED_EDGE('',*,*,#7553,.T.);
#4441=ORIENTED_EDGE('',*,*,#7558,.F.);
#4442=ORIENTED_EDGE('',*,*,#7559,.F.);
#4443=ORIENTED_EDGE('',*,*,#7560,.T.);
#4444=ORIENTED_EDGE('',*,*,#7556,.T.);
#4445=ORIENTED_EDGE('',*,*,#7561,.F.);
#4446=ORIENTED_EDGE('',*,*,#7562,.F.);
#4447=ORIENTED_EDGE('',*,*,#7563,.T.);
#4448=ORIENTED_EDGE('',*,*,#7559,.T.);
#4449=ORIENTED_EDGE('',*,*,#7564,.F.);
#4450=ORIENTED_EDGE('',*,*,#7565,.F.);
#4451=ORIENTED_EDGE('',*,*,#7566,.T.);
#4452=ORIENTED_EDGE('',*,*,#7562,.T.);
#4453=ORIENTED_EDGE('',*,*,#7567,.F.);
#4454=ORIENTED_EDGE('',*,*,#7568,.F.);
#4455=ORIENTED_EDGE('',*,*,#7569,.T.);
#4456=ORIENTED_EDGE('',*,*,#7570,.T.);
#4457=ORIENTED_EDGE('',*,*,#7571,.T.);
#4458=ORIENTED_EDGE('',*,*,#7572,.F.);
#4459=ORIENTED_EDGE('',*,*,#7573,.F.);
#4460=ORIENTED_EDGE('',*,*,#7568,.T.);
#4461=ORIENTED_EDGE('',*,*,#7574,.F.);
#4462=ORIENTED_EDGE('',*,*,#7575,.F.);
#4463=ORIENTED_EDGE('',*,*,#7576,.T.);
#4464=ORIENTED_EDGE('',*,*,#7572,.T.);
#4465=ORIENTED_EDGE('',*,*,#7577,.F.);
#4466=ORIENTED_EDGE('',*,*,#7578,.F.);
#4467=ORIENTED_EDGE('',*,*,#7579,.T.);
#4468=ORIENTED_EDGE('',*,*,#7575,.T.);
#4469=ORIENTED_EDGE('',*,*,#7580,.F.);
#4470=ORIENTED_EDGE('',*,*,#7581,.F.);
#4471=ORIENTED_EDGE('',*,*,#7582,.T.);
#4472=ORIENTED_EDGE('',*,*,#7578,.T.);
#4473=ORIENTED_EDGE('',*,*,#7583,.F.);
#4474=ORIENTED_EDGE('',*,*,#7584,.F.);
#4475=ORIENTED_EDGE('',*,*,#7585,.T.);
#4476=ORIENTED_EDGE('',*,*,#7581,.T.);
#4477=ORIENTED_EDGE('',*,*,#7586,.F.);
#4478=ORIENTED_EDGE('',*,*,#7587,.F.);
#4479=ORIENTED_EDGE('',*,*,#7588,.T.);
#4480=ORIENTED_EDGE('',*,*,#7584,.T.);
#4481=ORIENTED_EDGE('',*,*,#7589,.F.);
#4482=ORIENTED_EDGE('',*,*,#7590,.F.);
#4483=ORIENTED_EDGE('',*,*,#7591,.T.);
#4484=ORIENTED_EDGE('',*,*,#7592,.T.);
#4485=ORIENTED_EDGE('',*,*,#7593,.T.);
#4486=ORIENTED_EDGE('',*,*,#7594,.F.);
#4487=ORIENTED_EDGE('',*,*,#7595,.F.);
#4488=ORIENTED_EDGE('',*,*,#7590,.T.);
#4489=ORIENTED_EDGE('',*,*,#7596,.F.);
#4490=ORIENTED_EDGE('',*,*,#7597,.F.);
#4491=ORIENTED_EDGE('',*,*,#7598,.T.);
#4492=ORIENTED_EDGE('',*,*,#7594,.T.);
#4493=ORIENTED_EDGE('',*,*,#7599,.F.);
#4494=ORIENTED_EDGE('',*,*,#7600,.F.);
#4495=ORIENTED_EDGE('',*,*,#7601,.T.);
#4496=ORIENTED_EDGE('',*,*,#7597,.T.);
#4497=ORIENTED_EDGE('',*,*,#7602,.F.);
#4498=ORIENTED_EDGE('',*,*,#7603,.F.);
#4499=ORIENTED_EDGE('',*,*,#7604,.T.);
#4500=ORIENTED_EDGE('',*,*,#7600,.T.);
#4501=ORIENTED_EDGE('',*,*,#7605,.F.);
#4502=ORIENTED_EDGE('',*,*,#7606,.F.);
#4503=ORIENTED_EDGE('',*,*,#7607,.T.);
#4504=ORIENTED_EDGE('',*,*,#7603,.T.);
#4505=ORIENTED_EDGE('',*,*,#7608,.F.);
#4506=ORIENTED_EDGE('',*,*,#7609,.F.);
#4507=ORIENTED_EDGE('',*,*,#7610,.T.);
#4508=ORIENTED_EDGE('',*,*,#7606,.T.);
#4509=ORIENTED_EDGE('',*,*,#7611,.F.);
#4510=ORIENTED_EDGE('',*,*,#7612,.F.);
#4511=ORIENTED_EDGE('',*,*,#7613,.T.);
#4512=ORIENTED_EDGE('',*,*,#7614,.T.);
#4513=ORIENTED_EDGE('',*,*,#7615,.F.);
#4514=ORIENTED_EDGE('',*,*,#7616,.F.);
#4515=ORIENTED_EDGE('',*,*,#7617,.T.);
#4516=ORIENTED_EDGE('',*,*,#7612,.T.);
#4517=ORIENTED_EDGE('',*,*,#7618,.F.);
#4518=ORIENTED_EDGE('',*,*,#7619,.F.);
#4519=ORIENTED_EDGE('',*,*,#7620,.T.);
#4520=ORIENTED_EDGE('',*,*,#7616,.T.);
#4521=ORIENTED_EDGE('',*,*,#7621,.T.);
#4522=ORIENTED_EDGE('',*,*,#7622,.F.);
#4523=ORIENTED_EDGE('',*,*,#7623,.F.);
#4524=ORIENTED_EDGE('',*,*,#7619,.T.);
#4525=ORIENTED_EDGE('',*,*,#7624,.F.);
#4526=ORIENTED_EDGE('',*,*,#7625,.F.);
#4527=ORIENTED_EDGE('',*,*,#7626,.T.);
#4528=ORIENTED_EDGE('',*,*,#7622,.T.);
#4529=ORIENTED_EDGE('',*,*,#7627,.T.);
#4530=ORIENTED_EDGE('',*,*,#7628,.F.);
#4531=ORIENTED_EDGE('',*,*,#7629,.F.);
#4532=ORIENTED_EDGE('',*,*,#7625,.T.);
#4533=ORIENTED_EDGE('',*,*,#7630,.F.);
#4534=ORIENTED_EDGE('',*,*,#7631,.F.);
#4535=ORIENTED_EDGE('',*,*,#7632,.T.);
#4536=ORIENTED_EDGE('',*,*,#7628,.T.);
#4537=ORIENTED_EDGE('',*,*,#7633,.F.);
#4538=ORIENTED_EDGE('',*,*,#7634,.F.);
#4539=ORIENTED_EDGE('',*,*,#7635,.T.);
#4540=ORIENTED_EDGE('',*,*,#7636,.T.);
#4541=ORIENTED_EDGE('',*,*,#7637,.T.);
#4542=ORIENTED_EDGE('',*,*,#7638,.F.);
#4543=ORIENTED_EDGE('',*,*,#7639,.F.);
#4544=ORIENTED_EDGE('',*,*,#7634,.T.);
#4545=ORIENTED_EDGE('',*,*,#7640,.F.);
#4546=ORIENTED_EDGE('',*,*,#7641,.F.);
#4547=ORIENTED_EDGE('',*,*,#7642,.T.);
#4548=ORIENTED_EDGE('',*,*,#7638,.T.);
#4549=ORIENTED_EDGE('',*,*,#7643,.F.);
#4550=ORIENTED_EDGE('',*,*,#7644,.F.);
#4551=ORIENTED_EDGE('',*,*,#7645,.T.);
#4552=ORIENTED_EDGE('',*,*,#7641,.T.);
#4553=ORIENTED_EDGE('',*,*,#7646,.F.);
#4554=ORIENTED_EDGE('',*,*,#7647,.F.);
#4555=ORIENTED_EDGE('',*,*,#7648,.T.);
#4556=ORIENTED_EDGE('',*,*,#7644,.T.);
#4557=ORIENTED_EDGE('',*,*,#7649,.F.);
#4558=ORIENTED_EDGE('',*,*,#7650,.F.);
#4559=ORIENTED_EDGE('',*,*,#7651,.T.);
#4560=ORIENTED_EDGE('',*,*,#7647,.T.);
#4561=ORIENTED_EDGE('',*,*,#7652,.F.);
#4562=ORIENTED_EDGE('',*,*,#7653,.F.);
#4563=ORIENTED_EDGE('',*,*,#7654,.T.);
#4564=ORIENTED_EDGE('',*,*,#7650,.T.);
#4565=ORIENTED_EDGE('',*,*,#7655,.F.);
#4566=ORIENTED_EDGE('',*,*,#7656,.F.);
#4567=ORIENTED_EDGE('',*,*,#7657,.T.);
#4568=ORIENTED_EDGE('',*,*,#7658,.T.);
#4569=ORIENTED_EDGE('',*,*,#7659,.T.);
#4570=ORIENTED_EDGE('',*,*,#7660,.F.);
#4571=ORIENTED_EDGE('',*,*,#7661,.F.);
#4572=ORIENTED_EDGE('',*,*,#7656,.T.);
#4573=ORIENTED_EDGE('',*,*,#7662,.F.);
#4574=ORIENTED_EDGE('',*,*,#7663,.F.);
#4575=ORIENTED_EDGE('',*,*,#7664,.T.);
#4576=ORIENTED_EDGE('',*,*,#7660,.T.);
#4577=ORIENTED_EDGE('',*,*,#7665,.F.);
#4578=ORIENTED_EDGE('',*,*,#7666,.F.);
#4579=ORIENTED_EDGE('',*,*,#7667,.T.);
#4580=ORIENTED_EDGE('',*,*,#7663,.T.);
#4581=ORIENTED_EDGE('',*,*,#7668,.F.);
#4582=ORIENTED_EDGE('',*,*,#7669,.F.);
#4583=ORIENTED_EDGE('',*,*,#7670,.T.);
#4584=ORIENTED_EDGE('',*,*,#7666,.T.);
#4585=ORIENTED_EDGE('',*,*,#7671,.F.);
#4586=ORIENTED_EDGE('',*,*,#7672,.F.);
#4587=ORIENTED_EDGE('',*,*,#7673,.T.);
#4588=ORIENTED_EDGE('',*,*,#7669,.T.);
#4589=ORIENTED_EDGE('',*,*,#7674,.F.);
#4590=ORIENTED_EDGE('',*,*,#7675,.F.);
#4591=ORIENTED_EDGE('',*,*,#7676,.T.);
#4592=ORIENTED_EDGE('',*,*,#7672,.T.);
#4593=ORIENTED_EDGE('',*,*,#7677,.F.);
#4594=ORIENTED_EDGE('',*,*,#7678,.F.);
#4595=ORIENTED_EDGE('',*,*,#7679,.T.);
#4596=ORIENTED_EDGE('',*,*,#7680,.T.);
#4597=ORIENTED_EDGE('',*,*,#7681,.F.);
#4598=ORIENTED_EDGE('',*,*,#7682,.F.);
#4599=ORIENTED_EDGE('',*,*,#7683,.T.);
#4600=ORIENTED_EDGE('',*,*,#7678,.T.);
#4601=ORIENTED_EDGE('',*,*,#7684,.F.);
#4602=ORIENTED_EDGE('',*,*,#7685,.F.);
#4603=ORIENTED_EDGE('',*,*,#7686,.T.);
#4604=ORIENTED_EDGE('',*,*,#7682,.T.);
#4605=ORIENTED_EDGE('',*,*,#7687,.F.);
#4606=ORIENTED_EDGE('',*,*,#7688,.F.);
#4607=ORIENTED_EDGE('',*,*,#7689,.T.);
#4608=ORIENTED_EDGE('',*,*,#7685,.T.);
#4609=ORIENTED_EDGE('',*,*,#7690,.T.);
#4610=ORIENTED_EDGE('',*,*,#7691,.F.);
#4611=ORIENTED_EDGE('',*,*,#7692,.F.);
#4612=ORIENTED_EDGE('',*,*,#7688,.T.);
#4613=ORIENTED_EDGE('',*,*,#7693,.F.);
#4614=ORIENTED_EDGE('',*,*,#7694,.F.);
#4615=ORIENTED_EDGE('',*,*,#7695,.T.);
#4616=ORIENTED_EDGE('',*,*,#7691,.T.);
#4617=ORIENTED_EDGE('',*,*,#7696,.T.);
#4618=ORIENTED_EDGE('',*,*,#7697,.F.);
#4619=ORIENTED_EDGE('',*,*,#7698,.F.);
#4620=ORIENTED_EDGE('',*,*,#7694,.T.);
#4621=ORIENTED_EDGE('',*,*,#7699,.T.);
#4622=ORIENTED_EDGE('',*,*,#7700,.F.);
#4623=ORIENTED_EDGE('',*,*,#7701,.F.);
#4624=ORIENTED_EDGE('',*,*,#7702,.T.);
#4625=ORIENTED_EDGE('',*,*,#7703,.T.);
#4626=ORIENTED_EDGE('',*,*,#7704,.F.);
#4627=ORIENTED_EDGE('',*,*,#7705,.F.);
#4628=ORIENTED_EDGE('',*,*,#7700,.T.);
#4629=ORIENTED_EDGE('',*,*,#7706,.F.);
#4630=ORIENTED_EDGE('',*,*,#7707,.F.);
#4631=ORIENTED_EDGE('',*,*,#7708,.T.);
#4632=ORIENTED_EDGE('',*,*,#7704,.T.);
#4633=ORIENTED_EDGE('',*,*,#7709,.T.);
#4634=ORIENTED_EDGE('',*,*,#7710,.F.);
#4635=ORIENTED_EDGE('',*,*,#7711,.F.);
#4636=ORIENTED_EDGE('',*,*,#7707,.T.);
#4637=ORIENTED_EDGE('',*,*,#7712,.F.);
#4638=ORIENTED_EDGE('',*,*,#7713,.F.);
#4639=ORIENTED_EDGE('',*,*,#7714,.T.);
#4640=ORIENTED_EDGE('',*,*,#7710,.T.);
#4641=ORIENTED_EDGE('',*,*,#7715,.F.);
#4642=ORIENTED_EDGE('',*,*,#7716,.F.);
#4643=ORIENTED_EDGE('',*,*,#7717,.T.);
#4644=ORIENTED_EDGE('',*,*,#7713,.T.);
#4645=ORIENTED_EDGE('',*,*,#7718,.T.);
#4646=ORIENTED_EDGE('',*,*,#7719,.F.);
#4647=ORIENTED_EDGE('',*,*,#7720,.F.);
#4648=ORIENTED_EDGE('',*,*,#7716,.T.);
#4649=ORIENTED_EDGE('',*,*,#7721,.F.);
#4650=ORIENTED_EDGE('',*,*,#7722,.F.);
#4651=ORIENTED_EDGE('',*,*,#7723,.T.);
#4652=ORIENTED_EDGE('',*,*,#7719,.T.);
#4653=ORIENTED_EDGE('',*,*,#7724,.T.);
#4654=ORIENTED_EDGE('',*,*,#7725,.F.);
#4655=ORIENTED_EDGE('',*,*,#7726,.F.);
#4656=ORIENTED_EDGE('',*,*,#7722,.T.);
#4657=ORIENTED_EDGE('',*,*,#7727,.T.);
#4658=ORIENTED_EDGE('',*,*,#7728,.F.);
#4659=ORIENTED_EDGE('',*,*,#7729,.F.);
#4660=ORIENTED_EDGE('',*,*,#7725,.T.);
#4661=ORIENTED_EDGE('',*,*,#7730,.T.);
#4662=ORIENTED_EDGE('',*,*,#7731,.F.);
#4663=ORIENTED_EDGE('',*,*,#7732,.F.);
#4664=ORIENTED_EDGE('',*,*,#7728,.T.);
#4665=ORIENTED_EDGE('',*,*,#7733,.T.);
#4666=ORIENTED_EDGE('',*,*,#7734,.F.);
#4667=ORIENTED_EDGE('',*,*,#7735,.F.);
#4668=ORIENTED_EDGE('',*,*,#7731,.T.);
#4669=ORIENTED_EDGE('',*,*,#7736,.F.);
#4670=ORIENTED_EDGE('',*,*,#7737,.F.);
#4671=ORIENTED_EDGE('',*,*,#7738,.T.);
#4672=ORIENTED_EDGE('',*,*,#7734,.T.);
#4673=ORIENTED_EDGE('',*,*,#7739,.F.);
#4674=ORIENTED_EDGE('',*,*,#7740,.F.);
#4675=ORIENTED_EDGE('',*,*,#7741,.T.);
#4676=ORIENTED_EDGE('',*,*,#7737,.T.);
#4677=ORIENTED_EDGE('',*,*,#7742,.T.);
#4678=ORIENTED_EDGE('',*,*,#7743,.F.);
#4679=ORIENTED_EDGE('',*,*,#7744,.F.);
#4680=ORIENTED_EDGE('',*,*,#7740,.T.);
#4681=ORIENTED_EDGE('',*,*,#7745,.T.);
#4682=ORIENTED_EDGE('',*,*,#7746,.F.);
#4683=ORIENTED_EDGE('',*,*,#7747,.F.);
#4684=ORIENTED_EDGE('',*,*,#7743,.T.);
#4685=ORIENTED_EDGE('',*,*,#7748,.T.);
#4686=ORIENTED_EDGE('',*,*,#7749,.F.);
#4687=ORIENTED_EDGE('',*,*,#7750,.F.);
#4688=ORIENTED_EDGE('',*,*,#7746,.T.);
#4689=ORIENTED_EDGE('',*,*,#7751,.T.);
#4690=ORIENTED_EDGE('',*,*,#7752,.F.);
#4691=ORIENTED_EDGE('',*,*,#7753,.F.);
#4692=ORIENTED_EDGE('',*,*,#7749,.T.);
#4693=ORIENTED_EDGE('',*,*,#7754,.T.);
#4694=ORIENTED_EDGE('',*,*,#7755,.F.);
#4695=ORIENTED_EDGE('',*,*,#7756,.F.);
#4696=ORIENTED_EDGE('',*,*,#7752,.T.);
#4697=ORIENTED_EDGE('',*,*,#7757,.T.);
#4698=ORIENTED_EDGE('',*,*,#7758,.F.);
#4699=ORIENTED_EDGE('',*,*,#7759,.F.);
#4700=ORIENTED_EDGE('',*,*,#7755,.T.);
#4701=ORIENTED_EDGE('',*,*,#7760,.T.);
#4702=ORIENTED_EDGE('',*,*,#7761,.F.);
#4703=ORIENTED_EDGE('',*,*,#7762,.F.);
#4704=ORIENTED_EDGE('',*,*,#7758,.T.);
#4705=ORIENTED_EDGE('',*,*,#7763,.T.);
#4706=ORIENTED_EDGE('',*,*,#7764,.F.);
#4707=ORIENTED_EDGE('',*,*,#7765,.F.);
#4708=ORIENTED_EDGE('',*,*,#7761,.T.);
#4709=ORIENTED_EDGE('',*,*,#7766,.T.);
#4710=ORIENTED_EDGE('',*,*,#7767,.F.);
#4711=ORIENTED_EDGE('',*,*,#7768,.F.);
#4712=ORIENTED_EDGE('',*,*,#7764,.T.);
#4713=ORIENTED_EDGE('',*,*,#7769,.F.);
#4714=ORIENTED_EDGE('',*,*,#7770,.F.);
#4715=ORIENTED_EDGE('',*,*,#7771,.T.);
#4716=ORIENTED_EDGE('',*,*,#7767,.T.);
#4717=ORIENTED_EDGE('',*,*,#7772,.F.);
#4718=ORIENTED_EDGE('',*,*,#6188,.F.);
#4719=ORIENTED_EDGE('',*,*,#7773,.T.);
#4720=ORIENTED_EDGE('',*,*,#6205,.T.);
#4721=ORIENTED_EDGE('',*,*,#7774,.T.);
#4722=ORIENTED_EDGE('',*,*,#6210,.F.);
#4723=ORIENTED_EDGE('',*,*,#7775,.F.);
#4724=ORIENTED_EDGE('',*,*,#6227,.T.);
#4725=ORIENTED_EDGE('',*,*,#7776,.F.);
#4726=ORIENTED_EDGE('',*,*,#6232,.F.);
#4727=ORIENTED_EDGE('',*,*,#7777,.T.);
#4728=ORIENTED_EDGE('',*,*,#6249,.T.);
#4729=ORIENTED_EDGE('',*,*,#7778,.T.);
#4730=ORIENTED_EDGE('',*,*,#6254,.F.);
#4731=ORIENTED_EDGE('',*,*,#7779,.F.);
#4732=ORIENTED_EDGE('',*,*,#6271,.T.);
#4733=ORIENTED_EDGE('',*,*,#7780,.F.);
#4734=ORIENTED_EDGE('',*,*,#6276,.F.);
#4735=ORIENTED_EDGE('',*,*,#7781,.T.);
#4736=ORIENTED_EDGE('',*,*,#6293,.T.);
#4737=ORIENTED_EDGE('',*,*,#7782,.T.);
#4738=ORIENTED_EDGE('',*,*,#6298,.F.);
#4739=ORIENTED_EDGE('',*,*,#7783,.F.);
#4740=ORIENTED_EDGE('',*,*,#6315,.T.);
#4741=ORIENTED_EDGE('',*,*,#7784,.F.);
#4742=ORIENTED_EDGE('',*,*,#6320,.F.);
#4743=ORIENTED_EDGE('',*,*,#7785,.T.);
#4744=ORIENTED_EDGE('',*,*,#6337,.T.);
#4745=ORIENTED_EDGE('',*,*,#7786,.T.);
#4746=ORIENTED_EDGE('',*,*,#6342,.F.);
#4747=ORIENTED_EDGE('',*,*,#7787,.F.);
#4748=ORIENTED_EDGE('',*,*,#6359,.T.);
#4749=ORIENTED_EDGE('',*,*,#7788,.T.);
#4750=ORIENTED_EDGE('',*,*,#6364,.F.);
#4751=ORIENTED_EDGE('',*,*,#7789,.F.);
#4752=ORIENTED_EDGE('',*,*,#6381,.T.);
#4753=ORIENTED_EDGE('',*,*,#7790,.T.);
#4754=ORIENTED_EDGE('',*,*,#6386,.F.);
#4755=ORIENTED_EDGE('',*,*,#7791,.F.);
#4756=ORIENTED_EDGE('',*,*,#6403,.T.);
#4757=ORIENTED_EDGE('',*,*,#7792,.F.);
#4758=ORIENTED_EDGE('',*,*,#6408,.F.);
#4759=ORIENTED_EDGE('',*,*,#7793,.T.);
#4760=ORIENTED_EDGE('',*,*,#6425,.T.);
#4761=ORIENTED_EDGE('',*,*,#7794,.F.);
#4762=ORIENTED_EDGE('',*,*,#6430,.F.);
#4763=ORIENTED_EDGE('',*,*,#7795,.T.);
#4764=ORIENTED_EDGE('',*,*,#6447,.T.);
#4765=ORIENTED_EDGE('',*,*,#7796,.F.);
#4766=ORIENTED_EDGE('',*,*,#6452,.F.);
#4767=ORIENTED_EDGE('',*,*,#7797,.T.);
#4768=ORIENTED_EDGE('',*,*,#6469,.T.);
#4769=ORIENTED_EDGE('',*,*,#7798,.F.);
#4770=ORIENTED_EDGE('',*,*,#6474,.F.);
#4771=ORIENTED_EDGE('',*,*,#7799,.T.);
#4772=ORIENTED_EDGE('',*,*,#6491,.T.);
#4773=ORIENTED_EDGE('',*,*,#7800,.F.);
#4774=ORIENTED_EDGE('',*,*,#6496,.F.);
#4775=ORIENTED_EDGE('',*,*,#7801,.T.);
#4776=ORIENTED_EDGE('',*,*,#6513,.T.);
#4777=ORIENTED_EDGE('',*,*,#7802,.T.);
#4778=ORIENTED_EDGE('',*,*,#6518,.F.);
#4779=ORIENTED_EDGE('',*,*,#7803,.F.);
#4780=ORIENTED_EDGE('',*,*,#6535,.T.);
#4781=ORIENTED_EDGE('',*,*,#7804,.T.);
#4782=ORIENTED_EDGE('',*,*,#6540,.F.);
#4783=ORIENTED_EDGE('',*,*,#7805,.F.);
#4784=ORIENTED_EDGE('',*,*,#6557,.T.);
#4785=ORIENTED_EDGE('',*,*,#7806,.F.);
#4786=ORIENTED_EDGE('',*,*,#6562,.F.);
#4787=ORIENTED_EDGE('',*,*,#7807,.T.);
#4788=ORIENTED_EDGE('',*,*,#6579,.T.);
#4789=ORIENTED_EDGE('',*,*,#7808,.F.);
#4790=ORIENTED_EDGE('',*,*,#6584,.F.);
#4791=ORIENTED_EDGE('',*,*,#7809,.T.);
#4792=ORIENTED_EDGE('',*,*,#6601,.T.);
#4793=ORIENTED_EDGE('',*,*,#7810,.F.);
#4794=ORIENTED_EDGE('',*,*,#6606,.F.);
#4795=ORIENTED_EDGE('',*,*,#7811,.T.);
#4796=ORIENTED_EDGE('',*,*,#6623,.T.);
#4797=ORIENTED_EDGE('',*,*,#7812,.F.);
#4798=ORIENTED_EDGE('',*,*,#6628,.F.);
#4799=ORIENTED_EDGE('',*,*,#7813,.T.);
#4800=ORIENTED_EDGE('',*,*,#6645,.T.);
#4801=ORIENTED_EDGE('',*,*,#7814,.T.);
#4802=ORIENTED_EDGE('',*,*,#6650,.F.);
#4803=ORIENTED_EDGE('',*,*,#7815,.F.);
#4804=ORIENTED_EDGE('',*,*,#6667,.T.);
#4805=ORIENTED_EDGE('',*,*,#7816,.F.);
#4806=ORIENTED_EDGE('',*,*,#6672,.F.);
#4807=ORIENTED_EDGE('',*,*,#7817,.T.);
#4808=ORIENTED_EDGE('',*,*,#6689,.T.);
#4809=ORIENTED_EDGE('',*,*,#7818,.F.);
#4810=ORIENTED_EDGE('',*,*,#6694,.F.);
#4811=ORIENTED_EDGE('',*,*,#7819,.T.);
#4812=ORIENTED_EDGE('',*,*,#6711,.T.);
#4813=ORIENTED_EDGE('',*,*,#7820,.F.);
#4814=ORIENTED_EDGE('',*,*,#6716,.F.);
#4815=ORIENTED_EDGE('',*,*,#7821,.T.);
#4816=ORIENTED_EDGE('',*,*,#6733,.T.);
#4817=ORIENTED_EDGE('',*,*,#7822,.F.);
#4818=ORIENTED_EDGE('',*,*,#6738,.F.);
#4819=ORIENTED_EDGE('',*,*,#7823,.T.);
#4820=ORIENTED_EDGE('',*,*,#6755,.T.);
#4821=ORIENTED_EDGE('',*,*,#7824,.F.);
#4822=ORIENTED_EDGE('',*,*,#6760,.F.);
#4823=ORIENTED_EDGE('',*,*,#7825,.T.);
#4824=ORIENTED_EDGE('',*,*,#6777,.T.);
#4825=ORIENTED_EDGE('',*,*,#7826,.F.);
#4826=ORIENTED_EDGE('',*,*,#6782,.F.);
#4827=ORIENTED_EDGE('',*,*,#7827,.T.);
#4828=ORIENTED_EDGE('',*,*,#6799,.T.);
#4829=ORIENTED_EDGE('',*,*,#7828,.T.);
#4830=ORIENTED_EDGE('',*,*,#6804,.F.);
#4831=ORIENTED_EDGE('',*,*,#7829,.F.);
#4832=ORIENTED_EDGE('',*,*,#6821,.T.);
#4833=ORIENTED_EDGE('',*,*,#7830,.F.);
#4834=ORIENTED_EDGE('',*,*,#6826,.F.);
#4835=ORIENTED_EDGE('',*,*,#7831,.T.);
#4836=ORIENTED_EDGE('',*,*,#6843,.T.);
#4837=ORIENTED_EDGE('',*,*,#7832,.F.);
#4838=ORIENTED_EDGE('',*,*,#6848,.F.);
#4839=ORIENTED_EDGE('',*,*,#7833,.T.);
#4840=ORIENTED_EDGE('',*,*,#6865,.T.);
#4841=ORIENTED_EDGE('',*,*,#7834,.F.);
#4842=ORIENTED_EDGE('',*,*,#6870,.F.);
#4843=ORIENTED_EDGE('',*,*,#7835,.T.);
#4844=ORIENTED_EDGE('',*,*,#6887,.T.);
#4845=ORIENTED_EDGE('',*,*,#7836,.T.);
#4846=ORIENTED_EDGE('',*,*,#6892,.F.);
#4847=ORIENTED_EDGE('',*,*,#7837,.F.);
#4848=ORIENTED_EDGE('',*,*,#6909,.T.);
#4849=ORIENTED_EDGE('',*,*,#7838,.F.);
#4850=ORIENTED_EDGE('',*,*,#6914,.F.);
#4851=ORIENTED_EDGE('',*,*,#7839,.T.);
#4852=ORIENTED_EDGE('',*,*,#6931,.T.);
#4853=ORIENTED_EDGE('',*,*,#7840,.F.);
#4854=ORIENTED_EDGE('',*,*,#6936,.F.);
#4855=ORIENTED_EDGE('',*,*,#7841,.T.);
#4856=ORIENTED_EDGE('',*,*,#6953,.T.);
#4857=ORIENTED_EDGE('',*,*,#7842,.T.);
#4858=ORIENTED_EDGE('',*,*,#6958,.F.);
#4859=ORIENTED_EDGE('',*,*,#7843,.F.);
#4860=ORIENTED_EDGE('',*,*,#6975,.T.);
#4861=ORIENTED_EDGE('',*,*,#7844,.F.);
#4862=ORIENTED_EDGE('',*,*,#6980,.F.);
#4863=ORIENTED_EDGE('',*,*,#7845,.T.);
#4864=ORIENTED_EDGE('',*,*,#6997,.T.);
#4865=ORIENTED_EDGE('',*,*,#7846,.F.);
#4866=ORIENTED_EDGE('',*,*,#7002,.F.);
#4867=ORIENTED_EDGE('',*,*,#7847,.T.);
#4868=ORIENTED_EDGE('',*,*,#7019,.T.);
#4869=ORIENTED_EDGE('',*,*,#7848,.T.);
#4870=ORIENTED_EDGE('',*,*,#7024,.F.);
#4871=ORIENTED_EDGE('',*,*,#7849,.F.);
#4872=ORIENTED_EDGE('',*,*,#7041,.T.);
#4873=ORIENTED_EDGE('',*,*,#7850,.F.);
#4874=ORIENTED_EDGE('',*,*,#7046,.F.);
#4875=ORIENTED_EDGE('',*,*,#7851,.T.);
#4876=ORIENTED_EDGE('',*,*,#7081,.T.);
#4877=ORIENTED_EDGE('',*,*,#7852,.F.);
#4878=ORIENTED_EDGE('',*,*,#7086,.F.);
#4879=ORIENTED_EDGE('',*,*,#7853,.T.);
#4880=ORIENTED_EDGE('',*,*,#7103,.T.);
#4881=ORIENTED_EDGE('',*,*,#7854,.F.);
#4882=ORIENTED_EDGE('',*,*,#7108,.F.);
#4883=ORIENTED_EDGE('',*,*,#7855,.T.);
#4884=ORIENTED_EDGE('',*,*,#7125,.T.);
#4885=ORIENTED_EDGE('',*,*,#7856,.F.);
#4886=ORIENTED_EDGE('',*,*,#7130,.F.);
#4887=ORIENTED_EDGE('',*,*,#7857,.T.);
#4888=ORIENTED_EDGE('',*,*,#7147,.T.);
#4889=ORIENTED_EDGE('',*,*,#7858,.F.);
#4890=ORIENTED_EDGE('',*,*,#7152,.F.);
#4891=ORIENTED_EDGE('',*,*,#7859,.T.);
#4892=ORIENTED_EDGE('',*,*,#7169,.T.);
#4893=ORIENTED_EDGE('',*,*,#7860,.T.);
#4894=ORIENTED_EDGE('',*,*,#7174,.F.);
#4895=ORIENTED_EDGE('',*,*,#7861,.F.);
#4896=ORIENTED_EDGE('',*,*,#7191,.T.);
#4897=ORIENTED_EDGE('',*,*,#7862,.F.);
#4898=ORIENTED_EDGE('',*,*,#7196,.F.);
#4899=ORIENTED_EDGE('',*,*,#7863,.T.);
#4900=ORIENTED_EDGE('',*,*,#7213,.T.);
#4901=ORIENTED_EDGE('',*,*,#7864,.F.);
#4902=ORIENTED_EDGE('',*,*,#7218,.F.);
#4903=ORIENTED_EDGE('',*,*,#7865,.T.);
#4904=ORIENTED_EDGE('',*,*,#7235,.T.);
#4905=ORIENTED_EDGE('',*,*,#7866,.F.);
#4906=ORIENTED_EDGE('',*,*,#7240,.F.);
#4907=ORIENTED_EDGE('',*,*,#7867,.T.);
#4908=ORIENTED_EDGE('',*,*,#7257,.T.);
#4909=ORIENTED_EDGE('',*,*,#7868,.T.);
#4910=ORIENTED_EDGE('',*,*,#7262,.F.);
#4911=ORIENTED_EDGE('',*,*,#7869,.F.);
#4912=ORIENTED_EDGE('',*,*,#7279,.T.);
#4913=ORIENTED_EDGE('',*,*,#7870,.T.);
#4914=ORIENTED_EDGE('',*,*,#7284,.F.);
#4915=ORIENTED_EDGE('',*,*,#7871,.F.);
#4916=ORIENTED_EDGE('',*,*,#7301,.T.);
#4917=ORIENTED_EDGE('',*,*,#7872,.T.);
#4918=ORIENTED_EDGE('',*,*,#7306,.F.);
#4919=ORIENTED_EDGE('',*,*,#7873,.F.);
#4920=ORIENTED_EDGE('',*,*,#7323,.T.);
#4921=ORIENTED_EDGE('',*,*,#7874,.F.);
#4922=ORIENTED_EDGE('',*,*,#7328,.F.);
#4923=ORIENTED_EDGE('',*,*,#7875,.T.);
#4924=ORIENTED_EDGE('',*,*,#7345,.T.);
#4925=ORIENTED_EDGE('',*,*,#7876,.F.);
#4926=ORIENTED_EDGE('',*,*,#7350,.F.);
#4927=ORIENTED_EDGE('',*,*,#7877,.T.);
#4928=ORIENTED_EDGE('',*,*,#7367,.T.);
#4929=ORIENTED_EDGE('',*,*,#7878,.F.);
#4930=ORIENTED_EDGE('',*,*,#7372,.F.);
#4931=ORIENTED_EDGE('',*,*,#7879,.T.);
#4932=ORIENTED_EDGE('',*,*,#7389,.T.);
#4933=ORIENTED_EDGE('',*,*,#7880,.T.);
#4934=ORIENTED_EDGE('',*,*,#7394,.F.);
#4935=ORIENTED_EDGE('',*,*,#7881,.F.);
#4936=ORIENTED_EDGE('',*,*,#7411,.T.);
#4937=ORIENTED_EDGE('',*,*,#7882,.F.);
#4938=ORIENTED_EDGE('',*,*,#7416,.F.);
#4939=ORIENTED_EDGE('',*,*,#7883,.T.);
#4940=ORIENTED_EDGE('',*,*,#7433,.T.);
#4941=ORIENTED_EDGE('',*,*,#7884,.F.);
#4942=ORIENTED_EDGE('',*,*,#7438,.F.);
#4943=ORIENTED_EDGE('',*,*,#7885,.T.);
#4944=ORIENTED_EDGE('',*,*,#7455,.T.);
#4945=ORIENTED_EDGE('',*,*,#7886,.F.);
#4946=ORIENTED_EDGE('',*,*,#7460,.F.);
#4947=ORIENTED_EDGE('',*,*,#7887,.T.);
#4948=ORIENTED_EDGE('',*,*,#7477,.T.);
#4949=ORIENTED_EDGE('',*,*,#7888,.T.);
#4950=ORIENTED_EDGE('',*,*,#7482,.F.);
#4951=ORIENTED_EDGE('',*,*,#7889,.F.);
#4952=ORIENTED_EDGE('',*,*,#7499,.T.);
#4953=ORIENTED_EDGE('',*,*,#7890,.F.);
#4954=ORIENTED_EDGE('',*,*,#7504,.F.);
#4955=ORIENTED_EDGE('',*,*,#7891,.T.);
#4956=ORIENTED_EDGE('',*,*,#7521,.T.);
#4957=ORIENTED_EDGE('',*,*,#7892,.T.);
#4958=ORIENTED_EDGE('',*,*,#7526,.F.);
#4959=ORIENTED_EDGE('',*,*,#7893,.F.);
#4960=ORIENTED_EDGE('',*,*,#7543,.T.);
#4961=ORIENTED_EDGE('',*,*,#7894,.T.);
#4962=ORIENTED_EDGE('',*,*,#7548,.F.);
#4963=ORIENTED_EDGE('',*,*,#7895,.F.);
#4964=ORIENTED_EDGE('',*,*,#7565,.T.);
#4965=ORIENTED_EDGE('',*,*,#7896,.T.);
#4966=ORIENTED_EDGE('',*,*,#7570,.F.);
#4967=ORIENTED_EDGE('',*,*,#7897,.F.);
#4968=ORIENTED_EDGE('',*,*,#7587,.T.);
#4969=ORIENTED_EDGE('',*,*,#7898,.T.);
#4970=ORIENTED_EDGE('',*,*,#7592,.F.);
#4971=ORIENTED_EDGE('',*,*,#7899,.F.);
#4972=ORIENTED_EDGE('',*,*,#7609,.T.);
#4973=ORIENTED_EDGE('',*,*,#7900,.F.);
#4974=ORIENTED_EDGE('',*,*,#7614,.F.);
#4975=ORIENTED_EDGE('',*,*,#7901,.T.);
#4976=ORIENTED_EDGE('',*,*,#7631,.T.);
#4977=ORIENTED_EDGE('',*,*,#7902,.T.);
#4978=ORIENTED_EDGE('',*,*,#7636,.F.);
#4979=ORIENTED_EDGE('',*,*,#7903,.F.);
#4980=ORIENTED_EDGE('',*,*,#7653,.T.);
#4981=ORIENTED_EDGE('',*,*,#7904,.T.);
#4982=ORIENTED_EDGE('',*,*,#7658,.F.);
#4983=ORIENTED_EDGE('',*,*,#7905,.F.);
#4984=ORIENTED_EDGE('',*,*,#7675,.T.);
#4985=ORIENTED_EDGE('',*,*,#7906,.F.);
#4986=ORIENTED_EDGE('',*,*,#7680,.F.);
#4987=ORIENTED_EDGE('',*,*,#7907,.T.);
#4988=ORIENTED_EDGE('',*,*,#7697,.T.);
#4989=ORIENTED_EDGE('',*,*,#7908,.T.);
#4990=ORIENTED_EDGE('',*,*,#7702,.F.);
#4991=ORIENTED_EDGE('',*,*,#7909,.F.);
#4992=ORIENTED_EDGE('',*,*,#7770,.T.);
#4993=ORIENTED_EDGE('',*,*,#7910,.T.);
#4994=ORIENTED_EDGE('',*,*,#6166,.F.);
#4995=ORIENTED_EDGE('',*,*,#7911,.F.);
#4996=ORIENTED_EDGE('',*,*,#6183,.T.);
#4997=ORIENTED_EDGE('',*,*,#7701,.T.);
#4998=ORIENTED_EDGE('',*,*,#7705,.T.);
#4999=ORIENTED_EDGE('',*,*,#7708,.F.);
#5000=ORIENTED_EDGE('',*,*,#7711,.T.);
#5001=ORIENTED_EDGE('',*,*,#7714,.F.);
#5002=ORIENTED_EDGE('',*,*,#7717,.F.);
#5003=ORIENTED_EDGE('',*,*,#7720,.T.);
#5004=ORIENTED_EDGE('',*,*,#7723,.F.);
#5005=ORIENTED_EDGE('',*,*,#7726,.T.);
#5006=ORIENTED_EDGE('',*,*,#7729,.T.);
#5007=ORIENTED_EDGE('',*,*,#7732,.T.);
#5008=ORIENTED_EDGE('',*,*,#7735,.T.);
#5009=ORIENTED_EDGE('',*,*,#7738,.F.);
#5010=ORIENTED_EDGE('',*,*,#7741,.F.);
#5011=ORIENTED_EDGE('',*,*,#7744,.T.);
#5012=ORIENTED_EDGE('',*,*,#7747,.T.);
#5013=ORIENTED_EDGE('',*,*,#7750,.T.);
#5014=ORIENTED_EDGE('',*,*,#7753,.T.);
#5015=ORIENTED_EDGE('',*,*,#7756,.T.);
#5016=ORIENTED_EDGE('',*,*,#7759,.T.);
#5017=ORIENTED_EDGE('',*,*,#7762,.T.);
#5018=ORIENTED_EDGE('',*,*,#7765,.T.);
#5019=ORIENTED_EDGE('',*,*,#7768,.T.);
#5020=ORIENTED_EDGE('',*,*,#7771,.F.);
#5021=ORIENTED_EDGE('',*,*,#7909,.T.);
#5022=ORIENTED_EDGE('',*,*,#7679,.F.);
#5023=ORIENTED_EDGE('',*,*,#7683,.F.);
#5024=ORIENTED_EDGE('',*,*,#7686,.F.);
#5025=ORIENTED_EDGE('',*,*,#7689,.F.);
#5026=ORIENTED_EDGE('',*,*,#7692,.T.);
#5027=ORIENTED_EDGE('',*,*,#7695,.F.);
#5028=ORIENTED_EDGE('',*,*,#7698,.T.);
#5029=ORIENTED_EDGE('',*,*,#7907,.F.);
#5030=ORIENTED_EDGE('',*,*,#7657,.F.);
#5031=ORIENTED_EDGE('',*,*,#7661,.T.);
#5032=ORIENTED_EDGE('',*,*,#7664,.F.);
#5033=ORIENTED_EDGE('',*,*,#7667,.F.);
#5034=ORIENTED_EDGE('',*,*,#7670,.F.);
#5035=ORIENTED_EDGE('',*,*,#7673,.F.);
#5036=ORIENTED_EDGE('',*,*,#7676,.F.);
#5037=ORIENTED_EDGE('',*,*,#7905,.T.);
#5038=ORIENTED_EDGE('',*,*,#7635,.F.);
#5039=ORIENTED_EDGE('',*,*,#7639,.T.);
#5040=ORIENTED_EDGE('',*,*,#7642,.F.);
#5041=ORIENTED_EDGE('',*,*,#7645,.F.);
#5042=ORIENTED_EDGE('',*,*,#7648,.F.);
#5043=ORIENTED_EDGE('',*,*,#7651,.F.);
#5044=ORIENTED_EDGE('',*,*,#7654,.F.);
#5045=ORIENTED_EDGE('',*,*,#7903,.T.);
#5046=ORIENTED_EDGE('',*,*,#7613,.F.);
#5047=ORIENTED_EDGE('',*,*,#7617,.F.);
#5048=ORIENTED_EDGE('',*,*,#7620,.F.);
#5049=ORIENTED_EDGE('',*,*,#7623,.T.);
#5050=ORIENTED_EDGE('',*,*,#7626,.F.);
#5051=ORIENTED_EDGE('',*,*,#7629,.T.);
#5052=ORIENTED_EDGE('',*,*,#7632,.F.);
#5053=ORIENTED_EDGE('',*,*,#7901,.F.);
#5054=ORIENTED_EDGE('',*,*,#7591,.F.);
#5055=ORIENTED_EDGE('',*,*,#7595,.T.);
#5056=ORIENTED_EDGE('',*,*,#7598,.F.);
#5057=ORIENTED_EDGE('',*,*,#7601,.F.);
#5058=ORIENTED_EDGE('',*,*,#7604,.F.);
#5059=ORIENTED_EDGE('',*,*,#7607,.F.);
#5060=ORIENTED_EDGE('',*,*,#7610,.F.);
#5061=ORIENTED_EDGE('',*,*,#7899,.T.);
#5062=ORIENTED_EDGE('',*,*,#7569,.F.);
#5063=ORIENTED_EDGE('',*,*,#7573,.T.);
#5064=ORIENTED_EDGE('',*,*,#7576,.F.);
#5065=ORIENTED_EDGE('',*,*,#7579,.F.);
#5066=ORIENTED_EDGE('',*,*,#7582,.F.);
#5067=ORIENTED_EDGE('',*,*,#7585,.F.);
#5068=ORIENTED_EDGE('',*,*,#7588,.F.);
#5069=ORIENTED_EDGE('',*,*,#7897,.T.);
#5070=ORIENTED_EDGE('',*,*,#7547,.F.);
#5071=ORIENTED_EDGE('',*,*,#7551,.T.);
#5072=ORIENTED_EDGE('',*,*,#7554,.F.);
#5073=ORIENTED_EDGE('',*,*,#7557,.F.);
#5074=ORIENTED_EDGE('',*,*,#7560,.F.);
#5075=ORIENTED_EDGE('',*,*,#7563,.F.);
#5076=ORIENTED_EDGE('',*,*,#7566,.F.);
#5077=ORIENTED_EDGE('',*,*,#7895,.T.);
#5078=ORIENTED_EDGE('',*,*,#7525,.F.);
#5079=ORIENTED_EDGE('',*,*,#7529,.F.);
#5080=ORIENTED_EDGE('',*,*,#7532,.F.);
#5081=ORIENTED_EDGE('',*,*,#7535,.F.);
#5082=ORIENTED_EDGE('',*,*,#7538,.F.);
#5083=ORIENTED_EDGE('',*,*,#7541,.T.);
#5084=ORIENTED_EDGE('',*,*,#7544,.F.);
#5085=ORIENTED_EDGE('',*,*,#7893,.T.);
#5086=ORIENTED_EDGE('',*,*,#7503,.F.);
#5087=ORIENTED_EDGE('',*,*,#7507,.F.);
#5088=ORIENTED_EDGE('',*,*,#7510,.F.);
#5089=ORIENTED_EDGE('',*,*,#7513,.F.);
#5090=ORIENTED_EDGE('',*,*,#7516,.T.);
#5091=ORIENTED_EDGE('',*,*,#7519,.F.);
#5092=ORIENTED_EDGE('',*,*,#7522,.T.);
#5093=ORIENTED_EDGE('',*,*,#7891,.F.);
#5094=ORIENTED_EDGE('',*,*,#7481,.F.);
#5095=ORIENTED_EDGE('',*,*,#7485,.F.);
#5096=ORIENTED_EDGE('',*,*,#7488,.F.);
#5097=ORIENTED_EDGE('',*,*,#7491,.F.);
#5098=ORIENTED_EDGE('',*,*,#7494,.F.);
#5099=ORIENTED_EDGE('',*,*,#7497,.T.);
#5100=ORIENTED_EDGE('',*,*,#7500,.F.);
#5101=ORIENTED_EDGE('',*,*,#7889,.T.);
#5102=ORIENTED_EDGE('',*,*,#7459,.F.);
#5103=ORIENTED_EDGE('',*,*,#7463,.F.);
#5104=ORIENTED_EDGE('',*,*,#7466,.F.);
#5105=ORIENTED_EDGE('',*,*,#7469,.F.);
#5106=ORIENTED_EDGE('',*,*,#7472,.T.);
#5107=ORIENTED_EDGE('',*,*,#7475,.F.);
#5108=ORIENTED_EDGE('',*,*,#7478,.T.);
#5109=ORIENTED_EDGE('',*,*,#7887,.F.);
#5110=ORIENTED_EDGE('',*,*,#7437,.F.);
#5111=ORIENTED_EDGE('',*,*,#7441,.T.);
#5112=ORIENTED_EDGE('',*,*,#7444,.F.);
#5113=ORIENTED_EDGE('',*,*,#7447,.T.);
#5114=ORIENTED_EDGE('',*,*,#7450,.F.);
#5115=ORIENTED_EDGE('',*,*,#7453,.F.);
#5116=ORIENTED_EDGE('',*,*,#7456,.F.);
#5117=ORIENTED_EDGE('',*,*,#7885,.F.);
#5118=ORIENTED_EDGE('',*,*,#7415,.F.);
#5119=ORIENTED_EDGE('',*,*,#7419,.T.);
#5120=ORIENTED_EDGE('',*,*,#7422,.F.);
#5121=ORIENTED_EDGE('',*,*,#7425,.T.);
#5122=ORIENTED_EDGE('',*,*,#7428,.F.);
#5123=ORIENTED_EDGE('',*,*,#7431,.F.);
#5124=ORIENTED_EDGE('',*,*,#7434,.F.);
#5125=ORIENTED_EDGE('',*,*,#7883,.F.);
#5126=ORIENTED_EDGE('',*,*,#7393,.F.);
#5127=ORIENTED_EDGE('',*,*,#7397,.T.);
#5128=ORIENTED_EDGE('',*,*,#7400,.F.);
#5129=ORIENTED_EDGE('',*,*,#7403,.F.);
#5130=ORIENTED_EDGE('',*,*,#7406,.F.);
#5131=ORIENTED_EDGE('',*,*,#7409,.F.);
#5132=ORIENTED_EDGE('',*,*,#7412,.F.);
#5133=ORIENTED_EDGE('',*,*,#7881,.T.);
#5134=ORIENTED_EDGE('',*,*,#7371,.F.);
#5135=ORIENTED_EDGE('',*,*,#7375,.F.);
#5136=ORIENTED_EDGE('',*,*,#7378,.F.);
#5137=ORIENTED_EDGE('',*,*,#7381,.T.);
#5138=ORIENTED_EDGE('',*,*,#7384,.F.);
#5139=ORIENTED_EDGE('',*,*,#7387,.T.);
#5140=ORIENTED_EDGE('',*,*,#7390,.F.);
#5141=ORIENTED_EDGE('',*,*,#7879,.F.);
#5142=ORIENTED_EDGE('',*,*,#7349,.F.);
#5143=ORIENTED_EDGE('',*,*,#7353,.F.);
#5144=ORIENTED_EDGE('',*,*,#7356,.T.);
#5145=ORIENTED_EDGE('',*,*,#7359,.F.);
#5146=ORIENTED_EDGE('',*,*,#7362,.T.);
#5147=ORIENTED_EDGE('',*,*,#7365,.F.);
#5148=ORIENTED_EDGE('',*,*,#7368,.F.);
#5149=ORIENTED_EDGE('',*,*,#7877,.F.);
#5150=ORIENTED_EDGE('',*,*,#7327,.F.);
#5151=ORIENTED_EDGE('',*,*,#7331,.F.);
#5152=ORIENTED_EDGE('',*,*,#7334,.T.);
#5153=ORIENTED_EDGE('',*,*,#7337,.F.);
#5154=ORIENTED_EDGE('',*,*,#7340,.T.);
#5155=ORIENTED_EDGE('',*,*,#7343,.F.);
#5156=ORIENTED_EDGE('',*,*,#7346,.F.);
#5157=ORIENTED_EDGE('',*,*,#7875,.F.);
#5158=ORIENTED_EDGE('',*,*,#7305,.F.);
#5159=ORIENTED_EDGE('',*,*,#7309,.F.);
#5160=ORIENTED_EDGE('',*,*,#7312,.F.);
#5161=ORIENTED_EDGE('',*,*,#7315,.F.);
#5162=ORIENTED_EDGE('',*,*,#7318,.F.);
#5163=ORIENTED_EDGE('',*,*,#7321,.T.);
#5164=ORIENTED_EDGE('',*,*,#7324,.F.);
#5165=ORIENTED_EDGE('',*,*,#7873,.T.);
#5166=ORIENTED_EDGE('',*,*,#7283,.F.);
#5167=ORIENTED_EDGE('',*,*,#7287,.T.);
#5168=ORIENTED_EDGE('',*,*,#7290,.F.);
#5169=ORIENTED_EDGE('',*,*,#7293,.F.);
#5170=ORIENTED_EDGE('',*,*,#7296,.F.);
#5171=ORIENTED_EDGE('',*,*,#7299,.F.);
#5172=ORIENTED_EDGE('',*,*,#7302,.F.);
#5173=ORIENTED_EDGE('',*,*,#7871,.T.);
#5174=ORIENTED_EDGE('',*,*,#7261,.F.);
#5175=ORIENTED_EDGE('',*,*,#7265,.F.);
#5176=ORIENTED_EDGE('',*,*,#7268,.F.);
#5177=ORIENTED_EDGE('',*,*,#7271,.F.);
#5178=ORIENTED_EDGE('',*,*,#7274,.F.);
#5179=ORIENTED_EDGE('',*,*,#7277,.T.);
#5180=ORIENTED_EDGE('',*,*,#7280,.F.);
#5181=ORIENTED_EDGE('',*,*,#7869,.T.);
#5182=ORIENTED_EDGE('',*,*,#7239,.F.);
#5183=ORIENTED_EDGE('',*,*,#7243,.T.);
#5184=ORIENTED_EDGE('',*,*,#7246,.F.);
#5185=ORIENTED_EDGE('',*,*,#7249,.T.);
#5186=ORIENTED_EDGE('',*,*,#7252,.F.);
#5187=ORIENTED_EDGE('',*,*,#7255,.F.);
#5188=ORIENTED_EDGE('',*,*,#7258,.F.);
#5189=ORIENTED_EDGE('',*,*,#7867,.F.);
#5190=ORIENTED_EDGE('',*,*,#7217,.F.);
#5191=ORIENTED_EDGE('',*,*,#7221,.T.);
#5192=ORIENTED_EDGE('',*,*,#7224,.F.);
#5193=ORIENTED_EDGE('',*,*,#7227,.T.);
#5194=ORIENTED_EDGE('',*,*,#7230,.F.);
#5195=ORIENTED_EDGE('',*,*,#7233,.F.);
#5196=ORIENTED_EDGE('',*,*,#7236,.F.);
#5197=ORIENTED_EDGE('',*,*,#7865,.F.);
#5198=ORIENTED_EDGE('',*,*,#7195,.F.);
#5199=ORIENTED_EDGE('',*,*,#7199,.T.);
#5200=ORIENTED_EDGE('',*,*,#7202,.F.);
#5201=ORIENTED_EDGE('',*,*,#7205,.T.);
#5202=ORIENTED_EDGE('',*,*,#7208,.F.);
#5203=ORIENTED_EDGE('',*,*,#7211,.F.);
#5204=ORIENTED_EDGE('',*,*,#7214,.F.);
#5205=ORIENTED_EDGE('',*,*,#7863,.F.);
#5206=ORIENTED_EDGE('',*,*,#7173,.F.);
#5207=ORIENTED_EDGE('',*,*,#7177,.T.);
#5208=ORIENTED_EDGE('',*,*,#7180,.F.);
#5209=ORIENTED_EDGE('',*,*,#7183,.F.);
#5210=ORIENTED_EDGE('',*,*,#7186,.F.);
#5211=ORIENTED_EDGE('',*,*,#7189,.F.);
#5212=ORIENTED_EDGE('',*,*,#7192,.F.);
#5213=ORIENTED_EDGE('',*,*,#7861,.T.);
#5214=ORIENTED_EDGE('',*,*,#7151,.F.);
#5215=ORIENTED_EDGE('',*,*,#7155,.F.);
#5216=ORIENTED_EDGE('',*,*,#7158,.F.);
#5217=ORIENTED_EDGE('',*,*,#7161,.F.);
#5218=ORIENTED_EDGE('',*,*,#7164,.T.);
#5219=ORIENTED_EDGE('',*,*,#7167,.F.);
#5220=ORIENTED_EDGE('',*,*,#7170,.T.);
#5221=ORIENTED_EDGE('',*,*,#7859,.F.);
#5222=ORIENTED_EDGE('',*,*,#7129,.F.);
#5223=ORIENTED_EDGE('',*,*,#7133,.F.);
#5224=ORIENTED_EDGE('',*,*,#7136,.F.);
#5225=ORIENTED_EDGE('',*,*,#7139,.T.);
#5226=ORIENTED_EDGE('',*,*,#7142,.F.);
#5227=ORIENTED_EDGE('',*,*,#7145,.T.);
#5228=ORIENTED_EDGE('',*,*,#7148,.F.);
#5229=ORIENTED_EDGE('',*,*,#7857,.F.);
#5230=ORIENTED_EDGE('',*,*,#7107,.F.);
#5231=ORIENTED_EDGE('',*,*,#7111,.F.);
#5232=ORIENTED_EDGE('',*,*,#7114,.F.);
#5233=ORIENTED_EDGE('',*,*,#7117,.T.);
#5234=ORIENTED_EDGE('',*,*,#7120,.F.);
#5235=ORIENTED_EDGE('',*,*,#7123,.T.);
#5236=ORIENTED_EDGE('',*,*,#7126,.F.);
#5237=ORIENTED_EDGE('',*,*,#7855,.F.);
#5238=ORIENTED_EDGE('',*,*,#7085,.F.);
#5239=ORIENTED_EDGE('',*,*,#7089,.F.);
#5240=ORIENTED_EDGE('',*,*,#7092,.F.);
#5241=ORIENTED_EDGE('',*,*,#7095,.T.);
#5242=ORIENTED_EDGE('',*,*,#7098,.F.);
#5243=ORIENTED_EDGE('',*,*,#7101,.T.);
#5244=ORIENTED_EDGE('',*,*,#7104,.F.);
#5245=ORIENTED_EDGE('',*,*,#7853,.F.);
#5246=ORIENTED_EDGE('',*,*,#7045,.F.);
#5247=ORIENTED_EDGE('',*,*,#7049,.F.);
#5248=ORIENTED_EDGE('',*,*,#7052,.F.);
#5249=ORIENTED_EDGE('',*,*,#7055,.T.);
#5250=ORIENTED_EDGE('',*,*,#7058,.F.);
#5251=ORIENTED_EDGE('',*,*,#7061,.F.);
#5252=ORIENTED_EDGE('',*,*,#7064,.T.);
#5253=ORIENTED_EDGE('',*,*,#7067,.F.);
#5254=ORIENTED_EDGE('',*,*,#7070,.T.);
#5255=ORIENTED_EDGE('',*,*,#7073,.F.);
#5256=ORIENTED_EDGE('',*,*,#7076,.F.);
#5257=ORIENTED_EDGE('',*,*,#7079,.F.);
#5258=ORIENTED_EDGE('',*,*,#7082,.F.);
#5259=ORIENTED_EDGE('',*,*,#7851,.F.);
#5260=ORIENTED_EDGE('',*,*,#7023,.F.);
#5261=ORIENTED_EDGE('',*,*,#7027,.T.);
#5262=ORIENTED_EDGE('',*,*,#7030,.F.);
#5263=ORIENTED_EDGE('',*,*,#7033,.F.);
#5264=ORIENTED_EDGE('',*,*,#7036,.F.);
#5265=ORIENTED_EDGE('',*,*,#7039,.F.);
#5266=ORIENTED_EDGE('',*,*,#7042,.F.);
#5267=ORIENTED_EDGE('',*,*,#7849,.T.);
#5268=ORIENTED_EDGE('',*,*,#7001,.F.);
#5269=ORIENTED_EDGE('',*,*,#7005,.F.);
#5270=ORIENTED_EDGE('',*,*,#7008,.T.);
#5271=ORIENTED_EDGE('',*,*,#7011,.F.);
#5272=ORIENTED_EDGE('',*,*,#7014,.T.);
#5273=ORIENTED_EDGE('',*,*,#7017,.F.);
#5274=ORIENTED_EDGE('',*,*,#7020,.F.);
#5275=ORIENTED_EDGE('',*,*,#7847,.F.);
#5276=ORIENTED_EDGE('',*,*,#6979,.F.);
#5277=ORIENTED_EDGE('',*,*,#6983,.F.);
#5278=ORIENTED_EDGE('',*,*,#6986,.F.);
#5279=ORIENTED_EDGE('',*,*,#6989,.F.);
#5280=ORIENTED_EDGE('',*,*,#6992,.T.);
#5281=ORIENTED_EDGE('',*,*,#6995,.F.);
#5282=ORIENTED_EDGE('',*,*,#6998,.T.);
#5283=ORIENTED_EDGE('',*,*,#7845,.F.);
#5284=ORIENTED_EDGE('',*,*,#6957,.F.);
#5285=ORIENTED_EDGE('',*,*,#6961,.T.);
#5286=ORIENTED_EDGE('',*,*,#6964,.F.);
#5287=ORIENTED_EDGE('',*,*,#6967,.F.);
#5288=ORIENTED_EDGE('',*,*,#6970,.F.);
#5289=ORIENTED_EDGE('',*,*,#6973,.F.);
#5290=ORIENTED_EDGE('',*,*,#6976,.F.);
#5291=ORIENTED_EDGE('',*,*,#7843,.T.);
#5292=ORIENTED_EDGE('',*,*,#6935,.F.);
#5293=ORIENTED_EDGE('',*,*,#6939,.F.);
#5294=ORIENTED_EDGE('',*,*,#6942,.T.);
#5295=ORIENTED_EDGE('',*,*,#6945,.F.);
#5296=ORIENTED_EDGE('',*,*,#6948,.T.);
#5297=ORIENTED_EDGE('',*,*,#6951,.F.);
#5298=ORIENTED_EDGE('',*,*,#6954,.F.);
#5299=ORIENTED_EDGE('',*,*,#7841,.F.);
#5300=ORIENTED_EDGE('',*,*,#6913,.F.);
#5301=ORIENTED_EDGE('',*,*,#6917,.F.);
#5302=ORIENTED_EDGE('',*,*,#6920,.F.);
#5303=ORIENTED_EDGE('',*,*,#6923,.T.);
#5304=ORIENTED_EDGE('',*,*,#6926,.F.);
#5305=ORIENTED_EDGE('',*,*,#6929,.T.);
#5306=ORIENTED_EDGE('',*,*,#6932,.F.);
#5307=ORIENTED_EDGE('',*,*,#7839,.F.);
#5308=ORIENTED_EDGE('',*,*,#6891,.F.);
#5309=ORIENTED_EDGE('',*,*,#6895,.T.);
#5310=ORIENTED_EDGE('',*,*,#6898,.F.);
#5311=ORIENTED_EDGE('',*,*,#6901,.F.);
#5312=ORIENTED_EDGE('',*,*,#6904,.F.);
#5313=ORIENTED_EDGE('',*,*,#6907,.F.);
#5314=ORIENTED_EDGE('',*,*,#6910,.F.);
#5315=ORIENTED_EDGE('',*,*,#7837,.T.);
#5316=ORIENTED_EDGE('',*,*,#6869,.F.);
#5317=ORIENTED_EDGE('',*,*,#6873,.T.);
#5318=ORIENTED_EDGE('',*,*,#6876,.F.);
#5319=ORIENTED_EDGE('',*,*,#6879,.T.);
#5320=ORIENTED_EDGE('',*,*,#6882,.F.);
#5321=ORIENTED_EDGE('',*,*,#6885,.F.);
#5322=ORIENTED_EDGE('',*,*,#6888,.F.);
#5323=ORIENTED_EDGE('',*,*,#7835,.F.);
#5324=ORIENTED_EDGE('',*,*,#6847,.F.);
#5325=ORIENTED_EDGE('',*,*,#6851,.T.);
#5326=ORIENTED_EDGE('',*,*,#6854,.F.);
#5327=ORIENTED_EDGE('',*,*,#6857,.T.);
#5328=ORIENTED_EDGE('',*,*,#6860,.F.);
#5329=ORIENTED_EDGE('',*,*,#6863,.F.);
#5330=ORIENTED_EDGE('',*,*,#6866,.F.);
#5331=ORIENTED_EDGE('',*,*,#7833,.F.);
#5332=ORIENTED_EDGE('',*,*,#6825,.F.);
#5333=ORIENTED_EDGE('',*,*,#6829,.T.);
#5334=ORIENTED_EDGE('',*,*,#6832,.F.);
#5335=ORIENTED_EDGE('',*,*,#6835,.T.);
#5336=ORIENTED_EDGE('',*,*,#6838,.F.);
#5337=ORIENTED_EDGE('',*,*,#6841,.F.);
#5338=ORIENTED_EDGE('',*,*,#6844,.F.);
#5339=ORIENTED_EDGE('',*,*,#7831,.F.);
#5340=ORIENTED_EDGE('',*,*,#6803,.F.);
#5341=ORIENTED_EDGE('',*,*,#6807,.T.);
#5342=ORIENTED_EDGE('',*,*,#6810,.F.);
#5343=ORIENTED_EDGE('',*,*,#6813,.F.);
#5344=ORIENTED_EDGE('',*,*,#6816,.F.);
#5345=ORIENTED_EDGE('',*,*,#6819,.F.);
#5346=ORIENTED_EDGE('',*,*,#6822,.F.);
#5347=ORIENTED_EDGE('',*,*,#7829,.T.);
#5348=ORIENTED_EDGE('',*,*,#6781,.F.);
#5349=ORIENTED_EDGE('',*,*,#6785,.F.);
#5350=ORIENTED_EDGE('',*,*,#6788,.F.);
#5351=ORIENTED_EDGE('',*,*,#6791,.T.);
#5352=ORIENTED_EDGE('',*,*,#6794,.F.);
#5353=ORIENTED_EDGE('',*,*,#6797,.T.);
#5354=ORIENTED_EDGE('',*,*,#6800,.F.);
#5355=ORIENTED_EDGE('',*,*,#7827,.F.);
#5356=ORIENTED_EDGE('',*,*,#6759,.F.);
#5357=ORIENTED_EDGE('',*,*,#6763,.F.);
#5358=ORIENTED_EDGE('',*,*,#6766,.F.);
#5359=ORIENTED_EDGE('',*,*,#6769,.F.);
#5360=ORIENTED_EDGE('',*,*,#6772,.T.);
#5361=ORIENTED_EDGE('',*,*,#6775,.F.);
#5362=ORIENTED_EDGE('',*,*,#6778,.T.);
#5363=ORIENTED_EDGE('',*,*,#7825,.F.);
#5364=ORIENTED_EDGE('',*,*,#6737,.F.);
#5365=ORIENTED_EDGE('',*,*,#6741,.T.);
#5366=ORIENTED_EDGE('',*,*,#6744,.F.);
#5367=ORIENTED_EDGE('',*,*,#6747,.T.);
#5368=ORIENTED_EDGE('',*,*,#6750,.F.);
#5369=ORIENTED_EDGE('',*,*,#6753,.F.);
#5370=ORIENTED_EDGE('',*,*,#6756,.F.);
#5371=ORIENTED_EDGE('',*,*,#7823,.F.);
#5372=ORIENTED_EDGE('',*,*,#6715,.F.);
#5373=ORIENTED_EDGE('',*,*,#6719,.F.);
#5374=ORIENTED_EDGE('',*,*,#6722,.T.);
#5375=ORIENTED_EDGE('',*,*,#6725,.F.);
#5376=ORIENTED_EDGE('',*,*,#6728,.T.);
#5377=ORIENTED_EDGE('',*,*,#6731,.F.);
#5378=ORIENTED_EDGE('',*,*,#6734,.F.);
#5379=ORIENTED_EDGE('',*,*,#7821,.F.);
#5380=ORIENTED_EDGE('',*,*,#6693,.F.);
#5381=ORIENTED_EDGE('',*,*,#6697,.F.);
#5382=ORIENTED_EDGE('',*,*,#6700,.T.);
#5383=ORIENTED_EDGE('',*,*,#6703,.F.);
#5384=ORIENTED_EDGE('',*,*,#6706,.T.);
#5385=ORIENTED_EDGE('',*,*,#6709,.F.);
#5386=ORIENTED_EDGE('',*,*,#6712,.F.);
#5387=ORIENTED_EDGE('',*,*,#7819,.F.);
#5388=ORIENTED_EDGE('',*,*,#6671,.F.);
#5389=ORIENTED_EDGE('',*,*,#6675,.T.);
#5390=ORIENTED_EDGE('',*,*,#6678,.F.);
#5391=ORIENTED_EDGE('',*,*,#6681,.T.);
#5392=ORIENTED_EDGE('',*,*,#6684,.F.);
#5393=ORIENTED_EDGE('',*,*,#6687,.F.);
#5394=ORIENTED_EDGE('',*,*,#6690,.F.);
#5395=ORIENTED_EDGE('',*,*,#7817,.F.);
#5396=ORIENTED_EDGE('',*,*,#6649,.F.);
#5397=ORIENTED_EDGE('',*,*,#6653,.F.);
#5398=ORIENTED_EDGE('',*,*,#6656,.F.);
#5399=ORIENTED_EDGE('',*,*,#6659,.F.);
#5400=ORIENTED_EDGE('',*,*,#6662,.F.);
#5401=ORIENTED_EDGE('',*,*,#6665,.T.);
#5402=ORIENTED_EDGE('',*,*,#6668,.F.);
#5403=ORIENTED_EDGE('',*,*,#7815,.T.);
#5404=ORIENTED_EDGE('',*,*,#6627,.F.);
#5405=ORIENTED_EDGE('',*,*,#6631,.T.);
#5406=ORIENTED_EDGE('',*,*,#6634,.F.);
#5407=ORIENTED_EDGE('',*,*,#6637,.T.);
#5408=ORIENTED_EDGE('',*,*,#6640,.F.);
#5409=ORIENTED_EDGE('',*,*,#6643,.F.);
#5410=ORIENTED_EDGE('',*,*,#6646,.F.);
#5411=ORIENTED_EDGE('',*,*,#7813,.F.);
#5412=ORIENTED_EDGE('',*,*,#6605,.F.);
#5413=ORIENTED_EDGE('',*,*,#6609,.T.);
#5414=ORIENTED_EDGE('',*,*,#6612,.F.);
#5415=ORIENTED_EDGE('',*,*,#6615,.T.);
#5416=ORIENTED_EDGE('',*,*,#6618,.F.);
#5417=ORIENTED_EDGE('',*,*,#6621,.F.);
#5418=ORIENTED_EDGE('',*,*,#6624,.F.);
#5419=ORIENTED_EDGE('',*,*,#7811,.F.);
#5420=ORIENTED_EDGE('',*,*,#6583,.F.);
#5421=ORIENTED_EDGE('',*,*,#6587,.T.);
#5422=ORIENTED_EDGE('',*,*,#6590,.F.);
#5423=ORIENTED_EDGE('',*,*,#6593,.T.);
#5424=ORIENTED_EDGE('',*,*,#6596,.F.);
#5425=ORIENTED_EDGE('',*,*,#6599,.F.);
#5426=ORIENTED_EDGE('',*,*,#6602,.F.);
#5427=ORIENTED_EDGE('',*,*,#7809,.F.);
#5428=ORIENTED_EDGE('',*,*,#6561,.F.);
#5429=ORIENTED_EDGE('',*,*,#6565,.T.);
#5430=ORIENTED_EDGE('',*,*,#6568,.F.);
#5431=ORIENTED_EDGE('',*,*,#6571,.T.);
#5432=ORIENTED_EDGE('',*,*,#6574,.F.);
#5433=ORIENTED_EDGE('',*,*,#6577,.F.);
#5434=ORIENTED_EDGE('',*,*,#6580,.F.);
#5435=ORIENTED_EDGE('',*,*,#7807,.F.);
#5436=ORIENTED_EDGE('',*,*,#6539,.F.);
#5437=ORIENTED_EDGE('',*,*,#6543,.T.);
#5438=ORIENTED_EDGE('',*,*,#6546,.F.);
#5439=ORIENTED_EDGE('',*,*,#6549,.F.);
#5440=ORIENTED_EDGE('',*,*,#6552,.F.);
#5441=ORIENTED_EDGE('',*,*,#6555,.F.);
#5442=ORIENTED_EDGE('',*,*,#6558,.F.);
#5443=ORIENTED_EDGE('',*,*,#7805,.T.);
#5444=ORIENTED_EDGE('',*,*,#6517,.F.);
#5445=ORIENTED_EDGE('',*,*,#6521,.T.);
#5446=ORIENTED_EDGE('',*,*,#6524,.F.);
#5447=ORIENTED_EDGE('',*,*,#6527,.F.);
#5448=ORIENTED_EDGE('',*,*,#6530,.F.);
#5449=ORIENTED_EDGE('',*,*,#6533,.F.);
#5450=ORIENTED_EDGE('',*,*,#6536,.F.);
#5451=ORIENTED_EDGE('',*,*,#7803,.T.);
#5452=ORIENTED_EDGE('',*,*,#6495,.F.);
#5453=ORIENTED_EDGE('',*,*,#6499,.T.);
#5454=ORIENTED_EDGE('',*,*,#6502,.F.);
#5455=ORIENTED_EDGE('',*,*,#6505,.T.);
#5456=ORIENTED_EDGE('',*,*,#6508,.F.);
#5457=ORIENTED_EDGE('',*,*,#6511,.F.);
#5458=ORIENTED_EDGE('',*,*,#6514,.F.);
#5459=ORIENTED_EDGE('',*,*,#7801,.F.);
#5460=ORIENTED_EDGE('',*,*,#6473,.F.);
#5461=ORIENTED_EDGE('',*,*,#6477,.T.);
#5462=ORIENTED_EDGE('',*,*,#6480,.F.);
#5463=ORIENTED_EDGE('',*,*,#6483,.T.);
#5464=ORIENTED_EDGE('',*,*,#6486,.F.);
#5465=ORIENTED_EDGE('',*,*,#6489,.F.);
#5466=ORIENTED_EDGE('',*,*,#6492,.F.);
#5467=ORIENTED_EDGE('',*,*,#7799,.F.);
#5468=ORIENTED_EDGE('',*,*,#6451,.F.);
#5469=ORIENTED_EDGE('',*,*,#6455,.T.);
#5470=ORIENTED_EDGE('',*,*,#6458,.F.);
#5471=ORIENTED_EDGE('',*,*,#6461,.T.);
#5472=ORIENTED_EDGE('',*,*,#6464,.F.);
#5473=ORIENTED_EDGE('',*,*,#6467,.F.);
#5474=ORIENTED_EDGE('',*,*,#6470,.F.);
#5475=ORIENTED_EDGE('',*,*,#7797,.F.);
#5476=ORIENTED_EDGE('',*,*,#6429,.F.);
#5477=ORIENTED_EDGE('',*,*,#6433,.T.);
#5478=ORIENTED_EDGE('',*,*,#6436,.F.);
#5479=ORIENTED_EDGE('',*,*,#6439,.T.);
#5480=ORIENTED_EDGE('',*,*,#6442,.F.);
#5481=ORIENTED_EDGE('',*,*,#6445,.F.);
#5482=ORIENTED_EDGE('',*,*,#6448,.F.);
#5483=ORIENTED_EDGE('',*,*,#7795,.F.);
#5484=ORIENTED_EDGE('',*,*,#6407,.F.);
#5485=ORIENTED_EDGE('',*,*,#6411,.T.);
#5486=ORIENTED_EDGE('',*,*,#6414,.F.);
#5487=ORIENTED_EDGE('',*,*,#6417,.T.);
#5488=ORIENTED_EDGE('',*,*,#6420,.F.);
#5489=ORIENTED_EDGE('',*,*,#6423,.F.);
#5490=ORIENTED_EDGE('',*,*,#6426,.F.);
#5491=ORIENTED_EDGE('',*,*,#7793,.F.);
#5492=ORIENTED_EDGE('',*,*,#6385,.F.);
#5493=ORIENTED_EDGE('',*,*,#6389,.T.);
#5494=ORIENTED_EDGE('',*,*,#6392,.F.);
#5495=ORIENTED_EDGE('',*,*,#6395,.F.);
#5496=ORIENTED_EDGE('',*,*,#6398,.F.);
#5497=ORIENTED_EDGE('',*,*,#6401,.F.);
#5498=ORIENTED_EDGE('',*,*,#6404,.F.);
#5499=ORIENTED_EDGE('',*,*,#7791,.T.);
#5500=ORIENTED_EDGE('',*,*,#6363,.F.);
#5501=ORIENTED_EDGE('',*,*,#6367,.T.);
#5502=ORIENTED_EDGE('',*,*,#6370,.F.);
#5503=ORIENTED_EDGE('',*,*,#6373,.F.);
#5504=ORIENTED_EDGE('',*,*,#6376,.F.);
#5505=ORIENTED_EDGE('',*,*,#6379,.F.);
#5506=ORIENTED_EDGE('',*,*,#6382,.F.);
#5507=ORIENTED_EDGE('',*,*,#7789,.T.);
#5508=ORIENTED_EDGE('',*,*,#6341,.F.);
#5509=ORIENTED_EDGE('',*,*,#6345,.T.);
#5510=ORIENTED_EDGE('',*,*,#6348,.F.);
#5511=ORIENTED_EDGE('',*,*,#6351,.F.);
#5512=ORIENTED_EDGE('',*,*,#6354,.F.);
#5513=ORIENTED_EDGE('',*,*,#6357,.F.);
#5514=ORIENTED_EDGE('',*,*,#6360,.F.);
#5515=ORIENTED_EDGE('',*,*,#7787,.T.);
#5516=ORIENTED_EDGE('',*,*,#6319,.F.);
#5517=ORIENTED_EDGE('',*,*,#6323,.T.);
#5518=ORIENTED_EDGE('',*,*,#6326,.F.);
#5519=ORIENTED_EDGE('',*,*,#6329,.T.);
#5520=ORIENTED_EDGE('',*,*,#6332,.F.);
#5521=ORIENTED_EDGE('',*,*,#6335,.F.);
#5522=ORIENTED_EDGE('',*,*,#6338,.F.);
#5523=ORIENTED_EDGE('',*,*,#7785,.F.);
#5524=ORIENTED_EDGE('',*,*,#6297,.F.);
#5525=ORIENTED_EDGE('',*,*,#6301,.T.);
#5526=ORIENTED_EDGE('',*,*,#6304,.F.);
#5527=ORIENTED_EDGE('',*,*,#6307,.F.);
#5528=ORIENTED_EDGE('',*,*,#6310,.F.);
#5529=ORIENTED_EDGE('',*,*,#6313,.F.);
#5530=ORIENTED_EDGE('',*,*,#6316,.F.);
#5531=ORIENTED_EDGE('',*,*,#7783,.T.);
#5532=ORIENTED_EDGE('',*,*,#6275,.F.);
#5533=ORIENTED_EDGE('',*,*,#6279,.T.);
#5534=ORIENTED_EDGE('',*,*,#6282,.F.);
#5535=ORIENTED_EDGE('',*,*,#6285,.T.);
#5536=ORIENTED_EDGE('',*,*,#6288,.F.);
#5537=ORIENTED_EDGE('',*,*,#6291,.F.);
#5538=ORIENTED_EDGE('',*,*,#6294,.F.);
#5539=ORIENTED_EDGE('',*,*,#7781,.F.);
#5540=ORIENTED_EDGE('',*,*,#6253,.F.);
#5541=ORIENTED_EDGE('',*,*,#6257,.T.);
#5542=ORIENTED_EDGE('',*,*,#6260,.F.);
#5543=ORIENTED_EDGE('',*,*,#6263,.F.);
#5544=ORIENTED_EDGE('',*,*,#6266,.F.);
#5545=ORIENTED_EDGE('',*,*,#6269,.F.);
#5546=ORIENTED_EDGE('',*,*,#6272,.F.);
#5547=ORIENTED_EDGE('',*,*,#7779,.T.);
#5548=ORIENTED_EDGE('',*,*,#6231,.F.);
#5549=ORIENTED_EDGE('',*,*,#6235,.T.);
#5550=ORIENTED_EDGE('',*,*,#6238,.F.);
#5551=ORIENTED_EDGE('',*,*,#6241,.T.);
#5552=ORIENTED_EDGE('',*,*,#6244,.F.);
#5553=ORIENTED_EDGE('',*,*,#6247,.F.);
#5554=ORIENTED_EDGE('',*,*,#6250,.F.);
#5555=ORIENTED_EDGE('',*,*,#7777,.F.);
#5556=ORIENTED_EDGE('',*,*,#6209,.F.);
#5557=ORIENTED_EDGE('',*,*,#6213,.T.);
#5558=ORIENTED_EDGE('',*,*,#6216,.F.);
#5559=ORIENTED_EDGE('',*,*,#6219,.F.);
#5560=ORIENTED_EDGE('',*,*,#6222,.F.);
#5561=ORIENTED_EDGE('',*,*,#6225,.F.);
#5562=ORIENTED_EDGE('',*,*,#6228,.F.);
#5563=ORIENTED_EDGE('',*,*,#7775,.T.);
#5564=ORIENTED_EDGE('',*,*,#6187,.F.);
#5565=ORIENTED_EDGE('',*,*,#6191,.T.);
#5566=ORIENTED_EDGE('',*,*,#6194,.F.);
#5567=ORIENTED_EDGE('',*,*,#6197,.T.);
#5568=ORIENTED_EDGE('',*,*,#6200,.F.);
#5569=ORIENTED_EDGE('',*,*,#6203,.F.);
#5570=ORIENTED_EDGE('',*,*,#6206,.F.);
#5571=ORIENTED_EDGE('',*,*,#7773,.F.);
#5572=ORIENTED_EDGE('',*,*,#6165,.F.);
#5573=ORIENTED_EDGE('',*,*,#6169,.T.);
#5574=ORIENTED_EDGE('',*,*,#6172,.F.);
#5575=ORIENTED_EDGE('',*,*,#6175,.F.);
#5576=ORIENTED_EDGE('',*,*,#6178,.F.);
#5577=ORIENTED_EDGE('',*,*,#6181,.F.);
#5578=ORIENTED_EDGE('',*,*,#6184,.F.);
#5579=ORIENTED_EDGE('',*,*,#7911,.T.);
#5580=ORIENTED_EDGE('',*,*,#7699,.F.);
#5581=ORIENTED_EDGE('',*,*,#7908,.F.);
#5582=ORIENTED_EDGE('',*,*,#7769,.T.);
#5583=ORIENTED_EDGE('',*,*,#7766,.F.);
#5584=ORIENTED_EDGE('',*,*,#7763,.F.);
#5585=ORIENTED_EDGE('',*,*,#7760,.F.);
#5586=ORIENTED_EDGE('',*,*,#7757,.F.);
#5587=ORIENTED_EDGE('',*,*,#7754,.F.);
#5588=ORIENTED_EDGE('',*,*,#7751,.F.);
#5589=ORIENTED_EDGE('',*,*,#7748,.F.);
#5590=ORIENTED_EDGE('',*,*,#7745,.F.);
#5591=ORIENTED_EDGE('',*,*,#7742,.F.);
#5592=ORIENTED_EDGE('',*,*,#7739,.T.);
#5593=ORIENTED_EDGE('',*,*,#7736,.T.);
#5594=ORIENTED_EDGE('',*,*,#7733,.F.);
#5595=ORIENTED_EDGE('',*,*,#7730,.F.);
#5596=ORIENTED_EDGE('',*,*,#7727,.F.);
#5597=ORIENTED_EDGE('',*,*,#7724,.F.);
#5598=ORIENTED_EDGE('',*,*,#7721,.T.);
#5599=ORIENTED_EDGE('',*,*,#7718,.F.);
#5600=ORIENTED_EDGE('',*,*,#7715,.T.);
#5601=ORIENTED_EDGE('',*,*,#7712,.T.);
#5602=ORIENTED_EDGE('',*,*,#7709,.F.);
#5603=ORIENTED_EDGE('',*,*,#7706,.T.);
#5604=ORIENTED_EDGE('',*,*,#7703,.F.);
#5605=ORIENTED_EDGE('',*,*,#7677,.T.);
#5606=ORIENTED_EDGE('',*,*,#7906,.T.);
#5607=ORIENTED_EDGE('',*,*,#7696,.F.);
#5608=ORIENTED_EDGE('',*,*,#7693,.T.);
#5609=ORIENTED_EDGE('',*,*,#7690,.F.);
#5610=ORIENTED_EDGE('',*,*,#7687,.T.);
#5611=ORIENTED_EDGE('',*,*,#7684,.T.);
#5612=ORIENTED_EDGE('',*,*,#7681,.T.);
#5613=ORIENTED_EDGE('',*,*,#7655,.T.);
#5614=ORIENTED_EDGE('',*,*,#7904,.F.);
#5615=ORIENTED_EDGE('',*,*,#7674,.T.);
#5616=ORIENTED_EDGE('',*,*,#7671,.T.);
#5617=ORIENTED_EDGE('',*,*,#7668,.T.);
#5618=ORIENTED_EDGE('',*,*,#7665,.T.);
#5619=ORIENTED_EDGE('',*,*,#7662,.T.);
#5620=ORIENTED_EDGE('',*,*,#7659,.F.);
#5621=ORIENTED_EDGE('',*,*,#7633,.T.);
#5622=ORIENTED_EDGE('',*,*,#7902,.F.);
#5623=ORIENTED_EDGE('',*,*,#7652,.T.);
#5624=ORIENTED_EDGE('',*,*,#7649,.T.);
#5625=ORIENTED_EDGE('',*,*,#7646,.T.);
#5626=ORIENTED_EDGE('',*,*,#7643,.T.);
#5627=ORIENTED_EDGE('',*,*,#7640,.T.);
#5628=ORIENTED_EDGE('',*,*,#7637,.F.);
#5629=ORIENTED_EDGE('',*,*,#7611,.T.);
#5630=ORIENTED_EDGE('',*,*,#7900,.T.);
#5631=ORIENTED_EDGE('',*,*,#7630,.T.);
#5632=ORIENTED_EDGE('',*,*,#7627,.F.);
#5633=ORIENTED_EDGE('',*,*,#7624,.T.);
#5634=ORIENTED_EDGE('',*,*,#7621,.F.);
#5635=ORIENTED_EDGE('',*,*,#7618,.T.);
#5636=ORIENTED_EDGE('',*,*,#7615,.T.);
#5637=ORIENTED_EDGE('',*,*,#7589,.T.);
#5638=ORIENTED_EDGE('',*,*,#7898,.F.);
#5639=ORIENTED_EDGE('',*,*,#7608,.T.);
#5640=ORIENTED_EDGE('',*,*,#7605,.T.);
#5641=ORIENTED_EDGE('',*,*,#7602,.T.);
#5642=ORIENTED_EDGE('',*,*,#7599,.T.);
#5643=ORIENTED_EDGE('',*,*,#7596,.T.);
#5644=ORIENTED_EDGE('',*,*,#7593,.F.);
#5645=ORIENTED_EDGE('',*,*,#7567,.T.);
#5646=ORIENTED_EDGE('',*,*,#7896,.F.);
#5647=ORIENTED_EDGE('',*,*,#7586,.T.);
#5648=ORIENTED_EDGE('',*,*,#7583,.T.);
#5649=ORIENTED_EDGE('',*,*,#7580,.T.);
#5650=ORIENTED_EDGE('',*,*,#7577,.T.);
#5651=ORIENTED_EDGE('',*,*,#7574,.T.);
#5652=ORIENTED_EDGE('',*,*,#7571,.F.);
#5653=ORIENTED_EDGE('',*,*,#7545,.T.);
#5654=ORIENTED_EDGE('',*,*,#7894,.F.);
#5655=ORIENTED_EDGE('',*,*,#7564,.T.);
#5656=ORIENTED_EDGE('',*,*,#7561,.T.);
#5657=ORIENTED_EDGE('',*,*,#7558,.T.);
#5658=ORIENTED_EDGE('',*,*,#7555,.T.);
#5659=ORIENTED_EDGE('',*,*,#7552,.T.);
#5660=ORIENTED_EDGE('',*,*,#7549,.F.);
#5661=ORIENTED_EDGE('',*,*,#7523,.T.);
#5662=ORIENTED_EDGE('',*,*,#7892,.F.);
#5663=ORIENTED_EDGE('',*,*,#7542,.T.);
#5664=ORIENTED_EDGE('',*,*,#7539,.F.);
#5665=ORIENTED_EDGE('',*,*,#7536,.T.);
#5666=ORIENTED_EDGE('',*,*,#7533,.T.);
#5667=ORIENTED_EDGE('',*,*,#7530,.T.);
#5668=ORIENTED_EDGE('',*,*,#7527,.T.);
#5669=ORIENTED_EDGE('',*,*,#7501,.T.);
#5670=ORIENTED_EDGE('',*,*,#7890,.T.);
#5671=ORIENTED_EDGE('',*,*,#7520,.F.);
#5672=ORIENTED_EDGE('',*,*,#7517,.T.);
#5673=ORIENTED_EDGE('',*,*,#7514,.F.);
#5674=ORIENTED_EDGE('',*,*,#7511,.T.);
#5675=ORIENTED_EDGE('',*,*,#7508,.T.);
#5676=ORIENTED_EDGE('',*,*,#7505,.T.);
#5677=ORIENTED_EDGE('',*,*,#7479,.T.);
#5678=ORIENTED_EDGE('',*,*,#7888,.F.);
#5679=ORIENTED_EDGE('',*,*,#7498,.T.);
#5680=ORIENTED_EDGE('',*,*,#7495,.F.);
#5681=ORIENTED_EDGE('',*,*,#7492,.T.);
#5682=ORIENTED_EDGE('',*,*,#7489,.T.);
#5683=ORIENTED_EDGE('',*,*,#7486,.T.);
#5684=ORIENTED_EDGE('',*,*,#7483,.T.);
#5685=ORIENTED_EDGE('',*,*,#7457,.T.);
#5686=ORIENTED_EDGE('',*,*,#7886,.T.);
#5687=ORIENTED_EDGE('',*,*,#7476,.F.);
#5688=ORIENTED_EDGE('',*,*,#7473,.T.);
#5689=ORIENTED_EDGE('',*,*,#7470,.F.);
#5690=ORIENTED_EDGE('',*,*,#7467,.T.);
#5691=ORIENTED_EDGE('',*,*,#7464,.T.);
#5692=ORIENTED_EDGE('',*,*,#7461,.T.);
#5693=ORIENTED_EDGE('',*,*,#7435,.T.);
#5694=ORIENTED_EDGE('',*,*,#7884,.T.);
#5695=ORIENTED_EDGE('',*,*,#7454,.T.);
#5696=ORIENTED_EDGE('',*,*,#7451,.T.);
#5697=ORIENTED_EDGE('',*,*,#7448,.T.);
#5698=ORIENTED_EDGE('',*,*,#7445,.F.);
#5699=ORIENTED_EDGE('',*,*,#7442,.T.);
#5700=ORIENTED_EDGE('',*,*,#7439,.F.);
#5701=ORIENTED_EDGE('',*,*,#7413,.T.);
#5702=ORIENTED_EDGE('',*,*,#7882,.T.);
#5703=ORIENTED_EDGE('',*,*,#7432,.T.);
#5704=ORIENTED_EDGE('',*,*,#7429,.T.);
#5705=ORIENTED_EDGE('',*,*,#7426,.T.);
#5706=ORIENTED_EDGE('',*,*,#7423,.F.);
#5707=ORIENTED_EDGE('',*,*,#7420,.T.);
#5708=ORIENTED_EDGE('',*,*,#7417,.F.);
#5709=ORIENTED_EDGE('',*,*,#7391,.T.);
#5710=ORIENTED_EDGE('',*,*,#7880,.F.);
#5711=ORIENTED_EDGE('',*,*,#7410,.T.);
#5712=ORIENTED_EDGE('',*,*,#7407,.T.);
#5713=ORIENTED_EDGE('',*,*,#7404,.T.);
#5714=ORIENTED_EDGE('',*,*,#7401,.T.);
#5715=ORIENTED_EDGE('',*,*,#7398,.T.);
#5716=ORIENTED_EDGE('',*,*,#7395,.F.);
#5717=ORIENTED_EDGE('',*,*,#7369,.T.);
#5718=ORIENTED_EDGE('',*,*,#7878,.T.);
#5719=ORIENTED_EDGE('',*,*,#7388,.T.);
#5720=ORIENTED_EDGE('',*,*,#7385,.F.);
#5721=ORIENTED_EDGE('',*,*,#7382,.T.);
#5722=ORIENTED_EDGE('',*,*,#7379,.F.);
#5723=ORIENTED_EDGE('',*,*,#7376,.T.);
#5724=ORIENTED_EDGE('',*,*,#7373,.T.);
#5725=ORIENTED_EDGE('',*,*,#7347,.T.);
#5726=ORIENTED_EDGE('',*,*,#7876,.T.);
#5727=ORIENTED_EDGE('',*,*,#7366,.T.);
#5728=ORIENTED_EDGE('',*,*,#7363,.T.);
#5729=ORIENTED_EDGE('',*,*,#7360,.F.);
#5730=ORIENTED_EDGE('',*,*,#7357,.T.);
#5731=ORIENTED_EDGE('',*,*,#7354,.F.);
#5732=ORIENTED_EDGE('',*,*,#7351,.T.);
#5733=ORIENTED_EDGE('',*,*,#7325,.T.);
#5734=ORIENTED_EDGE('',*,*,#7874,.T.);
#5735=ORIENTED_EDGE('',*,*,#7344,.T.);
#5736=ORIENTED_EDGE('',*,*,#7341,.T.);
#5737=ORIENTED_EDGE('',*,*,#7338,.F.);
#5738=ORIENTED_EDGE('',*,*,#7335,.T.);
#5739=ORIENTED_EDGE('',*,*,#7332,.F.);
#5740=ORIENTED_EDGE('',*,*,#7329,.T.);
#5741=ORIENTED_EDGE('',*,*,#7303,.T.);
#5742=ORIENTED_EDGE('',*,*,#7872,.F.);
#5743=ORIENTED_EDGE('',*,*,#7322,.T.);
#5744=ORIENTED_EDGE('',*,*,#7319,.F.);
#5745=ORIENTED_EDGE('',*,*,#7316,.T.);
#5746=ORIENTED_EDGE('',*,*,#7313,.T.);
#5747=ORIENTED_EDGE('',*,*,#7310,.T.);
#5748=ORIENTED_EDGE('',*,*,#7307,.T.);
#5749=ORIENTED_EDGE('',*,*,#7281,.T.);
#5750=ORIENTED_EDGE('',*,*,#7870,.F.);
#5751=ORIENTED_EDGE('',*,*,#7300,.T.);
#5752=ORIENTED_EDGE('',*,*,#7297,.T.);
#5753=ORIENTED_EDGE('',*,*,#7294,.T.);
#5754=ORIENTED_EDGE('',*,*,#7291,.T.);
#5755=ORIENTED_EDGE('',*,*,#7288,.T.);
#5756=ORIENTED_EDGE('',*,*,#7285,.F.);
#5757=ORIENTED_EDGE('',*,*,#7259,.T.);
#5758=ORIENTED_EDGE('',*,*,#7868,.F.);
#5759=ORIENTED_EDGE('',*,*,#7278,.T.);
#5760=ORIENTED_EDGE('',*,*,#7275,.F.);
#5761=ORIENTED_EDGE('',*,*,#7272,.T.);
#5762=ORIENTED_EDGE('',*,*,#7269,.T.);
#5763=ORIENTED_EDGE('',*,*,#7266,.T.);
#5764=ORIENTED_EDGE('',*,*,#7263,.T.);
#5765=ORIENTED_EDGE('',*,*,#7237,.T.);
#5766=ORIENTED_EDGE('',*,*,#7866,.T.);
#5767=ORIENTED_EDGE('',*,*,#7256,.T.);
#5768=ORIENTED_EDGE('',*,*,#7253,.T.);
#5769=ORIENTED_EDGE('',*,*,#7250,.T.);
#5770=ORIENTED_EDGE('',*,*,#7247,.F.);
#5771=ORIENTED_EDGE('',*,*,#7244,.T.);
#5772=ORIENTED_EDGE('',*,*,#7241,.F.);
#5773=ORIENTED_EDGE('',*,*,#7215,.T.);
#5774=ORIENTED_EDGE('',*,*,#7864,.T.);
#5775=ORIENTED_EDGE('',*,*,#7234,.T.);
#5776=ORIENTED_EDGE('',*,*,#7231,.T.);
#5777=ORIENTED_EDGE('',*,*,#7228,.T.);
#5778=ORIENTED_EDGE('',*,*,#7225,.F.);
#5779=ORIENTED_EDGE('',*,*,#7222,.T.);
#5780=ORIENTED_EDGE('',*,*,#7219,.F.);
#5781=ORIENTED_EDGE('',*,*,#7193,.T.);
#5782=ORIENTED_EDGE('',*,*,#7862,.T.);
#5783=ORIENTED_EDGE('',*,*,#7212,.T.);
#5784=ORIENTED_EDGE('',*,*,#7209,.T.);
#5785=ORIENTED_EDGE('',*,*,#7206,.T.);
#5786=ORIENTED_EDGE('',*,*,#7203,.F.);
#5787=ORIENTED_EDGE('',*,*,#7200,.T.);
#5788=ORIENTED_EDGE('',*,*,#7197,.F.);
#5789=ORIENTED_EDGE('',*,*,#7171,.T.);
#5790=ORIENTED_EDGE('',*,*,#7860,.F.);
#5791=ORIENTED_EDGE('',*,*,#7190,.T.);
#5792=ORIENTED_EDGE('',*,*,#7187,.T.);
#5793=ORIENTED_EDGE('',*,*,#7184,.T.);
#5794=ORIENTED_EDGE('',*,*,#7181,.T.);
#5795=ORIENTED_EDGE('',*,*,#7178,.T.);
#5796=ORIENTED_EDGE('',*,*,#7175,.F.);
#5797=ORIENTED_EDGE('',*,*,#7149,.T.);
#5798=ORIENTED_EDGE('',*,*,#7858,.T.);
#5799=ORIENTED_EDGE('',*,*,#7168,.F.);
#5800=ORIENTED_EDGE('',*,*,#7165,.T.);
#5801=ORIENTED_EDGE('',*,*,#7162,.F.);
#5802=ORIENTED_EDGE('',*,*,#7159,.T.);
#5803=ORIENTED_EDGE('',*,*,#7156,.T.);
#5804=ORIENTED_EDGE('',*,*,#7153,.T.);
#5805=ORIENTED_EDGE('',*,*,#7127,.T.);
#5806=ORIENTED_EDGE('',*,*,#7856,.T.);
#5807=ORIENTED_EDGE('',*,*,#7146,.T.);
#5808=ORIENTED_EDGE('',*,*,#7143,.F.);
#5809=ORIENTED_EDGE('',*,*,#7140,.T.);
#5810=ORIENTED_EDGE('',*,*,#7137,.F.);
#5811=ORIENTED_EDGE('',*,*,#7134,.T.);
#5812=ORIENTED_EDGE('',*,*,#7131,.T.);
#5813=ORIENTED_EDGE('',*,*,#7105,.T.);
#5814=ORIENTED_EDGE('',*,*,#7854,.T.);
#5815=ORIENTED_EDGE('',*,*,#7124,.T.);
#5816=ORIENTED_EDGE('',*,*,#7121,.F.);
#5817=ORIENTED_EDGE('',*,*,#7118,.T.);
#5818=ORIENTED_EDGE('',*,*,#7115,.F.);
#5819=ORIENTED_EDGE('',*,*,#7112,.T.);
#5820=ORIENTED_EDGE('',*,*,#7109,.T.);
#5821=ORIENTED_EDGE('',*,*,#7083,.T.);
#5822=ORIENTED_EDGE('',*,*,#7852,.T.);
#5823=ORIENTED_EDGE('',*,*,#7102,.T.);
#5824=ORIENTED_EDGE('',*,*,#7099,.F.);
#5825=ORIENTED_EDGE('',*,*,#7096,.T.);
#5826=ORIENTED_EDGE('',*,*,#7093,.F.);
#5827=ORIENTED_EDGE('',*,*,#7090,.T.);
#5828=ORIENTED_EDGE('',*,*,#7087,.T.);
#5829=ORIENTED_EDGE('',*,*,#7043,.T.);
#5830=ORIENTED_EDGE('',*,*,#7850,.T.);
#5831=ORIENTED_EDGE('',*,*,#7080,.T.);
#5832=ORIENTED_EDGE('',*,*,#7077,.T.);
#5833=ORIENTED_EDGE('',*,*,#7074,.T.);
#5834=ORIENTED_EDGE('',*,*,#7071,.T.);
#5835=ORIENTED_EDGE('',*,*,#7068,.F.);
#5836=ORIENTED_EDGE('',*,*,#7065,.T.);
#5837=ORIENTED_EDGE('',*,*,#7062,.F.);
#5838=ORIENTED_EDGE('',*,*,#7059,.T.);
#5839=ORIENTED_EDGE('',*,*,#7056,.T.);
#5840=ORIENTED_EDGE('',*,*,#7053,.F.);
#5841=ORIENTED_EDGE('',*,*,#7050,.T.);
#5842=ORIENTED_EDGE('',*,*,#7047,.T.);
#5843=ORIENTED_EDGE('',*,*,#7021,.T.);
#5844=ORIENTED_EDGE('',*,*,#7848,.F.);
#5845=ORIENTED_EDGE('',*,*,#7040,.T.);
#5846=ORIENTED_EDGE('',*,*,#7037,.T.);
#5847=ORIENTED_EDGE('',*,*,#7034,.T.);
#5848=ORIENTED_EDGE('',*,*,#7031,.T.);
#5849=ORIENTED_EDGE('',*,*,#7028,.T.);
#5850=ORIENTED_EDGE('',*,*,#7025,.F.);
#5851=ORIENTED_EDGE('',*,*,#6999,.T.);
#5852=ORIENTED_EDGE('',*,*,#7846,.T.);
#5853=ORIENTED_EDGE('',*,*,#7018,.T.);
#5854=ORIENTED_EDGE('',*,*,#7015,.T.);
#5855=ORIENTED_EDGE('',*,*,#7012,.F.);
#5856=ORIENTED_EDGE('',*,*,#7009,.T.);
#5857=ORIENTED_EDGE('',*,*,#7006,.F.);
#5858=ORIENTED_EDGE('',*,*,#7003,.T.);
#5859=ORIENTED_EDGE('',*,*,#6977,.T.);
#5860=ORIENTED_EDGE('',*,*,#7844,.T.);
#5861=ORIENTED_EDGE('',*,*,#6996,.F.);
#5862=ORIENTED_EDGE('',*,*,#6993,.T.);
#5863=ORIENTED_EDGE('',*,*,#6990,.F.);
#5864=ORIENTED_EDGE('',*,*,#6987,.T.);
#5865=ORIENTED_EDGE('',*,*,#6984,.T.);
#5866=ORIENTED_EDGE('',*,*,#6981,.T.);
#5867=ORIENTED_EDGE('',*,*,#6955,.T.);
#5868=ORIENTED_EDGE('',*,*,#7842,.F.);
#5869=ORIENTED_EDGE('',*,*,#6974,.T.);
#5870=ORIENTED_EDGE('',*,*,#6971,.T.);
#5871=ORIENTED_EDGE('',*,*,#6968,.T.);
#5872=ORIENTED_EDGE('',*,*,#6965,.T.);
#5873=ORIENTED_EDGE('',*,*,#6962,.T.);
#5874=ORIENTED_EDGE('',*,*,#6959,.F.);
#5875=ORIENTED_EDGE('',*,*,#6933,.T.);
#5876=ORIENTED_EDGE('',*,*,#7840,.T.);
#5877=ORIENTED_EDGE('',*,*,#6952,.T.);
#5878=ORIENTED_EDGE('',*,*,#6949,.T.);
#5879=ORIENTED_EDGE('',*,*,#6946,.F.);
#5880=ORIENTED_EDGE('',*,*,#6943,.T.);
#5881=ORIENTED_EDGE('',*,*,#6940,.F.);
#5882=ORIENTED_EDGE('',*,*,#6937,.T.);
#5883=ORIENTED_EDGE('',*,*,#6911,.T.);
#5884=ORIENTED_EDGE('',*,*,#7838,.T.);
#5885=ORIENTED_EDGE('',*,*,#6930,.T.);
#5886=ORIENTED_EDGE('',*,*,#6927,.F.);
#5887=ORIENTED_EDGE('',*,*,#6924,.T.);
#5888=ORIENTED_EDGE('',*,*,#6921,.F.);
#5889=ORIENTED_EDGE('',*,*,#6918,.T.);
#5890=ORIENTED_EDGE('',*,*,#6915,.T.);
#5891=ORIENTED_EDGE('',*,*,#6889,.T.);
#5892=ORIENTED_EDGE('',*,*,#7836,.F.);
#5893=ORIENTED_EDGE('',*,*,#6908,.T.);
#5894=ORIENTED_EDGE('',*,*,#6905,.T.);
#5895=ORIENTED_EDGE('',*,*,#6902,.T.);
#5896=ORIENTED_EDGE('',*,*,#6899,.T.);
#5897=ORIENTED_EDGE('',*,*,#6896,.T.);
#5898=ORIENTED_EDGE('',*,*,#6893,.F.);
#5899=ORIENTED_EDGE('',*,*,#6867,.T.);
#5900=ORIENTED_EDGE('',*,*,#7834,.T.);
#5901=ORIENTED_EDGE('',*,*,#6886,.T.);
#5902=ORIENTED_EDGE('',*,*,#6883,.T.);
#5903=ORIENTED_EDGE('',*,*,#6880,.T.);
#5904=ORIENTED_EDGE('',*,*,#6877,.F.);
#5905=ORIENTED_EDGE('',*,*,#6874,.T.);
#5906=ORIENTED_EDGE('',*,*,#6871,.F.);
#5907=ORIENTED_EDGE('',*,*,#6845,.T.);
#5908=ORIENTED_EDGE('',*,*,#7832,.T.);
#5909=ORIENTED_EDGE('',*,*,#6864,.T.);
#5910=ORIENTED_EDGE('',*,*,#6861,.T.);
#5911=ORIENTED_EDGE('',*,*,#6858,.T.);
#5912=ORIENTED_EDGE('',*,*,#6855,.F.);
#5913=ORIENTED_EDGE('',*,*,#6852,.T.);
#5914=ORIENTED_EDGE('',*,*,#6849,.F.);
#5915=ORIENTED_EDGE('',*,*,#6823,.T.);
#5916=ORIENTED_EDGE('',*,*,#7830,.T.);
#5917=ORIENTED_EDGE('',*,*,#6842,.T.);
#5918=ORIENTED_EDGE('',*,*,#6839,.T.);
#5919=ORIENTED_EDGE('',*,*,#6836,.T.);
#5920=ORIENTED_EDGE('',*,*,#6833,.F.);
#5921=ORIENTED_EDGE('',*,*,#6830,.T.);
#5922=ORIENTED_EDGE('',*,*,#6827,.F.);
#5923=ORIENTED_EDGE('',*,*,#6801,.T.);
#5924=ORIENTED_EDGE('',*,*,#7828,.F.);
#5925=ORIENTED_EDGE('',*,*,#6820,.T.);
#5926=ORIENTED_EDGE('',*,*,#6817,.T.);
#5927=ORIENTED_EDGE('',*,*,#6814,.T.);
#5928=ORIENTED_EDGE('',*,*,#6811,.T.);
#5929=ORIENTED_EDGE('',*,*,#6808,.T.);
#5930=ORIENTED_EDGE('',*,*,#6805,.F.);
#5931=ORIENTED_EDGE('',*,*,#6779,.T.);
#5932=ORIENTED_EDGE('',*,*,#7826,.T.);
#5933=ORIENTED_EDGE('',*,*,#6798,.T.);
#5934=ORIENTED_EDGE('',*,*,#6795,.F.);
#5935=ORIENTED_EDGE('',*,*,#6792,.T.);
#5936=ORIENTED_EDGE('',*,*,#6789,.F.);
#5937=ORIENTED_EDGE('',*,*,#6786,.T.);
#5938=ORIENTED_EDGE('',*,*,#6783,.T.);
#5939=ORIENTED_EDGE('',*,*,#6757,.T.);
#5940=ORIENTED_EDGE('',*,*,#7824,.T.);
#5941=ORIENTED_EDGE('',*,*,#6776,.F.);
#5942=ORIENTED_EDGE('',*,*,#6773,.T.);
#5943=ORIENTED_EDGE('',*,*,#6770,.F.);
#5944=ORIENTED_EDGE('',*,*,#6767,.T.);
#5945=ORIENTED_EDGE('',*,*,#6764,.T.);
#5946=ORIENTED_EDGE('',*,*,#6761,.T.);
#5947=ORIENTED_EDGE('',*,*,#6735,.T.);
#5948=ORIENTED_EDGE('',*,*,#7822,.T.);
#5949=ORIENTED_EDGE('',*,*,#6754,.T.);
#5950=ORIENTED_EDGE('',*,*,#6751,.T.);
#5951=ORIENTED_EDGE('',*,*,#6748,.T.);
#5952=ORIENTED_EDGE('',*,*,#6745,.F.);
#5953=ORIENTED_EDGE('',*,*,#6742,.T.);
#5954=ORIENTED_EDGE('',*,*,#6739,.F.);
#5955=ORIENTED_EDGE('',*,*,#6713,.T.);
#5956=ORIENTED_EDGE('',*,*,#7820,.T.);
#5957=ORIENTED_EDGE('',*,*,#6732,.T.);
#5958=ORIENTED_EDGE('',*,*,#6729,.T.);
#5959=ORIENTED_EDGE('',*,*,#6726,.F.);
#5960=ORIENTED_EDGE('',*,*,#6723,.T.);
#5961=ORIENTED_EDGE('',*,*,#6720,.F.);
#5962=ORIENTED_EDGE('',*,*,#6717,.T.);
#5963=ORIENTED_EDGE('',*,*,#6691,.T.);
#5964=ORIENTED_EDGE('',*,*,#7818,.T.);
#5965=ORIENTED_EDGE('',*,*,#6710,.T.);
#5966=ORIENTED_EDGE('',*,*,#6707,.T.);
#5967=ORIENTED_EDGE('',*,*,#6704,.F.);
#5968=ORIENTED_EDGE('',*,*,#6701,.T.);
#5969=ORIENTED_EDGE('',*,*,#6698,.F.);
#5970=ORIENTED_EDGE('',*,*,#6695,.T.);
#5971=ORIENTED_EDGE('',*,*,#6669,.T.);
#5972=ORIENTED_EDGE('',*,*,#7816,.T.);
#5973=ORIENTED_EDGE('',*,*,#6688,.T.);
#5974=ORIENTED_EDGE('',*,*,#6685,.T.);
#5975=ORIENTED_EDGE('',*,*,#6682,.T.);
#5976=ORIENTED_EDGE('',*,*,#6679,.F.);
#5977=ORIENTED_EDGE('',*,*,#6676,.T.);
#5978=ORIENTED_EDGE('',*,*,#6673,.F.);
#5979=ORIENTED_EDGE('',*,*,#6647,.T.);
#5980=ORIENTED_EDGE('',*,*,#7814,.F.);
#5981=ORIENTED_EDGE('',*,*,#6666,.T.);
#5982=ORIENTED_EDGE('',*,*,#6663,.F.);
#5983=ORIENTED_EDGE('',*,*,#6660,.T.);
#5984=ORIENTED_EDGE('',*,*,#6657,.T.);
#5985=ORIENTED_EDGE('',*,*,#6654,.T.);
#5986=ORIENTED_EDGE('',*,*,#6651,.T.);
#5987=ORIENTED_EDGE('',*,*,#6625,.T.);
#5988=ORIENTED_EDGE('',*,*,#7812,.T.);
#5989=ORIENTED_EDGE('',*,*,#6644,.T.);
#5990=ORIENTED_EDGE('',*,*,#6641,.T.);
#5991=ORIENTED_EDGE('',*,*,#6638,.T.);
#5992=ORIENTED_EDGE('',*,*,#6635,.F.);
#5993=ORIENTED_EDGE('',*,*,#6632,.T.);
#5994=ORIENTED_EDGE('',*,*,#6629,.F.);
#5995=ORIENTED_EDGE('',*,*,#6603,.T.);
#5996=ORIENTED_EDGE('',*,*,#7810,.T.);
#5997=ORIENTED_EDGE('',*,*,#6622,.T.);
#5998=ORIENTED_EDGE('',*,*,#6619,.T.);
#5999=ORIENTED_EDGE('',*,*,#6616,.T.);
#6000=ORIENTED_EDGE('',*,*,#6613,.F.);
#6001=ORIENTED_EDGE('',*,*,#6610,.T.);
#6002=ORIENTED_EDGE('',*,*,#6607,.F.);
#6003=ORIENTED_EDGE('',*,*,#6581,.T.);
#6004=ORIENTED_EDGE('',*,*,#7808,.T.);
#6005=ORIENTED_EDGE('',*,*,#6600,.T.);
#6006=ORIENTED_EDGE('',*,*,#6597,.T.);
#6007=ORIENTED_EDGE('',*,*,#6594,.T.);
#6008=ORIENTED_EDGE('',*,*,#6591,.F.);
#6009=ORIENTED_EDGE('',*,*,#6588,.T.);
#6010=ORIENTED_EDGE('',*,*,#6585,.F.);
#6011=ORIENTED_EDGE('',*,*,#6559,.T.);
#6012=ORIENTED_EDGE('',*,*,#7806,.T.);
#6013=ORIENTED_EDGE('',*,*,#6578,.T.);
#6014=ORIENTED_EDGE('',*,*,#6575,.T.);
#6015=ORIENTED_EDGE('',*,*,#6572,.T.);
#6016=ORIENTED_EDGE('',*,*,#6569,.F.);
#6017=ORIENTED_EDGE('',*,*,#6566,.T.);
#6018=ORIENTED_EDGE('',*,*,#6563,.F.);
#6019=ORIENTED_EDGE('',*,*,#6537,.T.);
#6020=ORIENTED_EDGE('',*,*,#7804,.F.);
#6021=ORIENTED_EDGE('',*,*,#6556,.T.);
#6022=ORIENTED_EDGE('',*,*,#6553,.T.);
#6023=ORIENTED_EDGE('',*,*,#6550,.T.);
#6024=ORIENTED_EDGE('',*,*,#6547,.T.);
#6025=ORIENTED_EDGE('',*,*,#6544,.T.);
#6026=ORIENTED_EDGE('',*,*,#6541,.F.);
#6027=ORIENTED_EDGE('',*,*,#6515,.T.);
#6028=ORIENTED_EDGE('',*,*,#7802,.F.);
#6029=ORIENTED_EDGE('',*,*,#6534,.T.);
#6030=ORIENTED_EDGE('',*,*,#6531,.T.);
#6031=ORIENTED_EDGE('',*,*,#6528,.T.);
#6032=ORIENTED_EDGE('',*,*,#6525,.T.);
#6033=ORIENTED_EDGE('',*,*,#6522,.T.);
#6034=ORIENTED_EDGE('',*,*,#6519,.F.);
#6035=ORIENTED_EDGE('',*,*,#6493,.T.);
#6036=ORIENTED_EDGE('',*,*,#7800,.T.);
#6037=ORIENTED_EDGE('',*,*,#6512,.T.);
#6038=ORIENTED_EDGE('',*,*,#6509,.T.);
#6039=ORIENTED_EDGE('',*,*,#6506,.T.);
#6040=ORIENTED_EDGE('',*,*,#6503,.F.);
#6041=ORIENTED_EDGE('',*,*,#6500,.T.);
#6042=ORIENTED_EDGE('',*,*,#6497,.F.);
#6043=ORIENTED_EDGE('',*,*,#6471,.T.);
#6044=ORIENTED_EDGE('',*,*,#7798,.T.);
#6045=ORIENTED_EDGE('',*,*,#6490,.T.);
#6046=ORIENTED_EDGE('',*,*,#6487,.T.);
#6047=ORIENTED_EDGE('',*,*,#6484,.T.);
#6048=ORIENTED_EDGE('',*,*,#6481,.F.);
#6049=ORIENTED_EDGE('',*,*,#6478,.T.);
#6050=ORIENTED_EDGE('',*,*,#6475,.F.);
#6051=ORIENTED_EDGE('',*,*,#6449,.T.);
#6052=ORIENTED_EDGE('',*,*,#7796,.T.);
#6053=ORIENTED_EDGE('',*,*,#6468,.T.);
#6054=ORIENTED_EDGE('',*,*,#6465,.T.);
#6055=ORIENTED_EDGE('',*,*,#6462,.T.);
#6056=ORIENTED_EDGE('',*,*,#6459,.F.);
#6057=ORIENTED_EDGE('',*,*,#6456,.T.);
#6058=ORIENTED_EDGE('',*,*,#6453,.F.);
#6059=ORIENTED_EDGE('',*,*,#6427,.T.);
#6060=ORIENTED_EDGE('',*,*,#7794,.T.);
#6061=ORIENTED_EDGE('',*,*,#6446,.T.);
#6062=ORIENTED_EDGE('',*,*,#6443,.T.);
#6063=ORIENTED_EDGE('',*,*,#6440,.T.);
#6064=ORIENTED_EDGE('',*,*,#6437,.F.);
#6065=ORIENTED_EDGE('',*,*,#6434,.T.);
#6066=ORIENTED_EDGE('',*,*,#6431,.F.);
#6067=ORIENTED_EDGE('',*,*,#6405,.T.);
#6068=ORIENTED_EDGE('',*,*,#7792,.T.);
#6069=ORIENTED_EDGE('',*,*,#6424,.T.);
#6070=ORIENTED_EDGE('',*,*,#6421,.T.);
#6071=ORIENTED_EDGE('',*,*,#6418,.T.);
#6072=ORIENTED_EDGE('',*,*,#6415,.F.);
#6073=ORIENTED_EDGE('',*,*,#6412,.T.);
#6074=ORIENTED_EDGE('',*,*,#6409,.F.);
#6075=ORIENTED_EDGE('',*,*,#6383,.T.);
#6076=ORIENTED_EDGE('',*,*,#7790,.F.);
#6077=ORIENTED_EDGE('',*,*,#6402,.T.);
#6078=ORIENTED_EDGE('',*,*,#6399,.T.);
#6079=ORIENTED_EDGE('',*,*,#6396,.T.);
#6080=ORIENTED_EDGE('',*,*,#6393,.T.);
#6081=ORIENTED_EDGE('',*,*,#6390,.T.);
#6082=ORIENTED_EDGE('',*,*,#6387,.F.);
#6083=ORIENTED_EDGE('',*,*,#6361,.T.);
#6084=ORIENTED_EDGE('',*,*,#7788,.F.);
#6085=ORIENTED_EDGE('',*,*,#6380,.T.);
#6086=ORIENTED_EDGE('',*,*,#6377,.T.);
#6087=ORIENTED_EDGE('',*,*,#6374,.T.);
#6088=ORIENTED_EDGE('',*,*,#6371,.T.);
#6089=ORIENTED_EDGE('',*,*,#6368,.T.);
#6090=ORIENTED_EDGE('',*,*,#6365,.F.);
#6091=ORIENTED_EDGE('',*,*,#6339,.T.);
#6092=ORIENTED_EDGE('',*,*,#7786,.F.);
#6093=ORIENTED_EDGE('',*,*,#6358,.T.);
#6094=ORIENTED_EDGE('',*,*,#6355,.T.);
#6095=ORIENTED_EDGE('',*,*,#6352,.T.);
#6096=ORIENTED_EDGE('',*,*,#6349,.T.);
#6097=ORIENTED_EDGE('',*,*,#6346,.T.);
#6098=ORIENTED_EDGE('',*,*,#6343,.F.);
#6099=ORIENTED_EDGE('',*,*,#6317,.T.);
#6100=ORIENTED_EDGE('',*,*,#7784,.T.);
#6101=ORIENTED_EDGE('',*,*,#6336,.T.);
#6102=ORIENTED_EDGE('',*,*,#6333,.T.);
#6103=ORIENTED_EDGE('',*,*,#6330,.T.);
#6104=ORIENTED_EDGE('',*,*,#6327,.F.);
#6105=ORIENTED_EDGE('',*,*,#6324,.T.);
#6106=ORIENTED_EDGE('',*,*,#6321,.F.);
#6107=ORIENTED_EDGE('',*,*,#6295,.T.);
#6108=ORIENTED_EDGE('',*,*,#7782,.F.);
#6109=ORIENTED_EDGE('',*,*,#6314,.T.);
#6110=ORIENTED_EDGE('',*,*,#6311,.T.);
#6111=ORIENTED_EDGE('',*,*,#6308,.T.);
#6112=ORIENTED_EDGE('',*,*,#6305,.T.);
#6113=ORIENTED_EDGE('',*,*,#6302,.T.);
#6114=ORIENTED_EDGE('',*,*,#6299,.F.);
#6115=ORIENTED_EDGE('',*,*,#6273,.T.);
#6116=ORIENTED_EDGE('',*,*,#7780,.T.);
#6117=ORIENTED_EDGE('',*,*,#6292,.T.);
#6118=ORIENTED_EDGE('',*,*,#6289,.T.);
#6119=ORIENTED_EDGE('',*,*,#6286,.T.);
#6120=ORIENTED_EDGE('',*,*,#6283,.F.);
#6121=ORIENTED_EDGE('',*,*,#6280,.T.);
#6122=ORIENTED_EDGE('',*,*,#6277,.F.);
#6123=ORIENTED_EDGE('',*,*,#6251,.T.);
#6124=ORIENTED_EDGE('',*,*,#7778,.F.);
#6125=ORIENTED_EDGE('',*,*,#6270,.T.);
#6126=ORIENTED_EDGE('',*,*,#6267,.T.);
#6127=ORIENTED_EDGE('',*,*,#6264,.T.);
#6128=ORIENTED_EDGE('',*,*,#6261,.T.);
#6129=ORIENTED_EDGE('',*,*,#6258,.T.);
#6130=ORIENTED_EDGE('',*,*,#6255,.F.);
#6131=ORIENTED_EDGE('',*,*,#6229,.T.);
#6132=ORIENTED_EDGE('',*,*,#7776,.T.);
#6133=ORIENTED_EDGE('',*,*,#6248,.T.);
#6134=ORIENTED_EDGE('',*,*,#6245,.T.);
#6135=ORIENTED_EDGE('',*,*,#6242,.T.);
#6136=ORIENTED_EDGE('',*,*,#6239,.F.);
#6137=ORIENTED_EDGE('',*,*,#6236,.T.);
#6138=ORIENTED_EDGE('',*,*,#6233,.F.);
#6139=ORIENTED_EDGE('',*,*,#6207,.T.);
#6140=ORIENTED_EDGE('',*,*,#7774,.F.);
#6141=ORIENTED_EDGE('',*,*,#6226,.T.);
#6142=ORIENTED_EDGE('',*,*,#6223,.T.);
#6143=ORIENTED_EDGE('',*,*,#6220,.T.);
#6144=ORIENTED_EDGE('',*,*,#6217,.T.);
#6145=ORIENTED_EDGE('',*,*,#6214,.T.);
#6146=ORIENTED_EDGE('',*,*,#6211,.F.);
#6147=ORIENTED_EDGE('',*,*,#6185,.T.);
#6148=ORIENTED_EDGE('',*,*,#7772,.T.);
#6149=ORIENTED_EDGE('',*,*,#6204,.T.);
#6150=ORIENTED_EDGE('',*,*,#6201,.T.);
#6151=ORIENTED_EDGE('',*,*,#6198,.T.);
#6152=ORIENTED_EDGE('',*,*,#6195,.F.);
#6153=ORIENTED_EDGE('',*,*,#6192,.T.);
#6154=ORIENTED_EDGE('',*,*,#6189,.F.);
#6155=ORIENTED_EDGE('',*,*,#6163,.T.);
#6156=ORIENTED_EDGE('',*,*,#7910,.F.);
#6157=ORIENTED_EDGE('',*,*,#6182,.T.);
#6158=ORIENTED_EDGE('',*,*,#6179,.T.);
#6159=ORIENTED_EDGE('',*,*,#6176,.T.);
#6160=ORIENTED_EDGE('',*,*,#6173,.T.);
#6161=ORIENTED_EDGE('',*,*,#6170,.T.);
#6162=ORIENTED_EDGE('',*,*,#6167,.F.);
#6163=EDGE_CURVE('',#7912,#7913,#9078,.T.);
#6164=EDGE_CURVE('',#7914,#7912,#311,.T.);
#6165=EDGE_CURVE('',#7914,#7915,#9079,.T.);
#6166=EDGE_CURVE('',#7915,#7913,#312,.T.);
#6167=EDGE_CURVE('',#7912,#7916,#313,.T.);
#6168=EDGE_CURVE('',#7917,#7916,#314,.T.);
#6169=EDGE_CURVE('',#7914,#7917,#315,.T.);
#6170=EDGE_CURVE('',#7918,#7916,#9080,.T.);
#6171=EDGE_CURVE('',#7919,#7918,#316,.T.);
#6172=EDGE_CURVE('',#7919,#7917,#9081,.T.);
#6173=EDGE_CURVE('',#7920,#7918,#317,.T.);
#6174=EDGE_CURVE('',#7921,#7920,#318,.T.);
#6175=EDGE_CURVE('',#7921,#7919,#319,.T.);
#6176=EDGE_CURVE('',#7922,#7920,#9082,.T.);
#6177=EDGE_CURVE('',#7923,#7922,#320,.T.);
#6178=EDGE_CURVE('',#7923,#7921,#9083,.T.);
#6179=EDGE_CURVE('',#7924,#7922,#321,.T.);
#6180=EDGE_CURVE('',#7925,#7924,#322,.T.);
#6181=EDGE_CURVE('',#7925,#7923,#323,.T.);
#6182=EDGE_CURVE('',#7926,#7924,#9084,.T.);
#6183=EDGE_CURVE('',#7927,#7926,#324,.T.);
#6184=EDGE_CURVE('',#7927,#7925,#9085,.T.);
#6185=EDGE_CURVE('',#7928,#7929,#9086,.T.);
#6186=EDGE_CURVE('',#7930,#7928,#325,.T.);
#6187=EDGE_CURVE('',#7930,#7931,#9087,.T.);
#6188=EDGE_CURVE('',#7931,#7929,#326,.T.);
#6189=EDGE_CURVE('',#7928,#7932,#327,.T.);
#6190=EDGE_CURVE('',#7933,#7932,#328,.T.);
#6191=EDGE_CURVE('',#7930,#7933,#329,.T.);
#6192=EDGE_CURVE('',#7934,#7932,#9088,.T.);
#6193=EDGE_CURVE('',#7935,#7934,#330,.T.);
#6194=EDGE_CURVE('',#7935,#7933,#9089,.T.);
#6195=EDGE_CURVE('',#7934,#7936,#331,.T.);
#6196=EDGE_CURVE('',#7937,#7936,#332,.T.);
#6197=EDGE_CURVE('',#7935,#7937,#333,.T.);
#6198=EDGE_CURVE('',#7938,#7936,#9090,.T.);
#6199=EDGE_CURVE('',#7939,#7938,#334,.T.);
#6200=EDGE_CURVE('',#7939,#7937,#9091,.T.);
#6201=EDGE_CURVE('',#7940,#7938,#335,.T.);
#6202=EDGE_CURVE('',#7941,#7940,#336,.T.);
#6203=EDGE_CURVE('',#7941,#7939,#337,.T.);
#6204=EDGE_CURVE('',#7942,#7940,#9092,.T.);
#6205=EDGE_CURVE('',#7943,#7942,#338,.T.);
#6206=EDGE_CURVE('',#7943,#7941,#9093,.T.);
#6207=EDGE_CURVE('',#7944,#7945,#9094,.T.);
#6208=EDGE_CURVE('',#7946,#7944,#339,.T.);
#6209=EDGE_CURVE('',#7946,#7947,#9095,.T.);
#6210=EDGE_CURVE('',#7947,#7945,#340,.T.);
#6211=EDGE_CURVE('',#7944,#7948,#341,.T.);
#6212=EDGE_CURVE('',#7949,#7948,#342,.T.);
#6213=EDGE_CURVE('',#7946,#7949,#343,.T.);
#6214=EDGE_CURVE('',#7950,#7948,#9096,.T.);
#6215=EDGE_CURVE('',#7951,#7950,#344,.T.);
#6216=EDGE_CURVE('',#7951,#7949,#9097,.T.);
#6217=EDGE_CURVE('',#7952,#7950,#345,.T.);
#6218=EDGE_CURVE('',#7953,#7952,#346,.T.);
#6219=EDGE_CURVE('',#7953,#7951,#347,.T.);
#6220=EDGE_CURVE('',#7954,#7952,#9098,.T.);
#6221=EDGE_CURVE('',#7955,#7954,#348,.T.);
#6222=EDGE_CURVE('',#7955,#7953,#9099,.T.);
#6223=EDGE_CURVE('',#7956,#7954,#349,.T.);
#6224=EDGE_CURVE('',#7957,#7956,#350,.T.);
#6225=EDGE_CURVE('',#7957,#7955,#351,.T.);
#6226=EDGE_CURVE('',#7958,#7956,#9100,.T.);
#6227=EDGE_CURVE('',#7959,#7958,#352,.T.);
#6228=EDGE_CURVE('',#7959,#7957,#9101,.T.);
#6229=EDGE_CURVE('',#7960,#7961,#9102,.T.);
#6230=EDGE_CURVE('',#7962,#7960,#353,.T.);
#6231=EDGE_CURVE('',#7962,#7963,#9103,.T.);
#6232=EDGE_CURVE('',#7963,#7961,#354,.T.);
#6233=EDGE_CURVE('',#7960,#7964,#355,.T.);
#6234=EDGE_CURVE('',#7965,#7964,#356,.T.);
#6235=EDGE_CURVE('',#7962,#7965,#357,.T.);
#6236=EDGE_CURVE('',#7966,#7964,#9104,.T.);
#6237=EDGE_CURVE('',#7967,#7966,#358,.T.);
#6238=EDGE_CURVE('',#7967,#7965,#9105,.T.);
#6239=EDGE_CURVE('',#7966,#7968,#359,.T.);
#6240=EDGE_CURVE('',#7969,#7968,#360,.T.);
#6241=EDGE_CURVE('',#7967,#7969,#361,.T.);
#6242=EDGE_CURVE('',#7970,#7968,#9106,.T.);
#6243=EDGE_CURVE('',#7971,#7970,#362,.T.);
#6244=EDGE_CURVE('',#7971,#7969,#9107,.T.);
#6245=EDGE_CURVE('',#7972,#7970,#363,.T.);
#6246=EDGE_CURVE('',#7973,#7972,#364,.T.);
#6247=EDGE_CURVE('',#7973,#7971,#365,.T.);
#6248=EDGE_CURVE('',#7974,#7972,#9108,.T.);
#6249=EDGE_CURVE('',#7975,#7974,#366,.T.);
#6250=EDGE_CURVE('',#7975,#7973,#9109,.T.);
#6251=EDGE_CURVE('',#7976,#7977,#9110,.T.);
#6252=EDGE_CURVE('',#7978,#7976,#367,.T.);
#6253=EDGE_CURVE('',#7978,#7979,#9111,.T.);
#6254=EDGE_CURVE('',#7979,#7977,#368,.T.);
#6255=EDGE_CURVE('',#7976,#7980,#369,.T.);
#6256=EDGE_CURVE('',#7981,#7980,#370,.T.);
#6257=EDGE_CURVE('',#7978,#7981,#371,.T.);
#6258=EDGE_CURVE('',#7982,#7980,#9112,.T.);
#6259=EDGE_CURVE('',#7983,#7982,#372,.T.);
#6260=EDGE_CURVE('',#7983,#7981,#9113,.T.);
#6261=EDGE_CURVE('',#7984,#7982,#373,.T.);
#6262=EDGE_CURVE('',#7985,#7984,#374,.T.);
#6263=EDGE_CURVE('',#7985,#7983,#375,.T.);
#6264=EDGE_CURVE('',#7986,#7984,#9114,.T.);
#6265=EDGE_CURVE('',#7987,#7986,#376,.T.);
#6266=EDGE_CURVE('',#7987,#7985,#9115,.T.);
#6267=EDGE_CURVE('',#7988,#7986,#377,.T.);
#6268=EDGE_CURVE('',#7989,#7988,#378,.T.);
#6269=EDGE_CURVE('',#7989,#7987,#379,.T.);
#6270=EDGE_CURVE('',#7990,#7988,#9116,.T.);
#6271=EDGE_CURVE('',#7991,#7990,#380,.T.);
#6272=EDGE_CURVE('',#7991,#7989,#9117,.T.);
#6273=EDGE_CURVE('',#7992,#7993,#9118,.T.);
#6274=EDGE_CURVE('',#7994,#7992,#381,.T.);
#6275=EDGE_CURVE('',#7994,#7995,#9119,.T.);
#6276=EDGE_CURVE('',#7995,#7993,#382,.T.);
#6277=EDGE_CURVE('',#7992,#7996,#383,.T.);
#6278=EDGE_CURVE('',#7997,#7996,#384,.T.);
#6279=EDGE_CURVE('',#7994,#7997,#385,.T.);
#6280=EDGE_CURVE('',#7998,#7996,#9120,.T.);
#6281=EDGE_CURVE('',#7999,#7998,#386,.T.);
#6282=EDGE_CURVE('',#7999,#7997,#9121,.T.);
#6283=EDGE_CURVE('',#7998,#8000,#387,.T.);
#6284=EDGE_CURVE('',#8001,#8000,#388,.T.);
#6285=EDGE_CURVE('',#7999,#8001,#389,.T.);
#6286=EDGE_CURVE('',#8002,#8000,#9122,.T.);
#6287=EDGE_CURVE('',#8003,#8002,#390,.T.);
#6288=EDGE_CURVE('',#8003,#8001,#9123,.T.);
#6289=EDGE_CURVE('',#8004,#8002,#391,.T.);
#6290=EDGE_CURVE('',#8005,#8004,#392,.T.);
#6291=EDGE_CURVE('',#8005,#8003,#393,.T.);
#6292=EDGE_CURVE('',#8006,#8004,#9124,.T.);
#6293=EDGE_CURVE('',#8007,#8006,#394,.T.);
#6294=EDGE_CURVE('',#8007,#8005,#9125,.T.);
#6295=EDGE_CURVE('',#8008,#8009,#9126,.T.);
#6296=EDGE_CURVE('',#8010,#8008,#395,.T.);
#6297=EDGE_CURVE('',#8010,#8011,#9127,.T.);
#6298=EDGE_CURVE('',#8011,#8009,#396,.T.);
#6299=EDGE_CURVE('',#8008,#8012,#397,.T.);
#6300=EDGE_CURVE('',#8013,#8012,#398,.T.);
#6301=EDGE_CURVE('',#8010,#8013,#399,.T.);
#6302=EDGE_CURVE('',#8014,#8012,#9128,.T.);
#6303=EDGE_CURVE('',#8015,#8014,#400,.T.);
#6304=EDGE_CURVE('',#8015,#8013,#9129,.T.);
#6305=EDGE_CURVE('',#8016,#8014,#401,.T.);
#6306=EDGE_CURVE('',#8017,#8016,#402,.T.);
#6307=EDGE_CURVE('',#8017,#8015,#403,.T.);
#6308=EDGE_CURVE('',#8018,#8016,#9130,.T.);
#6309=EDGE_CURVE('',#8019,#8018,#404,.T.);
#6310=EDGE_CURVE('',#8019,#8017,#9131,.T.);
#6311=EDGE_CURVE('',#8020,#8018,#405,.T.);
#6312=EDGE_CURVE('',#8021,#8020,#406,.T.);
#6313=EDGE_CURVE('',#8021,#8019,#407,.T.);
#6314=EDGE_CURVE('',#8022,#8020,#9132,.T.);
#6315=EDGE_CURVE('',#8023,#8022,#408,.T.);
#6316=EDGE_CURVE('',#8023,#8021,#9133,.T.);
#6317=EDGE_CURVE('',#8024,#8025,#9134,.T.);
#6318=EDGE_CURVE('',#8026,#8024,#409,.T.);
#6319=EDGE_CURVE('',#8026,#8027,#9135,.T.);
#6320=EDGE_CURVE('',#8027,#8025,#410,.T.);
#6321=EDGE_CURVE('',#8024,#8028,#411,.T.);
#6322=EDGE_CURVE('',#8029,#8028,#412,.T.);
#6323=EDGE_CURVE('',#8026,#8029,#413,.T.);
#6324=EDGE_CURVE('',#8030,#8028,#9136,.T.);
#6325=EDGE_CURVE('',#8031,#8030,#414,.T.);
#6326=EDGE_CURVE('',#8031,#8029,#9137,.T.);
#6327=EDGE_CURVE('',#8030,#8032,#415,.T.);
#6328=EDGE_CURVE('',#8033,#8032,#416,.T.);
#6329=EDGE_CURVE('',#8031,#8033,#417,.T.);
#6330=EDGE_CURVE('',#8034,#8032,#9138,.T.);
#6331=EDGE_CURVE('',#8035,#8034,#418,.T.);
#6332=EDGE_CURVE('',#8035,#8033,#9139,.T.);
#6333=EDGE_CURVE('',#8036,#8034,#419,.T.);
#6334=EDGE_CURVE('',#8037,#8036,#420,.T.);
#6335=EDGE_CURVE('',#8037,#8035,#421,.T.);
#6336=EDGE_CURVE('',#8038,#8036,#9140,.T.);
#6337=EDGE_CURVE('',#8039,#8038,#422,.T.);
#6338=EDGE_CURVE('',#8039,#8037,#9141,.T.);
#6339=EDGE_CURVE('',#8040,#8041,#9142,.T.);
#6340=EDGE_CURVE('',#8042,#8040,#423,.T.);
#6341=EDGE_CURVE('',#8042,#8043,#9143,.T.);
#6342=EDGE_CURVE('',#8043,#8041,#424,.T.);
#6343=EDGE_CURVE('',#8040,#8044,#425,.T.);
#6344=EDGE_CURVE('',#8045,#8044,#426,.T.);
#6345=EDGE_CURVE('',#8042,#8045,#427,.T.);
#6346=EDGE_CURVE('',#8046,#8044,#9144,.T.);
#6347=EDGE_CURVE('',#8047,#8046,#428,.T.);
#6348=EDGE_CURVE('',#8047,#8045,#9145,.T.);
#6349=EDGE_CURVE('',#8048,#8046,#429,.T.);
#6350=EDGE_CURVE('',#8049,#8048,#430,.T.);
#6351=EDGE_CURVE('',#8049,#8047,#431,.T.);
#6352=EDGE_CURVE('',#8050,#8048,#9146,.T.);
#6353=EDGE_CURVE('',#8051,#8050,#432,.T.);
#6354=EDGE_CURVE('',#8051,#8049,#9147,.T.);
#6355=EDGE_CURVE('',#8052,#8050,#433,.T.);
#6356=EDGE_CURVE('',#8053,#8052,#434,.T.);
#6357=EDGE_CURVE('',#8053,#8051,#435,.T.);
#6358=EDGE_CURVE('',#8054,#8052,#9148,.T.);
#6359=EDGE_CURVE('',#8055,#8054,#436,.T.);
#6360=EDGE_CURVE('',#8055,#8053,#9149,.T.);
#6361=EDGE_CURVE('',#8056,#8057,#9150,.T.);
#6362=EDGE_CURVE('',#8058,#8056,#437,.T.);
#6363=EDGE_CURVE('',#8058,#8059,#9151,.T.);
#6364=EDGE_CURVE('',#8059,#8057,#438,.T.);
#6365=EDGE_CURVE('',#8056,#8060,#439,.T.);
#6366=EDGE_CURVE('',#8061,#8060,#440,.T.);
#6367=EDGE_CURVE('',#8058,#8061,#441,.T.);
#6368=EDGE_CURVE('',#8062,#8060,#9152,.T.);
#6369=EDGE_CURVE('',#8063,#8062,#442,.T.);
#6370=EDGE_CURVE('',#8063,#8061,#9153,.T.);
#6371=EDGE_CURVE('',#8064,#8062,#443,.T.);
#6372=EDGE_CURVE('',#8065,#8064,#444,.T.);
#6373=EDGE_CURVE('',#8065,#8063,#445,.T.);
#6374=EDGE_CURVE('',#8066,#8064,#9154,.T.);
#6375=EDGE_CURVE('',#8067,#8066,#446,.T.);
#6376=EDGE_CURVE('',#8067,#8065,#9155,.T.);
#6377=EDGE_CURVE('',#8068,#8066,#447,.T.);
#6378=EDGE_CURVE('',#8069,#8068,#448,.T.);
#6379=EDGE_CURVE('',#8069,#8067,#449,.T.);
#6380=EDGE_CURVE('',#8070,#8068,#9156,.T.);
#6381=EDGE_CURVE('',#8071,#8070,#450,.T.);
#6382=EDGE_CURVE('',#8071,#8069,#9157,.T.);
#6383=EDGE_CURVE('',#8072,#8073,#9158,.T.);
#6384=EDGE_CURVE('',#8074,#8072,#451,.T.);
#6385=EDGE_CURVE('',#8074,#8075,#9159,.T.);
#6386=EDGE_CURVE('',#8075,#8073,#452,.T.);
#6387=EDGE_CURVE('',#8072,#8076,#453,.T.);
#6388=EDGE_CURVE('',#8077,#8076,#454,.T.);
#6389=EDGE_CURVE('',#8074,#8077,#455,.T.);
#6390=EDGE_CURVE('',#8078,#8076,#9160,.T.);
#6391=EDGE_CURVE('',#8079,#8078,#456,.T.);
#6392=EDGE_CURVE('',#8079,#8077,#9161,.T.);
#6393=EDGE_CURVE('',#8080,#8078,#457,.T.);
#6394=EDGE_CURVE('',#8081,#8080,#458,.T.);
#6395=EDGE_CURVE('',#8081,#8079,#459,.T.);
#6396=EDGE_CURVE('',#8082,#8080,#9162,.T.);
#6397=EDGE_CURVE('',#8083,#8082,#460,.T.);
#6398=EDGE_CURVE('',#8083,#8081,#9163,.T.);
#6399=EDGE_CURVE('',#8084,#8082,#461,.T.);
#6400=EDGE_CURVE('',#8085,#8084,#462,.T.);
#6401=EDGE_CURVE('',#8085,#8083,#463,.T.);
#6402=EDGE_CURVE('',#8086,#8084,#9164,.T.);
#6403=EDGE_CURVE('',#8087,#8086,#464,.T.);
#6404=EDGE_CURVE('',#8087,#8085,#9165,.T.);
#6405=EDGE_CURVE('',#8088,#8089,#9166,.T.);
#6406=EDGE_CURVE('',#8090,#8088,#465,.T.);
#6407=EDGE_CURVE('',#8090,#8091,#9167,.T.);
#6408=EDGE_CURVE('',#8091,#8089,#466,.T.);
#6409=EDGE_CURVE('',#8088,#8092,#467,.T.);
#6410=EDGE_CURVE('',#8093,#8092,#468,.T.);
#6411=EDGE_CURVE('',#8090,#8093,#469,.T.);
#6412=EDGE_CURVE('',#8094,#8092,#9168,.T.);
#6413=EDGE_CURVE('',#8095,#8094,#470,.T.);
#6414=EDGE_CURVE('',#8095,#8093,#9169,.T.);
#6415=EDGE_CURVE('',#8094,#8096,#471,.T.);
#6416=EDGE_CURVE('',#8097,#8096,#472,.T.);
#6417=EDGE_CURVE('',#8095,#8097,#473,.T.);
#6418=EDGE_CURVE('',#8098,#8096,#9170,.T.);
#6419=EDGE_CURVE('',#8099,#8098,#474,.T.);
#6420=EDGE_CURVE('',#8099,#8097,#9171,.T.);
#6421=EDGE_CURVE('',#8100,#8098,#475,.T.);
#6422=EDGE_CURVE('',#8101,#8100,#476,.T.);
#6423=EDGE_CURVE('',#8101,#8099,#477,.T.);
#6424=EDGE_CURVE('',#8102,#8100,#9172,.T.);
#6425=EDGE_CURVE('',#8103,#8102,#478,.T.);
#6426=EDGE_CURVE('',#8103,#8101,#9173,.T.);
#6427=EDGE_CURVE('',#8104,#8105,#9174,.T.);
#6428=EDGE_CURVE('',#8106,#8104,#479,.T.);
#6429=EDGE_CURVE('',#8106,#8107,#9175,.T.);
#6430=EDGE_CURVE('',#8107,#8105,#480,.T.);
#6431=EDGE_CURVE('',#8104,#8108,#481,.T.);
#6432=EDGE_CURVE('',#8109,#8108,#482,.T.);
#6433=EDGE_CURVE('',#8106,#8109,#483,.T.);
#6434=EDGE_CURVE('',#8110,#8108,#9176,.T.);
#6435=EDGE_CURVE('',#8111,#8110,#484,.T.);
#6436=EDGE_CURVE('',#8111,#8109,#9177,.T.);
#6437=EDGE_CURVE('',#8110,#8112,#485,.T.);
#6438=EDGE_CURVE('',#8113,#8112,#486,.T.);
#6439=EDGE_CURVE('',#8111,#8113,#487,.T.);
#6440=EDGE_CURVE('',#8114,#8112,#9178,.T.);
#6441=EDGE_CURVE('',#8115,#8114,#488,.T.);
#6442=EDGE_CURVE('',#8115,#8113,#9179,.T.);
#6443=EDGE_CURVE('',#8116,#8114,#489,.T.);
#6444=EDGE_CURVE('',#8117,#8116,#490,.T.);
#6445=EDGE_CURVE('',#8117,#8115,#491,.T.);
#6446=EDGE_CURVE('',#8118,#8116,#9180,.T.);
#6447=EDGE_CURVE('',#8119,#8118,#492,.T.);
#6448=EDGE_CURVE('',#8119,#8117,#9181,.T.);
#6449=EDGE_CURVE('',#8120,#8121,#9182,.T.);
#6450=EDGE_CURVE('',#8122,#8120,#493,.T.);
#6451=EDGE_CURVE('',#8122,#8123,#9183,.T.);
#6452=EDGE_CURVE('',#8123,#8121,#494,.T.);
#6453=EDGE_CURVE('',#8120,#8124,#495,.T.);
#6454=EDGE_CURVE('',#8125,#8124,#496,.T.);
#6455=EDGE_CURVE('',#8122,#8125,#497,.T.);
#6456=EDGE_CURVE('',#8126,#8124,#9184,.T.);
#6457=EDGE_CURVE('',#8127,#8126,#498,.T.);
#6458=EDGE_CURVE('',#8127,#8125,#9185,.T.);
#6459=EDGE_CURVE('',#8126,#8128,#499,.T.);
#6460=EDGE_CURVE('',#8129,#8128,#500,.T.);
#6461=EDGE_CURVE('',#8127,#8129,#501,.T.);
#6462=EDGE_CURVE('',#8130,#8128,#9186,.T.);
#6463=EDGE_CURVE('',#8131,#8130,#502,.T.);
#6464=EDGE_CURVE('',#8131,#8129,#9187,.T.);
#6465=EDGE_CURVE('',#8132,#8130,#503,.T.);
#6466=EDGE_CURVE('',#8133,#8132,#504,.T.);
#6467=EDGE_CURVE('',#8133,#8131,#505,.T.);
#6468=EDGE_CURVE('',#8134,#8132,#9188,.T.);
#6469=EDGE_CURVE('',#8135,#8134,#506,.T.);
#6470=EDGE_CURVE('',#8135,#8133,#9189,.T.);
#6471=EDGE_CURVE('',#8136,#8137,#9190,.T.);
#6472=EDGE_CURVE('',#8138,#8136,#507,.T.);
#6473=EDGE_CURVE('',#8138,#8139,#9191,.T.);
#6474=EDGE_CURVE('',#8139,#8137,#508,.T.);
#6475=EDGE_CURVE('',#8136,#8140,#509,.T.);
#6476=EDGE_CURVE('',#8141,#8140,#510,.T.);
#6477=EDGE_CURVE('',#8138,#8141,#511,.T.);
#6478=EDGE_CURVE('',#8142,#8140,#9192,.T.);
#6479=EDGE_CURVE('',#8143,#8142,#512,.T.);
#6480=EDGE_CURVE('',#8143,#8141,#9193,.T.);
#6481=EDGE_CURVE('',#8142,#8144,#513,.T.);
#6482=EDGE_CURVE('',#8145,#8144,#514,.T.);
#6483=EDGE_CURVE('',#8143,#8145,#515,.T.);
#6484=EDGE_CURVE('',#8146,#8144,#9194,.T.);
#6485=EDGE_CURVE('',#8147,#8146,#516,.T.);
#6486=EDGE_CURVE('',#8147,#8145,#9195,.T.);
#6487=EDGE_CURVE('',#8148,#8146,#517,.T.);
#6488=EDGE_CURVE('',#8149,#8148,#518,.T.);
#6489=EDGE_CURVE('',#8149,#8147,#519,.T.);
#6490=EDGE_CURVE('',#8150,#8148,#9196,.T.);
#6491=EDGE_CURVE('',#8151,#8150,#520,.T.);
#6492=EDGE_CURVE('',#8151,#8149,#9197,.T.);
#6493=EDGE_CURVE('',#8152,#8153,#9198,.T.);
#6494=EDGE_CURVE('',#8154,#8152,#521,.T.);
#6495=EDGE_CURVE('',#8154,#8155,#9199,.T.);
#6496=EDGE_CURVE('',#8155,#8153,#522,.T.);
#6497=EDGE_CURVE('',#8152,#8156,#523,.T.);
#6498=EDGE_CURVE('',#8157,#8156,#524,.T.);
#6499=EDGE_CURVE('',#8154,#8157,#525,.T.);
#6500=EDGE_CURVE('',#8158,#8156,#9200,.T.);
#6501=EDGE_CURVE('',#8159,#8158,#526,.T.);
#6502=EDGE_CURVE('',#8159,#8157,#9201,.T.);
#6503=EDGE_CURVE('',#8158,#8160,#527,.T.);
#6504=EDGE_CURVE('',#8161,#8160,#528,.T.);
#6505=EDGE_CURVE('',#8159,#8161,#529,.T.);
#6506=EDGE_CURVE('',#8162,#8160,#9202,.T.);
#6507=EDGE_CURVE('',#8163,#8162,#530,.T.);
#6508=EDGE_CURVE('',#8163,#8161,#9203,.T.);
#6509=EDGE_CURVE('',#8164,#8162,#531,.T.);
#6510=EDGE_CURVE('',#8165,#8164,#532,.T.);
#6511=EDGE_CURVE('',#8165,#8163,#533,.T.);
#6512=EDGE_CURVE('',#8166,#8164,#9204,.T.);
#6513=EDGE_CURVE('',#8167,#8166,#534,.T.);
#6514=EDGE_CURVE('',#8167,#8165,#9205,.T.);
#6515=EDGE_CURVE('',#8168,#8169,#9206,.T.);
#6516=EDGE_CURVE('',#8170,#8168,#535,.T.);
#6517=EDGE_CURVE('',#8170,#8171,#9207,.T.);
#6518=EDGE_CURVE('',#8171,#8169,#536,.T.);
#6519=EDGE_CURVE('',#8168,#8172,#537,.T.);
#6520=EDGE_CURVE('',#8173,#8172,#538,.T.);
#6521=EDGE_CURVE('',#8170,#8173,#539,.T.);
#6522=EDGE_CURVE('',#8174,#8172,#9208,.T.);
#6523=EDGE_CURVE('',#8175,#8174,#540,.T.);
#6524=EDGE_CURVE('',#8175,#8173,#9209,.T.);
#6525=EDGE_CURVE('',#8176,#8174,#541,.T.);
#6526=EDGE_CURVE('',#8177,#8176,#542,.T.);
#6527=EDGE_CURVE('',#8177,#8175,#543,.T.);
#6528=EDGE_CURVE('',#8178,#8176,#9210,.T.);
#6529=EDGE_CURVE('',#8179,#8178,#544,.T.);
#6530=EDGE_CURVE('',#8179,#8177,#9211,.T.);
#6531=EDGE_CURVE('',#8180,#8178,#545,.T.);
#6532=EDGE_CURVE('',#8181,#8180,#546,.T.);
#6533=EDGE_CURVE('',#8181,#8179,#547,.T.);
#6534=EDGE_CURVE('',#8182,#8180,#9212,.T.);
#6535=EDGE_CURVE('',#8183,#8182,#548,.T.);
#6536=EDGE_CURVE('',#8183,#8181,#9213,.T.);
#6537=EDGE_CURVE('',#8184,#8185,#9214,.T.);
#6538=EDGE_CURVE('',#8186,#8184,#549,.T.);
#6539=EDGE_CURVE('',#8186,#8187,#9215,.T.);
#6540=EDGE_CURVE('',#8187,#8185,#550,.T.);
#6541=EDGE_CURVE('',#8184,#8188,#551,.T.);
#6542=EDGE_CURVE('',#8189,#8188,#552,.T.);
#6543=EDGE_CURVE('',#8186,#8189,#553,.T.);
#6544=EDGE_CURVE('',#8190,#8188,#9216,.T.);
#6545=EDGE_CURVE('',#8191,#8190,#554,.T.);
#6546=EDGE_CURVE('',#8191,#8189,#9217,.T.);
#6547=EDGE_CURVE('',#8192,#8190,#555,.T.);
#6548=EDGE_CURVE('',#8193,#8192,#556,.T.);
#6549=EDGE_CURVE('',#8193,#8191,#557,.T.);
#6550=EDGE_CURVE('',#8194,#8192,#9218,.T.);
#6551=EDGE_CURVE('',#8195,#8194,#558,.T.);
#6552=EDGE_CURVE('',#8195,#8193,#9219,.T.);
#6553=EDGE_CURVE('',#8196,#8194,#559,.T.);
#6554=EDGE_CURVE('',#8197,#8196,#560,.T.);
#6555=EDGE_CURVE('',#8197,#8195,#561,.T.);
#6556=EDGE_CURVE('',#8198,#8196,#9220,.T.);
#6557=EDGE_CURVE('',#8199,#8198,#562,.T.);
#6558=EDGE_CURVE('',#8199,#8197,#9221,.T.);
#6559=EDGE_CURVE('',#8200,#8201,#9222,.T.);
#6560=EDGE_CURVE('',#8202,#8200,#563,.T.);
#6561=EDGE_CURVE('',#8202,#8203,#9223,.T.);
#6562=EDGE_CURVE('',#8203,#8201,#564,.T.);
#6563=EDGE_CURVE('',#8200,#8204,#565,.T.);
#6564=EDGE_CURVE('',#8205,#8204,#566,.T.);
#6565=EDGE_CURVE('',#8202,#8205,#567,.T.);
#6566=EDGE_CURVE('',#8206,#8204,#9224,.T.);
#6567=EDGE_CURVE('',#8207,#8206,#568,.T.);
#6568=EDGE_CURVE('',#8207,#8205,#9225,.T.);
#6569=EDGE_CURVE('',#8206,#8208,#569,.T.);
#6570=EDGE_CURVE('',#8209,#8208,#570,.T.);
#6571=EDGE_CURVE('',#8207,#8209,#571,.T.);
#6572=EDGE_CURVE('',#8210,#8208,#9226,.T.);
#6573=EDGE_CURVE('',#8211,#8210,#572,.T.);
#6574=EDGE_CURVE('',#8211,#8209,#9227,.T.);
#6575=EDGE_CURVE('',#8212,#8210,#573,.T.);
#6576=EDGE_CURVE('',#8213,#8212,#574,.T.);
#6577=EDGE_CURVE('',#8213,#8211,#575,.T.);
#6578=EDGE_CURVE('',#8214,#8212,#9228,.T.);
#6579=EDGE_CURVE('',#8215,#8214,#576,.T.);
#6580=EDGE_CURVE('',#8215,#8213,#9229,.T.);
#6581=EDGE_CURVE('',#8216,#8217,#9230,.T.);
#6582=EDGE_CURVE('',#8218,#8216,#577,.T.);
#6583=EDGE_CURVE('',#8218,#8219,#9231,.T.);
#6584=EDGE_CURVE('',#8219,#8217,#578,.T.);
#6585=EDGE_CURVE('',#8216,#8220,#579,.T.);
#6586=EDGE_CURVE('',#8221,#8220,#580,.T.);
#6587=EDGE_CURVE('',#8218,#8221,#581,.T.);
#6588=EDGE_CURVE('',#8222,#8220,#9232,.T.);
#6589=EDGE_CURVE('',#8223,#8222,#582,.T.);
#6590=EDGE_CURVE('',#8223,#8221,#9233,.T.);
#6591=EDGE_CURVE('',#8222,#8224,#583,.T.);
#6592=EDGE_CURVE('',#8225,#8224,#584,.T.);
#6593=EDGE_CURVE('',#8223,#8225,#585,.T.);
#6594=EDGE_CURVE('',#8226,#8224,#9234,.T.);
#6595=EDGE_CURVE('',#8227,#8226,#586,.T.);
#6596=EDGE_CURVE('',#8227,#8225,#9235,.T.);
#6597=EDGE_CURVE('',#8228,#8226,#587,.T.);
#6598=EDGE_CURVE('',#8229,#8228,#588,.T.);
#6599=EDGE_CURVE('',#8229,#8227,#589,.T.);
#6600=EDGE_CURVE('',#8230,#8228,#9236,.T.);
#6601=EDGE_CURVE('',#8231,#8230,#590,.T.);
#6602=EDGE_CURVE('',#8231,#8229,#9237,.T.);
#6603=EDGE_CURVE('',#8232,#8233,#9238,.T.);
#6604=EDGE_CURVE('',#8234,#8232,#591,.T.);
#6605=EDGE_CURVE('',#8234,#8235,#9239,.T.);
#6606=EDGE_CURVE('',#8235,#8233,#592,.T.);
#6607=EDGE_CURVE('',#8232,#8236,#593,.T.);
#6608=EDGE_CURVE('',#8237,#8236,#594,.T.);
#6609=EDGE_CURVE('',#8234,#8237,#595,.T.);
#6610=EDGE_CURVE('',#8238,#8236,#9240,.T.);
#6611=EDGE_CURVE('',#8239,#8238,#596,.T.);
#6612=EDGE_CURVE('',#8239,#8237,#9241,.T.);
#6613=EDGE_CURVE('',#8238,#8240,#597,.T.);
#6614=EDGE_CURVE('',#8241,#8240,#598,.T.);
#6615=EDGE_CURVE('',#8239,#8241,#599,.T.);
#6616=EDGE_CURVE('',#8242,#8240,#9242,.T.);
#6617=EDGE_CURVE('',#8243,#8242,#600,.T.);
#6618=EDGE_CURVE('',#8243,#8241,#9243,.T.);
#6619=EDGE_CURVE('',#8244,#8242,#601,.T.);
#6620=EDGE_CURVE('',#8245,#8244,#602,.T.);
#6621=EDGE_CURVE('',#8245,#8243,#603,.T.);
#6622=EDGE_CURVE('',#8246,#8244,#9244,.T.);
#6623=EDGE_CURVE('',#8247,#8246,#604,.T.);
#6624=EDGE_CURVE('',#8247,#8245,#9245,.T.);
#6625=EDGE_CURVE('',#8248,#8249,#9246,.T.);
#6626=EDGE_CURVE('',#8250,#8248,#605,.T.);
#6627=EDGE_CURVE('',#8250,#8251,#9247,.T.);
#6628=EDGE_CURVE('',#8251,#8249,#606,.T.);
#6629=EDGE_CURVE('',#8248,#8252,#607,.T.);
#6630=EDGE_CURVE('',#8253,#8252,#608,.T.);
#6631=EDGE_CURVE('',#8250,#8253,#609,.T.);
#6632=EDGE_CURVE('',#8254,#8252,#9248,.T.);
#6633=EDGE_CURVE('',#8255,#8254,#610,.T.);
#6634=EDGE_CURVE('',#8255,#8253,#9249,.T.);
#6635=EDGE_CURVE('',#8254,#8256,#611,.T.);
#6636=EDGE_CURVE('',#8257,#8256,#612,.T.);
#6637=EDGE_CURVE('',#8255,#8257,#613,.T.);
#6638=EDGE_CURVE('',#8258,#8256,#9250,.T.);
#6639=EDGE_CURVE('',#8259,#8258,#614,.T.);
#6640=EDGE_CURVE('',#8259,#8257,#9251,.T.);
#6641=EDGE_CURVE('',#8260,#8258,#615,.T.);
#6642=EDGE_CURVE('',#8261,#8260,#616,.T.);
#6643=EDGE_CURVE('',#8261,#8259,#617,.T.);
#6644=EDGE_CURVE('',#8262,#8260,#9252,.T.);
#6645=EDGE_CURVE('',#8263,#8262,#618,.T.);
#6646=EDGE_CURVE('',#8263,#8261,#9253,.T.);
#6647=EDGE_CURVE('',#8264,#8265,#9254,.T.);
#6648=EDGE_CURVE('',#8266,#8264,#619,.T.);
#6649=EDGE_CURVE('',#8266,#8267,#9255,.T.);
#6650=EDGE_CURVE('',#8267,#8265,#620,.T.);
#6651=EDGE_CURVE('',#8268,#8264,#621,.T.);
#6652=EDGE_CURVE('',#8269,#8268,#622,.T.);
#6653=EDGE_CURVE('',#8269,#8266,#623,.T.);
#6654=EDGE_CURVE('',#8270,#8268,#9256,.T.);
#6655=EDGE_CURVE('',#8271,#8270,#624,.T.);
#6656=EDGE_CURVE('',#8271,#8269,#9257,.T.);
#6657=EDGE_CURVE('',#8272,#8270,#625,.T.);
#6658=EDGE_CURVE('',#8273,#8272,#626,.T.);
#6659=EDGE_CURVE('',#8273,#8271,#627,.T.);
#6660=EDGE_CURVE('',#8274,#8272,#9258,.T.);
#6661=EDGE_CURVE('',#8275,#8274,#628,.T.);
#6662=EDGE_CURVE('',#8275,#8273,#9259,.T.);
#6663=EDGE_CURVE('',#8274,#8276,#629,.T.);
#6664=EDGE_CURVE('',#8277,#8276,#630,.T.);
#6665=EDGE_CURVE('',#8275,#8277,#631,.T.);
#6666=EDGE_CURVE('',#8278,#8276,#9260,.T.);
#6667=EDGE_CURVE('',#8279,#8278,#632,.T.);
#6668=EDGE_CURVE('',#8279,#8277,#9261,.T.);
#6669=EDGE_CURVE('',#8280,#8281,#9262,.T.);
#6670=EDGE_CURVE('',#8282,#8280,#633,.T.);
#6671=EDGE_CURVE('',#8282,#8283,#9263,.T.);
#6672=EDGE_CURVE('',#8283,#8281,#634,.T.);
#6673=EDGE_CURVE('',#8280,#8284,#635,.T.);
#6674=EDGE_CURVE('',#8285,#8284,#636,.T.);
#6675=EDGE_CURVE('',#8282,#8285,#637,.T.);
#6676=EDGE_CURVE('',#8286,#8284,#9264,.T.);
#6677=EDGE_CURVE('',#8287,#8286,#638,.T.);
#6678=EDGE_CURVE('',#8287,#8285,#9265,.T.);
#6679=EDGE_CURVE('',#8286,#8288,#639,.T.);
#6680=EDGE_CURVE('',#8289,#8288,#640,.T.);
#6681=EDGE_CURVE('',#8287,#8289,#641,.T.);
#6682=EDGE_CURVE('',#8290,#8288,#9266,.T.);
#6683=EDGE_CURVE('',#8291,#8290,#642,.T.);
#6684=EDGE_CURVE('',#8291,#8289,#9267,.T.);
#6685=EDGE_CURVE('',#8292,#8290,#643,.T.);
#6686=EDGE_CURVE('',#8293,#8292,#644,.T.);
#6687=EDGE_CURVE('',#8293,#8291,#645,.T.);
#6688=EDGE_CURVE('',#8294,#8292,#9268,.T.);
#6689=EDGE_CURVE('',#8295,#8294,#646,.T.);
#6690=EDGE_CURVE('',#8295,#8293,#9269,.T.);
#6691=EDGE_CURVE('',#8296,#8297,#647,.T.);
#6692=EDGE_CURVE('',#8298,#8296,#648,.T.);
#6693=EDGE_CURVE('',#8298,#8299,#649,.T.);
#6694=EDGE_CURVE('',#8299,#8297,#650,.T.);
#6695=EDGE_CURVE('',#8300,#8296,#9270,.T.);
#6696=EDGE_CURVE('',#8301,#8300,#651,.T.);
#6697=EDGE_CURVE('',#8301,#8298,#9271,.T.);
#6698=EDGE_CURVE('',#8300,#8302,#652,.T.);
#6699=EDGE_CURVE('',#8303,#8302,#653,.T.);
#6700=EDGE_CURVE('',#8301,#8303,#654,.T.);
#6701=EDGE_CURVE('',#8304,#8302,#9272,.T.);
#6702=EDGE_CURVE('',#8305,#8304,#655,.T.);
#6703=EDGE_CURVE('',#8305,#8303,#9273,.T.);
#6704=EDGE_CURVE('',#8304,#8306,#656,.T.);
#6705=EDGE_CURVE('',#8307,#8306,#657,.T.);
#6706=EDGE_CURVE('',#8305,#8307,#658,.T.);
#6707=EDGE_CURVE('',#8308,#8306,#9274,.T.);
#6708=EDGE_CURVE('',#8309,#8308,#659,.T.);
#6709=EDGE_CURVE('',#8309,#8307,#9275,.T.);
#6710=EDGE_CURVE('',#8310,#8308,#660,.T.);
#6711=EDGE_CURVE('',#8311,#8310,#661,.T.);
#6712=EDGE_CURVE('',#8311,#8309,#662,.T.);
#6713=EDGE_CURVE('',#8312,#8313,#663,.T.);
#6714=EDGE_CURVE('',#8314,#8312,#664,.T.);
#6715=EDGE_CURVE('',#8314,#8315,#665,.T.);
#6716=EDGE_CURVE('',#8315,#8313,#666,.T.);
#6717=EDGE_CURVE('',#8316,#8312,#9276,.T.);
#6718=EDGE_CURVE('',#8317,#8316,#667,.T.);
#6719=EDGE_CURVE('',#8317,#8314,#9277,.T.);
#6720=EDGE_CURVE('',#8316,#8318,#668,.T.);
#6721=EDGE_CURVE('',#8319,#8318,#669,.T.);
#6722=EDGE_CURVE('',#8317,#8319,#670,.T.);
#6723=EDGE_CURVE('',#8320,#8318,#9278,.T.);
#6724=EDGE_CURVE('',#8321,#8320,#671,.T.);
#6725=EDGE_CURVE('',#8321,#8319,#9279,.T.);
#6726=EDGE_CURVE('',#8320,#8322,#672,.T.);
#6727=EDGE_CURVE('',#8323,#8322,#673,.T.);
#6728=EDGE_CURVE('',#8321,#8323,#674,.T.);
#6729=EDGE_CURVE('',#8324,#8322,#9280,.T.);
#6730=EDGE_CURVE('',#8325,#8324,#675,.T.);
#6731=EDGE_CURVE('',#8325,#8323,#9281,.T.);
#6732=EDGE_CURVE('',#8326,#8324,#676,.T.);
#6733=EDGE_CURVE('',#8327,#8326,#677,.T.);
#6734=EDGE_CURVE('',#8327,#8325,#678,.T.);
#6735=EDGE_CURVE('',#8328,#8329,#9282,.T.);
#6736=EDGE_CURVE('',#8330,#8328,#679,.T.);
#6737=EDGE_CURVE('',#8330,#8331,#9283,.T.);
#6738=EDGE_CURVE('',#8331,#8329,#680,.T.);
#6739=EDGE_CURVE('',#8328,#8332,#681,.T.);
#6740=EDGE_CURVE('',#8333,#8332,#682,.T.);
#6741=EDGE_CURVE('',#8330,#8333,#683,.T.);
#6742=EDGE_CURVE('',#8334,#8332,#9284,.T.);
#6743=EDGE_CURVE('',#8335,#8334,#684,.T.);
#6744=EDGE_CURVE('',#8335,#8333,#9285,.T.);
#6745=EDGE_CURVE('',#8334,#8336,#685,.T.);
#6746=EDGE_CURVE('',#8337,#8336,#686,.T.);
#6747=EDGE_CURVE('',#8335,#8337,#687,.T.);
#6748=EDGE_CURVE('',#8338,#8336,#9286,.T.);
#6749=EDGE_CURVE('',#8339,#8338,#688,.T.);
#6750=EDGE_CURVE('',#8339,#8337,#9287,.T.);
#6751=EDGE_CURVE('',#8340,#8338,#689,.T.);
#6752=EDGE_CURVE('',#8341,#8340,#690,.T.);
#6753=EDGE_CURVE('',#8341,#8339,#691,.T.);
#6754=EDGE_CURVE('',#8342,#8340,#9288,.T.);
#6755=EDGE_CURVE('',#8343,#8342,#692,.T.);
#6756=EDGE_CURVE('',#8343,#8341,#9289,.T.);
#6757=EDGE_CURVE('',#8344,#8345,#693,.T.);
#6758=EDGE_CURVE('',#8346,#8344,#694,.T.);
#6759=EDGE_CURVE('',#8346,#8347,#695,.T.);
#6760=EDGE_CURVE('',#8347,#8345,#696,.T.);
#6761=EDGE_CURVE('',#8348,#8344,#9290,.T.);
#6762=EDGE_CURVE('',#8349,#8348,#697,.T.);
#6763=EDGE_CURVE('',#8349,#8346,#9291,.T.);
#6764=EDGE_CURVE('',#8350,#8348,#698,.T.);
#6765=EDGE_CURVE('',#8351,#8350,#699,.T.);
#6766=EDGE_CURVE('',#8351,#8349,#700,.T.);
#6767=EDGE_CURVE('',#8352,#8350,#9292,.T.);
#6768=EDGE_CURVE('',#8353,#8352,#701,.T.);
#6769=EDGE_CURVE('',#8353,#8351,#9293,.T.);
#6770=EDGE_CURVE('',#8352,#8354,#702,.T.);
#6771=EDGE_CURVE('',#8355,#8354,#703,.T.);
#6772=EDGE_CURVE('',#8353,#8355,#704,.T.);
#6773=EDGE_CURVE('',#8356,#8354,#9294,.T.);
#6774=EDGE_CURVE('',#8357,#8356,#705,.T.);
#6775=EDGE_CURVE('',#8357,#8355,#9295,.T.);
#6776=EDGE_CURVE('',#8356,#8358,#706,.T.);
#6777=EDGE_CURVE('',#8359,#8358,#707,.T.);
#6778=EDGE_CURVE('',#8357,#8359,#708,.T.);
#6779=EDGE_CURVE('',#8360,#8361,#9296,.T.);
#6780=EDGE_CURVE('',#8362,#8360,#709,.T.);
#6781=EDGE_CURVE('',#8362,#8363,#9297,.T.);
#6782=EDGE_CURVE('',#8363,#8361,#710,.T.);
#6783=EDGE_CURVE('',#8364,#8360,#711,.T.);
#6784=EDGE_CURVE('',#8365,#8364,#712,.T.);
#6785=EDGE_CURVE('',#8365,#8362,#713,.T.);
#6786=EDGE_CURVE('',#8366,#8364,#9298,.T.);
#6787=EDGE_CURVE('',#8367,#8366,#714,.T.);
#6788=EDGE_CURVE('',#8367,#8365,#9299,.T.);
#6789=EDGE_CURVE('',#8366,#8368,#715,.T.);
#6790=EDGE_CURVE('',#8369,#8368,#716,.T.);
#6791=EDGE_CURVE('',#8367,#8369,#717,.T.);
#6792=EDGE_CURVE('',#8370,#8368,#9300,.T.);
#6793=EDGE_CURVE('',#8371,#8370,#718,.T.);
#6794=EDGE_CURVE('',#8371,#8369,#9301,.T.);
#6795=EDGE_CURVE('',#8370,#8372,#719,.T.);
#6796=EDGE_CURVE('',#8373,#8372,#720,.T.);
#6797=EDGE_CURVE('',#8371,#8373,#721,.T.);
#6798=EDGE_CURVE('',#8374,#8372,#9302,.T.);
#6799=EDGE_CURVE('',#8375,#8374,#722,.T.);
#6800=EDGE_CURVE('',#8375,#8373,#9303,.T.);
#6801=EDGE_CURVE('',#8376,#8377,#9304,.T.);
#6802=EDGE_CURVE('',#8378,#8376,#723,.T.);
#6803=EDGE_CURVE('',#8378,#8379,#9305,.T.);
#6804=EDGE_CURVE('',#8379,#8377,#724,.T.);
#6805=EDGE_CURVE('',#8376,#8380,#725,.T.);
#6806=EDGE_CURVE('',#8381,#8380,#726,.T.);
#6807=EDGE_CURVE('',#8378,#8381,#727,.T.);
#6808=EDGE_CURVE('',#8382,#8380,#9306,.T.);
#6809=EDGE_CURVE('',#8383,#8382,#728,.T.);
#6810=EDGE_CURVE('',#8383,#8381,#9307,.T.);
#6811=EDGE_CURVE('',#8384,#8382,#729,.T.);
#6812=EDGE_CURVE('',#8385,#8384,#730,.T.);
#6813=EDGE_CURVE('',#8385,#8383,#731,.T.);
#6814=EDGE_CURVE('',#8386,#8384,#9308,.T.);
#6815=EDGE_CURVE('',#8387,#8386,#732,.T.);
#6816=EDGE_CURVE('',#8387,#8385,#9309,.T.);
#6817=EDGE_CURVE('',#8388,#8386,#733,.T.);
#6818=EDGE_CURVE('',#8389,#8388,#734,.T.);
#6819=EDGE_CURVE('',#8389,#8387,#735,.T.);
#6820=EDGE_CURVE('',#8390,#8388,#9310,.T.);
#6821=EDGE_CURVE('',#8391,#8390,#736,.T.);
#6822=EDGE_CURVE('',#8391,#8389,#9311,.T.);
#6823=EDGE_CURVE('',#8392,#8393,#9312,.T.);
#6824=EDGE_CURVE('',#8394,#8392,#737,.T.);
#6825=EDGE_CURVE('',#8394,#8395,#9313,.T.);
#6826=EDGE_CURVE('',#8395,#8393,#738,.T.);
#6827=EDGE_CURVE('',#8392,#8396,#739,.T.);
#6828=EDGE_CURVE('',#8397,#8396,#740,.T.);
#6829=EDGE_CURVE('',#8394,#8397,#741,.T.);
#6830=EDGE_CURVE('',#8398,#8396,#9314,.T.);
#6831=EDGE_CURVE('',#8399,#8398,#742,.T.);
#6832=EDGE_CURVE('',#8399,#8397,#9315,.T.);
#6833=EDGE_CURVE('',#8398,#8400,#743,.T.);
#6834=EDGE_CURVE('',#8401,#8400,#744,.T.);
#6835=EDGE_CURVE('',#8399,#8401,#745,.T.);
#6836=EDGE_CURVE('',#8402,#8400,#9316,.T.);
#6837=EDGE_CURVE('',#8403,#8402,#746,.T.);
#6838=EDGE_CURVE('',#8403,#8401,#9317,.T.);
#6839=EDGE_CURVE('',#8404,#8402,#747,.T.);
#6840=EDGE_CURVE('',#8405,#8404,#748,.T.);
#6841=EDGE_CURVE('',#8405,#8403,#749,.T.);
#6842=EDGE_CURVE('',#8406,#8404,#9318,.T.);
#6843=EDGE_CURVE('',#8407,#8406,#750,.T.);
#6844=EDGE_CURVE('',#8407,#8405,#9319,.T.);
#6845=EDGE_CURVE('',#8408,#8409,#9320,.T.);
#6846=EDGE_CURVE('',#8410,#8408,#751,.T.);
#6847=EDGE_CURVE('',#8410,#8411,#9321,.T.);
#6848=EDGE_CURVE('',#8411,#8409,#752,.T.);
#6849=EDGE_CURVE('',#8408,#8412,#753,.T.);
#6850=EDGE_CURVE('',#8413,#8412,#754,.T.);
#6851=EDGE_CURVE('',#8410,#8413,#755,.T.);
#6852=EDGE_CURVE('',#8414,#8412,#9322,.T.);
#6853=EDGE_CURVE('',#8415,#8414,#756,.T.);
#6854=EDGE_CURVE('',#8415,#8413,#9323,.T.);
#6855=EDGE_CURVE('',#8414,#8416,#757,.T.);
#6856=EDGE_CURVE('',#8417,#8416,#758,.T.);
#6857=EDGE_CURVE('',#8415,#8417,#759,.T.);
#6858=EDGE_CURVE('',#8418,#8416,#9324,.T.);
#6859=EDGE_CURVE('',#8419,#8418,#760,.T.);
#6860=EDGE_CURVE('',#8419,#8417,#9325,.T.);
#6861=EDGE_CURVE('',#8420,#8418,#761,.T.);
#6862=EDGE_CURVE('',#8421,#8420,#762,.T.);
#6863=EDGE_CURVE('',#8421,#8419,#763,.T.);
#6864=EDGE_CURVE('',#8422,#8420,#9326,.T.);
#6865=EDGE_CURVE('',#8423,#8422,#764,.T.);
#6866=EDGE_CURVE('',#8423,#8421,#9327,.T.);
#6867=EDGE_CURVE('',#8424,#8425,#9328,.T.);
#6868=EDGE_CURVE('',#8426,#8424,#765,.T.);
#6869=EDGE_CURVE('',#8426,#8427,#9329,.T.);
#6870=EDGE_CURVE('',#8427,#8425,#766,.T.);
#6871=EDGE_CURVE('',#8424,#8428,#767,.T.);
#6872=EDGE_CURVE('',#8429,#8428,#768,.T.);
#6873=EDGE_CURVE('',#8426,#8429,#769,.T.);
#6874=EDGE_CURVE('',#8430,#8428,#9330,.T.);
#6875=EDGE_CURVE('',#8431,#8430,#770,.T.);
#6876=EDGE_CURVE('',#8431,#8429,#9331,.T.);
#6877=EDGE_CURVE('',#8430,#8432,#771,.T.);
#6878=EDGE_CURVE('',#8433,#8432,#772,.T.);
#6879=EDGE_CURVE('',#8431,#8433,#773,.T.);
#6880=EDGE_CURVE('',#8434,#8432,#9332,.T.);
#6881=EDGE_CURVE('',#8435,#8434,#774,.T.);
#6882=EDGE_CURVE('',#8435,#8433,#9333,.T.);
#6883=EDGE_CURVE('',#8436,#8434,#775,.T.);
#6884=EDGE_CURVE('',#8437,#8436,#776,.T.);
#6885=EDGE_CURVE('',#8437,#8435,#777,.T.);
#6886=EDGE_CURVE('',#8438,#8436,#9334,.T.);
#6887=EDGE_CURVE('',#8439,#8438,#778,.T.);
#6888=EDGE_CURVE('',#8439,#8437,#9335,.T.);
#6889=EDGE_CURVE('',#8440,#8441,#9336,.T.);
#6890=EDGE_CURVE('',#8442,#8440,#779,.T.);
#6891=EDGE_CURVE('',#8442,#8443,#9337,.T.);
#6892=EDGE_CURVE('',#8443,#8441,#780,.T.);
#6893=EDGE_CURVE('',#8440,#8444,#781,.T.);
#6894=EDGE_CURVE('',#8445,#8444,#782,.T.);
#6895=EDGE_CURVE('',#8442,#8445,#783,.T.);
#6896=EDGE_CURVE('',#8446,#8444,#9338,.T.);
#6897=EDGE_CURVE('',#8447,#8446,#784,.T.);
#6898=EDGE_CURVE('',#8447,#8445,#9339,.T.);
#6899=EDGE_CURVE('',#8448,#8446,#785,.T.);
#6900=EDGE_CURVE('',#8449,#8448,#786,.T.);
#6901=EDGE_CURVE('',#8449,#8447,#787,.T.);
#6902=EDGE_CURVE('',#8450,#8448,#9340,.T.);
#6903=EDGE_CURVE('',#8451,#8450,#788,.T.);
#6904=EDGE_CURVE('',#8451,#8449,#9341,.T.);
#6905=EDGE_CURVE('',#8452,#8450,#789,.T.);
#6906=EDGE_CURVE('',#8453,#8452,#790,.T.);
#6907=EDGE_CURVE('',#8453,#8451,#791,.T.);
#6908=EDGE_CURVE('',#8454,#8452,#9342,.T.);
#6909=EDGE_CURVE('',#8455,#8454,#792,.T.);
#6910=EDGE_CURVE('',#8455,#8453,#9343,.T.);
#6911=EDGE_CURVE('',#8456,#8457,#9344,.T.);
#6912=EDGE_CURVE('',#8458,#8456,#793,.T.);
#6913=EDGE_CURVE('',#8458,#8459,#9345,.T.);
#6914=EDGE_CURVE('',#8459,#8457,#794,.T.);
#6915=EDGE_CURVE('',#8460,#8456,#795,.T.);
#6916=EDGE_CURVE('',#8461,#8460,#796,.T.);
#6917=EDGE_CURVE('',#8461,#8458,#797,.T.);
#6918=EDGE_CURVE('',#8462,#8460,#9346,.T.);
#6919=EDGE_CURVE('',#8463,#8462,#798,.T.);
#6920=EDGE_CURVE('',#8463,#8461,#9347,.T.);
#6921=EDGE_CURVE('',#8462,#8464,#799,.T.);
#6922=EDGE_CURVE('',#8465,#8464,#800,.T.);
#6923=EDGE_CURVE('',#8463,#8465,#801,.T.);
#6924=EDGE_CURVE('',#8466,#8464,#9348,.T.);
#6925=EDGE_CURVE('',#8467,#8466,#802,.T.);
#6926=EDGE_CURVE('',#8467,#8465,#9349,.T.);
#6927=EDGE_CURVE('',#8466,#8468,#803,.T.);
#6928=EDGE_CURVE('',#8469,#8468,#804,.T.);
#6929=EDGE_CURVE('',#8467,#8469,#805,.T.);
#6930=EDGE_CURVE('',#8470,#8468,#9350,.T.);
#6931=EDGE_CURVE('',#8471,#8470,#806,.T.);
#6932=EDGE_CURVE('',#8471,#8469,#9351,.T.);
#6933=EDGE_CURVE('',#8472,#8473,#807,.T.);
#6934=EDGE_CURVE('',#8474,#8472,#808,.T.);
#6935=EDGE_CURVE('',#8474,#8475,#809,.T.);
#6936=EDGE_CURVE('',#8475,#8473,#810,.T.);
#6937=EDGE_CURVE('',#8476,#8472,#9352,.T.);
#6938=EDGE_CURVE('',#8477,#8476,#811,.T.);
#6939=EDGE_CURVE('',#8477,#8474,#9353,.T.);
#6940=EDGE_CURVE('',#8476,#8478,#812,.T.);
#6941=EDGE_CURVE('',#8479,#8478,#813,.T.);
#6942=EDGE_CURVE('',#8477,#8479,#814,.T.);
#6943=EDGE_CURVE('',#8480,#8478,#9354,.T.);
#6944=EDGE_CURVE('',#8481,#8480,#815,.T.);
#6945=EDGE_CURVE('',#8481,#8479,#9355,.T.);
#6946=EDGE_CURVE('',#8480,#8482,#816,.T.);
#6947=EDGE_CURVE('',#8483,#8482,#817,.T.);
#6948=EDGE_CURVE('',#8481,#8483,#818,.T.);
#6949=EDGE_CURVE('',#8484,#8482,#9356,.T.);
#6950=EDGE_CURVE('',#8485,#8484,#819,.T.);
#6951=EDGE_CURVE('',#8485,#8483,#9357,.T.);
#6952=EDGE_CURVE('',#8486,#8484,#820,.T.);
#6953=EDGE_CURVE('',#8487,#8486,#821,.T.);
#6954=EDGE_CURVE('',#8487,#8485,#822,.T.);
#6955=EDGE_CURVE('',#8488,#8489,#9358,.T.);
#6956=EDGE_CURVE('',#8490,#8488,#823,.T.);
#6957=EDGE_CURVE('',#8490,#8491,#9359,.T.);
#6958=EDGE_CURVE('',#8491,#8489,#824,.T.);
#6959=EDGE_CURVE('',#8488,#8492,#825,.T.);
#6960=EDGE_CURVE('',#8493,#8492,#826,.T.);
#6961=EDGE_CURVE('',#8490,#8493,#827,.T.);
#6962=EDGE_CURVE('',#8494,#8492,#9360,.T.);
#6963=EDGE_CURVE('',#8495,#8494,#828,.T.);
#6964=EDGE_CURVE('',#8495,#8493,#9361,.T.);
#6965=EDGE_CURVE('',#8496,#8494,#829,.T.);
#6966=EDGE_CURVE('',#8497,#8496,#830,.T.);
#6967=EDGE_CURVE('',#8497,#8495,#831,.T.);
#6968=EDGE_CURVE('',#8498,#8496,#9362,.T.);
#6969=EDGE_CURVE('',#8499,#8498,#832,.T.);
#6970=EDGE_CURVE('',#8499,#8497,#9363,.T.);
#6971=EDGE_CURVE('',#8500,#8498,#833,.T.);
#6972=EDGE_CURVE('',#8501,#8500,#834,.T.);
#6973=EDGE_CURVE('',#8501,#8499,#835,.T.);
#6974=EDGE_CURVE('',#8502,#8500,#9364,.T.);
#6975=EDGE_CURVE('',#8503,#8502,#836,.T.);
#6976=EDGE_CURVE('',#8503,#8501,#9365,.T.);
#6977=EDGE_CURVE('',#8504,#8505,#837,.T.);
#6978=EDGE_CURVE('',#8506,#8504,#838,.T.);
#6979=EDGE_CURVE('',#8506,#8507,#839,.T.);
#6980=EDGE_CURVE('',#8507,#8505,#840,.T.);
#6981=EDGE_CURVE('',#8508,#8504,#9366,.T.);
#6982=EDGE_CURVE('',#8509,#8508,#841,.T.);
#6983=EDGE_CURVE('',#8509,#8506,#9367,.T.);
#6984=EDGE_CURVE('',#8510,#8508,#842,.T.);
#6985=EDGE_CURVE('',#8511,#8510,#843,.T.);
#6986=EDGE_CURVE('',#8511,#8509,#844,.T.);
#6987=EDGE_CURVE('',#8512,#8510,#9368,.T.);
#6988=EDGE_CURVE('',#8513,#8512,#845,.T.);
#6989=EDGE_CURVE('',#8513,#8511,#9369,.T.);
#6990=EDGE_CURVE('',#8512,#8514,#846,.T.);
#6991=EDGE_CURVE('',#8515,#8514,#847,.T.);
#6992=EDGE_CURVE('',#8513,#8515,#848,.T.);
#6993=EDGE_CURVE('',#8516,#8514,#9370,.T.);
#6994=EDGE_CURVE('',#8517,#8516,#849,.T.);
#6995=EDGE_CURVE('',#8517,#8515,#9371,.T.);
#6996=EDGE_CURVE('',#8516,#8518,#850,.T.);
#6997=EDGE_CURVE('',#8519,#8518,#851,.T.);
#6998=EDGE_CURVE('',#8517,#8519,#852,.T.);
#6999=EDGE_CURVE('',#8520,#8521,#853,.T.);
#7000=EDGE_CURVE('',#8522,#8520,#854,.T.);
#7001=EDGE_CURVE('',#8522,#8523,#855,.T.);
#7002=EDGE_CURVE('',#8523,#8521,#856,.T.);
#7003=EDGE_CURVE('',#8524,#8520,#9372,.T.);
#7004=EDGE_CURVE('',#8525,#8524,#857,.T.);
#7005=EDGE_CURVE('',#8525,#8522,#9373,.T.);
#7006=EDGE_CURVE('',#8524,#8526,#858,.T.);
#7007=EDGE_CURVE('',#8527,#8526,#859,.T.);
#7008=EDGE_CURVE('',#8525,#8527,#860,.T.);
#7009=EDGE_CURVE('',#8528,#8526,#9374,.T.);
#7010=EDGE_CURVE('',#8529,#8528,#861,.T.);
#7011=EDGE_CURVE('',#8529,#8527,#9375,.T.);
#7012=EDGE_CURVE('',#8528,#8530,#862,.T.);
#7013=EDGE_CURVE('',#8531,#8530,#863,.T.);
#7014=EDGE_CURVE('',#8529,#8531,#864,.T.);
#7015=EDGE_CURVE('',#8532,#8530,#9376,.T.);
#7016=EDGE_CURVE('',#8533,#8532,#865,.T.);
#7017=EDGE_CURVE('',#8533,#8531,#9377,.T.);
#7018=EDGE_CURVE('',#8534,#8532,#866,.T.);
#7019=EDGE_CURVE('',#8535,#8534,#867,.T.);
#7020=EDGE_CURVE('',#8535,#8533,#868,.T.);
#7021=EDGE_CURVE('',#8536,#8537,#9378,.T.);
#7022=EDGE_CURVE('',#8538,#8536,#869,.T.);
#7023=EDGE_CURVE('',#8538,#8539,#9379,.T.);
#7024=EDGE_CURVE('',#8539,#8537,#870,.T.);
#7025=EDGE_CURVE('',#8536,#8540,#871,.T.);
#7026=EDGE_CURVE('',#8541,#8540,#872,.T.);
#7027=EDGE_CURVE('',#8538,#8541,#873,.T.);
#7028=EDGE_CURVE('',#8542,#8540,#9380,.T.);
#7029=EDGE_CURVE('',#8543,#8542,#874,.T.);
#7030=EDGE_CURVE('',#8543,#8541,#9381,.T.);
#7031=EDGE_CURVE('',#8544,#8542,#875,.T.);
#7032=EDGE_CURVE('',#8545,#8544,#876,.T.);
#7033=EDGE_CURVE('',#8545,#8543,#877,.T.);
#7034=EDGE_CURVE('',#8546,#8544,#9382,.T.);
#7035=EDGE_CURVE('',#8547,#8546,#878,.T.);
#7036=EDGE_CURVE('',#8547,#8545,#9383,.T.);
#7037=EDGE_CURVE('',#8548,#8546,#879,.T.);
#7038=EDGE_CURVE('',#8549,#8548,#880,.T.);
#7039=EDGE_CURVE('',#8549,#8547,#881,.T.);
#7040=EDGE_CURVE('',#8550,#8548,#9384,.T.);
#7041=EDGE_CURVE('',#8551,#8550,#882,.T.);
#7042=EDGE_CURVE('',#8551,#8549,#9385,.T.);
#7043=EDGE_CURVE('',#8552,#8553,#9386,.T.);
#7044=EDGE_CURVE('',#8554,#8552,#883,.T.);
#7045=EDGE_CURVE('',#8554,#8555,#9387,.T.);
#7046=EDGE_CURVE('',#8555,#8553,#884,.T.);
#7047=EDGE_CURVE('',#8556,#8552,#885,.T.);
#7048=EDGE_CURVE('',#8557,#8556,#886,.T.);
#7049=EDGE_CURVE('',#8557,#8554,#887,.T.);
#7050=EDGE_CURVE('',#8558,#8556,#9388,.T.);
#7051=EDGE_CURVE('',#8559,#8558,#888,.T.);
#7052=EDGE_CURVE('',#8559,#8557,#9389,.T.);
#7053=EDGE_CURVE('',#8558,#8560,#889,.T.);
#7054=EDGE_CURVE('',#8561,#8560,#890,.T.);
#7055=EDGE_CURVE('',#8559,#8561,#891,.T.);
#7056=EDGE_CURVE('',#8562,#8560,#9390,.T.);
#7057=EDGE_CURVE('',#8563,#8562,#892,.T.);
#7058=EDGE_CURVE('',#8563,#8561,#9391,.T.);
#7059=EDGE_CURVE('',#8564,#8562,#9392,.T.);
#7060=EDGE_CURVE('',#8565,#8564,#893,.T.);
#7061=EDGE_CURVE('',#8565,#8563,#9393,.T.);
#7062=EDGE_CURVE('',#8564,#8566,#894,.T.);
#7063=EDGE_CURVE('',#8567,#8566,#895,.T.);
#7064=EDGE_CURVE('',#8565,#8567,#896,.T.);
#7065=EDGE_CURVE('',#8568,#8566,#9394,.T.);
#7066=EDGE_CURVE('',#8569,#8568,#897,.T.);
#7067=EDGE_CURVE('',#8569,#8567,#9395,.T.);
#7068=EDGE_CURVE('',#8568,#8570,#898,.T.);
#7069=EDGE_CURVE('',#8571,#8570,#899,.T.);
#7070=EDGE_CURVE('',#8569,#8571,#900,.T.);
#7071=EDGE_CURVE('',#8572,#8570,#9396,.T.);
#7072=EDGE_CURVE('',#8573,#8572,#901,.T.);
#7073=EDGE_CURVE('',#8573,#8571,#9397,.T.);
#7074=EDGE_CURVE('',#8574,#8572,#902,.T.);
#7075=EDGE_CURVE('',#8575,#8574,#903,.T.);
#7076=EDGE_CURVE('',#8575,#8573,#904,.T.);
#7077=EDGE_CURVE('',#8576,#8574,#9398,.T.);
#7078=EDGE_CURVE('',#8577,#8576,#905,.T.);
#7079=EDGE_CURVE('',#8577,#8575,#9399,.T.);
#7080=EDGE_CURVE('',#8578,#8576,#9400,.T.);
#7081=EDGE_CURVE('',#8579,#8578,#906,.T.);
#7082=EDGE_CURVE('',#8579,#8577,#9401,.T.);
#7083=EDGE_CURVE('',#8580,#8581,#9402,.T.);
#7084=EDGE_CURVE('',#8582,#8580,#907,.T.);
#7085=EDGE_CURVE('',#8582,#8583,#9403,.T.);
#7086=EDGE_CURVE('',#8583,#8581,#908,.T.);
#7087=EDGE_CURVE('',#8584,#8580,#909,.T.);
#7088=EDGE_CURVE('',#8585,#8584,#910,.T.);
#7089=EDGE_CURVE('',#8585,#8582,#911,.T.);
#7090=EDGE_CURVE('',#8586,#8584,#9404,.T.);
#7091=EDGE_CURVE('',#8587,#8586,#912,.T.);
#7092=EDGE_CURVE('',#8587,#8585,#9405,.T.);
#7093=EDGE_CURVE('',#8586,#8588,#913,.T.);
#7094=EDGE_CURVE('',#8589,#8588,#914,.T.);
#7095=EDGE_CURVE('',#8587,#8589,#915,.T.);
#7096=EDGE_CURVE('',#8590,#8588,#9406,.T.);
#7097=EDGE_CURVE('',#8591,#8590,#916,.T.);
#7098=EDGE_CURVE('',#8591,#8589,#9407,.T.);
#7099=EDGE_CURVE('',#8590,#8592,#917,.T.);
#7100=EDGE_CURVE('',#8593,#8592,#918,.T.);
#7101=EDGE_CURVE('',#8591,#8593,#919,.T.);
#7102=EDGE_CURVE('',#8594,#8592,#9408,.T.);
#7103=EDGE_CURVE('',#8595,#8594,#920,.T.);
#7104=EDGE_CURVE('',#8595,#8593,#9409,.T.);
#7105=EDGE_CURVE('',#8596,#8597,#9410,.T.);
#7106=EDGE_CURVE('',#8598,#8596,#921,.T.);
#7107=EDGE_CURVE('',#8598,#8599,#9411,.T.);
#7108=EDGE_CURVE('',#8599,#8597,#922,.T.);
#7109=EDGE_CURVE('',#8600,#8596,#923,.T.);
#7110=EDGE_CURVE('',#8601,#8600,#924,.T.);
#7111=EDGE_CURVE('',#8601,#8598,#925,.T.);
#7112=EDGE_CURVE('',#8602,#8600,#9412,.T.);
#7113=EDGE_CURVE('',#8603,#8602,#926,.T.);
#7114=EDGE_CURVE('',#8603,#8601,#9413,.T.);
#7115=EDGE_CURVE('',#8602,#8604,#927,.T.);
#7116=EDGE_CURVE('',#8605,#8604,#928,.T.);
#7117=EDGE_CURVE('',#8603,#8605,#929,.T.);
#7118=EDGE_CURVE('',#8606,#8604,#9414,.T.);
#7119=EDGE_CURVE('',#8607,#8606,#930,.T.);
#7120=EDGE_CURVE('',#8607,#8605,#9415,.T.);
#7121=EDGE_CURVE('',#8606,#8608,#931,.T.);
#7122=EDGE_CURVE('',#8609,#8608,#932,.T.);
#7123=EDGE_CURVE('',#8607,#8609,#933,.T.);
#7124=EDGE_CURVE('',#8610,#8608,#9416,.T.);
#7125=EDGE_CURVE('',#8611,#8610,#934,.T.);
#7126=EDGE_CURVE('',#8611,#8609,#9417,.T.);
#7127=EDGE_CURVE('',#8612,#8613,#9418,.T.);
#7128=EDGE_CURVE('',#8614,#8612,#935,.T.);
#7129=EDGE_CURVE('',#8614,#8615,#9419,.T.);
#7130=EDGE_CURVE('',#8615,#8613,#936,.T.);
#7131=EDGE_CURVE('',#8616,#8612,#937,.T.);
#7132=EDGE_CURVE('',#8617,#8616,#938,.T.);
#7133=EDGE_CURVE('',#8617,#8614,#939,.T.);
#7134=EDGE_CURVE('',#8618,#8616,#9420,.T.);
#7135=EDGE_CURVE('',#8619,#8618,#940,.T.);
#7136=EDGE_CURVE('',#8619,#8617,#9421,.T.);
#7137=EDGE_CURVE('',#8618,#8620,#941,.T.);
#7138=EDGE_CURVE('',#8621,#8620,#942,.T.);
#7139=EDGE_CURVE('',#8619,#8621,#943,.T.);
#7140=EDGE_CURVE('',#8622,#8620,#9422,.T.);
#7141=EDGE_CURVE('',#8623,#8622,#944,.T.);
#7142=EDGE_CURVE('',#8623,#8621,#9423,.T.);
#7143=EDGE_CURVE('',#8622,#8624,#945,.T.);
#7144=EDGE_CURVE('',#8625,#8624,#946,.T.);
#7145=EDGE_CURVE('',#8623,#8625,#947,.T.);
#7146=EDGE_CURVE('',#8626,#8624,#9424,.T.);
#7147=EDGE_CURVE('',#8627,#8626,#948,.T.);
#7148=EDGE_CURVE('',#8627,#8625,#9425,.T.);
#7149=EDGE_CURVE('',#8628,#8629,#949,.T.);
#7150=EDGE_CURVE('',#8630,#8628,#950,.T.);
#7151=EDGE_CURVE('',#8630,#8631,#951,.T.);
#7152=EDGE_CURVE('',#8631,#8629,#952,.T.);
#7153=EDGE_CURVE('',#8632,#8628,#9426,.T.);
#7154=EDGE_CURVE('',#8633,#8632,#953,.T.);
#7155=EDGE_CURVE('',#8633,#8630,#9427,.T.);
#7156=EDGE_CURVE('',#8634,#8632,#954,.T.);
#7157=EDGE_CURVE('',#8635,#8634,#955,.T.);
#7158=EDGE_CURVE('',#8635,#8633,#956,.T.);
#7159=EDGE_CURVE('',#8636,#8634,#9428,.T.);
#7160=EDGE_CURVE('',#8637,#8636,#957,.T.);
#7161=EDGE_CURVE('',#8637,#8635,#9429,.T.);
#7162=EDGE_CURVE('',#8636,#8638,#958,.T.);
#7163=EDGE_CURVE('',#8639,#8638,#959,.T.);
#7164=EDGE_CURVE('',#8637,#8639,#960,.T.);
#7165=EDGE_CURVE('',#8640,#8638,#9430,.T.);
#7166=EDGE_CURVE('',#8641,#8640,#961,.T.);
#7167=EDGE_CURVE('',#8641,#8639,#9431,.T.);
#7168=EDGE_CURVE('',#8640,#8642,#962,.T.);
#7169=EDGE_CURVE('',#8643,#8642,#963,.T.);
#7170=EDGE_CURVE('',#8641,#8643,#964,.T.);
#7171=EDGE_CURVE('',#8644,#8645,#9432,.T.);
#7172=EDGE_CURVE('',#8646,#8644,#965,.T.);
#7173=EDGE_CURVE('',#8646,#8647,#9433,.T.);
#7174=EDGE_CURVE('',#8647,#8645,#966,.T.);
#7175=EDGE_CURVE('',#8644,#8648,#967,.T.);
#7176=EDGE_CURVE('',#8649,#8648,#968,.T.);
#7177=EDGE_CURVE('',#8646,#8649,#969,.T.);
#7178=EDGE_CURVE('',#8650,#8648,#9434,.T.);
#7179=EDGE_CURVE('',#8651,#8650,#970,.T.);
#7180=EDGE_CURVE('',#8651,#8649,#9435,.T.);
#7181=EDGE_CURVE('',#8652,#8650,#971,.T.);
#7182=EDGE_CURVE('',#8653,#8652,#972,.T.);
#7183=EDGE_CURVE('',#8653,#8651,#973,.T.);
#7184=EDGE_CURVE('',#8654,#8652,#9436,.T.);
#7185=EDGE_CURVE('',#8655,#8654,#974,.T.);
#7186=EDGE_CURVE('',#8655,#8653,#9437,.T.);
#7187=EDGE_CURVE('',#8656,#8654,#975,.T.);
#7188=EDGE_CURVE('',#8657,#8656,#976,.T.);
#7189=EDGE_CURVE('',#8657,#8655,#977,.T.);
#7190=EDGE_CURVE('',#8658,#8656,#9438,.T.);
#7191=EDGE_CURVE('',#8659,#8658,#978,.T.);
#7192=EDGE_CURVE('',#8659,#8657,#9439,.T.);
#7193=EDGE_CURVE('',#8660,#8661,#9440,.T.);
#7194=EDGE_CURVE('',#8662,#8660,#979,.T.);
#7195=EDGE_CURVE('',#8662,#8663,#9441,.T.);
#7196=EDGE_CURVE('',#8663,#8661,#980,.T.);
#7197=EDGE_CURVE('',#8660,#8664,#981,.T.);
#7198=EDGE_CURVE('',#8665,#8664,#982,.T.);
#7199=EDGE_CURVE('',#8662,#8665,#983,.T.);
#7200=EDGE_CURVE('',#8666,#8664,#9442,.T.);
#7201=EDGE_CURVE('',#8667,#8666,#984,.T.);
#7202=EDGE_CURVE('',#8667,#8665,#9443,.T.);
#7203=EDGE_CURVE('',#8666,#8668,#985,.T.);
#7204=EDGE_CURVE('',#8669,#8668,#986,.T.);
#7205=EDGE_CURVE('',#8667,#8669,#987,.T.);
#7206=EDGE_CURVE('',#8670,#8668,#9444,.T.);
#7207=EDGE_CURVE('',#8671,#8670,#988,.T.);
#7208=EDGE_CURVE('',#8671,#8669,#9445,.T.);
#7209=EDGE_CURVE('',#8672,#8670,#989,.T.);
#7210=EDGE_CURVE('',#8673,#8672,#990,.T.);
#7211=EDGE_CURVE('',#8673,#8671,#991,.T.);
#7212=EDGE_CURVE('',#8674,#8672,#9446,.T.);
#7213=EDGE_CURVE('',#8675,#8674,#992,.T.);
#7214=EDGE_CURVE('',#8675,#8673,#9447,.T.);
#7215=EDGE_CURVE('',#8676,#8677,#9448,.T.);
#7216=EDGE_CURVE('',#8678,#8676,#993,.T.);
#7217=EDGE_CURVE('',#8678,#8679,#9449,.T.);
#7218=EDGE_CURVE('',#8679,#8677,#994,.T.);
#7219=EDGE_CURVE('',#8676,#8680,#995,.T.);
#7220=EDGE_CURVE('',#8681,#8680,#996,.T.);
#7221=EDGE_CURVE('',#8678,#8681,#997,.T.);
#7222=EDGE_CURVE('',#8682,#8680,#9450,.T.);
#7223=EDGE_CURVE('',#8683,#8682,#998,.T.);
#7224=EDGE_CURVE('',#8683,#8681,#9451,.T.);
#7225=EDGE_CURVE('',#8682,#8684,#999,.T.);
#7226=EDGE_CURVE('',#8685,#8684,#1000,.T.);
#7227=EDGE_CURVE('',#8683,#8685,#1001,.T.);
#7228=EDGE_CURVE('',#8686,#8684,#9452,.T.);
#7229=EDGE_CURVE('',#8687,#8686,#1002,.T.);
#7230=EDGE_CURVE('',#8687,#8685,#9453,.T.);
#7231=EDGE_CURVE('',#8688,#8686,#1003,.T.);
#7232=EDGE_CURVE('',#8689,#8688,#1004,.T.);
#7233=EDGE_CURVE('',#8689,#8687,#1005,.T.);
#7234=EDGE_CURVE('',#8690,#8688,#9454,.T.);
#7235=EDGE_CURVE('',#8691,#8690,#1006,.T.);
#7236=EDGE_CURVE('',#8691,#8689,#9455,.T.);
#7237=EDGE_CURVE('',#8692,#8693,#9456,.T.);
#7238=EDGE_CURVE('',#8694,#8692,#1007,.T.);
#7239=EDGE_CURVE('',#8694,#8695,#9457,.T.);
#7240=EDGE_CURVE('',#8695,#8693,#1008,.T.);
#7241=EDGE_CURVE('',#8692,#8696,#1009,.T.);
#7242=EDGE_CURVE('',#8697,#8696,#1010,.T.);
#7243=EDGE_CURVE('',#8694,#8697,#1011,.T.);
#7244=EDGE_CURVE('',#8698,#8696,#9458,.T.);
#7245=EDGE_CURVE('',#8699,#8698,#1012,.T.);
#7246=EDGE_CURVE('',#8699,#8697,#9459,.T.);
#7247=EDGE_CURVE('',#8698,#8700,#1013,.T.);
#7248=EDGE_CURVE('',#8701,#8700,#1014,.T.);
#7249=EDGE_CURVE('',#8699,#8701,#1015,.T.);
#7250=EDGE_CURVE('',#8702,#8700,#9460,.T.);
#7251=EDGE_CURVE('',#8703,#8702,#1016,.T.);
#7252=EDGE_CURVE('',#8703,#8701,#9461,.T.);
#7253=EDGE_CURVE('',#8704,#8702,#1017,.T.);
#7254=EDGE_CURVE('',#8705,#8704,#1018,.T.);
#7255=EDGE_CURVE('',#8705,#8703,#1019,.T.);
#7256=EDGE_CURVE('',#8706,#8704,#9462,.T.);
#7257=EDGE_CURVE('',#8707,#8706,#1020,.T.);
#7258=EDGE_CURVE('',#8707,#8705,#9463,.T.);
#7259=EDGE_CURVE('',#8708,#8709,#9464,.T.);
#7260=EDGE_CURVE('',#8710,#8708,#1021,.T.);
#7261=EDGE_CURVE('',#8710,#8711,#9465,.T.);
#7262=EDGE_CURVE('',#8711,#8709,#1022,.T.);
#7263=EDGE_CURVE('',#8712,#8708,#1023,.T.);
#7264=EDGE_CURVE('',#8713,#8712,#1024,.T.);
#7265=EDGE_CURVE('',#8713,#8710,#1025,.T.);
#7266=EDGE_CURVE('',#8714,#8712,#9466,.T.);
#7267=EDGE_CURVE('',#8715,#8714,#1026,.T.);
#7268=EDGE_CURVE('',#8715,#8713,#9467,.T.);
#7269=EDGE_CURVE('',#8716,#8714,#1027,.T.);
#7270=EDGE_CURVE('',#8717,#8716,#1028,.T.);
#7271=EDGE_CURVE('',#8717,#8715,#1029,.T.);
#7272=EDGE_CURVE('',#8718,#8716,#9468,.T.);
#7273=EDGE_CURVE('',#8719,#8718,#1030,.T.);
#7274=EDGE_CURVE('',#8719,#8717,#9469,.T.);
#7275=EDGE_CURVE('',#8718,#8720,#1031,.T.);
#7276=EDGE_CURVE('',#8721,#8720,#1032,.T.);
#7277=EDGE_CURVE('',#8719,#8721,#1033,.T.);
#7278=EDGE_CURVE('',#8722,#8720,#9470,.T.);
#7279=EDGE_CURVE('',#8723,#8722,#1034,.T.);
#7280=EDGE_CURVE('',#8723,#8721,#9471,.T.);
#7281=EDGE_CURVE('',#8724,#8725,#9472,.T.);
#7282=EDGE_CURVE('',#8726,#8724,#1035,.T.);
#7283=EDGE_CURVE('',#8726,#8727,#9473,.T.);
#7284=EDGE_CURVE('',#8727,#8725,#1036,.T.);
#7285=EDGE_CURVE('',#8724,#8728,#1037,.T.);
#7286=EDGE_CURVE('',#8729,#8728,#1038,.T.);
#7287=EDGE_CURVE('',#8726,#8729,#1039,.T.);
#7288=EDGE_CURVE('',#8730,#8728,#9474,.T.);
#7289=EDGE_CURVE('',#8731,#8730,#1040,.T.);
#7290=EDGE_CURVE('',#8731,#8729,#9475,.T.);
#7291=EDGE_CURVE('',#8732,#8730,#1041,.T.);
#7292=EDGE_CURVE('',#8733,#8732,#1042,.T.);
#7293=EDGE_CURVE('',#8733,#8731,#1043,.T.);
#7294=EDGE_CURVE('',#8734,#8732,#9476,.T.);
#7295=EDGE_CURVE('',#8735,#8734,#1044,.T.);
#7296=EDGE_CURVE('',#8735,#8733,#9477,.T.);
#7297=EDGE_CURVE('',#8736,#8734,#1045,.T.);
#7298=EDGE_CURVE('',#8737,#8736,#1046,.T.);
#7299=EDGE_CURVE('',#8737,#8735,#1047,.T.);
#7300=EDGE_CURVE('',#8738,#8736,#9478,.T.);
#7301=EDGE_CURVE('',#8739,#8738,#1048,.T.);
#7302=EDGE_CURVE('',#8739,#8737,#9479,.T.);
#7303=EDGE_CURVE('',#8740,#8741,#9480,.T.);
#7304=EDGE_CURVE('',#8742,#8740,#1049,.T.);
#7305=EDGE_CURVE('',#8742,#8743,#9481,.T.);
#7306=EDGE_CURVE('',#8743,#8741,#1050,.T.);
#7307=EDGE_CURVE('',#8744,#8740,#1051,.T.);
#7308=EDGE_CURVE('',#8745,#8744,#1052,.T.);
#7309=EDGE_CURVE('',#8745,#8742,#1053,.T.);
#7310=EDGE_CURVE('',#8746,#8744,#9482,.T.);
#7311=EDGE_CURVE('',#8747,#8746,#1054,.T.);
#7312=EDGE_CURVE('',#8747,#8745,#9483,.T.);
#7313=EDGE_CURVE('',#8748,#8746,#1055,.T.);
#7314=EDGE_CURVE('',#8749,#8748,#1056,.T.);
#7315=EDGE_CURVE('',#8749,#8747,#1057,.T.);
#7316=EDGE_CURVE('',#8750,#8748,#9484,.T.);
#7317=EDGE_CURVE('',#8751,#8750,#1058,.T.);
#7318=EDGE_CURVE('',#8751,#8749,#9485,.T.);
#7319=EDGE_CURVE('',#8750,#8752,#1059,.T.);
#7320=EDGE_CURVE('',#8753,#8752,#1060,.T.);
#7321=EDGE_CURVE('',#8751,#8753,#1061,.T.);
#7322=EDGE_CURVE('',#8754,#8752,#9486,.T.);
#7323=EDGE_CURVE('',#8755,#8754,#1062,.T.);
#7324=EDGE_CURVE('',#8755,#8753,#9487,.T.);
#7325=EDGE_CURVE('',#8756,#8757,#1063,.T.);
#7326=EDGE_CURVE('',#8758,#8756,#1064,.T.);
#7327=EDGE_CURVE('',#8758,#8759,#1065,.T.);
#7328=EDGE_CURVE('',#8759,#8757,#1066,.T.);
#7329=EDGE_CURVE('',#8760,#8756,#9488,.T.);
#7330=EDGE_CURVE('',#8761,#8760,#1067,.T.);
#7331=EDGE_CURVE('',#8761,#8758,#9489,.T.);
#7332=EDGE_CURVE('',#8760,#8762,#1068,.T.);
#7333=EDGE_CURVE('',#8763,#8762,#1069,.T.);
#7334=EDGE_CURVE('',#8761,#8763,#1070,.T.);
#7335=EDGE_CURVE('',#8764,#8762,#9490,.T.);
#7336=EDGE_CURVE('',#8765,#8764,#1071,.T.);
#7337=EDGE_CURVE('',#8765,#8763,#9491,.T.);
#7338=EDGE_CURVE('',#8764,#8766,#1072,.T.);
#7339=EDGE_CURVE('',#8767,#8766,#1073,.T.);
#7340=EDGE_CURVE('',#8765,#8767,#1074,.T.);
#7341=EDGE_CURVE('',#8768,#8766,#9492,.T.);
#7342=EDGE_CURVE('',#8769,#8768,#1075,.T.);
#7343=EDGE_CURVE('',#8769,#8767,#9493,.T.);
#7344=EDGE_CURVE('',#8770,#8768,#1076,.T.);
#7345=EDGE_CURVE('',#8771,#8770,#1077,.T.);
#7346=EDGE_CURVE('',#8771,#8769,#1078,.T.);
#7347=EDGE_CURVE('',#8772,#8773,#1079,.T.);
#7348=EDGE_CURVE('',#8774,#8772,#1080,.T.);
#7349=EDGE_CURVE('',#8774,#8775,#1081,.T.);
#7350=EDGE_CURVE('',#8775,#8773,#1082,.T.);
#7351=EDGE_CURVE('',#8776,#8772,#9494,.T.);
#7352=EDGE_CURVE('',#8777,#8776,#1083,.T.);
#7353=EDGE_CURVE('',#8777,#8774,#9495,.T.);
#7354=EDGE_CURVE('',#8776,#8778,#1084,.T.);
#7355=EDGE_CURVE('',#8779,#8778,#1085,.T.);
#7356=EDGE_CURVE('',#8777,#8779,#1086,.T.);
#7357=EDGE_CURVE('',#8780,#8778,#9496,.T.);
#7358=EDGE_CURVE('',#8781,#8780,#1087,.T.);
#7359=EDGE_CURVE('',#8781,#8779,#9497,.T.);
#7360=EDGE_CURVE('',#8780,#8782,#1088,.T.);
#7361=EDGE_CURVE('',#8783,#8782,#1089,.T.);
#7362=EDGE_CURVE('',#8781,#8783,#1090,.T.);
#7363=EDGE_CURVE('',#8784,#8782,#9498,.T.);
#7364=EDGE_CURVE('',#8785,#8784,#1091,.T.);
#7365=EDGE_CURVE('',#8785,#8783,#9499,.T.);
#7366=EDGE_CURVE('',#8786,#8784,#1092,.T.);
#7367=EDGE_CURVE('',#8787,#8786,#1093,.T.);
#7368=EDGE_CURVE('',#8787,#8785,#1094,.T.);
#7369=EDGE_CURVE('',#8788,#8789,#9500,.T.);
#7370=EDGE_CURVE('',#8790,#8788,#1095,.T.);
#7371=EDGE_CURVE('',#8790,#8791,#9501,.T.);
#7372=EDGE_CURVE('',#8791,#8789,#1096,.T.);
#7373=EDGE_CURVE('',#8792,#8788,#1097,.T.);
#7374=EDGE_CURVE('',#8793,#8792,#1098,.T.);
#7375=EDGE_CURVE('',#8793,#8790,#1099,.T.);
#7376=EDGE_CURVE('',#8794,#8792,#9502,.T.);
#7377=EDGE_CURVE('',#8795,#8794,#1100,.T.);
#7378=EDGE_CURVE('',#8795,#8793,#9503,.T.);
#7379=EDGE_CURVE('',#8794,#8796,#1101,.T.);
#7380=EDGE_CURVE('',#8797,#8796,#1102,.T.);
#7381=EDGE_CURVE('',#8795,#8797,#1103,.T.);
#7382=EDGE_CURVE('',#8798,#8796,#9504,.T.);
#7383=EDGE_CURVE('',#8799,#8798,#1104,.T.);
#7384=EDGE_CURVE('',#8799,#8797,#9505,.T.);
#7385=EDGE_CURVE('',#8798,#8800,#1105,.T.);
#7386=EDGE_CURVE('',#8801,#8800,#1106,.T.);
#7387=EDGE_CURVE('',#8799,#8801,#1107,.T.);
#7388=EDGE_CURVE('',#8802,#8800,#9506,.T.);
#7389=EDGE_CURVE('',#8803,#8802,#1108,.T.);
#7390=EDGE_CURVE('',#8803,#8801,#9507,.T.);
#7391=EDGE_CURVE('',#8804,#8805,#9508,.T.);
#7392=EDGE_CURVE('',#8806,#8804,#1109,.T.);
#7393=EDGE_CURVE('',#8806,#8807,#9509,.T.);
#7394=EDGE_CURVE('',#8807,#8805,#1110,.T.);
#7395=EDGE_CURVE('',#8804,#8808,#1111,.T.);
#7396=EDGE_CURVE('',#8809,#8808,#1112,.T.);
#7397=EDGE_CURVE('',#8806,#8809,#1113,.T.);
#7398=EDGE_CURVE('',#8810,#8808,#9510,.T.);
#7399=EDGE_CURVE('',#8811,#8810,#1114,.T.);
#7400=EDGE_CURVE('',#8811,#8809,#9511,.T.);
#7401=EDGE_CURVE('',#8812,#8810,#1115,.T.);
#7402=EDGE_CURVE('',#8813,#8812,#1116,.T.);
#7403=EDGE_CURVE('',#8813,#8811,#1117,.T.);
#7404=EDGE_CURVE('',#8814,#8812,#9512,.T.);
#7405=EDGE_CURVE('',#8815,#8814,#1118,.T.);
#7406=EDGE_CURVE('',#8815,#8813,#9513,.T.);
#7407=EDGE_CURVE('',#8816,#8814,#1119,.T.);
#7408=EDGE_CURVE('',#8817,#8816,#1120,.T.);
#7409=EDGE_CURVE('',#8817,#8815,#1121,.T.);
#7410=EDGE_CURVE('',#8818,#8816,#9514,.T.);
#7411=EDGE_CURVE('',#8819,#8818,#1122,.T.);
#7412=EDGE_CURVE('',#8819,#8817,#9515,.T.);
#7413=EDGE_CURVE('',#8820,#8821,#9516,.T.);
#7414=EDGE_CURVE('',#8822,#8820,#1123,.T.);
#7415=EDGE_CURVE('',#8822,#8823,#9517,.T.);
#7416=EDGE_CURVE('',#8823,#8821,#1124,.T.);
#7417=EDGE_CURVE('',#8820,#8824,#1125,.T.);
#7418=EDGE_CURVE('',#8825,#8824,#1126,.T.);
#7419=EDGE_CURVE('',#8822,#8825,#1127,.T.);
#7420=EDGE_CURVE('',#8826,#8824,#9518,.T.);
#7421=EDGE_CURVE('',#8827,#8826,#1128,.T.);
#7422=EDGE_CURVE('',#8827,#8825,#9519,.T.);
#7423=EDGE_CURVE('',#8826,#8828,#1129,.T.);
#7424=EDGE_CURVE('',#8829,#8828,#1130,.T.);
#7425=EDGE_CURVE('',#8827,#8829,#1131,.T.);
#7426=EDGE_CURVE('',#8830,#8828,#9520,.T.);
#7427=EDGE_CURVE('',#8831,#8830,#1132,.T.);
#7428=EDGE_CURVE('',#8831,#8829,#9521,.T.);
#7429=EDGE_CURVE('',#8832,#8830,#1133,.T.);
#7430=EDGE_CURVE('',#8833,#8832,#1134,.T.);
#7431=EDGE_CURVE('',#8833,#8831,#1135,.T.);
#7432=EDGE_CURVE('',#8834,#8832,#9522,.T.);
#7433=EDGE_CURVE('',#8835,#8834,#1136,.T.);
#7434=EDGE_CURVE('',#8835,#8833,#9523,.T.);
#7435=EDGE_CURVE('',#8836,#8837,#9524,.T.);
#7436=EDGE_CURVE('',#8838,#8836,#1137,.T.);
#7437=EDGE_CURVE('',#8838,#8839,#9525,.T.);
#7438=EDGE_CURVE('',#8839,#8837,#1138,.T.);
#7439=EDGE_CURVE('',#8836,#8840,#1139,.T.);
#7440=EDGE_CURVE('',#8841,#8840,#1140,.T.);
#7441=EDGE_CURVE('',#8838,#8841,#1141,.T.);
#7442=EDGE_CURVE('',#8842,#8840,#9526,.T.);
#7443=EDGE_CURVE('',#8843,#8842,#1142,.T.);
#7444=EDGE_CURVE('',#8843,#8841,#9527,.T.);
#7445=EDGE_CURVE('',#8842,#8844,#1143,.T.);
#7446=EDGE_CURVE('',#8845,#8844,#1144,.T.);
#7447=EDGE_CURVE('',#8843,#8845,#1145,.T.);
#7448=EDGE_CURVE('',#8846,#8844,#9528,.T.);
#7449=EDGE_CURVE('',#8847,#8846,#1146,.T.);
#7450=EDGE_CURVE('',#8847,#8845,#9529,.T.);
#7451=EDGE_CURVE('',#8848,#8846,#1147,.T.);
#7452=EDGE_CURVE('',#8849,#8848,#1148,.T.);
#7453=EDGE_CURVE('',#8849,#8847,#1149,.T.);
#7454=EDGE_CURVE('',#8850,#8848,#9530,.T.);
#7455=EDGE_CURVE('',#8851,#8850,#1150,.T.);
#7456=EDGE_CURVE('',#8851,#8849,#9531,.T.);
#7457=EDGE_CURVE('',#8852,#8853,#1151,.T.);
#7458=EDGE_CURVE('',#8854,#8852,#1152,.T.);
#7459=EDGE_CURVE('',#8854,#8855,#1153,.T.);
#7460=EDGE_CURVE('',#8855,#8853,#1154,.T.);
#7461=EDGE_CURVE('',#8856,#8852,#9532,.T.);
#7462=EDGE_CURVE('',#8857,#8856,#1155,.T.);
#7463=EDGE_CURVE('',#8857,#8854,#9533,.T.);
#7464=EDGE_CURVE('',#8858,#8856,#1156,.T.);
#7465=EDGE_CURVE('',#8859,#8858,#1157,.T.);
#7466=EDGE_CURVE('',#8859,#8857,#1158,.T.);
#7467=EDGE_CURVE('',#8860,#8858,#9534,.T.);
#7468=EDGE_CURVE('',#8861,#8860,#1159,.T.);
#7469=EDGE_CURVE('',#8861,#8859,#9535,.T.);
#7470=EDGE_CURVE('',#8860,#8862,#1160,.T.);
#7471=EDGE_CURVE('',#8863,#8862,#1161,.T.);
#7472=EDGE_CURVE('',#8861,#8863,#1162,.T.);
#7473=EDGE_CURVE('',#8864,#8862,#9536,.T.);
#7474=EDGE_CURVE('',#8865,#8864,#1163,.T.);
#7475=EDGE_CURVE('',#8865,#8863,#9537,.T.);
#7476=EDGE_CURVE('',#8864,#8866,#1164,.T.);
#7477=EDGE_CURVE('',#8867,#8866,#1165,.T.);
#7478=EDGE_CURVE('',#8865,#8867,#1166,.T.);
#7479=EDGE_CURVE('',#8868,#8869,#9538,.T.);
#7480=EDGE_CURVE('',#8870,#8868,#1167,.T.);
#7481=EDGE_CURVE('',#8870,#8871,#9539,.T.);
#7482=EDGE_CURVE('',#8871,#8869,#1168,.T.);
#7483=EDGE_CURVE('',#8872,#8868,#1169,.T.);
#7484=EDGE_CURVE('',#8873,#8872,#1170,.T.);
#7485=EDGE_CURVE('',#8873,#8870,#1171,.T.);
#7486=EDGE_CURVE('',#8874,#8872,#9540,.T.);
#7487=EDGE_CURVE('',#8875,#8874,#1172,.T.);
#7488=EDGE_CURVE('',#8875,#8873,#9541,.T.);
#7489=EDGE_CURVE('',#8876,#8874,#1173,.T.);
#7490=EDGE_CURVE('',#8877,#8876,#1174,.T.);
#7491=EDGE_CURVE('',#8877,#8875,#1175,.T.);
#7492=EDGE_CURVE('',#8878,#8876,#9542,.T.);
#7493=EDGE_CURVE('',#8879,#8878,#1176,.T.);
#7494=EDGE_CURVE('',#8879,#8877,#9543,.T.);
#7495=EDGE_CURVE('',#8878,#8880,#1177,.T.);
#7496=EDGE_CURVE('',#8881,#8880,#1178,.T.);
#7497=EDGE_CURVE('',#8879,#8881,#1179,.T.);
#7498=EDGE_CURVE('',#8882,#8880,#9544,.T.);
#7499=EDGE_CURVE('',#8883,#8882,#1180,.T.);
#7500=EDGE_CURVE('',#8883,#8881,#9545,.T.);
#7501=EDGE_CURVE('',#8884,#8885,#1181,.T.);
#7502=EDGE_CURVE('',#8886,#8884,#1182,.T.);
#7503=EDGE_CURVE('',#8886,#8887,#1183,.T.);
#7504=EDGE_CURVE('',#8887,#8885,#1184,.T.);
#7505=EDGE_CURVE('',#8888,#8884,#9546,.T.);
#7506=EDGE_CURVE('',#8889,#8888,#1185,.T.);
#7507=EDGE_CURVE('',#8889,#8886,#9547,.T.);
#7508=EDGE_CURVE('',#8890,#8888,#1186,.T.);
#7509=EDGE_CURVE('',#8891,#8890,#1187,.T.);
#7510=EDGE_CURVE('',#8891,#8889,#1188,.T.);
#7511=EDGE_CURVE('',#8892,#8890,#9548,.T.);
#7512=EDGE_CURVE('',#8893,#8892,#1189,.T.);
#7513=EDGE_CURVE('',#8893,#8891,#9549,.T.);
#7514=EDGE_CURVE('',#8892,#8894,#1190,.T.);
#7515=EDGE_CURVE('',#8895,#8894,#1191,.T.);
#7516=EDGE_CURVE('',#8893,#8895,#1192,.T.);
#7517=EDGE_CURVE('',#8896,#8894,#9550,.T.);
#7518=EDGE_CURVE('',#8897,#8896,#1193,.T.);
#7519=EDGE_CURVE('',#8897,#8895,#9551,.T.);
#7520=EDGE_CURVE('',#8896,#8898,#1194,.T.);
#7521=EDGE_CURVE('',#8899,#8898,#1195,.T.);
#7522=EDGE_CURVE('',#8897,#8899,#1196,.T.);
#7523=EDGE_CURVE('',#8900,#8901,#9552,.T.);
#7524=EDGE_CURVE('',#8902,#8900,#1197,.T.);
#7525=EDGE_CURVE('',#8902,#8903,#9553,.T.);
#7526=EDGE_CURVE('',#8903,#8901,#1198,.T.);
#7527=EDGE_CURVE('',#8904,#8900,#1199,.T.);
#7528=EDGE_CURVE('',#8905,#8904,#1200,.T.);
#7529=EDGE_CURVE('',#8905,#8902,#1201,.T.);
#7530=EDGE_CURVE('',#8906,#8904,#9554,.T.);
#7531=EDGE_CURVE('',#8907,#8906,#1202,.T.);
#7532=EDGE_CURVE('',#8907,#8905,#9555,.T.);
#7533=EDGE_CURVE('',#8908,#8906,#1203,.T.);
#7534=EDGE_CURVE('',#8909,#8908,#1204,.T.);
#7535=EDGE_CURVE('',#8909,#8907,#1205,.T.);
#7536=EDGE_CURVE('',#8910,#8908,#9556,.T.);
#7537=EDGE_CURVE('',#8911,#8910,#1206,.T.);
#7538=EDGE_CURVE('',#8911,#8909,#9557,.T.);
#7539=EDGE_CURVE('',#8910,#8912,#1207,.T.);
#7540=EDGE_CURVE('',#8913,#8912,#1208,.T.);
#7541=EDGE_CURVE('',#8911,#8913,#1209,.T.);
#7542=EDGE_CURVE('',#8914,#8912,#9558,.T.);
#7543=EDGE_CURVE('',#8915,#8914,#1210,.T.);
#7544=EDGE_CURVE('',#8915,#8913,#9559,.T.);
#7545=EDGE_CURVE('',#8916,#8917,#9560,.T.);
#7546=EDGE_CURVE('',#8918,#8916,#1211,.T.);
#7547=EDGE_CURVE('',#8918,#8919,#9561,.T.);
#7548=EDGE_CURVE('',#8919,#8917,#1212,.T.);
#7549=EDGE_CURVE('',#8916,#8920,#1213,.T.);
#7550=EDGE_CURVE('',#8921,#8920,#1214,.T.);
#7551=EDGE_CURVE('',#8918,#8921,#1215,.T.);
#7552=EDGE_CURVE('',#8922,#8920,#9562,.T.);
#7553=EDGE_CURVE('',#8923,#8922,#1216,.T.);
#7554=EDGE_CURVE('',#8923,#8921,#9563,.T.);
#7555=EDGE_CURVE('',#8924,#8922,#1217,.T.);
#7556=EDGE_CURVE('',#8925,#8924,#1218,.T.);
#7557=EDGE_CURVE('',#8925,#8923,#1219,.T.);
#7558=EDGE_CURVE('',#8926,#8924,#9564,.T.);
#7559=EDGE_CURVE('',#8927,#8926,#1220,.T.);
#7560=EDGE_CURVE('',#8927,#8925,#9565,.T.);
#7561=EDGE_CURVE('',#8928,#8926,#1221,.T.);
#7562=EDGE_CURVE('',#8929,#8928,#1222,.T.);
#7563=EDGE_CURVE('',#8929,#8927,#1223,.T.);
#7564=EDGE_CURVE('',#8930,#8928,#9566,.T.);
#7565=EDGE_CURVE('',#8931,#8930,#1224,.T.);
#7566=EDGE_CURVE('',#8931,#8929,#9567,.T.);
#7567=EDGE_CURVE('',#8932,#8933,#9568,.T.);
#7568=EDGE_CURVE('',#8934,#8932,#1225,.T.);
#7569=EDGE_CURVE('',#8934,#8935,#9569,.T.);
#7570=EDGE_CURVE('',#8935,#8933,#1226,.T.);
#7571=EDGE_CURVE('',#8932,#8936,#1227,.T.);
#7572=EDGE_CURVE('',#8937,#8936,#1228,.T.);
#7573=EDGE_CURVE('',#8934,#8937,#1229,.T.);
#7574=EDGE_CURVE('',#8938,#8936,#9570,.T.);
#7575=EDGE_CURVE('',#8939,#8938,#1230,.T.);
#7576=EDGE_CURVE('',#8939,#8937,#9571,.T.);
#7577=EDGE_CURVE('',#8940,#8938,#1231,.T.);
#7578=EDGE_CURVE('',#8941,#8940,#1232,.T.);
#7579=EDGE_CURVE('',#8941,#8939,#1233,.T.);
#7580=EDGE_CURVE('',#8942,#8940,#9572,.T.);
#7581=EDGE_CURVE('',#8943,#8942,#1234,.T.);
#7582=EDGE_CURVE('',#8943,#8941,#9573,.T.);
#7583=EDGE_CURVE('',#8944,#8942,#1235,.T.);
#7584=EDGE_CURVE('',#8945,#8944,#1236,.T.);
#7585=EDGE_CURVE('',#8945,#8943,#1237,.T.);
#7586=EDGE_CURVE('',#8946,#8944,#9574,.T.);
#7587=EDGE_CURVE('',#8947,#8946,#1238,.T.);
#7588=EDGE_CURVE('',#8947,#8945,#9575,.T.);
#7589=EDGE_CURVE('',#8948,#8949,#9576,.T.);
#7590=EDGE_CURVE('',#8950,#8948,#1239,.T.);
#7591=EDGE_CURVE('',#8950,#8951,#9577,.T.);
#7592=EDGE_CURVE('',#8951,#8949,#1240,.T.);
#7593=EDGE_CURVE('',#8948,#8952,#1241,.T.);
#7594=EDGE_CURVE('',#8953,#8952,#1242,.T.);
#7595=EDGE_CURVE('',#8950,#8953,#1243,.T.);
#7596=EDGE_CURVE('',#8954,#8952,#9578,.T.);
#7597=EDGE_CURVE('',#8955,#8954,#1244,.T.);
#7598=EDGE_CURVE('',#8955,#8953,#9579,.T.);
#7599=EDGE_CURVE('',#8956,#8954,#1245,.T.);
#7600=EDGE_CURVE('',#8957,#8956,#1246,.T.);
#7601=EDGE_CURVE('',#8957,#8955,#1247,.T.);
#7602=EDGE_CURVE('',#8958,#8956,#9580,.T.);
#7603=EDGE_CURVE('',#8959,#8958,#1248,.T.);
#7604=EDGE_CURVE('',#8959,#8957,#9581,.T.);
#7605=EDGE_CURVE('',#8960,#8958,#1249,.T.);
#7606=EDGE_CURVE('',#8961,#8960,#1250,.T.);
#7607=EDGE_CURVE('',#8961,#8959,#1251,.T.);
#7608=EDGE_CURVE('',#8962,#8960,#9582,.T.);
#7609=EDGE_CURVE('',#8963,#8962,#1252,.T.);
#7610=EDGE_CURVE('',#8963,#8961,#9583,.T.);
#7611=EDGE_CURVE('',#8964,#8965,#9584,.T.);
#7612=EDGE_CURVE('',#8966,#8964,#1253,.T.);
#7613=EDGE_CURVE('',#8966,#8967,#9585,.T.);
#7614=EDGE_CURVE('',#8967,#8965,#1254,.T.);
#7615=EDGE_CURVE('',#8968,#8964,#1255,.T.);
#7616=EDGE_CURVE('',#8969,#8968,#1256,.T.);
#7617=EDGE_CURVE('',#8969,#8966,#1257,.T.);
#7618=EDGE_CURVE('',#8970,#8968,#9586,.T.);
#7619=EDGE_CURVE('',#8971,#8970,#1258,.T.);
#7620=EDGE_CURVE('',#8971,#8969,#9587,.T.);
#7621=EDGE_CURVE('',#8970,#8972,#1259,.T.);
#7622=EDGE_CURVE('',#8973,#8972,#1260,.T.);
#7623=EDGE_CURVE('',#8971,#8973,#1261,.T.);
#7624=EDGE_CURVE('',#8974,#8972,#9588,.T.);
#7625=EDGE_CURVE('',#8975,#8974,#1262,.T.);
#7626=EDGE_CURVE('',#8975,#8973,#9589,.T.);
#7627=EDGE_CURVE('',#8974,#8976,#1263,.T.);
#7628=EDGE_CURVE('',#8977,#8976,#1264,.T.);
#7629=EDGE_CURVE('',#8975,#8977,#1265,.T.);
#7630=EDGE_CURVE('',#8978,#8976,#9590,.T.);
#7631=EDGE_CURVE('',#8979,#8978,#1266,.T.);
#7632=EDGE_CURVE('',#8979,#8977,#9591,.T.);
#7633=EDGE_CURVE('',#8980,#8981,#9592,.T.);
#7634=EDGE_CURVE('',#8982,#8980,#1267,.T.);
#7635=EDGE_CURVE('',#8982,#8983,#9593,.T.);
#7636=EDGE_CURVE('',#8983,#8981,#1268,.T.);
#7637=EDGE_CURVE('',#8980,#8984,#1269,.T.);
#7638=EDGE_CURVE('',#8985,#8984,#1270,.T.);
#7639=EDGE_CURVE('',#8982,#8985,#1271,.T.);
#7640=EDGE_CURVE('',#8986,#8984,#9594,.T.);
#7641=EDGE_CURVE('',#8987,#8986,#1272,.T.);
#7642=EDGE_CURVE('',#8987,#8985,#9595,.T.);
#7643=EDGE_CURVE('',#8988,#8986,#1273,.T.);
#7644=EDGE_CURVE('',#8989,#8988,#1274,.T.);
#7645=EDGE_CURVE('',#8989,#8987,#1275,.T.);
#7646=EDGE_CURVE('',#8990,#8988,#9596,.T.);
#7647=EDGE_CURVE('',#8991,#8990,#1276,.T.);
#7648=EDGE_CURVE('',#8991,#8989,#9597,.T.);
#7649=EDGE_CURVE('',#8992,#8990,#1277,.T.);
#7650=EDGE_CURVE('',#8993,#8992,#1278,.T.);
#7651=EDGE_CURVE('',#8993,#8991,#1279,.T.);
#7652=EDGE_CURVE('',#8994,#8992,#9598,.T.);
#7653=EDGE_CURVE('',#8995,#8994,#1280,.T.);
#7654=EDGE_CURVE('',#8995,#8993,#9599,.T.);
#7655=EDGE_CURVE('',#8996,#8997,#9600,.T.);
#7656=EDGE_CURVE('',#8998,#8996,#1281,.T.);
#7657=EDGE_CURVE('',#8998,#8999,#9601,.T.);
#7658=EDGE_CURVE('',#8999,#8997,#1282,.T.);
#7659=EDGE_CURVE('',#8996,#9000,#1283,.T.);
#7660=EDGE_CURVE('',#9001,#9000,#1284,.T.);
#7661=EDGE_CURVE('',#8998,#9001,#1285,.T.);
#7662=EDGE_CURVE('',#9002,#9000,#9602,.T.);
#7663=EDGE_CURVE('',#9003,#9002,#1286,.T.);
#7664=EDGE_CURVE('',#9003,#9001,#9603,.T.);
#7665=EDGE_CURVE('',#9004,#9002,#1287,.T.);
#7666=EDGE_CURVE('',#9005,#9004,#1288,.T.);
#7667=EDGE_CURVE('',#9005,#9003,#1289,.T.);
#7668=EDGE_CURVE('',#9006,#9004,#9604,.T.);
#7669=EDGE_CURVE('',#9007,#9006,#1290,.T.);
#7670=EDGE_CURVE('',#9007,#9005,#9605,.T.);
#7671=EDGE_CURVE('',#9008,#9006,#1291,.T.);
#7672=EDGE_CURVE('',#9009,#9008,#1292,.T.);
#7673=EDGE_CURVE('',#9009,#9007,#1293,.T.);
#7674=EDGE_CURVE('',#9010,#9008,#9606,.T.);
#7675=EDGE_CURVE('',#9011,#9010,#1294,.T.);
#7676=EDGE_CURVE('',#9011,#9009,#9607,.T.);
#7677=EDGE_CURVE('',#9012,#9013,#1295,.T.);
#7678=EDGE_CURVE('',#9014,#9012,#1296,.T.);
#7679=EDGE_CURVE('',#9014,#9015,#1297,.T.);
#7680=EDGE_CURVE('',#9015,#9013,#1298,.T.);
#7681=EDGE_CURVE('',#9016,#9012,#9608,.T.);
#7682=EDGE_CURVE('',#9017,#9016,#1299,.T.);
#7683=EDGE_CURVE('',#9017,#9014,#9609,.T.);
#7684=EDGE_CURVE('',#9018,#9016,#1300,.T.);
#7685=EDGE_CURVE('',#9019,#9018,#1301,.T.);
#7686=EDGE_CURVE('',#9019,#9017,#1302,.T.);
#7687=EDGE_CURVE('',#9020,#9018,#9610,.T.);
#7688=EDGE_CURVE('',#9021,#9020,#1303,.T.);
#7689=EDGE_CURVE('',#9021,#9019,#9611,.T.);
#7690=EDGE_CURVE('',#9020,#9022,#1304,.T.);
#7691=EDGE_CURVE('',#9023,#9022,#1305,.T.);
#7692=EDGE_CURVE('',#9021,#9023,#1306,.T.);
#7693=EDGE_CURVE('',#9024,#9022,#9612,.T.);
#7694=EDGE_CURVE('',#9025,#9024,#1307,.T.);
#7695=EDGE_CURVE('',#9025,#9023,#9613,.T.);
#7696=EDGE_CURVE('',#9024,#9026,#1308,.T.);
#7697=EDGE_CURVE('',#9027,#9026,#1309,.T.);
#7698=EDGE_CURVE('',#9025,#9027,#1310,.T.);
#7699=EDGE_CURVE('',#9028,#9029,#1311,.T.);
#7700=EDGE_CURVE('',#9030,#9029,#1312,.T.);
#7701=EDGE_CURVE('',#9031,#9030,#1313,.T.);
#7702=EDGE_CURVE('',#9031,#9028,#1314,.T.);
#7703=EDGE_CURVE('',#9029,#9032,#1315,.T.);
#7704=EDGE_CURVE('',#9033,#9032,#1316,.T.);
#7705=EDGE_CURVE('',#9030,#9033,#1317,.T.);
#7706=EDGE_CURVE('',#9034,#9032,#1318,.T.);
#7707=EDGE_CURVE('',#9035,#9034,#1319,.T.);
#7708=EDGE_CURVE('',#9035,#9033,#1320,.T.);
#7709=EDGE_CURVE('',#9034,#9036,#1321,.T.);
#7710=EDGE_CURVE('',#9037,#9036,#1322,.T.);
#7711=EDGE_CURVE('',#9035,#9037,#1323,.T.);
#7712=EDGE_CURVE('',#9038,#9036,#1324,.T.);
#7713=EDGE_CURVE('',#9039,#9038,#1325,.T.);
#7714=EDGE_CURVE('',#9039,#9037,#1326,.T.);
#7715=EDGE_CURVE('',#9040,#9038,#1327,.T.);
#7716=EDGE_CURVE('',#9041,#9040,#1328,.T.);
#7717=EDGE_CURVE('',#9041,#9039,#1329,.T.);
#7718=EDGE_CURVE('',#9040,#9042,#1330,.T.);
#7719=EDGE_CURVE('',#9043,#9042,#1331,.T.);
#7720=EDGE_CURVE('',#9041,#9043,#1332,.T.);
#7721=EDGE_CURVE('',#9044,#9042,#1333,.T.);
#7722=EDGE_CURVE('',#9045,#9044,#1334,.T.);
#7723=EDGE_CURVE('',#9045,#9043,#1335,.T.);
#7724=EDGE_CURVE('',#9044,#9046,#1336,.T.);
#7725=EDGE_CURVE('',#9047,#9046,#1337,.T.);
#7726=EDGE_CURVE('',#9045,#9047,#1338,.T.);
#7727=EDGE_CURVE('',#9046,#9048,#1339,.T.);
#7728=EDGE_CURVE('',#9049,#9048,#1340,.T.);
#7729=EDGE_CURVE('',#9047,#9049,#1341,.T.);
#7730=EDGE_CURVE('',#9048,#9050,#1342,.T.);
#7731=EDGE_CURVE('',#9051,#9050,#1343,.T.);
#7732=EDGE_CURVE('',#9049,#9051,#1344,.T.);
#7733=EDGE_CURVE('',#9050,#9052,#9614,.T.);
#7734=EDGE_CURVE('',#9053,#9052,#1345,.T.);
#7735=EDGE_CURVE('',#9051,#9053,#9615,.T.);
#7736=EDGE_CURVE('',#9054,#9052,#9616,.T.);
#7737=EDGE_CURVE('',#9055,#9054,#1346,.T.);
#7738=EDGE_CURVE('',#9055,#9053,#9617,.T.);
#7739=EDGE_CURVE('',#9056,#9054,#9618,.T.);
#7740=EDGE_CURVE('',#9057,#9056,#1347,.T.);
#7741=EDGE_CURVE('',#9057,#9055,#9619,.T.);
#7742=EDGE_CURVE('',#9056,#9058,#9620,.T.);
#7743=EDGE_CURVE('',#9059,#9058,#1348,.T.);
#7744=EDGE_CURVE('',#9057,#9059,#9621,.T.);
#7745=EDGE_CURVE('',#9058,#9060,#1349,.T.);
#7746=EDGE_CURVE('',#9061,#9060,#1350,.T.);
#7747=EDGE_CURVE('',#9059,#9061,#1351,.T.);
#7748=EDGE_CURVE('',#9060,#9062,#1352,.T.);
#7749=EDGE_CURVE('',#9063,#9062,#1353,.T.);
#7750=EDGE_CURVE('',#9061,#9063,#1354,.T.);
#7751=EDGE_CURVE('',#9062,#9064,#1355,.T.);
#7752=EDGE_CURVE('',#9065,#9064,#1356,.T.);
#7753=EDGE_CURVE('',#9063,#9065,#1357,.T.);
#7754=EDGE_CURVE('',#9064,#9066,#1358,.T.);
#7755=EDGE_CURVE('',#9067,#9066,#1359,.T.);
#7756=EDGE_CURVE('',#9065,#9067,#1360,.T.);
#7757=EDGE_CURVE('',#9066,#9068,#9622,.T.);
#7758=EDGE_CURVE('',#9069,#9068,#1361,.T.);
#7759=EDGE_CURVE('',#9067,#9069,#9623,.T.);
#7760=EDGE_CURVE('',#9068,#9070,#1362,.T.);
#7761=EDGE_CURVE('',#9071,#9070,#1363,.T.);
#7762=EDGE_CURVE('',#9069,#9071,#1364,.T.);
#7763=EDGE_CURVE('',#9070,#9072,#9624,.T.);
#7764=EDGE_CURVE('',#9073,#9072,#1365,.T.);
#7765=EDGE_CURVE('',#9071,#9073,#9625,.T.);
#7766=EDGE_CURVE('',#9072,#9074,#1366,.T.);
#7767=EDGE_CURVE('',#9075,#9074,#1367,.T.);
#7768=EDGE_CURVE('',#9073,#9075,#1368,.T.);
#7769=EDGE_CURVE('',#9076,#9074,#1369,.T.);
#7770=EDGE_CURVE('',#9077,#9076,#1370,.T.);
#7771=EDGE_CURVE('',#9077,#9075,#1371,.T.);
#7772=EDGE_CURVE('',#7929,#7942,#1372,.T.);
#7773=EDGE_CURVE('',#7931,#7943,#1373,.T.);
#7774=EDGE_CURVE('',#7958,#7945,#1374,.T.);
#7775=EDGE_CURVE('',#7959,#7947,#1375,.T.);
#7776=EDGE_CURVE('',#7961,#7974,#1376,.T.);
#7777=EDGE_CURVE('',#7963,#7975,#1377,.T.);
#7778=EDGE_CURVE('',#7990,#7977,#1378,.T.);
#7779=EDGE_CURVE('',#7991,#7979,#1379,.T.);
#7780=EDGE_CURVE('',#7993,#8006,#1380,.T.);
#7781=EDGE_CURVE('',#7995,#8007,#1381,.T.);
#7782=EDGE_CURVE('',#8022,#8009,#1382,.T.);
#7783=EDGE_CURVE('',#8023,#8011,#1383,.T.);
#7784=EDGE_CURVE('',#8025,#8038,#1384,.T.);
#7785=EDGE_CURVE('',#8027,#8039,#1385,.T.);
#7786=EDGE_CURVE('',#8054,#8041,#1386,.T.);
#7787=EDGE_CURVE('',#8055,#8043,#1387,.T.);
#7788=EDGE_CURVE('',#8070,#8057,#1388,.T.);
#7789=EDGE_CURVE('',#8071,#8059,#1389,.T.);
#7790=EDGE_CURVE('',#8086,#8073,#1390,.T.);
#7791=EDGE_CURVE('',#8087,#8075,#1391,.T.);
#7792=EDGE_CURVE('',#8089,#8102,#1392,.T.);
#7793=EDGE_CURVE('',#8091,#8103,#1393,.T.);
#7794=EDGE_CURVE('',#8105,#8118,#1394,.T.);
#7795=EDGE_CURVE('',#8107,#8119,#1395,.T.);
#7796=EDGE_CURVE('',#8121,#8134,#1396,.T.);
#7797=EDGE_CURVE('',#8123,#8135,#1397,.T.);
#7798=EDGE_CURVE('',#8137,#8150,#1398,.T.);
#7799=EDGE_CURVE('',#8139,#8151,#1399,.T.);
#7800=EDGE_CURVE('',#8153,#8166,#1400,.T.);
#7801=EDGE_CURVE('',#8155,#8167,#1401,.T.);
#7802=EDGE_CURVE('',#8182,#8169,#1402,.T.);
#7803=EDGE_CURVE('',#8183,#8171,#1403,.T.);
#7804=EDGE_CURVE('',#8198,#8185,#1404,.T.);
#7805=EDGE_CURVE('',#8199,#8187,#1405,.T.);
#7806=EDGE_CURVE('',#8201,#8214,#1406,.T.);
#7807=EDGE_CURVE('',#8203,#8215,#1407,.T.);
#7808=EDGE_CURVE('',#8217,#8230,#1408,.T.);
#7809=EDGE_CURVE('',#8219,#8231,#1409,.T.);
#7810=EDGE_CURVE('',#8233,#8246,#1410,.T.);
#7811=EDGE_CURVE('',#8235,#8247,#1411,.T.);
#7812=EDGE_CURVE('',#8249,#8262,#1412,.T.);
#7813=EDGE_CURVE('',#8251,#8263,#1413,.T.);
#7814=EDGE_CURVE('',#8278,#8265,#1414,.T.);
#7815=EDGE_CURVE('',#8279,#8267,#1415,.T.);
#7816=EDGE_CURVE('',#8281,#8294,#1416,.T.);
#7817=EDGE_CURVE('',#8283,#8295,#1417,.T.);
#7818=EDGE_CURVE('',#8297,#8310,#9626,.T.);
#7819=EDGE_CURVE('',#8299,#8311,#9627,.T.);
#7820=EDGE_CURVE('',#8313,#8326,#9628,.T.);
#7821=EDGE_CURVE('',#8315,#8327,#9629,.T.);
#7822=EDGE_CURVE('',#8329,#8342,#1418,.T.);
#7823=EDGE_CURVE('',#8331,#8343,#1419,.T.);
#7824=EDGE_CURVE('',#8345,#8358,#9630,.T.);
#7825=EDGE_CURVE('',#8347,#8359,#9631,.T.);
#7826=EDGE_CURVE('',#8361,#8374,#1420,.T.);
#7827=EDGE_CURVE('',#8363,#8375,#1421,.T.);
#7828=EDGE_CURVE('',#8390,#8377,#1422,.T.);
#7829=EDGE_CURVE('',#8391,#8379,#1423,.T.);
#7830=EDGE_CURVE('',#8393,#8406,#1424,.T.);
#7831=EDGE_CURVE('',#8395,#8407,#1425,.T.);
#7832=EDGE_CURVE('',#8409,#8422,#1426,.T.);
#7833=EDGE_CURVE('',#8411,#8423,#1427,.T.);
#7834=EDGE_CURVE('',#8425,#8438,#1428,.T.);
#7835=EDGE_CURVE('',#8427,#8439,#1429,.T.);
#7836=EDGE_CURVE('',#8454,#8441,#1430,.T.);
#7837=EDGE_CURVE('',#8455,#8443,#1431,.T.);
#7838=EDGE_CURVE('',#8457,#8470,#1432,.T.);
#7839=EDGE_CURVE('',#8459,#8471,#1433,.T.);
#7840=EDGE_CURVE('',#8473,#8486,#9632,.T.);
#7841=EDGE_CURVE('',#8475,#8487,#9633,.T.);
#7842=EDGE_CURVE('',#8502,#8489,#1434,.T.);
#7843=EDGE_CURVE('',#8503,#8491,#1435,.T.);
#7844=EDGE_CURVE('',#8505,#8518,#9634,.T.);
#7845=EDGE_CURVE('',#8507,#8519,#9635,.T.);
#7846=EDGE_CURVE('',#8521,#8534,#9636,.T.);
#7847=EDGE_CURVE('',#8523,#8535,#9637,.T.);
#7848=EDGE_CURVE('',#8550,#8537,#1436,.T.);
#7849=EDGE_CURVE('',#8551,#8539,#1437,.T.);
#7850=EDGE_CURVE('',#8553,#8578,#1438,.T.);
#7851=EDGE_CURVE('',#8555,#8579,#1439,.T.);
#7852=EDGE_CURVE('',#8581,#8594,#1440,.T.);
#7853=EDGE_CURVE('',#8583,#8595,#1441,.T.);
#7854=EDGE_CURVE('',#8597,#8610,#1442,.T.);
#7855=EDGE_CURVE('',#8599,#8611,#1443,.T.);
#7856=EDGE_CURVE('',#8613,#8626,#1444,.T.);
#7857=EDGE_CURVE('',#8615,#8627,#1445,.T.);
#7858=EDGE_CURVE('',#8629,#8642,#9638,.T.);
#7859=EDGE_CURVE('',#8631,#8643,#9639,.T.);
#7860=EDGE_CURVE('',#8658,#8645,#1446,.T.);
#7861=EDGE_CURVE('',#8659,#8647,#1447,.T.);
#7862=EDGE_CURVE('',#8661,#8674,#1448,.T.);
#7863=EDGE_CURVE('',#8663,#8675,#1449,.T.);
#7864=EDGE_CURVE('',#8677,#8690,#1450,.T.);
#7865=EDGE_CURVE('',#8679,#8691,#1451,.T.);
#7866=EDGE_CURVE('',#8693,#8706,#1452,.T.);
#7867=EDGE_CURVE('',#8695,#8707,#1453,.T.);
#7868=EDGE_CURVE('',#8722,#8709,#1454,.T.);
#7869=EDGE_CURVE('',#8723,#8711,#1455,.T.);
#7870=EDGE_CURVE('',#8738,#8725,#1456,.T.);
#7871=EDGE_CURVE('',#8739,#8727,#1457,.T.);
#7872=EDGE_CURVE('',#8754,#8741,#1458,.T.);
#7873=EDGE_CURVE('',#8755,#8743,#1459,.T.);
#7874=EDGE_CURVE('',#8757,#8770,#9640,.T.);
#7875=EDGE_CURVE('',#8759,#8771,#9641,.T.);
#7876=EDGE_CURVE('',#8773,#8786,#9642,.T.);
#7877=EDGE_CURVE('',#8775,#8787,#9643,.T.);
#7878=EDGE_CURVE('',#8789,#8802,#1460,.T.);
#7879=EDGE_CURVE('',#8791,#8803,#1461,.T.);
#7880=EDGE_CURVE('',#8818,#8805,#1462,.T.);
#7881=EDGE_CURVE('',#8819,#8807,#1463,.T.);
#7882=EDGE_CURVE('',#8821,#8834,#1464,.T.);
#7883=EDGE_CURVE('',#8823,#8835,#1465,.T.);
#7884=EDGE_CURVE('',#8837,#8850,#1466,.T.);
#7885=EDGE_CURVE('',#8839,#8851,#1467,.T.);
#7886=EDGE_CURVE('',#8853,#8866,#9644,.T.);
#7887=EDGE_CURVE('',#8855,#8867,#9645,.T.);
#7888=EDGE_CURVE('',#8882,#8869,#1468,.T.);
#7889=EDGE_CURVE('',#8883,#8871,#1469,.T.);
#7890=EDGE_CURVE('',#8885,#8898,#9646,.T.);
#7891=EDGE_CURVE('',#8887,#8899,#9647,.T.);
#7892=EDGE_CURVE('',#8914,#8901,#1470,.T.);
#7893=EDGE_CURVE('',#8915,#8903,#1471,.T.);
#7894=EDGE_CURVE('',#8930,#8917,#1472,.T.);
#7895=EDGE_CURVE('',#8931,#8919,#1473,.T.);
#7896=EDGE_CURVE('',#8946,#8933,#1474,.T.);
#7897=EDGE_CURVE('',#8947,#8935,#1475,.T.);
#7898=EDGE_CURVE('',#8962,#8949,#1476,.T.);
#7899=EDGE_CURVE('',#8963,#8951,#1477,.T.);
#7900=EDGE_CURVE('',#8965,#8978,#1478,.T.);
#7901=EDGE_CURVE('',#8967,#8979,#1479,.T.);
#7902=EDGE_CURVE('',#8994,#8981,#1480,.T.);
#7903=EDGE_CURVE('',#8995,#8983,#1481,.T.);
#7904=EDGE_CURVE('',#9010,#8997,#1482,.T.);
#7905=EDGE_CURVE('',#9011,#8999,#1483,.T.);
#7906=EDGE_CURVE('',#9013,#9026,#9648,.T.);
#7907=EDGE_CURVE('',#9015,#9027,#9649,.T.);
#7908=EDGE_CURVE('',#9076,#9028,#1484,.T.);
#7909=EDGE_CURVE('',#9077,#9031,#1485,.T.);
#7910=EDGE_CURVE('',#7926,#7913,#1486,.T.);
#7911=EDGE_CURVE('',#7927,#7915,#1487,.T.);
#7912=VERTEX_POINT('',#16633);
#7913=VERTEX_POINT('',#16634);
#7914=VERTEX_POINT('',#16636);
#7915=VERTEX_POINT('',#16638);
#7916=VERTEX_POINT('',#16642);
#7917=VERTEX_POINT('',#16644);
#7918=VERTEX_POINT('',#16648);
#7919=VERTEX_POINT('',#16650);
#7920=VERTEX_POINT('',#16654);
#7921=VERTEX_POINT('',#16656);
#7922=VERTEX_POINT('',#16660);
#7923=VERTEX_POINT('',#16662);
#7924=VERTEX_POINT('',#16666);
#7925=VERTEX_POINT('',#16668);
#7926=VERTEX_POINT('',#16672);
#7927=VERTEX_POINT('',#16674);
#7928=VERTEX_POINT('',#16678);
#7929=VERTEX_POINT('',#16679);
#7930=VERTEX_POINT('',#16681);
#7931=VERTEX_POINT('',#16683);
#7932=VERTEX_POINT('',#16687);
#7933=VERTEX_POINT('',#16689);
#7934=VERTEX_POINT('',#16693);
#7935=VERTEX_POINT('',#16695);
#7936=VERTEX_POINT('',#16699);
#7937=VERTEX_POINT('',#16701);
#7938=VERTEX_POINT('',#16705);
#7939=VERTEX_POINT('',#16707);
#7940=VERTEX_POINT('',#16711);
#7941=VERTEX_POINT('',#16713);
#7942=VERTEX_POINT('',#16717);
#7943=VERTEX_POINT('',#16719);
#7944=VERTEX_POINT('',#16723);
#7945=VERTEX_POINT('',#16724);
#7946=VERTEX_POINT('',#16726);
#7947=VERTEX_POINT('',#16728);
#7948=VERTEX_POINT('',#16732);
#7949=VERTEX_POINT('',#16734);
#7950=VERTEX_POINT('',#16738);
#7951=VERTEX_POINT('',#16740);
#7952=VERTEX_POINT('',#16744);
#7953=VERTEX_POINT('',#16746);
#7954=VERTEX_POINT('',#16750);
#7955=VERTEX_POINT('',#16752);
#7956=VERTEX_POINT('',#16756);
#7957=VERTEX_POINT('',#16758);
#7958=VERTEX_POINT('',#16762);
#7959=VERTEX_POINT('',#16764);
#7960=VERTEX_POINT('',#16768);
#7961=VERTEX_POINT('',#16769);
#7962=VERTEX_POINT('',#16771);
#7963=VERTEX_POINT('',#16773);
#7964=VERTEX_POINT('',#16777);
#7965=VERTEX_POINT('',#16779);
#7966=VERTEX_POINT('',#16783);
#7967=VERTEX_POINT('',#16785);
#7968=VERTEX_POINT('',#16789);
#7969=VERTEX_POINT('',#16791);
#7970=VERTEX_POINT('',#16795);
#7971=VERTEX_POINT('',#16797);
#7972=VERTEX_POINT('',#16801);
#7973=VERTEX_POINT('',#16803);
#7974=VERTEX_POINT('',#16807);
#7975=VERTEX_POINT('',#16809);
#7976=VERTEX_POINT('',#16813);
#7977=VERTEX_POINT('',#16814);
#7978=VERTEX_POINT('',#16816);
#7979=VERTEX_POINT('',#16818);
#7980=VERTEX_POINT('',#16822);
#7981=VERTEX_POINT('',#16824);
#7982=VERTEX_POINT('',#16828);
#7983=VERTEX_POINT('',#16830);
#7984=VERTEX_POINT('',#16834);
#7985=VERTEX_POINT('',#16836);
#7986=VERTEX_POINT('',#16840);
#7987=VERTEX_POINT('',#16842);
#7988=VERTEX_POINT('',#16846);
#7989=VERTEX_POINT('',#16848);
#7990=VERTEX_POINT('',#16852);
#7991=VERTEX_POINT('',#16854);
#7992=VERTEX_POINT('',#16858);
#7993=VERTEX_POINT('',#16859);
#7994=VERTEX_POINT('',#16861);
#7995=VERTEX_POINT('',#16863);
#7996=VERTEX_POINT('',#16867);
#7997=VERTEX_POINT('',#16869);
#7998=VERTEX_POINT('',#16873);
#7999=VERTEX_POINT('',#16875);
#8000=VERTEX_POINT('',#16879);
#8001=VERTEX_POINT('',#16881);
#8002=VERTEX_POINT('',#16885);
#8003=VERTEX_POINT('',#16887);
#8004=VERTEX_POINT('',#16891);
#8005=VERTEX_POINT('',#16893);
#8006=VERTEX_POINT('',#16897);
#8007=VERTEX_POINT('',#16899);
#8008=VERTEX_POINT('',#16903);
#8009=VERTEX_POINT('',#16904);
#8010=VERTEX_POINT('',#16906);
#8011=VERTEX_POINT('',#16908);
#8012=VERTEX_POINT('',#16912);
#8013=VERTEX_POINT('',#16914);
#8014=VERTEX_POINT('',#16918);
#8015=VERTEX_POINT('',#16920);
#8016=VERTEX_POINT('',#16924);
#8017=VERTEX_POINT('',#16926);
#8018=VERTEX_POINT('',#16930);
#8019=VERTEX_POINT('',#16932);
#8020=VERTEX_POINT('',#16936);
#8021=VERTEX_POINT('',#16938);
#8022=VERTEX_POINT('',#16942);
#8023=VERTEX_POINT('',#16944);
#8024=VERTEX_POINT('',#16948);
#8025=VERTEX_POINT('',#16949);
#8026=VERTEX_POINT('',#16951);
#8027=VERTEX_POINT('',#16953);
#8028=VERTEX_POINT('',#16957);
#8029=VERTEX_POINT('',#16959);
#8030=VERTEX_POINT('',#16963);
#8031=VERTEX_POINT('',#16965);
#8032=VERTEX_POINT('',#16969);
#8033=VERTEX_POINT('',#16971);
#8034=VERTEX_POINT('',#16975);
#8035=VERTEX_POINT('',#16977);
#8036=VERTEX_POINT('',#16981);
#8037=VERTEX_POINT('',#16983);
#8038=VERTEX_POINT('',#16987);
#8039=VERTEX_POINT('',#16989);
#8040=VERTEX_POINT('',#16993);
#8041=VERTEX_POINT('',#16994);
#8042=VERTEX_POINT('',#16996);
#8043=VERTEX_POINT('',#16998);
#8044=VERTEX_POINT('',#17002);
#8045=VERTEX_POINT('',#17004);
#8046=VERTEX_POINT('',#17008);
#8047=VERTEX_POINT('',#17010);
#8048=VERTEX_POINT('',#17014);
#8049=VERTEX_POINT('',#17016);
#8050=VERTEX_POINT('',#17020);
#8051=VERTEX_POINT('',#17022);
#8052=VERTEX_POINT('',#17026);
#8053=VERTEX_POINT('',#17028);
#8054=VERTEX_POINT('',#17032);
#8055=VERTEX_POINT('',#17034);
#8056=VERTEX_POINT('',#17038);
#8057=VERTEX_POINT('',#17039);
#8058=VERTEX_POINT('',#17041);
#8059=VERTEX_POINT('',#17043);
#8060=VERTEX_POINT('',#17047);
#8061=VERTEX_POINT('',#17049);
#8062=VERTEX_POINT('',#17053);
#8063=VERTEX_POINT('',#17055);
#8064=VERTEX_POINT('',#17059);
#8065=VERTEX_POINT('',#17061);
#8066=VERTEX_POINT('',#17065);
#8067=VERTEX_POINT('',#17067);
#8068=VERTEX_POINT('',#17071);
#8069=VERTEX_POINT('',#17073);
#8070=VERTEX_POINT('',#17077);
#8071=VERTEX_POINT('',#17079);
#8072=VERTEX_POINT('',#17083);
#8073=VERTEX_POINT('',#17084);
#8074=VERTEX_POINT('',#17086);
#8075=VERTEX_POINT('',#17088);
#8076=VERTEX_POINT('',#17092);
#8077=VERTEX_POINT('',#17094);
#8078=VERTEX_POINT('',#17098);
#8079=VERTEX_POINT('',#17100);
#8080=VERTEX_POINT('',#17104);
#8081=VERTEX_POINT('',#17106);
#8082=VERTEX_POINT('',#17110);
#8083=VERTEX_POINT('',#17112);
#8084=VERTEX_POINT('',#17116);
#8085=VERTEX_POINT('',#17118);
#8086=VERTEX_POINT('',#17122);
#8087=VERTEX_POINT('',#17124);
#8088=VERTEX_POINT('',#17128);
#8089=VERTEX_POINT('',#17129);
#8090=VERTEX_POINT('',#17131);
#8091=VERTEX_POINT('',#17133);
#8092=VERTEX_POINT('',#17137);
#8093=VERTEX_POINT('',#17139);
#8094=VERTEX_POINT('',#17143);
#8095=VERTEX_POINT('',#17145);
#8096=VERTEX_POINT('',#17149);
#8097=VERTEX_POINT('',#17151);
#8098=VERTEX_POINT('',#17155);
#8099=VERTEX_POINT('',#17157);
#8100=VERTEX_POINT('',#17161);
#8101=VERTEX_POINT('',#17163);
#8102=VERTEX_POINT('',#17167);
#8103=VERTEX_POINT('',#17169);
#8104=VERTEX_POINT('',#17173);
#8105=VERTEX_POINT('',#17174);
#8106=VERTEX_POINT('',#17176);
#8107=VERTEX_POINT('',#17178);
#8108=VERTEX_POINT('',#17182);
#8109=VERTEX_POINT('',#17184);
#8110=VERTEX_POINT('',#17188);
#8111=VERTEX_POINT('',#17190);
#8112=VERTEX_POINT('',#17194);
#8113=VERTEX_POINT('',#17196);
#8114=VERTEX_POINT('',#17200);
#8115=VERTEX_POINT('',#17202);
#8116=VERTEX_POINT('',#17206);
#8117=VERTEX_POINT('',#17208);
#8118=VERTEX_POINT('',#17212);
#8119=VERTEX_POINT('',#17214);
#8120=VERTEX_POINT('',#17218);
#8121=VERTEX_POINT('',#17219);
#8122=VERTEX_POINT('',#17221);
#8123=VERTEX_POINT('',#17223);
#8124=VERTEX_POINT('',#17227);
#8125=VERTEX_POINT('',#17229);
#8126=VERTEX_POINT('',#17233);
#8127=VERTEX_POINT('',#17235);
#8128=VERTEX_POINT('',#17239);
#8129=VERTEX_POINT('',#17241);
#8130=VERTEX_POINT('',#17245);
#8131=VERTEX_POINT('',#17247);
#8132=VERTEX_POINT('',#17251);
#8133=VERTEX_POINT('',#17253);
#8134=VERTEX_POINT('',#17257);
#8135=VERTEX_POINT('',#17259);
#8136=VERTEX_POINT('',#17263);
#8137=VERTEX_POINT('',#17264);
#8138=VERTEX_POINT('',#17266);
#8139=VERTEX_POINT('',#17268);
#8140=VERTEX_POINT('',#17272);
#8141=VERTEX_POINT('',#17274);
#8142=VERTEX_POINT('',#17278);
#8143=VERTEX_POINT('',#17280);
#8144=VERTEX_POINT('',#17284);
#8145=VERTEX_POINT('',#17286);
#8146=VERTEX_POINT('',#17290);
#8147=VERTEX_POINT('',#17292);
#8148=VERTEX_POINT('',#17296);
#8149=VERTEX_POINT('',#17298);
#8150=VERTEX_POINT('',#17302);
#8151=VERTEX_POINT('',#17304);
#8152=VERTEX_POINT('',#17308);
#8153=VERTEX_POINT('',#17309);
#8154=VERTEX_POINT('',#17311);
#8155=VERTEX_POINT('',#17313);
#8156=VERTEX_POINT('',#17317);
#8157=VERTEX_POINT('',#17319);
#8158=VERTEX_POINT('',#17323);
#8159=VERTEX_POINT('',#17325);
#8160=VERTEX_POINT('',#17329);
#8161=VERTEX_POINT('',#17331);
#8162=VERTEX_POINT('',#17335);
#8163=VERTEX_POINT('',#17337);
#8164=VERTEX_POINT('',#17341);
#8165=VERTEX_POINT('',#17343);
#8166=VERTEX_POINT('',#17347);
#8167=VERTEX_POINT('',#17349);
#8168=VERTEX_POINT('',#17353);
#8169=VERTEX_POINT('',#17354);
#8170=VERTEX_POINT('',#17356);
#8171=VERTEX_POINT('',#17358);
#8172=VERTEX_POINT('',#17362);
#8173=VERTEX_POINT('',#17364);
#8174=VERTEX_POINT('',#17368);
#8175=VERTEX_POINT('',#17370);
#8176=VERTEX_POINT('',#17374);
#8177=VERTEX_POINT('',#17376);
#8178=VERTEX_POINT('',#17380);
#8179=VERTEX_POINT('',#17382);
#8180=VERTEX_POINT('',#17386);
#8181=VERTEX_POINT('',#17388);
#8182=VERTEX_POINT('',#17392);
#8183=VERTEX_POINT('',#17394);
#8184=VERTEX_POINT('',#17398);
#8185=VERTEX_POINT('',#17399);
#8186=VERTEX_POINT('',#17401);
#8187=VERTEX_POINT('',#17403);
#8188=VERTEX_POINT('',#17407);
#8189=VERTEX_POINT('',#17409);
#8190=VERTEX_POINT('',#17413);
#8191=VERTEX_POINT('',#17415);
#8192=VERTEX_POINT('',#17419);
#8193=VERTEX_POINT('',#17421);
#8194=VERTEX_POINT('',#17425);
#8195=VERTEX_POINT('',#17427);
#8196=VERTEX_POINT('',#17431);
#8197=VERTEX_POINT('',#17433);
#8198=VERTEX_POINT('',#17437);
#8199=VERTEX_POINT('',#17439);
#8200=VERTEX_POINT('',#17443);
#8201=VERTEX_POINT('',#17444);
#8202=VERTEX_POINT('',#17446);
#8203=VERTEX_POINT('',#17448);
#8204=VERTEX_POINT('',#17452);
#8205=VERTEX_POINT('',#17454);
#8206=VERTEX_POINT('',#17458);
#8207=VERTEX_POINT('',#17460);
#8208=VERTEX_POINT('',#17464);
#8209=VERTEX_POINT('',#17466);
#8210=VERTEX_POINT('',#17470);
#8211=VERTEX_POINT('',#17472);
#8212=VERTEX_POINT('',#17476);
#8213=VERTEX_POINT('',#17478);
#8214=VERTEX_POINT('',#17482);
#8215=VERTEX_POINT('',#17484);
#8216=VERTEX_POINT('',#17488);
#8217=VERTEX_POINT('',#17489);
#8218=VERTEX_POINT('',#17491);
#8219=VERTEX_POINT('',#17493);
#8220=VERTEX_POINT('',#17497);
#8221=VERTEX_POINT('',#17499);
#8222=VERTEX_POINT('',#17503);
#8223=VERTEX_POINT('',#17505);
#8224=VERTEX_POINT('',#17509);
#8225=VERTEX_POINT('',#17511);
#8226=VERTEX_POINT('',#17515);
#8227=VERTEX_POINT('',#17517);
#8228=VERTEX_POINT('',#17521);
#8229=VERTEX_POINT('',#17523);
#8230=VERTEX_POINT('',#17527);
#8231=VERTEX_POINT('',#17529);
#8232=VERTEX_POINT('',#17533);
#8233=VERTEX_POINT('',#17534);
#8234=VERTEX_POINT('',#17536);
#8235=VERTEX_POINT('',#17538);
#8236=VERTEX_POINT('',#17542);
#8237=VERTEX_POINT('',#17544);
#8238=VERTEX_POINT('',#17548);
#8239=VERTEX_POINT('',#17550);
#8240=VERTEX_POINT('',#17554);
#8241=VERTEX_POINT('',#17556);
#8242=VERTEX_POINT('',#17560);
#8243=VERTEX_POINT('',#17562);
#8244=VERTEX_POINT('',#17566);
#8245=VERTEX_POINT('',#17568);
#8246=VERTEX_POINT('',#17572);
#8247=VERTEX_POINT('',#17574);
#8248=VERTEX_POINT('',#17578);
#8249=VERTEX_POINT('',#17579);
#8250=VERTEX_POINT('',#17581);
#8251=VERTEX_POINT('',#17583);
#8252=VERTEX_POINT('',#17587);
#8253=VERTEX_POINT('',#17589);
#8254=VERTEX_POINT('',#17593);
#8255=VERTEX_POINT('',#17595);
#8256=VERTEX_POINT('',#17599);
#8257=VERTEX_POINT('',#17601);
#8258=VERTEX_POINT('',#17605);
#8259=VERTEX_POINT('',#17607);
#8260=VERTEX_POINT('',#17611);
#8261=VERTEX_POINT('',#17613);
#8262=VERTEX_POINT('',#17617);
#8263=VERTEX_POINT('',#17619);
#8264=VERTEX_POINT('',#17623);
#8265=VERTEX_POINT('',#17624);
#8266=VERTEX_POINT('',#17626);
#8267=VERTEX_POINT('',#17628);
#8268=VERTEX_POINT('',#17632);
#8269=VERTEX_POINT('',#17634);
#8270=VERTEX_POINT('',#17638);
#8271=VERTEX_POINT('',#17640);
#8272=VERTEX_POINT('',#17644);
#8273=VERTEX_POINT('',#17646);
#8274=VERTEX_POINT('',#17650);
#8275=VERTEX_POINT('',#17652);
#8276=VERTEX_POINT('',#17656);
#8277=VERTEX_POINT('',#17658);
#8278=VERTEX_POINT('',#17662);
#8279=VERTEX_POINT('',#17664);
#8280=VERTEX_POINT('',#17668);
#8281=VERTEX_POINT('',#17669);
#8282=VERTEX_POINT('',#17671);
#8283=VERTEX_POINT('',#17673);
#8284=VERTEX_POINT('',#17677);
#8285=VERTEX_POINT('',#17679);
#8286=VERTEX_POINT('',#17683);
#8287=VERTEX_POINT('',#17685);
#8288=VERTEX_POINT('',#17689);
#8289=VERTEX_POINT('',#17691);
#8290=VERTEX_POINT('',#17695);
#8291=VERTEX_POINT('',#17697);
#8292=VERTEX_POINT('',#17701);
#8293=VERTEX_POINT('',#17703);
#8294=VERTEX_POINT('',#17707);
#8295=VERTEX_POINT('',#17709);
#8296=VERTEX_POINT('',#17713);
#8297=VERTEX_POINT('',#17714);
#8298=VERTEX_POINT('',#17716);
#8299=VERTEX_POINT('',#17718);
#8300=VERTEX_POINT('',#17722);
#8301=VERTEX_POINT('',#17724);
#8302=VERTEX_POINT('',#17728);
#8303=VERTEX_POINT('',#17730);
#8304=VERTEX_POINT('',#17734);
#8305=VERTEX_POINT('',#17736);
#8306=VERTEX_POINT('',#17740);
#8307=VERTEX_POINT('',#17742);
#8308=VERTEX_POINT('',#17746);
#8309=VERTEX_POINT('',#17748);
#8310=VERTEX_POINT('',#17752);
#8311=VERTEX_POINT('',#17754);
#8312=VERTEX_POINT('',#17758);
#8313=VERTEX_POINT('',#17759);
#8314=VERTEX_POINT('',#17761);
#8315=VERTEX_POINT('',#17763);
#8316=VERTEX_POINT('',#17767);
#8317=VERTEX_POINT('',#17769);
#8318=VERTEX_POINT('',#17773);
#8319=VERTEX_POINT('',#17775);
#8320=VERTEX_POINT('',#17779);
#8321=VERTEX_POINT('',#17781);
#8322=VERTEX_POINT('',#17785);
#8323=VERTEX_POINT('',#17787);
#8324=VERTEX_POINT('',#17791);
#8325=VERTEX_POINT('',#17793);
#8326=VERTEX_POINT('',#17797);
#8327=VERTEX_POINT('',#17799);
#8328=VERTEX_POINT('',#17803);
#8329=VERTEX_POINT('',#17804);
#8330=VERTEX_POINT('',#17806);
#8331=VERTEX_POINT('',#17808);
#8332=VERTEX_POINT('',#17812);
#8333=VERTEX_POINT('',#17814);
#8334=VERTEX_POINT('',#17818);
#8335=VERTEX_POINT('',#17820);
#8336=VERTEX_POINT('',#17824);
#8337=VERTEX_POINT('',#17826);
#8338=VERTEX_POINT('',#17830);
#8339=VERTEX_POINT('',#17832);
#8340=VERTEX_POINT('',#17836);
#8341=VERTEX_POINT('',#17838);
#8342=VERTEX_POINT('',#17842);
#8343=VERTEX_POINT('',#17844);
#8344=VERTEX_POINT('',#17848);
#8345=VERTEX_POINT('',#17849);
#8346=VERTEX_POINT('',#17851);
#8347=VERTEX_POINT('',#17853);
#8348=VERTEX_POINT('',#17857);
#8349=VERTEX_POINT('',#17859);
#8350=VERTEX_POINT('',#17863);
#8351=VERTEX_POINT('',#17865);
#8352=VERTEX_POINT('',#17869);
#8353=VERTEX_POINT('',#17871);
#8354=VERTEX_POINT('',#17875);
#8355=VERTEX_POINT('',#17877);
#8356=VERTEX_POINT('',#17881);
#8357=VERTEX_POINT('',#17883);
#8358=VERTEX_POINT('',#17887);
#8359=VERTEX_POINT('',#17889);
#8360=VERTEX_POINT('',#17893);
#8361=VERTEX_POINT('',#17894);
#8362=VERTEX_POINT('',#17896);
#8363=VERTEX_POINT('',#17898);
#8364=VERTEX_POINT('',#17902);
#8365=VERTEX_POINT('',#17904);
#8366=VERTEX_POINT('',#17908);
#8367=VERTEX_POINT('',#17910);
#8368=VERTEX_POINT('',#17914);
#8369=VERTEX_POINT('',#17916);
#8370=VERTEX_POINT('',#17920);
#8371=VERTEX_POINT('',#17922);
#8372=VERTEX_POINT('',#17926);
#8373=VERTEX_POINT('',#17928);
#8374=VERTEX_POINT('',#17932);
#8375=VERTEX_POINT('',#17934);
#8376=VERTEX_POINT('',#17938);
#8377=VERTEX_POINT('',#17939);
#8378=VERTEX_POINT('',#17941);
#8379=VERTEX_POINT('',#17943);
#8380=VERTEX_POINT('',#17947);
#8381=VERTEX_POINT('',#17949);
#8382=VERTEX_POINT('',#17953);
#8383=VERTEX_POINT('',#17955);
#8384=VERTEX_POINT('',#17959);
#8385=VERTEX_POINT('',#17961);
#8386=VERTEX_POINT('',#17965);
#8387=VERTEX_POINT('',#17967);
#8388=VERTEX_POINT('',#17971);
#8389=VERTEX_POINT('',#17973);
#8390=VERTEX_POINT('',#17977);
#8391=VERTEX_POINT('',#17979);
#8392=VERTEX_POINT('',#17983);
#8393=VERTEX_POINT('',#17984);
#8394=VERTEX_POINT('',#17986);
#8395=VERTEX_POINT('',#17988);
#8396=VERTEX_POINT('',#17992);
#8397=VERTEX_POINT('',#17994);
#8398=VERTEX_POINT('',#17998);
#8399=VERTEX_POINT('',#18000);
#8400=VERTEX_POINT('',#18004);
#8401=VERTEX_POINT('',#18006);
#8402=VERTEX_POINT('',#18010);
#8403=VERTEX_POINT('',#18012);
#8404=VERTEX_POINT('',#18016);
#8405=VERTEX_POINT('',#18018);
#8406=VERTEX_POINT('',#18022);
#8407=VERTEX_POINT('',#18024);
#8408=VERTEX_POINT('',#18028);
#8409=VERTEX_POINT('',#18029);
#8410=VERTEX_POINT('',#18031);
#8411=VERTEX_POINT('',#18033);
#8412=VERTEX_POINT('',#18037);
#8413=VERTEX_POINT('',#18039);
#8414=VERTEX_POINT('',#18043);
#8415=VERTEX_POINT('',#18045);
#8416=VERTEX_POINT('',#18049);
#8417=VERTEX_POINT('',#18051);
#8418=VERTEX_POINT('',#18055);
#8419=VERTEX_POINT('',#18057);
#8420=VERTEX_POINT('',#18061);
#8421=VERTEX_POINT('',#18063);
#8422=VERTEX_POINT('',#18067);
#8423=VERTEX_POINT('',#18069);
#8424=VERTEX_POINT('',#18073);
#8425=VERTEX_POINT('',#18074);
#8426=VERTEX_POINT('',#18076);
#8427=VERTEX_POINT('',#18078);
#8428=VERTEX_POINT('',#18082);
#8429=VERTEX_POINT('',#18084);
#8430=VERTEX_POINT('',#18088);
#8431=VERTEX_POINT('',#18090);
#8432=VERTEX_POINT('',#18094);
#8433=VERTEX_POINT('',#18096);
#8434=VERTEX_POINT('',#18100);
#8435=VERTEX_POINT('',#18102);
#8436=VERTEX_POINT('',#18106);
#8437=VERTEX_POINT('',#18108);
#8438=VERTEX_POINT('',#18112);
#8439=VERTEX_POINT('',#18114);
#8440=VERTEX_POINT('',#18118);
#8441=VERTEX_POINT('',#18119);
#8442=VERTEX_POINT('',#18121);
#8443=VERTEX_POINT('',#18123);
#8444=VERTEX_POINT('',#18127);
#8445=VERTEX_POINT('',#18129);
#8446=VERTEX_POINT('',#18133);
#8447=VERTEX_POINT('',#18135);
#8448=VERTEX_POINT('',#18139);
#8449=VERTEX_POINT('',#18141);
#8450=VERTEX_POINT('',#18145);
#8451=VERTEX_POINT('',#18147);
#8452=VERTEX_POINT('',#18151);
#8453=VERTEX_POINT('',#18153);
#8454=VERTEX_POINT('',#18157);
#8455=VERTEX_POINT('',#18159);
#8456=VERTEX_POINT('',#18163);
#8457=VERTEX_POINT('',#18164);
#8458=VERTEX_POINT('',#18166);
#8459=VERTEX_POINT('',#18168);
#8460=VERTEX_POINT('',#18172);
#8461=VERTEX_POINT('',#18174);
#8462=VERTEX_POINT('',#18178);
#8463=VERTEX_POINT('',#18180);
#8464=VERTEX_POINT('',#18184);
#8465=VERTEX_POINT('',#18186);
#8466=VERTEX_POINT('',#18190);
#8467=VERTEX_POINT('',#18192);
#8468=VERTEX_POINT('',#18196);
#8469=VERTEX_POINT('',#18198);
#8470=VERTEX_POINT('',#18202);
#8471=VERTEX_POINT('',#18204);
#8472=VERTEX_POINT('',#18208);
#8473=VERTEX_POINT('',#18209);
#8474=VERTEX_POINT('',#18211);
#8475=VERTEX_POINT('',#18213);
#8476=VERTEX_POINT('',#18217);
#8477=VERTEX_POINT('',#18219);
#8478=VERTEX_POINT('',#18223);
#8479=VERTEX_POINT('',#18225);
#8480=VERTEX_POINT('',#18229);
#8481=VERTEX_POINT('',#18231);
#8482=VERTEX_POINT('',#18235);
#8483=VERTEX_POINT('',#18237);
#8484=VERTEX_POINT('',#18241);
#8485=VERTEX_POINT('',#18243);
#8486=VERTEX_POINT('',#18247);
#8487=VERTEX_POINT('',#18249);
#8488=VERTEX_POINT('',#18253);
#8489=VERTEX_POINT('',#18254);
#8490=VERTEX_POINT('',#18256);
#8491=VERTEX_POINT('',#18258);
#8492=VERTEX_POINT('',#18262);
#8493=VERTEX_POINT('',#18264);
#8494=VERTEX_POINT('',#18268);
#8495=VERTEX_POINT('',#18270);
#8496=VERTEX_POINT('',#18274);
#8497=VERTEX_POINT('',#18276);
#8498=VERTEX_POINT('',#18280);
#8499=VERTEX_POINT('',#18282);
#8500=VERTEX_POINT('',#18286);
#8501=VERTEX_POINT('',#18288);
#8502=VERTEX_POINT('',#18292);
#8503=VERTEX_POINT('',#18294);
#8504=VERTEX_POINT('',#18298);
#8505=VERTEX_POINT('',#18299);
#8506=VERTEX_POINT('',#18301);
#8507=VERTEX_POINT('',#18303);
#8508=VERTEX_POINT('',#18307);
#8509=VERTEX_POINT('',#18309);
#8510=VERTEX_POINT('',#18313);
#8511=VERTEX_POINT('',#18315);
#8512=VERTEX_POINT('',#18319);
#8513=VERTEX_POINT('',#18321);
#8514=VERTEX_POINT('',#18325);
#8515=VERTEX_POINT('',#18327);
#8516=VERTEX_POINT('',#18331);
#8517=VERTEX_POINT('',#18333);
#8518=VERTEX_POINT('',#18337);
#8519=VERTEX_POINT('',#18339);
#8520=VERTEX_POINT('',#18343);
#8521=VERTEX_POINT('',#18344);
#8522=VERTEX_POINT('',#18346);
#8523=VERTEX_POINT('',#18348);
#8524=VERTEX_POINT('',#18352);
#8525=VERTEX_POINT('',#18354);
#8526=VERTEX_POINT('',#18358);
#8527=VERTEX_POINT('',#18360);
#8528=VERTEX_POINT('',#18364);
#8529=VERTEX_POINT('',#18366);
#8530=VERTEX_POINT('',#18370);
#8531=VERTEX_POINT('',#18372);
#8532=VERTEX_POINT('',#18376);
#8533=VERTEX_POINT('',#18378);
#8534=VERTEX_POINT('',#18382);
#8535=VERTEX_POINT('',#18384);
#8536=VERTEX_POINT('',#18388);
#8537=VERTEX_POINT('',#18389);
#8538=VERTEX_POINT('',#18391);
#8539=VERTEX_POINT('',#18393);
#8540=VERTEX_POINT('',#18397);
#8541=VERTEX_POINT('',#18399);
#8542=VERTEX_POINT('',#18403);
#8543=VERTEX_POINT('',#18405);
#8544=VERTEX_POINT('',#18409);
#8545=VERTEX_POINT('',#18411);
#8546=VERTEX_POINT('',#18415);
#8547=VERTEX_POINT('',#18417);
#8548=VERTEX_POINT('',#18421);
#8549=VERTEX_POINT('',#18423);
#8550=VERTEX_POINT('',#18427);
#8551=VERTEX_POINT('',#18429);
#8552=VERTEX_POINT('',#18433);
#8553=VERTEX_POINT('',#18434);
#8554=VERTEX_POINT('',#18436);
#8555=VERTEX_POINT('',#18438);
#8556=VERTEX_POINT('',#18442);
#8557=VERTEX_POINT('',#18444);
#8558=VERTEX_POINT('',#18448);
#8559=VERTEX_POINT('',#18450);
#8560=VERTEX_POINT('',#18454);
#8561=VERTEX_POINT('',#18456);
#8562=VERTEX_POINT('',#18460);
#8563=VERTEX_POINT('',#18462);
#8564=VERTEX_POINT('',#18466);
#8565=VERTEX_POINT('',#18468);
#8566=VERTEX_POINT('',#18472);
#8567=VERTEX_POINT('',#18474);
#8568=VERTEX_POINT('',#18478);
#8569=VERTEX_POINT('',#18480);
#8570=VERTEX_POINT('',#18484);
#8571=VERTEX_POINT('',#18486);
#8572=VERTEX_POINT('',#18490);
#8573=VERTEX_POINT('',#18492);
#8574=VERTEX_POINT('',#18496);
#8575=VERTEX_POINT('',#18498);
#8576=VERTEX_POINT('',#18502);
#8577=VERTEX_POINT('',#18504);
#8578=VERTEX_POINT('',#18508);
#8579=VERTEX_POINT('',#18510);
#8580=VERTEX_POINT('',#18514);
#8581=VERTEX_POINT('',#18515);
#8582=VERTEX_POINT('',#18517);
#8583=VERTEX_POINT('',#18519);
#8584=VERTEX_POINT('',#18523);
#8585=VERTEX_POINT('',#18525);
#8586=VERTEX_POINT('',#18529);
#8587=VERTEX_POINT('',#18531);
#8588=VERTEX_POINT('',#18535);
#8589=VERTEX_POINT('',#18537);
#8590=VERTEX_POINT('',#18541);
#8591=VERTEX_POINT('',#18543);
#8592=VERTEX_POINT('',#18547);
#8593=VERTEX_POINT('',#18549);
#8594=VERTEX_POINT('',#18553);
#8595=VERTEX_POINT('',#18555);
#8596=VERTEX_POINT('',#18559);
#8597=VERTEX_POINT('',#18560);
#8598=VERTEX_POINT('',#18562);
#8599=VERTEX_POINT('',#18564);
#8600=VERTEX_POINT('',#18568);
#8601=VERTEX_POINT('',#18570);
#8602=VERTEX_POINT('',#18574);
#8603=VERTEX_POINT('',#18576);
#8604=VERTEX_POINT('',#18580);
#8605=VERTEX_POINT('',#18582);
#8606=VERTEX_POINT('',#18586);
#8607=VERTEX_POINT('',#18588);
#8608=VERTEX_POINT('',#18592);
#8609=VERTEX_POINT('',#18594);
#8610=VERTEX_POINT('',#18598);
#8611=VERTEX_POINT('',#18600);
#8612=VERTEX_POINT('',#18604);
#8613=VERTEX_POINT('',#18605);
#8614=VERTEX_POINT('',#18607);
#8615=VERTEX_POINT('',#18609);
#8616=VERTEX_POINT('',#18613);
#8617=VERTEX_POINT('',#18615);
#8618=VERTEX_POINT('',#18619);
#8619=VERTEX_POINT('',#18621);
#8620=VERTEX_POINT('',#18625);
#8621=VERTEX_POINT('',#18627);
#8622=VERTEX_POINT('',#18631);
#8623=VERTEX_POINT('',#18633);
#8624=VERTEX_POINT('',#18637);
#8625=VERTEX_POINT('',#18639);
#8626=VERTEX_POINT('',#18643);
#8627=VERTEX_POINT('',#18645);
#8628=VERTEX_POINT('',#18649);
#8629=VERTEX_POINT('',#18650);
#8630=VERTEX_POINT('',#18652);
#8631=VERTEX_POINT('',#18654);
#8632=VERTEX_POINT('',#18658);
#8633=VERTEX_POINT('',#18660);
#8634=VERTEX_POINT('',#18664);
#8635=VERTEX_POINT('',#18666);
#8636=VERTEX_POINT('',#18670);
#8637=VERTEX_POINT('',#18672);
#8638=VERTEX_POINT('',#18676);
#8639=VERTEX_POINT('',#18678);
#8640=VERTEX_POINT('',#18682);
#8641=VERTEX_POINT('',#18684);
#8642=VERTEX_POINT('',#18688);
#8643=VERTEX_POINT('',#18690);
#8644=VERTEX_POINT('',#18694);
#8645=VERTEX_POINT('',#18695);
#8646=VERTEX_POINT('',#18697);
#8647=VERTEX_POINT('',#18699);
#8648=VERTEX_POINT('',#18703);
#8649=VERTEX_POINT('',#18705);
#8650=VERTEX_POINT('',#18709);
#8651=VERTEX_POINT('',#18711);
#8652=VERTEX_POINT('',#18715);
#8653=VERTEX_POINT('',#18717);
#8654=VERTEX_POINT('',#18721);
#8655=VERTEX_POINT('',#18723);
#8656=VERTEX_POINT('',#18727);
#8657=VERTEX_POINT('',#18729);
#8658=VERTEX_POINT('',#18733);
#8659=VERTEX_POINT('',#18735);
#8660=VERTEX_POINT('',#18739);
#8661=VERTEX_POINT('',#18740);
#8662=VERTEX_POINT('',#18742);
#8663=VERTEX_POINT('',#18744);
#8664=VERTEX_POINT('',#18748);
#8665=VERTEX_POINT('',#18750);
#8666=VERTEX_POINT('',#18754);
#8667=VERTEX_POINT('',#18756);
#8668=VERTEX_POINT('',#18760);
#8669=VERTEX_POINT('',#18762);
#8670=VERTEX_POINT('',#18766);
#8671=VERTEX_POINT('',#18768);
#8672=VERTEX_POINT('',#18772);
#8673=VERTEX_POINT('',#18774);
#8674=VERTEX_POINT('',#18778);
#8675=VERTEX_POINT('',#18780);
#8676=VERTEX_POINT('',#18784);
#8677=VERTEX_POINT('',#18785);
#8678=VERTEX_POINT('',#18787);
#8679=VERTEX_POINT('',#18789);
#8680=VERTEX_POINT('',#18793);
#8681=VERTEX_POINT('',#18795);
#8682=VERTEX_POINT('',#18799);
#8683=VERTEX_POINT('',#18801);
#8684=VERTEX_POINT('',#18805);
#8685=VERTEX_POINT('',#18807);
#8686=VERTEX_POINT('',#18811);
#8687=VERTEX_POINT('',#18813);
#8688=VERTEX_POINT('',#18817);
#8689=VERTEX_POINT('',#18819);
#8690=VERTEX_POINT('',#18823);
#8691=VERTEX_POINT('',#18825);
#8692=VERTEX_POINT('',#18829);
#8693=VERTEX_POINT('',#18830);
#8694=VERTEX_POINT('',#18832);
#8695=VERTEX_POINT('',#18834);
#8696=VERTEX_POINT('',#18838);
#8697=VERTEX_POINT('',#18840);
#8698=VERTEX_POINT('',#18844);
#8699=VERTEX_POINT('',#18846);
#8700=VERTEX_POINT('',#18850);
#8701=VERTEX_POINT('',#18852);
#8702=VERTEX_POINT('',#18856);
#8703=VERTEX_POINT('',#18858);
#8704=VERTEX_POINT('',#18862);
#8705=VERTEX_POINT('',#18864);
#8706=VERTEX_POINT('',#18868);
#8707=VERTEX_POINT('',#18870);
#8708=VERTEX_POINT('',#18874);
#8709=VERTEX_POINT('',#18875);
#8710=VERTEX_POINT('',#18877);
#8711=VERTEX_POINT('',#18879);
#8712=VERTEX_POINT('',#18883);
#8713=VERTEX_POINT('',#18885);
#8714=VERTEX_POINT('',#18889);
#8715=VERTEX_POINT('',#18891);
#8716=VERTEX_POINT('',#18895);
#8717=VERTEX_POINT('',#18897);
#8718=VERTEX_POINT('',#18901);
#8719=VERTEX_POINT('',#18903);
#8720=VERTEX_POINT('',#18907);
#8721=VERTEX_POINT('',#18909);
#8722=VERTEX_POINT('',#18913);
#8723=VERTEX_POINT('',#18915);
#8724=VERTEX_POINT('',#18919);
#8725=VERTEX_POINT('',#18920);
#8726=VERTEX_POINT('',#18922);
#8727=VERTEX_POINT('',#18924);
#8728=VERTEX_POINT('',#18928);
#8729=VERTEX_POINT('',#18930);
#8730=VERTEX_POINT('',#18934);
#8731=VERTEX_POINT('',#18936);
#8732=VERTEX_POINT('',#18940);
#8733=VERTEX_POINT('',#18942);
#8734=VERTEX_POINT('',#18946);
#8735=VERTEX_POINT('',#18948);
#8736=VERTEX_POINT('',#18952);
#8737=VERTEX_POINT('',#18954);
#8738=VERTEX_POINT('',#18958);
#8739=VERTEX_POINT('',#18960);
#8740=VERTEX_POINT('',#18964);
#8741=VERTEX_POINT('',#18965);
#8742=VERTEX_POINT('',#18967);
#8743=VERTEX_POINT('',#18969);
#8744=VERTEX_POINT('',#18973);
#8745=VERTEX_POINT('',#18975);
#8746=VERTEX_POINT('',#18979);
#8747=VERTEX_POINT('',#18981);
#8748=VERTEX_POINT('',#18985);
#8749=VERTEX_POINT('',#18987);
#8750=VERTEX_POINT('',#18991);
#8751=VERTEX_POINT('',#18993);
#8752=VERTEX_POINT('',#18997);
#8753=VERTEX_POINT('',#18999);
#8754=VERTEX_POINT('',#19003);
#8755=VERTEX_POINT('',#19005);
#8756=VERTEX_POINT('',#19009);
#8757=VERTEX_POINT('',#19010);
#8758=VERTEX_POINT('',#19012);
#8759=VERTEX_POINT('',#19014);
#8760=VERTEX_POINT('',#19018);
#8761=VERTEX_POINT('',#19020);
#8762=VERTEX_POINT('',#19024);
#8763=VERTEX_POINT('',#19026);
#8764=VERTEX_POINT('',#19030);
#8765=VERTEX_POINT('',#19032);
#8766=VERTEX_POINT('',#19036);
#8767=VERTEX_POINT('',#19038);
#8768=VERTEX_POINT('',#19042);
#8769=VERTEX_POINT('',#19044);
#8770=VERTEX_POINT('',#19048);
#8771=VERTEX_POINT('',#19050);
#8772=VERTEX_POINT('',#19054);
#8773=VERTEX_POINT('',#19055);
#8774=VERTEX_POINT('',#19057);
#8775=VERTEX_POINT('',#19059);
#8776=VERTEX_POINT('',#19063);
#8777=VERTEX_POINT('',#19065);
#8778=VERTEX_POINT('',#19069);
#8779=VERTEX_POINT('',#19071);
#8780=VERTEX_POINT('',#19075);
#8781=VERTEX_POINT('',#19077);
#8782=VERTEX_POINT('',#19081);
#8783=VERTEX_POINT('',#19083);
#8784=VERTEX_POINT('',#19087);
#8785=VERTEX_POINT('',#19089);
#8786=VERTEX_POINT('',#19093);
#8787=VERTEX_POINT('',#19095);
#8788=VERTEX_POINT('',#19099);
#8789=VERTEX_POINT('',#19100);
#8790=VERTEX_POINT('',#19102);
#8791=VERTEX_POINT('',#19104);
#8792=VERTEX_POINT('',#19108);
#8793=VERTEX_POINT('',#19110);
#8794=VERTEX_POINT('',#19114);
#8795=VERTEX_POINT('',#19116);
#8796=VERTEX_POINT('',#19120);
#8797=VERTEX_POINT('',#19122);
#8798=VERTEX_POINT('',#19126);
#8799=VERTEX_POINT('',#19128);
#8800=VERTEX_POINT('',#19132);
#8801=VERTEX_POINT('',#19134);
#8802=VERTEX_POINT('',#19138);
#8803=VERTEX_POINT('',#19140);
#8804=VERTEX_POINT('',#19144);
#8805=VERTEX_POINT('',#19145);
#8806=VERTEX_POINT('',#19147);
#8807=VERTEX_POINT('',#19149);
#8808=VERTEX_POINT('',#19153);
#8809=VERTEX_POINT('',#19155);
#8810=VERTEX_POINT('',#19159);
#8811=VERTEX_POINT('',#19161);
#8812=VERTEX_POINT('',#19165);
#8813=VERTEX_POINT('',#19167);
#8814=VERTEX_POINT('',#19171);
#8815=VERTEX_POINT('',#19173);
#8816=VERTEX_POINT('',#19177);
#8817=VERTEX_POINT('',#19179);
#8818=VERTEX_POINT('',#19183);
#8819=VERTEX_POINT('',#19185);
#8820=VERTEX_POINT('',#19189);
#8821=VERTEX_POINT('',#19190);
#8822=VERTEX_POINT('',#19192);
#8823=VERTEX_POINT('',#19194);
#8824=VERTEX_POINT('',#19198);
#8825=VERTEX_POINT('',#19200);
#8826=VERTEX_POINT('',#19204);
#8827=VERTEX_POINT('',#19206);
#8828=VERTEX_POINT('',#19210);
#8829=VERTEX_POINT('',#19212);
#8830=VERTEX_POINT('',#19216);
#8831=VERTEX_POINT('',#19218);
#8832=VERTEX_POINT('',#19222);
#8833=VERTEX_POINT('',#19224);
#8834=VERTEX_POINT('',#19228);
#8835=VERTEX_POINT('',#19230);
#8836=VERTEX_POINT('',#19234);
#8837=VERTEX_POINT('',#19235);
#8838=VERTEX_POINT('',#19237);
#8839=VERTEX_POINT('',#19239);
#8840=VERTEX_POINT('',#19243);
#8841=VERTEX_POINT('',#19245);
#8842=VERTEX_POINT('',#19249);
#8843=VERTEX_POINT('',#19251);
#8844=VERTEX_POINT('',#19255);
#8845=VERTEX_POINT('',#19257);
#8846=VERTEX_POINT('',#19261);
#8847=VERTEX_POINT('',#19263);
#8848=VERTEX_POINT('',#19267);
#8849=VERTEX_POINT('',#19269);
#8850=VERTEX_POINT('',#19273);
#8851=VERTEX_POINT('',#19275);
#8852=VERTEX_POINT('',#19279);
#8853=VERTEX_POINT('',#19280);
#8854=VERTEX_POINT('',#19282);
#8855=VERTEX_POINT('',#19284);
#8856=VERTEX_POINT('',#19288);
#8857=VERTEX_POINT('',#19290);
#8858=VERTEX_POINT('',#19294);
#8859=VERTEX_POINT('',#19296);
#8860=VERTEX_POINT('',#19300);
#8861=VERTEX_POINT('',#19302);
#8862=VERTEX_POINT('',#19306);
#8863=VERTEX_POINT('',#19308);
#8864=VERTEX_POINT('',#19312);
#8865=VERTEX_POINT('',#19314);
#8866=VERTEX_POINT('',#19318);
#8867=VERTEX_POINT('',#19320);
#8868=VERTEX_POINT('',#19324);
#8869=VERTEX_POINT('',#19325);
#8870=VERTEX_POINT('',#19327);
#8871=VERTEX_POINT('',#19329);
#8872=VERTEX_POINT('',#19333);
#8873=VERTEX_POINT('',#19335);
#8874=VERTEX_POINT('',#19339);
#8875=VERTEX_POINT('',#19341);
#8876=VERTEX_POINT('',#19345);
#8877=VERTEX_POINT('',#19347);
#8878=VERTEX_POINT('',#19351);
#8879=VERTEX_POINT('',#19353);
#8880=VERTEX_POINT('',#19357);
#8881=VERTEX_POINT('',#19359);
#8882=VERTEX_POINT('',#19363);
#8883=VERTEX_POINT('',#19365);
#8884=VERTEX_POINT('',#19369);
#8885=VERTEX_POINT('',#19370);
#8886=VERTEX_POINT('',#19372);
#8887=VERTEX_POINT('',#19374);
#8888=VERTEX_POINT('',#19378);
#8889=VERTEX_POINT('',#19380);
#8890=VERTEX_POINT('',#19384);
#8891=VERTEX_POINT('',#19386);
#8892=VERTEX_POINT('',#19390);
#8893=VERTEX_POINT('',#19392);
#8894=VERTEX_POINT('',#19396);
#8895=VERTEX_POINT('',#19398);
#8896=VERTEX_POINT('',#19402);
#8897=VERTEX_POINT('',#19404);
#8898=VERTEX_POINT('',#19408);
#8899=VERTEX_POINT('',#19410);
#8900=VERTEX_POINT('',#19414);
#8901=VERTEX_POINT('',#19415);
#8902=VERTEX_POINT('',#19417);
#8903=VERTEX_POINT('',#19419);
#8904=VERTEX_POINT('',#19423);
#8905=VERTEX_POINT('',#19425);
#8906=VERTEX_POINT('',#19429);
#8907=VERTEX_POINT('',#19431);
#8908=VERTEX_POINT('',#19435);
#8909=VERTEX_POINT('',#19437);
#8910=VERTEX_POINT('',#19441);
#8911=VERTEX_POINT('',#19443);
#8912=VERTEX_POINT('',#19447);
#8913=VERTEX_POINT('',#19449);
#8914=VERTEX_POINT('',#19453);
#8915=VERTEX_POINT('',#19455);
#8916=VERTEX_POINT('',#19459);
#8917=VERTEX_POINT('',#19460);
#8918=VERTEX_POINT('',#19462);
#8919=VERTEX_POINT('',#19464);
#8920=VERTEX_POINT('',#19468);
#8921=VERTEX_POINT('',#19470);
#8922=VERTEX_POINT('',#19474);
#8923=VERTEX_POINT('',#19476);
#8924=VERTEX_POINT('',#19480);
#8925=VERTEX_POINT('',#19482);
#8926=VERTEX_POINT('',#19486);
#8927=VERTEX_POINT('',#19488);
#8928=VERTEX_POINT('',#19492);
#8929=VERTEX_POINT('',#19494);
#8930=VERTEX_POINT('',#19498);
#8931=VERTEX_POINT('',#19500);
#8932=VERTEX_POINT('',#19504);
#8933=VERTEX_POINT('',#19505);
#8934=VERTEX_POINT('',#19507);
#8935=VERTEX_POINT('',#19509);
#8936=VERTEX_POINT('',#19513);
#8937=VERTEX_POINT('',#19515);
#8938=VERTEX_POINT('',#19519);
#8939=VERTEX_POINT('',#19521);
#8940=VERTEX_POINT('',#19525);
#8941=VERTEX_POINT('',#19527);
#8942=VERTEX_POINT('',#19531);
#8943=VERTEX_POINT('',#19533);
#8944=VERTEX_POINT('',#19537);
#8945=VERTEX_POINT('',#19539);
#8946=VERTEX_POINT('',#19543);
#8947=VERTEX_POINT('',#19545);
#8948=VERTEX_POINT('',#19549);
#8949=VERTEX_POINT('',#19550);
#8950=VERTEX_POINT('',#19552);
#8951=VERTEX_POINT('',#19554);
#8952=VERTEX_POINT('',#19558);
#8953=VERTEX_POINT('',#19560);
#8954=VERTEX_POINT('',#19564);
#8955=VERTEX_POINT('',#19566);
#8956=VERTEX_POINT('',#19570);
#8957=VERTEX_POINT('',#19572);
#8958=VERTEX_POINT('',#19576);
#8959=VERTEX_POINT('',#19578);
#8960=VERTEX_POINT('',#19582);
#8961=VERTEX_POINT('',#19584);
#8962=VERTEX_POINT('',#19588);
#8963=VERTEX_POINT('',#19590);
#8964=VERTEX_POINT('',#19594);
#8965=VERTEX_POINT('',#19595);
#8966=VERTEX_POINT('',#19597);
#8967=VERTEX_POINT('',#19599);
#8968=VERTEX_POINT('',#19603);
#8969=VERTEX_POINT('',#19605);
#8970=VERTEX_POINT('',#19609);
#8971=VERTEX_POINT('',#19611);
#8972=VERTEX_POINT('',#19615);
#8973=VERTEX_POINT('',#19617);
#8974=VERTEX_POINT('',#19621);
#8975=VERTEX_POINT('',#19623);
#8976=VERTEX_POINT('',#19627);
#8977=VERTEX_POINT('',#19629);
#8978=VERTEX_POINT('',#19633);
#8979=VERTEX_POINT('',#19635);
#8980=VERTEX_POINT('',#19639);
#8981=VERTEX_POINT('',#19640);
#8982=VERTEX_POINT('',#19642);
#8983=VERTEX_POINT('',#19644);
#8984=VERTEX_POINT('',#19648);
#8985=VERTEX_POINT('',#19650);
#8986=VERTEX_POINT('',#19654);
#8987=VERTEX_POINT('',#19656);
#8988=VERTEX_POINT('',#19660);
#8989=VERTEX_POINT('',#19662);
#8990=VERTEX_POINT('',#19666);
#8991=VERTEX_POINT('',#19668);
#8992=VERTEX_POINT('',#19672);
#8993=VERTEX_POINT('',#19674);
#8994=VERTEX_POINT('',#19678);
#8995=VERTEX_POINT('',#19680);
#8996=VERTEX_POINT('',#19684);
#8997=VERTEX_POINT('',#19685);
#8998=VERTEX_POINT('',#19687);
#8999=VERTEX_POINT('',#19689);
#9000=VERTEX_POINT('',#19693);
#9001=VERTEX_POINT('',#19695);
#9002=VERTEX_POINT('',#19699);
#9003=VERTEX_POINT('',#19701);
#9004=VERTEX_POINT('',#19705);
#9005=VERTEX_POINT('',#19707);
#9006=VERTEX_POINT('',#19711);
#9007=VERTEX_POINT('',#19713);
#9008=VERTEX_POINT('',#19717);
#9009=VERTEX_POINT('',#19719);
#9010=VERTEX_POINT('',#19723);
#9011=VERTEX_POINT('',#19725);
#9012=VERTEX_POINT('',#19729);
#9013=VERTEX_POINT('',#19730);
#9014=VERTEX_POINT('',#19732);
#9015=VERTEX_POINT('',#19734);
#9016=VERTEX_POINT('',#19738);
#9017=VERTEX_POINT('',#19740);
#9018=VERTEX_POINT('',#19744);
#9019=VERTEX_POINT('',#19746);
#9020=VERTEX_POINT('',#19750);
#9021=VERTEX_POINT('',#19752);
#9022=VERTEX_POINT('',#19756);
#9023=VERTEX_POINT('',#19758);
#9024=VERTEX_POINT('',#19762);
#9025=VERTEX_POINT('',#19764);
#9026=VERTEX_POINT('',#19768);
#9027=VERTEX_POINT('',#19770);
#9028=VERTEX_POINT('',#19774);
#9029=VERTEX_POINT('',#19775);
#9030=VERTEX_POINT('',#19777);
#9031=VERTEX_POINT('',#19779);
#9032=VERTEX_POINT('',#19783);
#9033=VERTEX_POINT('',#19785);
#9034=VERTEX_POINT('',#19789);
#9035=VERTEX_POINT('',#19791);
#9036=VERTEX_POINT('',#19795);
#9037=VERTEX_POINT('',#19797);
#9038=VERTEX_POINT('',#19801);
#9039=VERTEX_POINT('',#19803);
#9040=VERTEX_POINT('',#19807);
#9041=VERTEX_POINT('',#19809);
#9042=VERTEX_POINT('',#19813);
#9043=VERTEX_POINT('',#19815);
#9044=VERTEX_POINT('',#19819);
#9045=VERTEX_POINT('',#19821);
#9046=VERTEX_POINT('',#19825);
#9047=VERTEX_POINT('',#19827);
#9048=VERTEX_POINT('',#19831);
#9049=VERTEX_POINT('',#19833);
#9050=VERTEX_POINT('',#19837);
#9051=VERTEX_POINT('',#19839);
#9052=VERTEX_POINT('',#19843);
#9053=VERTEX_POINT('',#19845);
#9054=VERTEX_POINT('',#19849);
#9055=VERTEX_POINT('',#19851);
#9056=VERTEX_POINT('',#19855);
#9057=VERTEX_POINT('',#19857);
#9058=VERTEX_POINT('',#19861);
#9059=VERTEX_POINT('',#19863);
#9060=VERTEX_POINT('',#19867);
#9061=VERTEX_POINT('',#19869);
#9062=VERTEX_POINT('',#19873);
#9063=VERTEX_POINT('',#19875);
#9064=VERTEX_POINT('',#19879);
#9065=VERTEX_POINT('',#19881);
#9066=VERTEX_POINT('',#19885);
#9067=VERTEX_POINT('',#19887);
#9068=VERTEX_POINT('',#19891);
#9069=VERTEX_POINT('',#19893);
#9070=VERTEX_POINT('',#19897);
#9071=VERTEX_POINT('',#19899);
#9072=VERTEX_POINT('',#19903);
#9073=VERTEX_POINT('',#19905);
#9074=VERTEX_POINT('',#19909);
#9075=VERTEX_POINT('',#19911);
#9076=VERTEX_POINT('',#19915);
#9077=VERTEX_POINT('',#19917);
#9078=CIRCLE('',#11981,0.0005);
#9079=CIRCLE('',#11982,0.0005);
#9080=CIRCLE('',#11985,0.0005);
#9081=CIRCLE('',#11986,0.0005);
#9082=CIRCLE('',#11989,0.0005);
#9083=CIRCLE('',#11990,0.0005);
#9084=CIRCLE('',#11993,0.0005);
#9085=CIRCLE('',#11994,0.0005);
#9086=CIRCLE('',#11996,0.0005);
#9087=CIRCLE('',#11997,0.0005);
#9088=CIRCLE('',#12000,0.000500000000000049);
#9089=CIRCLE('',#12001,0.000500000000000049);
#9090=CIRCLE('',#12004,0.000500000000000026);
#9091=CIRCLE('',#12005,0.000500000000000026);
#9092=CIRCLE('',#12008,0.0005);
#9093=CIRCLE('',#12009,0.0005);
#9094=CIRCLE('',#12011,0.0005);
#9095=CIRCLE('',#12012,0.0005);
#9096=CIRCLE('',#12015,0.0005);
#9097=CIRCLE('',#12016,0.0005);
#9098=CIRCLE('',#12019,0.0005);
#9099=CIRCLE('',#12020,0.0005);
#9100=CIRCLE('',#12023,0.0005);
#9101=CIRCLE('',#12024,0.0005);
#9102=CIRCLE('',#12026,0.0005);
#9103=CIRCLE('',#12027,0.0005);
#9104=CIRCLE('',#12030,0.000500000000000049);
#9105=CIRCLE('',#12031,0.000500000000000049);
#9106=CIRCLE('',#12034,0.000500000000000049);
#9107=CIRCLE('',#12035,0.000500000000000049);
#9108=CIRCLE('',#12038,0.0005);
#9109=CIRCLE('',#12039,0.0005);
#9110=CIRCLE('',#12041,0.0005);
#9111=CIRCLE('',#12042,0.0005);
#9112=CIRCLE('',#12045,0.0005);
#9113=CIRCLE('',#12046,0.0005);
#9114=CIRCLE('',#12049,0.0005);
#9115=CIRCLE('',#12050,0.0005);
#9116=CIRCLE('',#12053,0.0005);
#9117=CIRCLE('',#12054,0.0005);
#9118=CIRCLE('',#12056,0.00049999999999999);
#9119=CIRCLE('',#12057,0.00049999999999999);
#9120=CIRCLE('',#12060,0.0005);
#9121=CIRCLE('',#12061,0.0005);
#9122=CIRCLE('',#12064,0.0005);
#9123=CIRCLE('',#12065,0.0005);
#9124=CIRCLE('',#12068,0.000499999999999983);
#9125=CIRCLE('',#12069,0.000499999999999983);
#9126=CIRCLE('',#12071,0.0005);
#9127=CIRCLE('',#12072,0.0005);
#9128=CIRCLE('',#12075,0.0005);
#9129=CIRCLE('',#12076,0.0005);
#9130=CIRCLE('',#12079,0.0005);
#9131=CIRCLE('',#12080,0.0005);
#9132=CIRCLE('',#12083,0.0005);
#9133=CIRCLE('',#12084,0.0005);
#9134=CIRCLE('',#12086,0.0005);
#9135=CIRCLE('',#12087,0.0005);
#9136=CIRCLE('',#12090,0.000500000000000007);
#9137=CIRCLE('',#12091,0.000500000000000007);
#9138=CIRCLE('',#12094,0.000500000000000013);
#9139=CIRCLE('',#12095,0.000500000000000013);
#9140=CIRCLE('',#12098,0.0005);
#9141=CIRCLE('',#12099,0.0005);
#9142=CIRCLE('',#12101,0.0005);
#9143=CIRCLE('',#12102,0.0005);
#9144=CIRCLE('',#12105,0.000499999999999974);
#9145=CIRCLE('',#12106,0.000499999999999974);
#9146=CIRCLE('',#12109,0.000499999999999975);
#9147=CIRCLE('',#12110,0.000499999999999975);
#9148=CIRCLE('',#12113,0.0005);
#9149=CIRCLE('',#12114,0.0005);
#9150=CIRCLE('',#12116,0.0005);
#9151=CIRCLE('',#12117,0.0005);
#9152=CIRCLE('',#12120,0.0005);
#9153=CIRCLE('',#12121,0.0005);
#9154=CIRCLE('',#12124,0.0005);
#9155=CIRCLE('',#12125,0.0005);
#9156=CIRCLE('',#12128,0.0005);
#9157=CIRCLE('',#12129,0.0005);
#9158=CIRCLE('',#12131,0.000500000000000007);
#9159=CIRCLE('',#12132,0.000500000000000007);
#9160=CIRCLE('',#12135,0.000500000000000006);
#9161=CIRCLE('',#12136,0.000500000000000006);
#9162=CIRCLE('',#12139,0.0005);
#9163=CIRCLE('',#12140,0.0005);
#9164=CIRCLE('',#12143,0.0005);
#9165=CIRCLE('',#12144,0.0005);
#9166=CIRCLE('',#12146,0.0005);
#9167=CIRCLE('',#12147,0.0005);
#9168=CIRCLE('',#12150,0.0005);
#9169=CIRCLE('',#12151,0.0005);
#9170=CIRCLE('',#12154,0.0005);
#9171=CIRCLE('',#12155,0.0005);
#9172=CIRCLE('',#12158,0.0005);
#9173=CIRCLE('',#12159,0.0005);
#9174=CIRCLE('',#12161,0.0005);
#9175=CIRCLE('',#12162,0.0005);
#9176=CIRCLE('',#12165,0.0005);
#9177=CIRCLE('',#12166,0.0005);
#9178=CIRCLE('',#12169,0.0005);
#9179=CIRCLE('',#12170,0.0005);
#9180=CIRCLE('',#12173,0.0005);
#9181=CIRCLE('',#12174,0.0005);
#9182=CIRCLE('',#12176,0.0005);
#9183=CIRCLE('',#12177,0.0005);
#9184=CIRCLE('',#12180,0.000500000000000013);
#9185=CIRCLE('',#12181,0.000500000000000013);
#9186=CIRCLE('',#12184,0.000500000000000013);
#9187=CIRCLE('',#12185,0.000500000000000013);
#9188=CIRCLE('',#12188,0.0005);
#9189=CIRCLE('',#12189,0.0005);
#9190=CIRCLE('',#12191,0.0005);
#9191=CIRCLE('',#12192,0.0005);
#9192=CIRCLE('',#12195,0.0005);
#9193=CIRCLE('',#12196,0.0005);
#9194=CIRCLE('',#12199,0.0005);
#9195=CIRCLE('',#12200,0.0005);
#9196=CIRCLE('',#12203,0.0005);
#9197=CIRCLE('',#12204,0.0005);
#9198=CIRCLE('',#12206,0.0005);
#9199=CIRCLE('',#12207,0.0005);
#9200=CIRCLE('',#12210,0.0005);
#9201=CIRCLE('',#12211,0.0005);
#9202=CIRCLE('',#12214,0.0005);
#9203=CIRCLE('',#12215,0.0005);
#9204=CIRCLE('',#12218,0.0005);
#9205=CIRCLE('',#12219,0.0005);
#9206=CIRCLE('',#12221,0.000500000000000025);
#9207=CIRCLE('',#12222,0.000500000000000025);
#9208=CIRCLE('',#12225,0.000500000000000013);
#9209=CIRCLE('',#12226,0.000500000000000013);
#9210=CIRCLE('',#12229,0.0005);
#9211=CIRCLE('',#12230,0.0005);
#9212=CIRCLE('',#12233,0.0005);
#9213=CIRCLE('',#12234,0.0005);
#9214=CIRCLE('',#12236,0.0005);
#9215=CIRCLE('',#12237,0.0005);
#9216=CIRCLE('',#12240,0.0005);
#9217=CIRCLE('',#12241,0.0005);
#9218=CIRCLE('',#12244,0.0005);
#9219=CIRCLE('',#12245,0.0005);
#9220=CIRCLE('',#12248,0.0005);
#9221=CIRCLE('',#12249,0.0005);
#9222=CIRCLE('',#12251,0.0005);
#9223=CIRCLE('',#12252,0.0005);
#9224=CIRCLE('',#12255,0.0005);
#9225=CIRCLE('',#12256,0.0005);
#9226=CIRCLE('',#12259,0.0005);
#9227=CIRCLE('',#12260,0.0005);
#9228=CIRCLE('',#12263,0.0005);
#9229=CIRCLE('',#12264,0.0005);
#9230=CIRCLE('',#12266,0.00049999999999999);
#9231=CIRCLE('',#12267,0.00049999999999999);
#9232=CIRCLE('',#12270,0.0005);
#9233=CIRCLE('',#12271,0.0005);
#9234=CIRCLE('',#12274,0.0005);
#9235=CIRCLE('',#12275,0.0005);
#9236=CIRCLE('',#12278,0.000499999999999988);
#9237=CIRCLE('',#12279,0.000499999999999988);
#9238=CIRCLE('',#12281,0.000499999999999987);
#9239=CIRCLE('',#12282,0.000499999999999987);
#9240=CIRCLE('',#12285,0.0005);
#9241=CIRCLE('',#12286,0.0005);
#9242=CIRCLE('',#12289,0.0005);
#9243=CIRCLE('',#12290,0.0005);
#9244=CIRCLE('',#12293,0.000499999999999994);
#9245=CIRCLE('',#12294,0.000499999999999994);
#9246=CIRCLE('',#12296,0.0005);
#9247=CIRCLE('',#12297,0.0005);
#9248=CIRCLE('',#12300,0.0005);
#9249=CIRCLE('',#12301,0.0005);
#9250=CIRCLE('',#12304,0.0005);
#9251=CIRCLE('',#12305,0.0005);
#9252=CIRCLE('',#12308,0.0005);
#9253=CIRCLE('',#12309,0.0005);
#9254=CIRCLE('',#12311,0.0005);
#9255=CIRCLE('',#12312,0.0005);
#9256=CIRCLE('',#12315,0.0005);
#9257=CIRCLE('',#12316,0.0005);
#9258=CIRCLE('',#12319,0.0005);
#9259=CIRCLE('',#12320,0.0005);
#9260=CIRCLE('',#12323,0.0005);
#9261=CIRCLE('',#12324,0.0005);
#9262=CIRCLE('',#12326,0.000499999999999988);
#9263=CIRCLE('',#12327,0.000499999999999988);
#9264=CIRCLE('',#12330,0.0005);
#9265=CIRCLE('',#12331,0.0005);
#9266=CIRCLE('',#12334,0.0005);
#9267=CIRCLE('',#12335,0.0005);
#9268=CIRCLE('',#12338,0.000499999999999976);
#9269=CIRCLE('',#12339,0.000499999999999976);
#9270=CIRCLE('',#12342,0.0005);
#9271=CIRCLE('',#12343,0.0005);
#9272=CIRCLE('',#12346,0.0005);
#9273=CIRCLE('',#12347,0.0005);
#9274=CIRCLE('',#12350,0.000499999999999974);
#9275=CIRCLE('',#12351,0.000499999999999974);
#9276=CIRCLE('',#12355,0.0005);
#9277=CIRCLE('',#12356,0.0005);
#9278=CIRCLE('',#12359,0.0005);
#9279=CIRCLE('',#12360,0.0005);
#9280=CIRCLE('',#12363,0.0005);
#9281=CIRCLE('',#12364,0.0005);
#9282=CIRCLE('',#12367,0.00049999999999999);
#9283=CIRCLE('',#12368,0.00049999999999999);
#9284=CIRCLE('',#12371,0.0005);
#9285=CIRCLE('',#12372,0.0005);
#9286=CIRCLE('',#12375,0.0005);
#9287=CIRCLE('',#12376,0.0005);
#9288=CIRCLE('',#12379,0.000499999999999983);
#9289=CIRCLE('',#12380,0.000499999999999983);
#9290=CIRCLE('',#12383,0.000499999999999994);
#9291=CIRCLE('',#12384,0.000499999999999994);
#9292=CIRCLE('',#12387,0.0005);
#9293=CIRCLE('',#12388,0.0005);
#9294=CIRCLE('',#12391,0.000500000000000013);
#9295=CIRCLE('',#12392,0.000500000000000013);
#9296=CIRCLE('',#12395,0.000499999999999988);
#9297=CIRCLE('',#12396,0.000499999999999988);
#9298=CIRCLE('',#12399,0.0005);
#9299=CIRCLE('',#12400,0.0005);
#9300=CIRCLE('',#12403,0.0005);
#9301=CIRCLE('',#12404,0.0005);
#9302=CIRCLE('',#12407,0.0005);
#9303=CIRCLE('',#12408,0.0005);
#9304=CIRCLE('',#12410,0.0005);
#9305=CIRCLE('',#12411,0.0005);
#9306=CIRCLE('',#12414,0.0005);
#9307=CIRCLE('',#12415,0.0005);
#9308=CIRCLE('',#12418,0.000499999999999988);
#9309=CIRCLE('',#12419,0.000499999999999988);
#9310=CIRCLE('',#12422,0.00049999999999999);
#9311=CIRCLE('',#12423,0.00049999999999999);
#9312=CIRCLE('',#12425,0.0005);
#9313=CIRCLE('',#12426,0.0005);
#9314=CIRCLE('',#12429,0.0005);
#9315=CIRCLE('',#12430,0.0005);
#9316=CIRCLE('',#12433,0.0005);
#9317=CIRCLE('',#12434,0.0005);
#9318=CIRCLE('',#12437,0.0005);
#9319=CIRCLE('',#12438,0.0005);
#9320=CIRCLE('',#12440,0.000499999999999988);
#9321=CIRCLE('',#12441,0.000499999999999988);
#9322=CIRCLE('',#12444,0.0005);
#9323=CIRCLE('',#12445,0.0005);
#9324=CIRCLE('',#12448,0.0005);
#9325=CIRCLE('',#12449,0.0005);
#9326=CIRCLE('',#12452,0.000499999999999987);
#9327=CIRCLE('',#12453,0.000499999999999987);
#9328=CIRCLE('',#12455,0.000499999999999976);
#9329=CIRCLE('',#12456,0.000499999999999976);
#9330=CIRCLE('',#12459,0.0005);
#9331=CIRCLE('',#12460,0.0005);
#9332=CIRCLE('',#12463,0.0005);
#9333=CIRCLE('',#12464,0.0005);
#9334=CIRCLE('',#12467,0.000499999999999988);
#9335=CIRCLE('',#12468,0.000499999999999988);
#9336=CIRCLE('',#12470,0.000500000000000007);
#9337=CIRCLE('',#12471,0.000500000000000007);
#9338=CIRCLE('',#12474,0.0005);
#9339=CIRCLE('',#12475,0.0005);
#9340=CIRCLE('',#12478,0.0005);
#9341=CIRCLE('',#12479,0.0005);
#9342=CIRCLE('',#12482,0.0005);
#9343=CIRCLE('',#12483,0.0005);
#9344=CIRCLE('',#12485,0.0005);
#9345=CIRCLE('',#12486,0.0005);
#9346=CIRCLE('',#12489,0.0005);
#9347=CIRCLE('',#12490,0.0005);
#9348=CIRCLE('',#12493,0.0005);
#9349=CIRCLE('',#12494,0.0005);
#9350=CIRCLE('',#12497,0.0005);
#9351=CIRCLE('',#12498,0.0005);
#9352=CIRCLE('',#12501,0.0005);
#9353=CIRCLE('',#12502,0.0005);
#9354=CIRCLE('',#12505,0.0005);
#9355=CIRCLE('',#12506,0.0005);
#9356=CIRCLE('',#12509,0.0005);
#9357=CIRCLE('',#12510,0.0005);
#9358=CIRCLE('',#12513,0.0005);
#9359=CIRCLE('',#12514,0.0005);
#9360=CIRCLE('',#12517,0.0005);
#9361=CIRCLE('',#12518,0.0005);
#9362=CIRCLE('',#12521,0.0005);
#9363=CIRCLE('',#12522,0.0005);
#9364=CIRCLE('',#12525,0.0005);
#9365=CIRCLE('',#12526,0.0005);
#9366=CIRCLE('',#12529,0.0005);
#9367=CIRCLE('',#12530,0.0005);
#9368=CIRCLE('',#12533,0.0005);
#9369=CIRCLE('',#12534,0.0005);
#9370=CIRCLE('',#12537,0.0005);
#9371=CIRCLE('',#12538,0.0005);
#9372=CIRCLE('',#12542,0.0005);
#9373=CIRCLE('',#12543,0.0005);
#9374=CIRCLE('',#12546,0.0005);
#9375=CIRCLE('',#12547,0.0005);
#9376=CIRCLE('',#12550,0.0005);
#9377=CIRCLE('',#12551,0.0005);
#9378=CIRCLE('',#12554,0.0005);
#9379=CIRCLE('',#12555,0.0005);
#9380=CIRCLE('',#12558,0.0005);
#9381=CIRCLE('',#12559,0.0005);
#9382=CIRCLE('',#12562,0.0005);
#9383=CIRCLE('',#12563,0.0005);
#9384=CIRCLE('',#12566,0.0005);
#9385=CIRCLE('',#12567,0.0005);
#9386=CIRCLE('',#12569,0.0005);
#9387=CIRCLE('',#12570,0.0005);
#9388=CIRCLE('',#12573,0.0005);
#9389=CIRCLE('',#12574,0.0005);
#9390=CIRCLE('',#12577,0.00049999999999998);
#9391=CIRCLE('',#12578,0.00049999999999998);
#9392=CIRCLE('',#12580,0.00050000000000044);
#9393=CIRCLE('',#12581,0.00050000000000044);
#9394=CIRCLE('',#12584,0.0005);
#9395=CIRCLE('',#12585,0.0005);
#9396=CIRCLE('',#12588,0.0005);
#9397=CIRCLE('',#12589,0.0005);
#9398=CIRCLE('',#12592,0.000499999999999954);
#9399=CIRCLE('',#12593,0.000499999999999954);
#9400=CIRCLE('',#12595,0.00049999999999988);
#9401=CIRCLE('',#12596,0.00049999999999988);
#9402=CIRCLE('',#12598,0.0005);
#9403=CIRCLE('',#12599,0.0005);
#9404=CIRCLE('',#12602,0.0005);
#9405=CIRCLE('',#12603,0.0005);
#9406=CIRCLE('',#12606,0.0005);
#9407=CIRCLE('',#12607,0.0005);
#9408=CIRCLE('',#12610,0.0005);
#9409=CIRCLE('',#12611,0.0005);
#9410=CIRCLE('',#12613,0.0005);
#9411=CIRCLE('',#12614,0.0005);
#9412=CIRCLE('',#12617,0.0005);
#9413=CIRCLE('',#12618,0.0005);
#9414=CIRCLE('',#12621,0.000500000000000053);
#9415=CIRCLE('',#12622,0.000500000000000053);
#9416=CIRCLE('',#12625,0.000500000000000053);
#9417=CIRCLE('',#12626,0.000500000000000053);
#9418=CIRCLE('',#12628,0.0005);
#9419=CIRCLE('',#12629,0.0005);
#9420=CIRCLE('',#12632,0.0005);
#9421=CIRCLE('',#12633,0.0005);
#9422=CIRCLE('',#12636,0.0005);
#9423=CIRCLE('',#12637,0.0005);
#9424=CIRCLE('',#12640,0.0005);
#9425=CIRCLE('',#12641,0.0005);
#9426=CIRCLE('',#12644,0.0005);
#9427=CIRCLE('',#12645,0.0005);
#9428=CIRCLE('',#12648,0.0005);
#9429=CIRCLE('',#12649,0.0005);
#9430=CIRCLE('',#12652,0.0005);
#9431=CIRCLE('',#12653,0.0005);
#9432=CIRCLE('',#12656,0.000500000000000013);
#9433=CIRCLE('',#12657,0.000500000000000013);
#9434=CIRCLE('',#12660,0.000500000000000025);
#9435=CIRCLE('',#12661,0.000500000000000025);
#9436=CIRCLE('',#12664,0.0005);
#9437=CIRCLE('',#12665,0.0005);
#9438=CIRCLE('',#12668,0.0005);
#9439=CIRCLE('',#12669,0.0005);
#9440=CIRCLE('',#12671,0.000499999999999994);
#9441=CIRCLE('',#12672,0.000499999999999994);
#9442=CIRCLE('',#12675,0.0005);
#9443=CIRCLE('',#12676,0.0005);
#9444=CIRCLE('',#12679,0.0005);
#9445=CIRCLE('',#12680,0.0005);
#9446=CIRCLE('',#12683,0.0005);
#9447=CIRCLE('',#12684,0.0005);
#9448=CIRCLE('',#12686,0.0005);
#9449=CIRCLE('',#12687,0.0005);
#9450=CIRCLE('',#12690,0.000500000000000007);
#9451=CIRCLE('',#12691,0.000500000000000007);
#9452=CIRCLE('',#12694,0.000500000000000013);
#9453=CIRCLE('',#12695,0.000500000000000013);
#9454=CIRCLE('',#12698,0.0005);
#9455=CIRCLE('',#12699,0.0005);
#9456=CIRCLE('',#12701,0.0005);
#9457=CIRCLE('',#12702,0.0005);
#9458=CIRCLE('',#12705,0.0005);
#9459=CIRCLE('',#12706,0.0005);
#9460=CIRCLE('',#12709,0.0005);
#9461=CIRCLE('',#12710,0.0005);
#9462=CIRCLE('',#12713,0.0005);
#9463=CIRCLE('',#12714,0.0005);
#9464=CIRCLE('',#12716,0.0005);
#9465=CIRCLE('',#12717,0.0005);
#9466=CIRCLE('',#12720,0.000500000000000014);
#9467=CIRCLE('',#12721,0.000500000000000014);
#9468=CIRCLE('',#12724,0.0005);
#9469=CIRCLE('',#12725,0.0005);
#9470=CIRCLE('',#12728,0.0005);
#9471=CIRCLE('',#12729,0.0005);
#9472=CIRCLE('',#12731,0.0005);
#9473=CIRCLE('',#12732,0.0005);
#9474=CIRCLE('',#12735,0.0005);
#9475=CIRCLE('',#12736,0.0005);
#9476=CIRCLE('',#12739,0.0005);
#9477=CIRCLE('',#12740,0.0005);
#9478=CIRCLE('',#12743,0.0005);
#9479=CIRCLE('',#12744,0.0005);
#9480=CIRCLE('',#12746,0.0005);
#9481=CIRCLE('',#12747,0.0005);
#9482=CIRCLE('',#12750,0.0005);
#9483=CIRCLE('',#12751,0.0005);
#9484=CIRCLE('',#12754,0.0005);
#9485=CIRCLE('',#12755,0.0005);
#9486=CIRCLE('',#12758,0.0005);
#9487=CIRCLE('',#12759,0.0005);
#9488=CIRCLE('',#12762,0.0005);
#9489=CIRCLE('',#12763,0.0005);
#9490=CIRCLE('',#12766,0.0005);
#9491=CIRCLE('',#12767,0.0005);
#9492=CIRCLE('',#12770,0.0005);
#9493=CIRCLE('',#12771,0.0005);
#9494=CIRCLE('',#12775,0.000499999999999976);
#9495=CIRCLE('',#12776,0.000499999999999976);
#9496=CIRCLE('',#12779,0.0005);
#9497=CIRCLE('',#12780,0.0005);
#9498=CIRCLE('',#12783,0.0005);
#9499=CIRCLE('',#12784,0.0005);
#9500=CIRCLE('',#12787,0.000499999999999975);
#9501=CIRCLE('',#12788,0.000499999999999975);
#9502=CIRCLE('',#12791,0.0005);
#9503=CIRCLE('',#12792,0.0005);
#9504=CIRCLE('',#12795,0.0005);
#9505=CIRCLE('',#12796,0.0005);
#9506=CIRCLE('',#12799,0.000499999999999974);
#9507=CIRCLE('',#12800,0.000499999999999974);
#9508=CIRCLE('',#12802,0.0005);
#9509=CIRCLE('',#12803,0.0005);
#9510=CIRCLE('',#12806,0.0005);
#9511=CIRCLE('',#12807,0.0005);
#9512=CIRCLE('',#12810,0.0005);
#9513=CIRCLE('',#12811,0.0005);
#9514=CIRCLE('',#12814,0.0005);
#9515=CIRCLE('',#12815,0.0005);
#9516=CIRCLE('',#12817,0.0005);
#9517=CIRCLE('',#12818,0.0005);
#9518=CIRCLE('',#12821,0.0005);
#9519=CIRCLE('',#12822,0.0005);
#9520=CIRCLE('',#12825,0.000500000000000011);
#9521=CIRCLE('',#12826,0.000500000000000011);
#9522=CIRCLE('',#12829,0.000500000000000011);
#9523=CIRCLE('',#12830,0.000500000000000011);
#9524=CIRCLE('',#12832,0.0005);
#9525=CIRCLE('',#12833,0.0005);
#9526=CIRCLE('',#12836,0.0005);
#9527=CIRCLE('',#12837,0.0005);
#9528=CIRCLE('',#12840,0.0005);
#9529=CIRCLE('',#12841,0.0005);
#9530=CIRCLE('',#12844,0.0005);
#9531=CIRCLE('',#12845,0.0005);
#9532=CIRCLE('',#12848,0.0005);
#9533=CIRCLE('',#12849,0.0005);
#9534=CIRCLE('',#12852,0.0005);
#9535=CIRCLE('',#12853,0.0005);
#9536=CIRCLE('',#12856,0.000500000000000049);
#9537=CIRCLE('',#12857,0.000500000000000049);
#9538=CIRCLE('',#12860,0.0005);
#9539=CIRCLE('',#12861,0.0005);
#9540=CIRCLE('',#12864,0.0005);
#9541=CIRCLE('',#12865,0.0005);
#9542=CIRCLE('',#12868,0.0005);
#9543=CIRCLE('',#12869,0.0005);
#9544=CIRCLE('',#12872,0.0005);
#9545=CIRCLE('',#12873,0.0005);
#9546=CIRCLE('',#12876,0.000499999999999987);
#9547=CIRCLE('',#12877,0.000499999999999987);
#9548=CIRCLE('',#12880,0.000499999999999987);
#9549=CIRCLE('',#12881,0.000499999999999987);
#9550=CIRCLE('',#12884,0.0005);
#9551=CIRCLE('',#12885,0.0005);
#9552=CIRCLE('',#12888,0.0005);
#9553=CIRCLE('',#12889,0.0005);
#9554=CIRCLE('',#12892,0.000499999999999994);
#9555=CIRCLE('',#12893,0.000499999999999994);
#9556=CIRCLE('',#12896,0.000499999999999994);
#9557=CIRCLE('',#12897,0.000499999999999994);
#9558=CIRCLE('',#12900,0.0005);
#9559=CIRCLE('',#12901,0.0005);
#9560=CIRCLE('',#12903,0.0005);
#9561=CIRCLE('',#12904,0.0005);
#9562=CIRCLE('',#12907,0.0005);
#9563=CIRCLE('',#12908,0.0005);
#9564=CIRCLE('',#12911,0.0005);
#9565=CIRCLE('',#12912,0.0005);
#9566=CIRCLE('',#12915,0.000499999999999994);
#9567=CIRCLE('',#12916,0.000499999999999994);
#9568=CIRCLE('',#12918,0.0005);
#9569=CIRCLE('',#12919,0.0005);
#9570=CIRCLE('',#12922,0.0005);
#9571=CIRCLE('',#12923,0.0005);
#9572=CIRCLE('',#12926,0.000499999999999976);
#9573=CIRCLE('',#12927,0.000499999999999976);
#9574=CIRCLE('',#12930,0.000499999999999988);
#9575=CIRCLE('',#12931,0.000499999999999988);
#9576=CIRCLE('',#12933,0.0005);
#9577=CIRCLE('',#12934,0.0005);
#9578=CIRCLE('',#12937,0.0005);
#9579=CIRCLE('',#12938,0.0005);
#9580=CIRCLE('',#12941,0.0005);
#9581=CIRCLE('',#12942,0.0005);
#9582=CIRCLE('',#12945,0.0005);
#9583=CIRCLE('',#12946,0.0005);
#9584=CIRCLE('',#12948,0.0005);
#9585=CIRCLE('',#12949,0.0005);
#9586=CIRCLE('',#12952,0.0005);
#9587=CIRCLE('',#12953,0.0005);
#9588=CIRCLE('',#12956,0.000500000000000049);
#9589=CIRCLE('',#12957,0.000500000000000049);
#9590=CIRCLE('',#12960,0.000500000000000049);
#9591=CIRCLE('',#12961,0.000500000000000049);
#9592=CIRCLE('',#12963,0.000500000000000007);
#9593=CIRCLE('',#12964,0.000500000000000007);
#9594=CIRCLE('',#12967,0.000500000000000014);
#9595=CIRCLE('',#12968,0.000500000000000014);
#9596=CIRCLE('',#12971,0.0005);
#9597=CIRCLE('',#12972,0.0005);
#9598=CIRCLE('',#12975,0.0005);
#9599=CIRCLE('',#12976,0.0005);
#9600=CIRCLE('',#12978,0.0005);
#9601=CIRCLE('',#12979,0.0005);
#9602=CIRCLE('',#12982,0.0005);
#9603=CIRCLE('',#12983,0.0005);
#9604=CIRCLE('',#12986,0.0005);
#9605=CIRCLE('',#12987,0.0005);
#9606=CIRCLE('',#12990,0.0005);
#9607=CIRCLE('',#12991,0.0005);
#9608=CIRCLE('',#12994,0.0005);
#9609=CIRCLE('',#12995,0.0005);
#9610=CIRCLE('',#12998,0.0005);
#9611=CIRCLE('',#12999,0.0005);
#9612=CIRCLE('',#13002,0.000500000000000026);
#9613=CIRCLE('',#13003,0.000500000000000026);
#9614=CIRCLE('',#13017,0.00316758);
#9615=CIRCLE('',#13018,0.00316758);
#9616=CIRCLE('',#13020,0.00240724999999936);
#9617=CIRCLE('',#13021,0.00240724999999936);
#9618=CIRCLE('',#13023,0.00632998725862077);
#9619=CIRCLE('',#13024,0.00632998725862077);
#9620=CIRCLE('',#13026,0.00316757686968499);
#9621=CIRCLE('',#13027,0.00316757686968499);
#9622=CIRCLE('',#13033,0.00149999999999997);
#9623=CIRCLE('',#13034,0.00149999999999997);
#9624=CIRCLE('',#13037,0.00149999999999994);
#9625=CIRCLE('',#13038,0.00149999999999994);
#9626=CIRCLE('',#13065,0.000499999999999975);
#9627=CIRCLE('',#13066,0.000499999999999975);
#9628=CIRCLE('',#13068,0.0005);
#9629=CIRCLE('',#13069,0.0005);
#9630=CIRCLE('',#13072,0.0005);
#9631=CIRCLE('',#13073,0.0005);
#9632=CIRCLE('',#13082,0.0005);
#9633=CIRCLE('',#13083,0.0005);
#9634=CIRCLE('',#13086,0.0005);
#9635=CIRCLE('',#13087,0.0005);
#9636=CIRCLE('',#13089,0.0005);
#9637=CIRCLE('',#13090,0.0005);
#9638=CIRCLE('',#13097,0.0005);
#9639=CIRCLE('',#13098,0.0005);
#9640=CIRCLE('',#13107,0.0005);
#9641=CIRCLE('',#13108,0.0005);
#9642=CIRCLE('',#13110,0.000499999999999988);
#9643=CIRCLE('',#13111,0.000499999999999988);
#9644=CIRCLE('',#13117,0.000500000000000053);
#9645=CIRCLE('',#13118,0.000500000000000053);
#9646=CIRCLE('',#13121,0.0005);
#9647=CIRCLE('',#13122,0.0005);
#9648=CIRCLE('',#13131,0.000500000000000049);
#9649=CIRCLE('',#13132,0.000500000000000049);
#9650=EDGE_LOOP('',(#2665,#2666,#2667,#2668));
#9651=EDGE_LOOP('',(#2669,#2670,#2671,#2672));
#9652=EDGE_LOOP('',(#2673,#2674,#2675,#2676));
#9653=EDGE_LOOP('',(#2677,#2678,#2679,#2680));
#9654=EDGE_LOOP('',(#2681,#2682,#2683,#2684));
#9655=EDGE_LOOP('',(#2685,#2686,#2687,#2688));
#9656=EDGE_LOOP('',(#2689,#2690,#2691,#2692));
#9657=EDGE_LOOP('',(#2693,#2694,#2695,#2696));
#9658=EDGE_LOOP('',(#2697,#2698,#2699,#2700));
#9659=EDGE_LOOP('',(#2701,#2702,#2703,#2704));
#9660=EDGE_LOOP('',(#2705,#2706,#2707,#2708));
#9661=EDGE_LOOP('',(#2709,#2710,#2711,#2712));
#9662=EDGE_LOOP('',(#2713,#2714,#2715,#2716));
#9663=EDGE_LOOP('',(#2717,#2718,#2719,#2720));
#9664=EDGE_LOOP('',(#2721,#2722,#2723,#2724));
#9665=EDGE_LOOP('',(#2725,#2726,#2727,#2728));
#9666=EDGE_LOOP('',(#2729,#2730,#2731,#2732));
#9667=EDGE_LOOP('',(#2733,#2734,#2735,#2736));
#9668=EDGE_LOOP('',(#2737,#2738,#2739,#2740));
#9669=EDGE_LOOP('',(#2741,#2742,#2743,#2744));
#9670=EDGE_LOOP('',(#2745,#2746,#2747,#2748));
#9671=EDGE_LOOP('',(#2749,#2750,#2751,#2752));
#9672=EDGE_LOOP('',(#2753,#2754,#2755,#2756));
#9673=EDGE_LOOP('',(#2757,#2758,#2759,#2760));
#9674=EDGE_LOOP('',(#2761,#2762,#2763,#2764));
#9675=EDGE_LOOP('',(#2765,#2766,#2767,#2768));
#9676=EDGE_LOOP('',(#2769,#2770,#2771,#2772));
#9677=EDGE_LOOP('',(#2773,#2774,#2775,#2776));
#9678=EDGE_LOOP('',(#2777,#2778,#2779,#2780));
#9679=EDGE_LOOP('',(#2781,#2782,#2783,#2784));
#9680=EDGE_LOOP('',(#2785,#2786,#2787,#2788));
#9681=EDGE_LOOP('',(#2789,#2790,#2791,#2792));
#9682=EDGE_LOOP('',(#2793,#2794,#2795,#2796));
#9683=EDGE_LOOP('',(#2797,#2798,#2799,#2800));
#9684=EDGE_LOOP('',(#2801,#2802,#2803,#2804));
#9685=EDGE_LOOP('',(#2805,#2806,#2807,#2808));
#9686=EDGE_LOOP('',(#2809,#2810,#2811,#2812));
#9687=EDGE_LOOP('',(#2813,#2814,#2815,#2816));
#9688=EDGE_LOOP('',(#2817,#2818,#2819,#2820));
#9689=EDGE_LOOP('',(#2821,#2822,#2823,#2824));
#9690=EDGE_LOOP('',(#2825,#2826,#2827,#2828));
#9691=EDGE_LOOP('',(#2829,#2830,#2831,#2832));
#9692=EDGE_LOOP('',(#2833,#2834,#2835,#2836));
#9693=EDGE_LOOP('',(#2837,#2838,#2839,#2840));
#9694=EDGE_LOOP('',(#2841,#2842,#2843,#2844));
#9695=EDGE_LOOP('',(#2845,#2846,#2847,#2848));
#9696=EDGE_LOOP('',(#2849,#2850,#2851,#2852));
#9697=EDGE_LOOP('',(#2853,#2854,#2855,#2856));
#9698=EDGE_LOOP('',(#2857,#2858,#2859,#2860));
#9699=EDGE_LOOP('',(#2861,#2862,#2863,#2864));
#9700=EDGE_LOOP('',(#2865,#2866,#2867,#2868));
#9701=EDGE_LOOP('',(#2869,#2870,#2871,#2872));
#9702=EDGE_LOOP('',(#2873,#2874,#2875,#2876));
#9703=EDGE_LOOP('',(#2877,#2878,#2879,#2880));
#9704=EDGE_LOOP('',(#2881,#2882,#2883,#2884));
#9705=EDGE_LOOP('',(#2885,#2886,#2887,#2888));
#9706=EDGE_LOOP('',(#2889,#2890,#2891,#2892));
#9707=EDGE_LOOP('',(#2893,#2894,#2895,#2896));
#9708=EDGE_LOOP('',(#2897,#2898,#2899,#2900));
#9709=EDGE_LOOP('',(#2901,#2902,#2903,#2904));
#9710=EDGE_LOOP('',(#2905,#2906,#2907,#2908));
#9711=EDGE_LOOP('',(#2909,#2910,#2911,#2912));
#9712=EDGE_LOOP('',(#2913,#2914,#2915,#2916));
#9713=EDGE_LOOP('',(#2917,#2918,#2919,#2920));
#9714=EDGE_LOOP('',(#2921,#2922,#2923,#2924));
#9715=EDGE_LOOP('',(#2925,#2926,#2927,#2928));
#9716=EDGE_LOOP('',(#2929,#2930,#2931,#2932));
#9717=EDGE_LOOP('',(#2933,#2934,#2935,#2936));
#9718=EDGE_LOOP('',(#2937,#2938,#2939,#2940));
#9719=EDGE_LOOP('',(#2941,#2942,#2943,#2944));
#9720=EDGE_LOOP('',(#2945,#2946,#2947,#2948));
#9721=EDGE_LOOP('',(#2949,#2950,#2951,#2952));
#9722=EDGE_LOOP('',(#2953,#2954,#2955,#2956));
#9723=EDGE_LOOP('',(#2957,#2958,#2959,#2960));
#9724=EDGE_LOOP('',(#2961,#2962,#2963,#2964));
#9725=EDGE_LOOP('',(#2965,#2966,#2967,#2968));
#9726=EDGE_LOOP('',(#2969,#2970,#2971,#2972));
#9727=EDGE_LOOP('',(#2973,#2974,#2975,#2976));
#9728=EDGE_LOOP('',(#2977,#2978,#2979,#2980));
#9729=EDGE_LOOP('',(#2981,#2982,#2983,#2984));
#9730=EDGE_LOOP('',(#2985,#2986,#2987,#2988));
#9731=EDGE_LOOP('',(#2989,#2990,#2991,#2992));
#9732=EDGE_LOOP('',(#2993,#2994,#2995,#2996));
#9733=EDGE_LOOP('',(#2997,#2998,#2999,#3000));
#9734=EDGE_LOOP('',(#3001,#3002,#3003,#3004));
#9735=EDGE_LOOP('',(#3005,#3006,#3007,#3008));
#9736=EDGE_LOOP('',(#3009,#3010,#3011,#3012));
#9737=EDGE_LOOP('',(#3013,#3014,#3015,#3016));
#9738=EDGE_LOOP('',(#3017,#3018,#3019,#3020));
#9739=EDGE_LOOP('',(#3021,#3022,#3023,#3024));
#9740=EDGE_LOOP('',(#3025,#3026,#3027,#3028));
#9741=EDGE_LOOP('',(#3029,#3030,#3031,#3032));
#9742=EDGE_LOOP('',(#3033,#3034,#3035,#3036));
#9743=EDGE_LOOP('',(#3037,#3038,#3039,#3040));
#9744=EDGE_LOOP('',(#3041,#3042,#3043,#3044));
#9745=EDGE_LOOP('',(#3045,#3046,#3047,#3048));
#9746=EDGE_LOOP('',(#3049,#3050,#3051,#3052));
#9747=EDGE_LOOP('',(#3053,#3054,#3055,#3056));
#9748=EDGE_LOOP('',(#3057,#3058,#3059,#3060));
#9749=EDGE_LOOP('',(#3061,#3062,#3063,#3064));
#9750=EDGE_LOOP('',(#3065,#3066,#3067,#3068));
#9751=EDGE_LOOP('',(#3069,#3070,#3071,#3072));
#9752=EDGE_LOOP('',(#3073,#3074,#3075,#3076));
#9753=EDGE_LOOP('',(#3077,#3078,#3079,#3080));
#9754=EDGE_LOOP('',(#3081,#3082,#3083,#3084));
#9755=EDGE_LOOP('',(#3085,#3086,#3087,#3088));
#9756=EDGE_LOOP('',(#3089,#3090,#3091,#3092));
#9757=EDGE_LOOP('',(#3093,#3094,#3095,#3096));
#9758=EDGE_LOOP('',(#3097,#3098,#3099,#3100));
#9759=EDGE_LOOP('',(#3101,#3102,#3103,#3104));
#9760=EDGE_LOOP('',(#3105,#3106,#3107,#3108));
#9761=EDGE_LOOP('',(#3109,#3110,#3111,#3112));
#9762=EDGE_LOOP('',(#3113,#3114,#3115,#3116));
#9763=EDGE_LOOP('',(#3117,#3118,#3119,#3120));
#9764=EDGE_LOOP('',(#3121,#3122,#3123,#3124));
#9765=EDGE_LOOP('',(#3125,#3126,#3127,#3128));
#9766=EDGE_LOOP('',(#3129,#3130,#3131,#3132));
#9767=EDGE_LOOP('',(#3133,#3134,#3135,#3136));
#9768=EDGE_LOOP('',(#3137,#3138,#3139,#3140));
#9769=EDGE_LOOP('',(#3141,#3142,#3143,#3144));
#9770=EDGE_LOOP('',(#3145,#3146,#3147,#3148));
#9771=EDGE_LOOP('',(#3149,#3150,#3151,#3152));
#9772=EDGE_LOOP('',(#3153,#3154,#3155,#3156));
#9773=EDGE_LOOP('',(#3157,#3158,#3159,#3160));
#9774=EDGE_LOOP('',(#3161,#3162,#3163,#3164));
#9775=EDGE_LOOP('',(#3165,#3166,#3167,#3168));
#9776=EDGE_LOOP('',(#3169,#3170,#3171,#3172));
#9777=EDGE_LOOP('',(#3173,#3174,#3175,#3176));
#9778=EDGE_LOOP('',(#3177,#3178,#3179,#3180));
#9779=EDGE_LOOP('',(#3181,#3182,#3183,#3184));
#9780=EDGE_LOOP('',(#3185,#3186,#3187,#3188));
#9781=EDGE_LOOP('',(#3189,#3190,#3191,#3192));
#9782=EDGE_LOOP('',(#3193,#3194,#3195,#3196));
#9783=EDGE_LOOP('',(#3197,#3198,#3199,#3200));
#9784=EDGE_LOOP('',(#3201,#3202,#3203,#3204));
#9785=EDGE_LOOP('',(#3205,#3206,#3207,#3208));
#9786=EDGE_LOOP('',(#3209,#3210,#3211,#3212));
#9787=EDGE_LOOP('',(#3213,#3214,#3215,#3216));
#9788=EDGE_LOOP('',(#3217,#3218,#3219,#3220));
#9789=EDGE_LOOP('',(#3221,#3222,#3223,#3224));
#9790=EDGE_LOOP('',(#3225,#3226,#3227,#3228));
#9791=EDGE_LOOP('',(#3229,#3230,#3231,#3232));
#9792=EDGE_LOOP('',(#3233,#3234,#3235,#3236));
#9793=EDGE_LOOP('',(#3237,#3238,#3239,#3240));
#9794=EDGE_LOOP('',(#3241,#3242,#3243,#3244));
#9795=EDGE_LOOP('',(#3245,#3246,#3247,#3248));
#9796=EDGE_LOOP('',(#3249,#3250,#3251,#3252));
#9797=EDGE_LOOP('',(#3253,#3254,#3255,#3256));
#9798=EDGE_LOOP('',(#3257,#3258,#3259,#3260));
#9799=EDGE_LOOP('',(#3261,#3262,#3263,#3264));
#9800=EDGE_LOOP('',(#3265,#3266,#3267,#3268));
#9801=EDGE_LOOP('',(#3269,#3270,#3271,#3272));
#9802=EDGE_LOOP('',(#3273,#3274,#3275,#3276));
#9803=EDGE_LOOP('',(#3277,#3278,#3279,#3280));
#9804=EDGE_LOOP('',(#3281,#3282,#3283,#3284));
#9805=EDGE_LOOP('',(#3285,#3286,#3287,#3288));
#9806=EDGE_LOOP('',(#3289,#3290,#3291,#3292));
#9807=EDGE_LOOP('',(#3293,#3294,#3295,#3296));
#9808=EDGE_LOOP('',(#3297,#3298,#3299,#3300));
#9809=EDGE_LOOP('',(#3301,#3302,#3303,#3304));
#9810=EDGE_LOOP('',(#3305,#3306,#3307,#3308));
#9811=EDGE_LOOP('',(#3309,#3310,#3311,#3312));
#9812=EDGE_LOOP('',(#3313,#3314,#3315,#3316));
#9813=EDGE_LOOP('',(#3317,#3318,#3319,#3320));
#9814=EDGE_LOOP('',(#3321,#3322,#3323,#3324));
#9815=EDGE_LOOP('',(#3325,#3326,#3327,#3328));
#9816=EDGE_LOOP('',(#3329,#3330,#3331,#3332));
#9817=EDGE_LOOP('',(#3333,#3334,#3335,#3336));
#9818=EDGE_LOOP('',(#3337,#3338,#3339,#3340));
#9819=EDGE_LOOP('',(#3341,#3342,#3343,#3344));
#9820=EDGE_LOOP('',(#3345,#3346,#3347,#3348));
#9821=EDGE_LOOP('',(#3349,#3350,#3351,#3352));
#9822=EDGE_LOOP('',(#3353,#3354,#3355,#3356));
#9823=EDGE_LOOP('',(#3357,#3358,#3359,#3360));
#9824=EDGE_LOOP('',(#3361,#3362,#3363,#3364));
#9825=EDGE_LOOP('',(#3365,#3366,#3367,#3368));
#9826=EDGE_LOOP('',(#3369,#3370,#3371,#3372));
#9827=EDGE_LOOP('',(#3373,#3374,#3375,#3376));
#9828=EDGE_LOOP('',(#3377,#3378,#3379,#3380));
#9829=EDGE_LOOP('',(#3381,#3382,#3383,#3384));
#9830=EDGE_LOOP('',(#3385,#3386,#3387,#3388));
#9831=EDGE_LOOP('',(#3389,#3390,#3391,#3392));
#9832=EDGE_LOOP('',(#3393,#3394,#3395,#3396));
#9833=EDGE_LOOP('',(#3397,#3398,#3399,#3400));
#9834=EDGE_LOOP('',(#3401,#3402,#3403,#3404));
#9835=EDGE_LOOP('',(#3405,#3406,#3407,#3408));
#9836=EDGE_LOOP('',(#3409,#3410,#3411,#3412));
#9837=EDGE_LOOP('',(#3413,#3414,#3415,#3416));
#9838=EDGE_LOOP('',(#3417,#3418,#3419,#3420));
#9839=EDGE_LOOP('',(#3421,#3422,#3423,#3424));
#9840=EDGE_LOOP('',(#3425,#3426,#3427,#3428));
#9841=EDGE_LOOP('',(#3429,#3430,#3431,#3432));
#9842=EDGE_LOOP('',(#3433,#3434,#3435,#3436));
#9843=EDGE_LOOP('',(#3437,#3438,#3439,#3440));
#9844=EDGE_LOOP('',(#3441,#3442,#3443,#3444));
#9845=EDGE_LOOP('',(#3445,#3446,#3447,#3448));
#9846=EDGE_LOOP('',(#3449,#3450,#3451,#3452));
#9847=EDGE_LOOP('',(#3453,#3454,#3455,#3456));
#9848=EDGE_LOOP('',(#3457,#3458,#3459,#3460));
#9849=EDGE_LOOP('',(#3461,#3462,#3463,#3464));
#9850=EDGE_LOOP('',(#3465,#3466,#3467,#3468));
#9851=EDGE_LOOP('',(#3469,#3470,#3471,#3472));
#9852=EDGE_LOOP('',(#3473,#3474,#3475,#3476));
#9853=EDGE_LOOP('',(#3477,#3478,#3479,#3480));
#9854=EDGE_LOOP('',(#3481,#3482,#3483,#3484));
#9855=EDGE_LOOP('',(#3485,#3486,#3487,#3488));
#9856=EDGE_LOOP('',(#3489,#3490,#3491,#3492));
#9857=EDGE_LOOP('',(#3493,#3494,#3495,#3496));
#9858=EDGE_LOOP('',(#3497,#3498,#3499,#3500));
#9859=EDGE_LOOP('',(#3501,#3502,#3503,#3504));
#9860=EDGE_LOOP('',(#3505,#3506,#3507,#3508));
#9861=EDGE_LOOP('',(#3509,#3510,#3511,#3512));
#9862=EDGE_LOOP('',(#3513,#3514,#3515,#3516));
#9863=EDGE_LOOP('',(#3517,#3518,#3519,#3520));
#9864=EDGE_LOOP('',(#3521,#3522,#3523,#3524));
#9865=EDGE_LOOP('',(#3525,#3526,#3527,#3528));
#9866=EDGE_LOOP('',(#3529,#3530,#3531,#3532));
#9867=EDGE_LOOP('',(#3533,#3534,#3535,#3536));
#9868=EDGE_LOOP('',(#3537,#3538,#3539,#3540));
#9869=EDGE_LOOP('',(#3541,#3542,#3543,#3544));
#9870=EDGE_LOOP('',(#3545,#3546,#3547,#3548));
#9871=EDGE_LOOP('',(#3549,#3550,#3551,#3552));
#9872=EDGE_LOOP('',(#3553,#3554,#3555,#3556));
#9873=EDGE_LOOP('',(#3557,#3558,#3559,#3560));
#9874=EDGE_LOOP('',(#3561,#3562,#3563,#3564));
#9875=EDGE_LOOP('',(#3565,#3566,#3567,#3568));
#9876=EDGE_LOOP('',(#3569,#3570,#3571,#3572));
#9877=EDGE_LOOP('',(#3573,#3574,#3575,#3576));
#9878=EDGE_LOOP('',(#3577,#3578,#3579,#3580));
#9879=EDGE_LOOP('',(#3581,#3582,#3583,#3584));
#9880=EDGE_LOOP('',(#3585,#3586,#3587,#3588));
#9881=EDGE_LOOP('',(#3589,#3590,#3591,#3592));
#9882=EDGE_LOOP('',(#3593,#3594,#3595,#3596));
#9883=EDGE_LOOP('',(#3597,#3598,#3599,#3600));
#9884=EDGE_LOOP('',(#3601,#3602,#3603,#3604));
#9885=EDGE_LOOP('',(#3605,#3606,#3607,#3608));
#9886=EDGE_LOOP('',(#3609,#3610,#3611,#3612));
#9887=EDGE_LOOP('',(#3613,#3614,#3615,#3616));
#9888=EDGE_LOOP('',(#3617,#3618,#3619,#3620));
#9889=EDGE_LOOP('',(#3621,#3622,#3623,#3624));
#9890=EDGE_LOOP('',(#3625,#3626,#3627,#3628));
#9891=EDGE_LOOP('',(#3629,#3630,#3631,#3632));
#9892=EDGE_LOOP('',(#3633,#3634,#3635,#3636));
#9893=EDGE_LOOP('',(#3637,#3638,#3639,#3640));
#9894=EDGE_LOOP('',(#3641,#3642,#3643,#3644));
#9895=EDGE_LOOP('',(#3645,#3646,#3647,#3648));
#9896=EDGE_LOOP('',(#3649,#3650,#3651,#3652));
#9897=EDGE_LOOP('',(#3653,#3654,#3655,#3656));
#9898=EDGE_LOOP('',(#3657,#3658,#3659,#3660));
#9899=EDGE_LOOP('',(#3661,#3662,#3663,#3664));
#9900=EDGE_LOOP('',(#3665,#3666,#3667,#3668));
#9901=EDGE_LOOP('',(#3669,#3670,#3671,#3672));
#9902=EDGE_LOOP('',(#3673,#3674,#3675,#3676));
#9903=EDGE_LOOP('',(#3677,#3678,#3679,#3680));
#9904=EDGE_LOOP('',(#3681,#3682,#3683,#3684));
#9905=EDGE_LOOP('',(#3685,#3686,#3687,#3688));
#9906=EDGE_LOOP('',(#3689,#3690,#3691,#3692));
#9907=EDGE_LOOP('',(#3693,#3694,#3695,#3696));
#9908=EDGE_LOOP('',(#3697,#3698,#3699,#3700));
#9909=EDGE_LOOP('',(#3701,#3702,#3703,#3704));
#9910=EDGE_LOOP('',(#3705,#3706,#3707,#3708));
#9911=EDGE_LOOP('',(#3709,#3710,#3711,#3712));
#9912=EDGE_LOOP('',(#3713,#3714,#3715,#3716));
#9913=EDGE_LOOP('',(#3717,#3718,#3719,#3720));
#9914=EDGE_LOOP('',(#3721,#3722,#3723,#3724));
#9915=EDGE_LOOP('',(#3725,#3726,#3727,#3728));
#9916=EDGE_LOOP('',(#3729,#3730,#3731,#3732));
#9917=EDGE_LOOP('',(#3733,#3734,#3735,#3736));
#9918=EDGE_LOOP('',(#3737,#3738,#3739,#3740));
#9919=EDGE_LOOP('',(#3741,#3742,#3743,#3744));
#9920=EDGE_LOOP('',(#3745,#3746,#3747,#3748));
#9921=EDGE_LOOP('',(#3749,#3750,#3751,#3752));
#9922=EDGE_LOOP('',(#3753,#3754,#3755,#3756));
#9923=EDGE_LOOP('',(#3757,#3758,#3759,#3760));
#9924=EDGE_LOOP('',(#3761,#3762,#3763,#3764));
#9925=EDGE_LOOP('',(#3765,#3766,#3767,#3768));
#9926=EDGE_LOOP('',(#3769,#3770,#3771,#3772));
#9927=EDGE_LOOP('',(#3773,#3774,#3775,#3776));
#9928=EDGE_LOOP('',(#3777,#3778,#3779,#3780));
#9929=EDGE_LOOP('',(#3781,#3782,#3783,#3784));
#9930=EDGE_LOOP('',(#3785,#3786,#3787,#3788));
#9931=EDGE_LOOP('',(#3789,#3790,#3791,#3792));
#9932=EDGE_LOOP('',(#3793,#3794,#3795,#3796));
#9933=EDGE_LOOP('',(#3797,#3798,#3799,#3800));
#9934=EDGE_LOOP('',(#3801,#3802,#3803,#3804));
#9935=EDGE_LOOP('',(#3805,#3806,#3807,#3808));
#9936=EDGE_LOOP('',(#3809,#3810,#3811,#3812));
#9937=EDGE_LOOP('',(#3813,#3814,#3815,#3816));
#9938=EDGE_LOOP('',(#3817,#3818,#3819,#3820));
#9939=EDGE_LOOP('',(#3821,#3822,#3823,#3824));
#9940=EDGE_LOOP('',(#3825,#3826,#3827,#3828));
#9941=EDGE_LOOP('',(#3829,#3830,#3831,#3832));
#9942=EDGE_LOOP('',(#3833,#3834,#3835,#3836));
#9943=EDGE_LOOP('',(#3837,#3838,#3839,#3840));
#9944=EDGE_LOOP('',(#3841,#3842,#3843,#3844));
#9945=EDGE_LOOP('',(#3845,#3846,#3847,#3848));
#9946=EDGE_LOOP('',(#3849,#3850,#3851,#3852));
#9947=EDGE_LOOP('',(#3853,#3854,#3855,#3856));
#9948=EDGE_LOOP('',(#3857,#3858,#3859,#3860));
#9949=EDGE_LOOP('',(#3861,#3862,#3863,#3864));
#9950=EDGE_LOOP('',(#3865,#3866,#3867,#3868));
#9951=EDGE_LOOP('',(#3869,#3870,#3871,#3872));
#9952=EDGE_LOOP('',(#3873,#3874,#3875,#3876));
#9953=EDGE_LOOP('',(#3877,#3878,#3879,#3880));
#9954=EDGE_LOOP('',(#3881,#3882,#3883,#3884));
#9955=EDGE_LOOP('',(#3885,#3886,#3887,#3888));
#9956=EDGE_LOOP('',(#3889,#3890,#3891,#3892));
#9957=EDGE_LOOP('',(#3893,#3894,#3895,#3896));
#9958=EDGE_LOOP('',(#3897,#3898,#3899,#3900));
#9959=EDGE_LOOP('',(#3901,#3902,#3903,#3904));
#9960=EDGE_LOOP('',(#3905,#3906,#3907,#3908));
#9961=EDGE_LOOP('',(#3909,#3910,#3911,#3912));
#9962=EDGE_LOOP('',(#3913,#3914,#3915,#3916));
#9963=EDGE_LOOP('',(#3917,#3918,#3919,#3920));
#9964=EDGE_LOOP('',(#3921,#3922,#3923,#3924));
#9965=EDGE_LOOP('',(#3925,#3926,#3927,#3928));
#9966=EDGE_LOOP('',(#3929,#3930,#3931,#3932));
#9967=EDGE_LOOP('',(#3933,#3934,#3935,#3936));
#9968=EDGE_LOOP('',(#3937,#3938,#3939,#3940));
#9969=EDGE_LOOP('',(#3941,#3942,#3943,#3944));
#9970=EDGE_LOOP('',(#3945,#3946,#3947,#3948));
#9971=EDGE_LOOP('',(#3949,#3950,#3951,#3952));
#9972=EDGE_LOOP('',(#3953,#3954,#3955,#3956));
#9973=EDGE_LOOP('',(#3957,#3958,#3959,#3960));
#9974=EDGE_LOOP('',(#3961,#3962,#3963,#3964));
#9975=EDGE_LOOP('',(#3965,#3966,#3967,#3968));
#9976=EDGE_LOOP('',(#3969,#3970,#3971,#3972));
#9977=EDGE_LOOP('',(#3973,#3974,#3975,#3976));
#9978=EDGE_LOOP('',(#3977,#3978,#3979,#3980));
#9979=EDGE_LOOP('',(#3981,#3982,#3983,#3984));
#9980=EDGE_LOOP('',(#3985,#3986,#3987,#3988));
#9981=EDGE_LOOP('',(#3989,#3990,#3991,#3992));
#9982=EDGE_LOOP('',(#3993,#3994,#3995,#3996));
#9983=EDGE_LOOP('',(#3997,#3998,#3999,#4000));
#9984=EDGE_LOOP('',(#4001,#4002,#4003,#4004));
#9985=EDGE_LOOP('',(#4005,#4006,#4007,#4008));
#9986=EDGE_LOOP('',(#4009,#4010,#4011,#4012));
#9987=EDGE_LOOP('',(#4013,#4014,#4015,#4016));
#9988=EDGE_LOOP('',(#4017,#4018,#4019,#4020));
#9989=EDGE_LOOP('',(#4021,#4022,#4023,#4024));
#9990=EDGE_LOOP('',(#4025,#4026,#4027,#4028));
#9991=EDGE_LOOP('',(#4029,#4030,#4031,#4032));
#9992=EDGE_LOOP('',(#4033,#4034,#4035,#4036));
#9993=EDGE_LOOP('',(#4037,#4038,#4039,#4040));
#9994=EDGE_LOOP('',(#4041,#4042,#4043,#4044));
#9995=EDGE_LOOP('',(#4045,#4046,#4047,#4048));
#9996=EDGE_LOOP('',(#4049,#4050,#4051,#4052));
#9997=EDGE_LOOP('',(#4053,#4054,#4055,#4056));
#9998=EDGE_LOOP('',(#4057,#4058,#4059,#4060));
#9999=EDGE_LOOP('',(#4061,#4062,#4063,#4064));
#10000=EDGE_LOOP('',(#4065,#4066,#4067,#4068));
#10001=EDGE_LOOP('',(#4069,#4070,#4071,#4072));
#10002=EDGE_LOOP('',(#4073,#4074,#4075,#4076));
#10003=EDGE_LOOP('',(#4077,#4078,#4079,#4080));
#10004=EDGE_LOOP('',(#4081,#4082,#4083,#4084));
#10005=EDGE_LOOP('',(#4085,#4086,#4087,#4088));
#10006=EDGE_LOOP('',(#4089,#4090,#4091,#4092));
#10007=EDGE_LOOP('',(#4093,#4094,#4095,#4096));
#10008=EDGE_LOOP('',(#4097,#4098,#4099,#4100));
#10009=EDGE_LOOP('',(#4101,#4102,#4103,#4104));
#10010=EDGE_LOOP('',(#4105,#4106,#4107,#4108));
#10011=EDGE_LOOP('',(#4109,#4110,#4111,#4112));
#10012=EDGE_LOOP('',(#4113,#4114,#4115,#4116));
#10013=EDGE_LOOP('',(#4117,#4118,#4119,#4120));
#10014=EDGE_LOOP('',(#4121,#4122,#4123,#4124));
#10015=EDGE_LOOP('',(#4125,#4126,#4127,#4128));
#10016=EDGE_LOOP('',(#4129,#4130,#4131,#4132));
#10017=EDGE_LOOP('',(#4133,#4134,#4135,#4136));
#10018=EDGE_LOOP('',(#4137,#4138,#4139,#4140));
#10019=EDGE_LOOP('',(#4141,#4142,#4143,#4144));
#10020=EDGE_LOOP('',(#4145,#4146,#4147,#4148));
#10021=EDGE_LOOP('',(#4149,#4150,#4151,#4152));
#10022=EDGE_LOOP('',(#4153,#4154,#4155,#4156));
#10023=EDGE_LOOP('',(#4157,#4158,#4159,#4160));
#10024=EDGE_LOOP('',(#4161,#4162,#4163,#4164));
#10025=EDGE_LOOP('',(#4165,#4166,#4167,#4168));
#10026=EDGE_LOOP('',(#4169,#4170,#4171,#4172));
#10027=EDGE_LOOP('',(#4173,#4174,#4175,#4176));
#10028=EDGE_LOOP('',(#4177,#4178,#4179,#4180));
#10029=EDGE_LOOP('',(#4181,#4182,#4183,#4184));
#10030=EDGE_LOOP('',(#4185,#4186,#4187,#4188));
#10031=EDGE_LOOP('',(#4189,#4190,#4191,#4192));
#10032=EDGE_LOOP('',(#4193,#4194,#4195,#4196));
#10033=EDGE_LOOP('',(#4197,#4198,#4199,#4200));
#10034=EDGE_LOOP('',(#4201,#4202,#4203,#4204));
#10035=EDGE_LOOP('',(#4205,#4206,#4207,#4208));
#10036=EDGE_LOOP('',(#4209,#4210,#4211,#4212));
#10037=EDGE_LOOP('',(#4213,#4214,#4215,#4216));
#10038=EDGE_LOOP('',(#4217,#4218,#4219,#4220));
#10039=EDGE_LOOP('',(#4221,#4222,#4223,#4224));
#10040=EDGE_LOOP('',(#4225,#4226,#4227,#4228));
#10041=EDGE_LOOP('',(#4229,#4230,#4231,#4232));
#10042=EDGE_LOOP('',(#4233,#4234,#4235,#4236));
#10043=EDGE_LOOP('',(#4237,#4238,#4239,#4240));
#10044=EDGE_LOOP('',(#4241,#4242,#4243,#4244));
#10045=EDGE_LOOP('',(#4245,#4246,#4247,#4248));
#10046=EDGE_LOOP('',(#4249,#4250,#4251,#4252));
#10047=EDGE_LOOP('',(#4253,#4254,#4255,#4256));
#10048=EDGE_LOOP('',(#4257,#4258,#4259,#4260));
#10049=EDGE_LOOP('',(#4261,#4262,#4263,#4264));
#10050=EDGE_LOOP('',(#4265,#4266,#4267,#4268));
#10051=EDGE_LOOP('',(#4269,#4270,#4271,#4272));
#10052=EDGE_LOOP('',(#4273,#4274,#4275,#4276));
#10053=EDGE_LOOP('',(#4277,#4278,#4279,#4280));
#10054=EDGE_LOOP('',(#4281,#4282,#4283,#4284));
#10055=EDGE_LOOP('',(#4285,#4286,#4287,#4288));
#10056=EDGE_LOOP('',(#4289,#4290,#4291,#4292));
#10057=EDGE_LOOP('',(#4293,#4294,#4295,#4296));
#10058=EDGE_LOOP('',(#4297,#4298,#4299,#4300));
#10059=EDGE_LOOP('',(#4301,#4302,#4303,#4304));
#10060=EDGE_LOOP('',(#4305,#4306,#4307,#4308));
#10061=EDGE_LOOP('',(#4309,#4310,#4311,#4312));
#10062=EDGE_LOOP('',(#4313,#4314,#4315,#4316));
#10063=EDGE_LOOP('',(#4317,#4318,#4319,#4320));
#10064=EDGE_LOOP('',(#4321,#4322,#4323,#4324));
#10065=EDGE_LOOP('',(#4325,#4326,#4327,#4328));
#10066=EDGE_LOOP('',(#4329,#4330,#4331,#4332));
#10067=EDGE_LOOP('',(#4333,#4334,#4335,#4336));
#10068=EDGE_LOOP('',(#4337,#4338,#4339,#4340));
#10069=EDGE_LOOP('',(#4341,#4342,#4343,#4344));
#10070=EDGE_LOOP('',(#4345,#4346,#4347,#4348));
#10071=EDGE_LOOP('',(#4349,#4350,#4351,#4352));
#10072=EDGE_LOOP('',(#4353,#4354,#4355,#4356));
#10073=EDGE_LOOP('',(#4357,#4358,#4359,#4360));
#10074=EDGE_LOOP('',(#4361,#4362,#4363,#4364));
#10075=EDGE_LOOP('',(#4365,#4366,#4367,#4368));
#10076=EDGE_LOOP('',(#4369,#4370,#4371,#4372));
#10077=EDGE_LOOP('',(#4373,#4374,#4375,#4376));
#10078=EDGE_LOOP('',(#4377,#4378,#4379,#4380));
#10079=EDGE_LOOP('',(#4381,#4382,#4383,#4384));
#10080=EDGE_LOOP('',(#4385,#4386,#4387,#4388));
#10081=EDGE_LOOP('',(#4389,#4390,#4391,#4392));
#10082=EDGE_LOOP('',(#4393,#4394,#4395,#4396));
#10083=EDGE_LOOP('',(#4397,#4398,#4399,#4400));
#10084=EDGE_LOOP('',(#4401,#4402,#4403,#4404));
#10085=EDGE_LOOP('',(#4405,#4406,#4407,#4408));
#10086=EDGE_LOOP('',(#4409,#4410,#4411,#4412));
#10087=EDGE_LOOP('',(#4413,#4414,#4415,#4416));
#10088=EDGE_LOOP('',(#4417,#4418,#4419,#4420));
#10089=EDGE_LOOP('',(#4421,#4422,#4423,#4424));
#10090=EDGE_LOOP('',(#4425,#4426,#4427,#4428));
#10091=EDGE_LOOP('',(#4429,#4430,#4431,#4432));
#10092=EDGE_LOOP('',(#4433,#4434,#4435,#4436));
#10093=EDGE_LOOP('',(#4437,#4438,#4439,#4440));
#10094=EDGE_LOOP('',(#4441,#4442,#4443,#4444));
#10095=EDGE_LOOP('',(#4445,#4446,#4447,#4448));
#10096=EDGE_LOOP('',(#4449,#4450,#4451,#4452));
#10097=EDGE_LOOP('',(#4453,#4454,#4455,#4456));
#10098=EDGE_LOOP('',(#4457,#4458,#4459,#4460));
#10099=EDGE_LOOP('',(#4461,#4462,#4463,#4464));
#10100=EDGE_LOOP('',(#4465,#4466,#4467,#4468));
#10101=EDGE_LOOP('',(#4469,#4470,#4471,#4472));
#10102=EDGE_LOOP('',(#4473,#4474,#4475,#4476));
#10103=EDGE_LOOP('',(#4477,#4478,#4479,#4480));
#10104=EDGE_LOOP('',(#4481,#4482,#4483,#4484));
#10105=EDGE_LOOP('',(#4485,#4486,#4487,#4488));
#10106=EDGE_LOOP('',(#4489,#4490,#4491,#4492));
#10107=EDGE_LOOP('',(#4493,#4494,#4495,#4496));
#10108=EDGE_LOOP('',(#4497,#4498,#4499,#4500));
#10109=EDGE_LOOP('',(#4501,#4502,#4503,#4504));
#10110=EDGE_LOOP('',(#4505,#4506,#4507,#4508));
#10111=EDGE_LOOP('',(#4509,#4510,#4511,#4512));
#10112=EDGE_LOOP('',(#4513,#4514,#4515,#4516));
#10113=EDGE_LOOP('',(#4517,#4518,#4519,#4520));
#10114=EDGE_LOOP('',(#4521,#4522,#4523,#4524));
#10115=EDGE_LOOP('',(#4525,#4526,#4527,#4528));
#10116=EDGE_LOOP('',(#4529,#4530,#4531,#4532));
#10117=EDGE_LOOP('',(#4533,#4534,#4535,#4536));
#10118=EDGE_LOOP('',(#4537,#4538,#4539,#4540));
#10119=EDGE_LOOP('',(#4541,#4542,#4543,#4544));
#10120=EDGE_LOOP('',(#4545,#4546,#4547,#4548));
#10121=EDGE_LOOP('',(#4549,#4550,#4551,#4552));
#10122=EDGE_LOOP('',(#4553,#4554,#4555,#4556));
#10123=EDGE_LOOP('',(#4557,#4558,#4559,#4560));
#10124=EDGE_LOOP('',(#4561,#4562,#4563,#4564));
#10125=EDGE_LOOP('',(#4565,#4566,#4567,#4568));
#10126=EDGE_LOOP('',(#4569,#4570,#4571,#4572));
#10127=EDGE_LOOP('',(#4573,#4574,#4575,#4576));
#10128=EDGE_LOOP('',(#4577,#4578,#4579,#4580));
#10129=EDGE_LOOP('',(#4581,#4582,#4583,#4584));
#10130=EDGE_LOOP('',(#4585,#4586,#4587,#4588));
#10131=EDGE_LOOP('',(#4589,#4590,#4591,#4592));
#10132=EDGE_LOOP('',(#4593,#4594,#4595,#4596));
#10133=EDGE_LOOP('',(#4597,#4598,#4599,#4600));
#10134=EDGE_LOOP('',(#4601,#4602,#4603,#4604));
#10135=EDGE_LOOP('',(#4605,#4606,#4607,#4608));
#10136=EDGE_LOOP('',(#4609,#4610,#4611,#4612));
#10137=EDGE_LOOP('',(#4613,#4614,#4615,#4616));
#10138=EDGE_LOOP('',(#4617,#4618,#4619,#4620));
#10139=EDGE_LOOP('',(#4621,#4622,#4623,#4624));
#10140=EDGE_LOOP('',(#4625,#4626,#4627,#4628));
#10141=EDGE_LOOP('',(#4629,#4630,#4631,#4632));
#10142=EDGE_LOOP('',(#4633,#4634,#4635,#4636));
#10143=EDGE_LOOP('',(#4637,#4638,#4639,#4640));
#10144=EDGE_LOOP('',(#4641,#4642,#4643,#4644));
#10145=EDGE_LOOP('',(#4645,#4646,#4647,#4648));
#10146=EDGE_LOOP('',(#4649,#4650,#4651,#4652));
#10147=EDGE_LOOP('',(#4653,#4654,#4655,#4656));
#10148=EDGE_LOOP('',(#4657,#4658,#4659,#4660));
#10149=EDGE_LOOP('',(#4661,#4662,#4663,#4664));
#10150=EDGE_LOOP('',(#4665,#4666,#4667,#4668));
#10151=EDGE_LOOP('',(#4669,#4670,#4671,#4672));
#10152=EDGE_LOOP('',(#4673,#4674,#4675,#4676));
#10153=EDGE_LOOP('',(#4677,#4678,#4679,#4680));
#10154=EDGE_LOOP('',(#4681,#4682,#4683,#4684));
#10155=EDGE_LOOP('',(#4685,#4686,#4687,#4688));
#10156=EDGE_LOOP('',(#4689,#4690,#4691,#4692));
#10157=EDGE_LOOP('',(#4693,#4694,#4695,#4696));
#10158=EDGE_LOOP('',(#4697,#4698,#4699,#4700));
#10159=EDGE_LOOP('',(#4701,#4702,#4703,#4704));
#10160=EDGE_LOOP('',(#4705,#4706,#4707,#4708));
#10161=EDGE_LOOP('',(#4709,#4710,#4711,#4712));
#10162=EDGE_LOOP('',(#4713,#4714,#4715,#4716));
#10163=EDGE_LOOP('',(#4717,#4718,#4719,#4720));
#10164=EDGE_LOOP('',(#4721,#4722,#4723,#4724));
#10165=EDGE_LOOP('',(#4725,#4726,#4727,#4728));
#10166=EDGE_LOOP('',(#4729,#4730,#4731,#4732));
#10167=EDGE_LOOP('',(#4733,#4734,#4735,#4736));
#10168=EDGE_LOOP('',(#4737,#4738,#4739,#4740));
#10169=EDGE_LOOP('',(#4741,#4742,#4743,#4744));
#10170=EDGE_LOOP('',(#4745,#4746,#4747,#4748));
#10171=EDGE_LOOP('',(#4749,#4750,#4751,#4752));
#10172=EDGE_LOOP('',(#4753,#4754,#4755,#4756));
#10173=EDGE_LOOP('',(#4757,#4758,#4759,#4760));
#10174=EDGE_LOOP('',(#4761,#4762,#4763,#4764));
#10175=EDGE_LOOP('',(#4765,#4766,#4767,#4768));
#10176=EDGE_LOOP('',(#4769,#4770,#4771,#4772));
#10177=EDGE_LOOP('',(#4773,#4774,#4775,#4776));
#10178=EDGE_LOOP('',(#4777,#4778,#4779,#4780));
#10179=EDGE_LOOP('',(#4781,#4782,#4783,#4784));
#10180=EDGE_LOOP('',(#4785,#4786,#4787,#4788));
#10181=EDGE_LOOP('',(#4789,#4790,#4791,#4792));
#10182=EDGE_LOOP('',(#4793,#4794,#4795,#4796));
#10183=EDGE_LOOP('',(#4797,#4798,#4799,#4800));
#10184=EDGE_LOOP('',(#4801,#4802,#4803,#4804));
#10185=EDGE_LOOP('',(#4805,#4806,#4807,#4808));
#10186=EDGE_LOOP('',(#4809,#4810,#4811,#4812));
#10187=EDGE_LOOP('',(#4813,#4814,#4815,#4816));
#10188=EDGE_LOOP('',(#4817,#4818,#4819,#4820));
#10189=EDGE_LOOP('',(#4821,#4822,#4823,#4824));
#10190=EDGE_LOOP('',(#4825,#4826,#4827,#4828));
#10191=EDGE_LOOP('',(#4829,#4830,#4831,#4832));
#10192=EDGE_LOOP('',(#4833,#4834,#4835,#4836));
#10193=EDGE_LOOP('',(#4837,#4838,#4839,#4840));
#10194=EDGE_LOOP('',(#4841,#4842,#4843,#4844));
#10195=EDGE_LOOP('',(#4845,#4846,#4847,#4848));
#10196=EDGE_LOOP('',(#4849,#4850,#4851,#4852));
#10197=EDGE_LOOP('',(#4853,#4854,#4855,#4856));
#10198=EDGE_LOOP('',(#4857,#4858,#4859,#4860));
#10199=EDGE_LOOP('',(#4861,#4862,#4863,#4864));
#10200=EDGE_LOOP('',(#4865,#4866,#4867,#4868));
#10201=EDGE_LOOP('',(#4869,#4870,#4871,#4872));
#10202=EDGE_LOOP('',(#4873,#4874,#4875,#4876));
#10203=EDGE_LOOP('',(#4877,#4878,#4879,#4880));
#10204=EDGE_LOOP('',(#4881,#4882,#4883,#4884));
#10205=EDGE_LOOP('',(#4885,#4886,#4887,#4888));
#10206=EDGE_LOOP('',(#4889,#4890,#4891,#4892));
#10207=EDGE_LOOP('',(#4893,#4894,#4895,#4896));
#10208=EDGE_LOOP('',(#4897,#4898,#4899,#4900));
#10209=EDGE_LOOP('',(#4901,#4902,#4903,#4904));
#10210=EDGE_LOOP('',(#4905,#4906,#4907,#4908));
#10211=EDGE_LOOP('',(#4909,#4910,#4911,#4912));
#10212=EDGE_LOOP('',(#4913,#4914,#4915,#4916));
#10213=EDGE_LOOP('',(#4917,#4918,#4919,#4920));
#10214=EDGE_LOOP('',(#4921,#4922,#4923,#4924));
#10215=EDGE_LOOP('',(#4925,#4926,#4927,#4928));
#10216=EDGE_LOOP('',(#4929,#4930,#4931,#4932));
#10217=EDGE_LOOP('',(#4933,#4934,#4935,#4936));
#10218=EDGE_LOOP('',(#4937,#4938,#4939,#4940));
#10219=EDGE_LOOP('',(#4941,#4942,#4943,#4944));
#10220=EDGE_LOOP('',(#4945,#4946,#4947,#4948));
#10221=EDGE_LOOP('',(#4949,#4950,#4951,#4952));
#10222=EDGE_LOOP('',(#4953,#4954,#4955,#4956));
#10223=EDGE_LOOP('',(#4957,#4958,#4959,#4960));
#10224=EDGE_LOOP('',(#4961,#4962,#4963,#4964));
#10225=EDGE_LOOP('',(#4965,#4966,#4967,#4968));
#10226=EDGE_LOOP('',(#4969,#4970,#4971,#4972));
#10227=EDGE_LOOP('',(#4973,#4974,#4975,#4976));
#10228=EDGE_LOOP('',(#4977,#4978,#4979,#4980));
#10229=EDGE_LOOP('',(#4981,#4982,#4983,#4984));
#10230=EDGE_LOOP('',(#4985,#4986,#4987,#4988));
#10231=EDGE_LOOP('',(#4989,#4990,#4991,#4992));
#10232=EDGE_LOOP('',(#4993,#4994,#4995,#4996));
#10233=EDGE_LOOP('',(#4997,#4998,#4999,#5000,#5001,#5002,#5003,#5004,#5005,
#5006,#5007,#5008,#5009,#5010,#5011,#5012,#5013,#5014,#5015,#5016,#5017,
#5018,#5019,#5020,#5021));
#10234=EDGE_LOOP('',(#5022,#5023,#5024,#5025,#5026,#5027,#5028,#5029));
#10235=EDGE_LOOP('',(#5030,#5031,#5032,#5033,#5034,#5035,#5036,#5037));
#10236=EDGE_LOOP('',(#5038,#5039,#5040,#5041,#5042,#5043,#5044,#5045));
#10237=EDGE_LOOP('',(#5046,#5047,#5048,#5049,#5050,#5051,#5052,#5053));
#10238=EDGE_LOOP('',(#5054,#5055,#5056,#5057,#5058,#5059,#5060,#5061));
#10239=EDGE_LOOP('',(#5062,#5063,#5064,#5065,#5066,#5067,#5068,#5069));
#10240=EDGE_LOOP('',(#5070,#5071,#5072,#5073,#5074,#5075,#5076,#5077));
#10241=EDGE_LOOP('',(#5078,#5079,#5080,#5081,#5082,#5083,#5084,#5085));
#10242=EDGE_LOOP('',(#5086,#5087,#5088,#5089,#5090,#5091,#5092,#5093));
#10243=EDGE_LOOP('',(#5094,#5095,#5096,#5097,#5098,#5099,#5100,#5101));
#10244=EDGE_LOOP('',(#5102,#5103,#5104,#5105,#5106,#5107,#5108,#5109));
#10245=EDGE_LOOP('',(#5110,#5111,#5112,#5113,#5114,#5115,#5116,#5117));
#10246=EDGE_LOOP('',(#5118,#5119,#5120,#5121,#5122,#5123,#5124,#5125));
#10247=EDGE_LOOP('',(#5126,#5127,#5128,#5129,#5130,#5131,#5132,#5133));
#10248=EDGE_LOOP('',(#5134,#5135,#5136,#5137,#5138,#5139,#5140,#5141));
#10249=EDGE_LOOP('',(#5142,#5143,#5144,#5145,#5146,#5147,#5148,#5149));
#10250=EDGE_LOOP('',(#5150,#5151,#5152,#5153,#5154,#5155,#5156,#5157));
#10251=EDGE_LOOP('',(#5158,#5159,#5160,#5161,#5162,#5163,#5164,#5165));
#10252=EDGE_LOOP('',(#5166,#5167,#5168,#5169,#5170,#5171,#5172,#5173));
#10253=EDGE_LOOP('',(#5174,#5175,#5176,#5177,#5178,#5179,#5180,#5181));
#10254=EDGE_LOOP('',(#5182,#5183,#5184,#5185,#5186,#5187,#5188,#5189));
#10255=EDGE_LOOP('',(#5190,#5191,#5192,#5193,#5194,#5195,#5196,#5197));
#10256=EDGE_LOOP('',(#5198,#5199,#5200,#5201,#5202,#5203,#5204,#5205));
#10257=EDGE_LOOP('',(#5206,#5207,#5208,#5209,#5210,#5211,#5212,#5213));
#10258=EDGE_LOOP('',(#5214,#5215,#5216,#5217,#5218,#5219,#5220,#5221));
#10259=EDGE_LOOP('',(#5222,#5223,#5224,#5225,#5226,#5227,#5228,#5229));
#10260=EDGE_LOOP('',(#5230,#5231,#5232,#5233,#5234,#5235,#5236,#5237));
#10261=EDGE_LOOP('',(#5238,#5239,#5240,#5241,#5242,#5243,#5244,#5245));
#10262=EDGE_LOOP('',(#5246,#5247,#5248,#5249,#5250,#5251,#5252,#5253,#5254,
#5255,#5256,#5257,#5258,#5259));
#10263=EDGE_LOOP('',(#5260,#5261,#5262,#5263,#5264,#5265,#5266,#5267));
#10264=EDGE_LOOP('',(#5268,#5269,#5270,#5271,#5272,#5273,#5274,#5275));
#10265=EDGE_LOOP('',(#5276,#5277,#5278,#5279,#5280,#5281,#5282,#5283));
#10266=EDGE_LOOP('',(#5284,#5285,#5286,#5287,#5288,#5289,#5290,#5291));
#10267=EDGE_LOOP('',(#5292,#5293,#5294,#5295,#5296,#5297,#5298,#5299));
#10268=EDGE_LOOP('',(#5300,#5301,#5302,#5303,#5304,#5305,#5306,#5307));
#10269=EDGE_LOOP('',(#5308,#5309,#5310,#5311,#5312,#5313,#5314,#5315));
#10270=EDGE_LOOP('',(#5316,#5317,#5318,#5319,#5320,#5321,#5322,#5323));
#10271=EDGE_LOOP('',(#5324,#5325,#5326,#5327,#5328,#5329,#5330,#5331));
#10272=EDGE_LOOP('',(#5332,#5333,#5334,#5335,#5336,#5337,#5338,#5339));
#10273=EDGE_LOOP('',(#5340,#5341,#5342,#5343,#5344,#5345,#5346,#5347));
#10274=EDGE_LOOP('',(#5348,#5349,#5350,#5351,#5352,#5353,#5354,#5355));
#10275=EDGE_LOOP('',(#5356,#5357,#5358,#5359,#5360,#5361,#5362,#5363));
#10276=EDGE_LOOP('',(#5364,#5365,#5366,#5367,#5368,#5369,#5370,#5371));
#10277=EDGE_LOOP('',(#5372,#5373,#5374,#5375,#5376,#5377,#5378,#5379));
#10278=EDGE_LOOP('',(#5380,#5381,#5382,#5383,#5384,#5385,#5386,#5387));
#10279=EDGE_LOOP('',(#5388,#5389,#5390,#5391,#5392,#5393,#5394,#5395));
#10280=EDGE_LOOP('',(#5396,#5397,#5398,#5399,#5400,#5401,#5402,#5403));
#10281=EDGE_LOOP('',(#5404,#5405,#5406,#5407,#5408,#5409,#5410,#5411));
#10282=EDGE_LOOP('',(#5412,#5413,#5414,#5415,#5416,#5417,#5418,#5419));
#10283=EDGE_LOOP('',(#5420,#5421,#5422,#5423,#5424,#5425,#5426,#5427));
#10284=EDGE_LOOP('',(#5428,#5429,#5430,#5431,#5432,#5433,#5434,#5435));
#10285=EDGE_LOOP('',(#5436,#5437,#5438,#5439,#5440,#5441,#5442,#5443));
#10286=EDGE_LOOP('',(#5444,#5445,#5446,#5447,#5448,#5449,#5450,#5451));
#10287=EDGE_LOOP('',(#5452,#5453,#5454,#5455,#5456,#5457,#5458,#5459));
#10288=EDGE_LOOP('',(#5460,#5461,#5462,#5463,#5464,#5465,#5466,#5467));
#10289=EDGE_LOOP('',(#5468,#5469,#5470,#5471,#5472,#5473,#5474,#5475));
#10290=EDGE_LOOP('',(#5476,#5477,#5478,#5479,#5480,#5481,#5482,#5483));
#10291=EDGE_LOOP('',(#5484,#5485,#5486,#5487,#5488,#5489,#5490,#5491));
#10292=EDGE_LOOP('',(#5492,#5493,#5494,#5495,#5496,#5497,#5498,#5499));
#10293=EDGE_LOOP('',(#5500,#5501,#5502,#5503,#5504,#5505,#5506,#5507));
#10294=EDGE_LOOP('',(#5508,#5509,#5510,#5511,#5512,#5513,#5514,#5515));
#10295=EDGE_LOOP('',(#5516,#5517,#5518,#5519,#5520,#5521,#5522,#5523));
#10296=EDGE_LOOP('',(#5524,#5525,#5526,#5527,#5528,#5529,#5530,#5531));
#10297=EDGE_LOOP('',(#5532,#5533,#5534,#5535,#5536,#5537,#5538,#5539));
#10298=EDGE_LOOP('',(#5540,#5541,#5542,#5543,#5544,#5545,#5546,#5547));
#10299=EDGE_LOOP('',(#5548,#5549,#5550,#5551,#5552,#5553,#5554,#5555));
#10300=EDGE_LOOP('',(#5556,#5557,#5558,#5559,#5560,#5561,#5562,#5563));
#10301=EDGE_LOOP('',(#5564,#5565,#5566,#5567,#5568,#5569,#5570,#5571));
#10302=EDGE_LOOP('',(#5572,#5573,#5574,#5575,#5576,#5577,#5578,#5579));
#10303=EDGE_LOOP('',(#5580,#5581,#5582,#5583,#5584,#5585,#5586,#5587,#5588,
#5589,#5590,#5591,#5592,#5593,#5594,#5595,#5596,#5597,#5598,#5599,#5600,
#5601,#5602,#5603,#5604));
#10304=EDGE_LOOP('',(#5605,#5606,#5607,#5608,#5609,#5610,#5611,#5612));
#10305=EDGE_LOOP('',(#5613,#5614,#5615,#5616,#5617,#5618,#5619,#5620));
#10306=EDGE_LOOP('',(#5621,#5622,#5623,#5624,#5625,#5626,#5627,#5628));
#10307=EDGE_LOOP('',(#5629,#5630,#5631,#5632,#5633,#5634,#5635,#5636));
#10308=EDGE_LOOP('',(#5637,#5638,#5639,#5640,#5641,#5642,#5643,#5644));
#10309=EDGE_LOOP('',(#5645,#5646,#5647,#5648,#5649,#5650,#5651,#5652));
#10310=EDGE_LOOP('',(#5653,#5654,#5655,#5656,#5657,#5658,#5659,#5660));
#10311=EDGE_LOOP('',(#5661,#5662,#5663,#5664,#5665,#5666,#5667,#5668));
#10312=EDGE_LOOP('',(#5669,#5670,#5671,#5672,#5673,#5674,#5675,#5676));
#10313=EDGE_LOOP('',(#5677,#5678,#5679,#5680,#5681,#5682,#5683,#5684));
#10314=EDGE_LOOP('',(#5685,#5686,#5687,#5688,#5689,#5690,#5691,#5692));
#10315=EDGE_LOOP('',(#5693,#5694,#5695,#5696,#5697,#5698,#5699,#5700));
#10316=EDGE_LOOP('',(#5701,#5702,#5703,#5704,#5705,#5706,#5707,#5708));
#10317=EDGE_LOOP('',(#5709,#5710,#5711,#5712,#5713,#5714,#5715,#5716));
#10318=EDGE_LOOP('',(#5717,#5718,#5719,#5720,#5721,#5722,#5723,#5724));
#10319=EDGE_LOOP('',(#5725,#5726,#5727,#5728,#5729,#5730,#5731,#5732));
#10320=EDGE_LOOP('',(#5733,#5734,#5735,#5736,#5737,#5738,#5739,#5740));
#10321=EDGE_LOOP('',(#5741,#5742,#5743,#5744,#5745,#5746,#5747,#5748));
#10322=EDGE_LOOP('',(#5749,#5750,#5751,#5752,#5753,#5754,#5755,#5756));
#10323=EDGE_LOOP('',(#5757,#5758,#5759,#5760,#5761,#5762,#5763,#5764));
#10324=EDGE_LOOP('',(#5765,#5766,#5767,#5768,#5769,#5770,#5771,#5772));
#10325=EDGE_LOOP('',(#5773,#5774,#5775,#5776,#5777,#5778,#5779,#5780));
#10326=EDGE_LOOP('',(#5781,#5782,#5783,#5784,#5785,#5786,#5787,#5788));
#10327=EDGE_LOOP('',(#5789,#5790,#5791,#5792,#5793,#5794,#5795,#5796));
#10328=EDGE_LOOP('',(#5797,#5798,#5799,#5800,#5801,#5802,#5803,#5804));
#10329=EDGE_LOOP('',(#5805,#5806,#5807,#5808,#5809,#5810,#5811,#5812));
#10330=EDGE_LOOP('',(#5813,#5814,#5815,#5816,#5817,#5818,#5819,#5820));
#10331=EDGE_LOOP('',(#5821,#5822,#5823,#5824,#5825,#5826,#5827,#5828));
#10332=EDGE_LOOP('',(#5829,#5830,#5831,#5832,#5833,#5834,#5835,#5836,#5837,
#5838,#5839,#5840,#5841,#5842));
#10333=EDGE_LOOP('',(#5843,#5844,#5845,#5846,#5847,#5848,#5849,#5850));
#10334=EDGE_LOOP('',(#5851,#5852,#5853,#5854,#5855,#5856,#5857,#5858));
#10335=EDGE_LOOP('',(#5859,#5860,#5861,#5862,#5863,#5864,#5865,#5866));
#10336=EDGE_LOOP('',(#5867,#5868,#5869,#5870,#5871,#5872,#5873,#5874));
#10337=EDGE_LOOP('',(#5875,#5876,#5877,#5878,#5879,#5880,#5881,#5882));
#10338=EDGE_LOOP('',(#5883,#5884,#5885,#5886,#5887,#5888,#5889,#5890));
#10339=EDGE_LOOP('',(#5891,#5892,#5893,#5894,#5895,#5896,#5897,#5898));
#10340=EDGE_LOOP('',(#5899,#5900,#5901,#5902,#5903,#5904,#5905,#5906));
#10341=EDGE_LOOP('',(#5907,#5908,#5909,#5910,#5911,#5912,#5913,#5914));
#10342=EDGE_LOOP('',(#5915,#5916,#5917,#5918,#5919,#5920,#5921,#5922));
#10343=EDGE_LOOP('',(#5923,#5924,#5925,#5926,#5927,#5928,#5929,#5930));
#10344=EDGE_LOOP('',(#5931,#5932,#5933,#5934,#5935,#5936,#5937,#5938));
#10345=EDGE_LOOP('',(#5939,#5940,#5941,#5942,#5943,#5944,#5945,#5946));
#10346=EDGE_LOOP('',(#5947,#5948,#5949,#5950,#5951,#5952,#5953,#5954));
#10347=EDGE_LOOP('',(#5955,#5956,#5957,#5958,#5959,#5960,#5961,#5962));
#10348=EDGE_LOOP('',(#5963,#5964,#5965,#5966,#5967,#5968,#5969,#5970));
#10349=EDGE_LOOP('',(#5971,#5972,#5973,#5974,#5975,#5976,#5977,#5978));
#10350=EDGE_LOOP('',(#5979,#5980,#5981,#5982,#5983,#5984,#5985,#5986));
#10351=EDGE_LOOP('',(#5987,#5988,#5989,#5990,#5991,#5992,#5993,#5994));
#10352=EDGE_LOOP('',(#5995,#5996,#5997,#5998,#5999,#6000,#6001,#6002));
#10353=EDGE_LOOP('',(#6003,#6004,#6005,#6006,#6007,#6008,#6009,#6010));
#10354=EDGE_LOOP('',(#6011,#6012,#6013,#6014,#6015,#6016,#6017,#6018));
#10355=EDGE_LOOP('',(#6019,#6020,#6021,#6022,#6023,#6024,#6025,#6026));
#10356=EDGE_LOOP('',(#6027,#6028,#6029,#6030,#6031,#6032,#6033,#6034));
#10357=EDGE_LOOP('',(#6035,#6036,#6037,#6038,#6039,#6040,#6041,#6042));
#10358=EDGE_LOOP('',(#6043,#6044,#6045,#6046,#6047,#6048,#6049,#6050));
#10359=EDGE_LOOP('',(#6051,#6052,#6053,#6054,#6055,#6056,#6057,#6058));
#10360=EDGE_LOOP('',(#6059,#6060,#6061,#6062,#6063,#6064,#6065,#6066));
#10361=EDGE_LOOP('',(#6067,#6068,#6069,#6070,#6071,#6072,#6073,#6074));
#10362=EDGE_LOOP('',(#6075,#6076,#6077,#6078,#6079,#6080,#6081,#6082));
#10363=EDGE_LOOP('',(#6083,#6084,#6085,#6086,#6087,#6088,#6089,#6090));
#10364=EDGE_LOOP('',(#6091,#6092,#6093,#6094,#6095,#6096,#6097,#6098));
#10365=EDGE_LOOP('',(#6099,#6100,#6101,#6102,#6103,#6104,#6105,#6106));
#10366=EDGE_LOOP('',(#6107,#6108,#6109,#6110,#6111,#6112,#6113,#6114));
#10367=EDGE_LOOP('',(#6115,#6116,#6117,#6118,#6119,#6120,#6121,#6122));
#10368=EDGE_LOOP('',(#6123,#6124,#6125,#6126,#6127,#6128,#6129,#6130));
#10369=EDGE_LOOP('',(#6131,#6132,#6133,#6134,#6135,#6136,#6137,#6138));
#10370=EDGE_LOOP('',(#6139,#6140,#6141,#6142,#6143,#6144,#6145,#6146));
#10371=EDGE_LOOP('',(#6147,#6148,#6149,#6150,#6151,#6152,#6153,#6154));
#10372=EDGE_LOOP('',(#6155,#6156,#6157,#6158,#6159,#6160,#6161,#6162));
#10373=FACE_BOUND('',#9650,.T.);
#10374=FACE_BOUND('',#9651,.T.);
#10375=FACE_BOUND('',#9652,.T.);
#10376=FACE_BOUND('',#9653,.T.);
#10377=FACE_BOUND('',#9654,.T.);
#10378=FACE_BOUND('',#9655,.T.);
#10379=FACE_BOUND('',#9656,.T.);
#10380=FACE_BOUND('',#9657,.T.);
#10381=FACE_BOUND('',#9658,.T.);
#10382=FACE_BOUND('',#9659,.T.);
#10383=FACE_BOUND('',#9660,.T.);
#10384=FACE_BOUND('',#9661,.T.);
#10385=FACE_BOUND('',#9662,.T.);
#10386=FACE_BOUND('',#9663,.T.);
#10387=FACE_BOUND('',#9664,.T.);
#10388=FACE_BOUND('',#9665,.T.);
#10389=FACE_BOUND('',#9666,.T.);
#10390=FACE_BOUND('',#9667,.T.);
#10391=FACE_BOUND('',#9668,.T.);
#10392=FACE_BOUND('',#9669,.T.);
#10393=FACE_BOUND('',#9670,.T.);
#10394=FACE_BOUND('',#9671,.T.);
#10395=FACE_BOUND('',#9672,.T.);
#10396=FACE_BOUND('',#9673,.T.);
#10397=FACE_BOUND('',#9674,.T.);
#10398=FACE_BOUND('',#9675,.T.);
#10399=FACE_BOUND('',#9676,.T.);
#10400=FACE_BOUND('',#9677,.T.);
#10401=FACE_BOUND('',#9678,.T.);
#10402=FACE_BOUND('',#9679,.T.);
#10403=FACE_BOUND('',#9680,.T.);
#10404=FACE_BOUND('',#9681,.T.);
#10405=FACE_BOUND('',#9682,.T.);
#10406=FACE_BOUND('',#9683,.T.);
#10407=FACE_BOUND('',#9684,.T.);
#10408=FACE_BOUND('',#9685,.T.);
#10409=FACE_BOUND('',#9686,.T.);
#10410=FACE_BOUND('',#9687,.T.);
#10411=FACE_BOUND('',#9688,.T.);
#10412=FACE_BOUND('',#9689,.T.);
#10413=FACE_BOUND('',#9690,.T.);
#10414=FACE_BOUND('',#9691,.T.);
#10415=FACE_BOUND('',#9692,.T.);
#10416=FACE_BOUND('',#9693,.T.);
#10417=FACE_BOUND('',#9694,.T.);
#10418=FACE_BOUND('',#9695,.T.);
#10419=FACE_BOUND('',#9696,.T.);
#10420=FACE_BOUND('',#9697,.T.);
#10421=FACE_BOUND('',#9698,.T.);
#10422=FACE_BOUND('',#9699,.T.);
#10423=FACE_BOUND('',#9700,.T.);
#10424=FACE_BOUND('',#9701,.T.);
#10425=FACE_BOUND('',#9702,.T.);
#10426=FACE_BOUND('',#9703,.T.);
#10427=FACE_BOUND('',#9704,.T.);
#10428=FACE_BOUND('',#9705,.T.);
#10429=FACE_BOUND('',#9706,.T.);
#10430=FACE_BOUND('',#9707,.T.);
#10431=FACE_BOUND('',#9708,.T.);
#10432=FACE_BOUND('',#9709,.T.);
#10433=FACE_BOUND('',#9710,.T.);
#10434=FACE_BOUND('',#9711,.T.);
#10435=FACE_BOUND('',#9712,.T.);
#10436=FACE_BOUND('',#9713,.T.);
#10437=FACE_BOUND('',#9714,.T.);
#10438=FACE_BOUND('',#9715,.T.);
#10439=FACE_BOUND('',#9716,.T.);
#10440=FACE_BOUND('',#9717,.T.);
#10441=FACE_BOUND('',#9718,.T.);
#10442=FACE_BOUND('',#9719,.T.);
#10443=FACE_BOUND('',#9720,.T.);
#10444=FACE_BOUND('',#9721,.T.);
#10445=FACE_BOUND('',#9722,.T.);
#10446=FACE_BOUND('',#9723,.T.);
#10447=FACE_BOUND('',#9724,.T.);
#10448=FACE_BOUND('',#9725,.T.);
#10449=FACE_BOUND('',#9726,.T.);
#10450=FACE_BOUND('',#9727,.T.);
#10451=FACE_BOUND('',#9728,.T.);
#10452=FACE_BOUND('',#9729,.T.);
#10453=FACE_BOUND('',#9730,.T.);
#10454=FACE_BOUND('',#9731,.T.);
#10455=FACE_BOUND('',#9732,.T.);
#10456=FACE_BOUND('',#9733,.T.);
#10457=FACE_BOUND('',#9734,.T.);
#10458=FACE_BOUND('',#9735,.T.);
#10459=FACE_BOUND('',#9736,.T.);
#10460=FACE_BOUND('',#9737,.T.);
#10461=FACE_BOUND('',#9738,.T.);
#10462=FACE_BOUND('',#9739,.T.);
#10463=FACE_BOUND('',#9740,.T.);
#10464=FACE_BOUND('',#9741,.T.);
#10465=FACE_BOUND('',#9742,.T.);
#10466=FACE_BOUND('',#9743,.T.);
#10467=FACE_BOUND('',#9744,.T.);
#10468=FACE_BOUND('',#9745,.T.);
#10469=FACE_BOUND('',#9746,.T.);
#10470=FACE_BOUND('',#9747,.T.);
#10471=FACE_BOUND('',#9748,.T.);
#10472=FACE_BOUND('',#9749,.T.);
#10473=FACE_BOUND('',#9750,.T.);
#10474=FACE_BOUND('',#9751,.T.);
#10475=FACE_BOUND('',#9752,.T.);
#10476=FACE_BOUND('',#9753,.T.);
#10477=FACE_BOUND('',#9754,.T.);
#10478=FACE_BOUND('',#9755,.T.);
#10479=FACE_BOUND('',#9756,.T.);
#10480=FACE_BOUND('',#9757,.T.);
#10481=FACE_BOUND('',#9758,.T.);
#10482=FACE_BOUND('',#9759,.T.);
#10483=FACE_BOUND('',#9760,.T.);
#10484=FACE_BOUND('',#9761,.T.);
#10485=FACE_BOUND('',#9762,.T.);
#10486=FACE_BOUND('',#9763,.T.);
#10487=FACE_BOUND('',#9764,.T.);
#10488=FACE_BOUND('',#9765,.T.);
#10489=FACE_BOUND('',#9766,.T.);
#10490=FACE_BOUND('',#9767,.T.);
#10491=FACE_BOUND('',#9768,.T.);
#10492=FACE_BOUND('',#9769,.T.);
#10493=FACE_BOUND('',#9770,.T.);
#10494=FACE_BOUND('',#9771,.T.);
#10495=FACE_BOUND('',#9772,.T.);
#10496=FACE_BOUND('',#9773,.T.);
#10497=FACE_BOUND('',#9774,.T.);
#10498=FACE_BOUND('',#9775,.T.);
#10499=FACE_BOUND('',#9776,.T.);
#10500=FACE_BOUND('',#9777,.T.);
#10501=FACE_BOUND('',#9778,.T.);
#10502=FACE_BOUND('',#9779,.T.);
#10503=FACE_BOUND('',#9780,.T.);
#10504=FACE_BOUND('',#9781,.T.);
#10505=FACE_BOUND('',#9782,.T.);
#10506=FACE_BOUND('',#9783,.T.);
#10507=FACE_BOUND('',#9784,.T.);
#10508=FACE_BOUND('',#9785,.T.);
#10509=FACE_BOUND('',#9786,.T.);
#10510=FACE_BOUND('',#9787,.T.);
#10511=FACE_BOUND('',#9788,.T.);
#10512=FACE_BOUND('',#9789,.T.);
#10513=FACE_BOUND('',#9790,.T.);
#10514=FACE_BOUND('',#9791,.T.);
#10515=FACE_BOUND('',#9792,.T.);
#10516=FACE_BOUND('',#9793,.T.);
#10517=FACE_BOUND('',#9794,.T.);
#10518=FACE_BOUND('',#9795,.T.);
#10519=FACE_BOUND('',#9796,.T.);
#10520=FACE_BOUND('',#9797,.T.);
#10521=FACE_BOUND('',#9798,.T.);
#10522=FACE_BOUND('',#9799,.T.);
#10523=FACE_BOUND('',#9800,.T.);
#10524=FACE_BOUND('',#9801,.T.);
#10525=FACE_BOUND('',#9802,.T.);
#10526=FACE_BOUND('',#9803,.T.);
#10527=FACE_BOUND('',#9804,.T.);
#10528=FACE_BOUND('',#9805,.T.);
#10529=FACE_BOUND('',#9806,.T.);
#10530=FACE_BOUND('',#9807,.T.);
#10531=FACE_BOUND('',#9808,.T.);
#10532=FACE_BOUND('',#9809,.T.);
#10533=FACE_BOUND('',#9810,.T.);
#10534=FACE_BOUND('',#9811,.T.);
#10535=FACE_BOUND('',#9812,.T.);
#10536=FACE_BOUND('',#9813,.T.);
#10537=FACE_BOUND('',#9814,.T.);
#10538=FACE_BOUND('',#9815,.T.);
#10539=FACE_BOUND('',#9816,.T.);
#10540=FACE_BOUND('',#9817,.T.);
#10541=FACE_BOUND('',#9818,.T.);
#10542=FACE_BOUND('',#9819,.T.);
#10543=FACE_BOUND('',#9820,.T.);
#10544=FACE_BOUND('',#9821,.T.);
#10545=FACE_BOUND('',#9822,.T.);
#10546=FACE_BOUND('',#9823,.T.);
#10547=FACE_BOUND('',#9824,.T.);
#10548=FACE_BOUND('',#9825,.T.);
#10549=FACE_BOUND('',#9826,.T.);
#10550=FACE_BOUND('',#9827,.T.);
#10551=FACE_BOUND('',#9828,.T.);
#10552=FACE_BOUND('',#9829,.T.);
#10553=FACE_BOUND('',#9830,.T.);
#10554=FACE_BOUND('',#9831,.T.);
#10555=FACE_BOUND('',#9832,.T.);
#10556=FACE_BOUND('',#9833,.T.);
#10557=FACE_BOUND('',#9834,.T.);
#10558=FACE_BOUND('',#9835,.T.);
#10559=FACE_BOUND('',#9836,.T.);
#10560=FACE_BOUND('',#9837,.T.);
#10561=FACE_BOUND('',#9838,.T.);
#10562=FACE_BOUND('',#9839,.T.);
#10563=FACE_BOUND('',#9840,.T.);
#10564=FACE_BOUND('',#9841,.T.);
#10565=FACE_BOUND('',#9842,.T.);
#10566=FACE_BOUND('',#9843,.T.);
#10567=FACE_BOUND('',#9844,.T.);
#10568=FACE_BOUND('',#9845,.T.);
#10569=FACE_BOUND('',#9846,.T.);
#10570=FACE_BOUND('',#9847,.T.);
#10571=FACE_BOUND('',#9848,.T.);
#10572=FACE_BOUND('',#9849,.T.);
#10573=FACE_BOUND('',#9850,.T.);
#10574=FACE_BOUND('',#9851,.T.);
#10575=FACE_BOUND('',#9852,.T.);
#10576=FACE_BOUND('',#9853,.T.);
#10577=FACE_BOUND('',#9854,.T.);
#10578=FACE_BOUND('',#9855,.T.);
#10579=FACE_BOUND('',#9856,.T.);
#10580=FACE_BOUND('',#9857,.T.);
#10581=FACE_BOUND('',#9858,.T.);
#10582=FACE_BOUND('',#9859,.T.);
#10583=FACE_BOUND('',#9860,.T.);
#10584=FACE_BOUND('',#9861,.T.);
#10585=FACE_BOUND('',#9862,.T.);
#10586=FACE_BOUND('',#9863,.T.);
#10587=FACE_BOUND('',#9864,.T.);
#10588=FACE_BOUND('',#9865,.T.);
#10589=FACE_BOUND('',#9866,.T.);
#10590=FACE_BOUND('',#9867,.T.);
#10591=FACE_BOUND('',#9868,.T.);
#10592=FACE_BOUND('',#9869,.T.);
#10593=FACE_BOUND('',#9870,.T.);
#10594=FACE_BOUND('',#9871,.T.);
#10595=FACE_BOUND('',#9872,.T.);
#10596=FACE_BOUND('',#9873,.T.);
#10597=FACE_BOUND('',#9874,.T.);
#10598=FACE_BOUND('',#9875,.T.);
#10599=FACE_BOUND('',#9876,.T.);
#10600=FACE_BOUND('',#9877,.T.);
#10601=FACE_BOUND('',#9878,.T.);
#10602=FACE_BOUND('',#9879,.T.);
#10603=FACE_BOUND('',#9880,.T.);
#10604=FACE_BOUND('',#9881,.T.);
#10605=FACE_BOUND('',#9882,.T.);
#10606=FACE_BOUND('',#9883,.T.);
#10607=FACE_BOUND('',#9884,.T.);
#10608=FACE_BOUND('',#9885,.T.);
#10609=FACE_BOUND('',#9886,.T.);
#10610=FACE_BOUND('',#9887,.T.);
#10611=FACE_BOUND('',#9888,.T.);
#10612=FACE_BOUND('',#9889,.T.);
#10613=FACE_BOUND('',#9890,.T.);
#10614=FACE_BOUND('',#9891,.T.);
#10615=FACE_BOUND('',#9892,.T.);
#10616=FACE_BOUND('',#9893,.T.);
#10617=FACE_BOUND('',#9894,.T.);
#10618=FACE_BOUND('',#9895,.T.);
#10619=FACE_BOUND('',#9896,.T.);
#10620=FACE_BOUND('',#9897,.T.);
#10621=FACE_BOUND('',#9898,.T.);
#10622=FACE_BOUND('',#9899,.T.);
#10623=FACE_BOUND('',#9900,.T.);
#10624=FACE_BOUND('',#9901,.T.);
#10625=FACE_BOUND('',#9902,.T.);
#10626=FACE_BOUND('',#9903,.T.);
#10627=FACE_BOUND('',#9904,.T.);
#10628=FACE_BOUND('',#9905,.T.);
#10629=FACE_BOUND('',#9906,.T.);
#10630=FACE_BOUND('',#9907,.T.);
#10631=FACE_BOUND('',#9908,.T.);
#10632=FACE_BOUND('',#9909,.T.);
#10633=FACE_BOUND('',#9910,.T.);
#10634=FACE_BOUND('',#9911,.T.);
#10635=FACE_BOUND('',#9912,.T.);
#10636=FACE_BOUND('',#9913,.T.);
#10637=FACE_BOUND('',#9914,.T.);
#10638=FACE_BOUND('',#9915,.T.);
#10639=FACE_BOUND('',#9916,.T.);
#10640=FACE_BOUND('',#9917,.T.);
#10641=FACE_BOUND('',#9918,.T.);
#10642=FACE_BOUND('',#9919,.T.);
#10643=FACE_BOUND('',#9920,.T.);
#10644=FACE_BOUND('',#9921,.T.);
#10645=FACE_BOUND('',#9922,.T.);
#10646=FACE_BOUND('',#9923,.T.);
#10647=FACE_BOUND('',#9924,.T.);
#10648=FACE_BOUND('',#9925,.T.);
#10649=FACE_BOUND('',#9926,.T.);
#10650=FACE_BOUND('',#9927,.T.);
#10651=FACE_BOUND('',#9928,.T.);
#10652=FACE_BOUND('',#9929,.T.);
#10653=FACE_BOUND('',#9930,.T.);
#10654=FACE_BOUND('',#9931,.T.);
#10655=FACE_BOUND('',#9932,.T.);
#10656=FACE_BOUND('',#9933,.T.);
#10657=FACE_BOUND('',#9934,.T.);
#10658=FACE_BOUND('',#9935,.T.);
#10659=FACE_BOUND('',#9936,.T.);
#10660=FACE_BOUND('',#9937,.T.);
#10661=FACE_BOUND('',#9938,.T.);
#10662=FACE_BOUND('',#9939,.T.);
#10663=FACE_BOUND('',#9940,.T.);
#10664=FACE_BOUND('',#9941,.T.);
#10665=FACE_BOUND('',#9942,.T.);
#10666=FACE_BOUND('',#9943,.T.);
#10667=FACE_BOUND('',#9944,.T.);
#10668=FACE_BOUND('',#9945,.T.);
#10669=FACE_BOUND('',#9946,.T.);
#10670=FACE_BOUND('',#9947,.T.);
#10671=FACE_BOUND('',#9948,.T.);
#10672=FACE_BOUND('',#9949,.T.);
#10673=FACE_BOUND('',#9950,.T.);
#10674=FACE_BOUND('',#9951,.T.);
#10675=FACE_BOUND('',#9952,.T.);
#10676=FACE_BOUND('',#9953,.T.);
#10677=FACE_BOUND('',#9954,.T.);
#10678=FACE_BOUND('',#9955,.T.);
#10679=FACE_BOUND('',#9956,.T.);
#10680=FACE_BOUND('',#9957,.T.);
#10681=FACE_BOUND('',#9958,.T.);
#10682=FACE_BOUND('',#9959,.T.);
#10683=FACE_BOUND('',#9960,.T.);
#10684=FACE_BOUND('',#9961,.T.);
#10685=FACE_BOUND('',#9962,.T.);
#10686=FACE_BOUND('',#9963,.T.);
#10687=FACE_BOUND('',#9964,.T.);
#10688=FACE_BOUND('',#9965,.T.);
#10689=FACE_BOUND('',#9966,.T.);
#10690=FACE_BOUND('',#9967,.T.);
#10691=FACE_BOUND('',#9968,.T.);
#10692=FACE_BOUND('',#9969,.T.);
#10693=FACE_BOUND('',#9970,.T.);
#10694=FACE_BOUND('',#9971,.T.);
#10695=FACE_BOUND('',#9972,.T.);
#10696=FACE_BOUND('',#9973,.T.);
#10697=FACE_BOUND('',#9974,.T.);
#10698=FACE_BOUND('',#9975,.T.);
#10699=FACE_BOUND('',#9976,.T.);
#10700=FACE_BOUND('',#9977,.T.);
#10701=FACE_BOUND('',#9978,.T.);
#10702=FACE_BOUND('',#9979,.T.);
#10703=FACE_BOUND('',#9980,.T.);
#10704=FACE_BOUND('',#9981,.T.);
#10705=FACE_BOUND('',#9982,.T.);
#10706=FACE_BOUND('',#9983,.T.);
#10707=FACE_BOUND('',#9984,.T.);
#10708=FACE_BOUND('',#9985,.T.);
#10709=FACE_BOUND('',#9986,.T.);
#10710=FACE_BOUND('',#9987,.T.);
#10711=FACE_BOUND('',#9988,.T.);
#10712=FACE_BOUND('',#9989,.T.);
#10713=FACE_BOUND('',#9990,.T.);
#10714=FACE_BOUND('',#9991,.T.);
#10715=FACE_BOUND('',#9992,.T.);
#10716=FACE_BOUND('',#9993,.T.);
#10717=FACE_BOUND('',#9994,.T.);
#10718=FACE_BOUND('',#9995,.T.);
#10719=FACE_BOUND('',#9996,.T.);
#10720=FACE_BOUND('',#9997,.T.);
#10721=FACE_BOUND('',#9998,.T.);
#10722=FACE_BOUND('',#9999,.T.);
#10723=FACE_BOUND('',#10000,.T.);
#10724=FACE_BOUND('',#10001,.T.);
#10725=FACE_BOUND('',#10002,.T.);
#10726=FACE_BOUND('',#10003,.T.);
#10727=FACE_BOUND('',#10004,.T.);
#10728=FACE_BOUND('',#10005,.T.);
#10729=FACE_BOUND('',#10006,.T.);
#10730=FACE_BOUND('',#10007,.T.);
#10731=FACE_BOUND('',#10008,.T.);
#10732=FACE_BOUND('',#10009,.T.);
#10733=FACE_BOUND('',#10010,.T.);
#10734=FACE_BOUND('',#10011,.T.);
#10735=FACE_BOUND('',#10012,.T.);
#10736=FACE_BOUND('',#10013,.T.);
#10737=FACE_BOUND('',#10014,.T.);
#10738=FACE_BOUND('',#10015,.T.);
#10739=FACE_BOUND('',#10016,.T.);
#10740=FACE_BOUND('',#10017,.T.);
#10741=FACE_BOUND('',#10018,.T.);
#10742=FACE_BOUND('',#10019,.T.);
#10743=FACE_BOUND('',#10020,.T.);
#10744=FACE_BOUND('',#10021,.T.);
#10745=FACE_BOUND('',#10022,.T.);
#10746=FACE_BOUND('',#10023,.T.);
#10747=FACE_BOUND('',#10024,.T.);
#10748=FACE_BOUND('',#10025,.T.);
#10749=FACE_BOUND('',#10026,.T.);
#10750=FACE_BOUND('',#10027,.T.);
#10751=FACE_BOUND('',#10028,.T.);
#10752=FACE_BOUND('',#10029,.T.);
#10753=FACE_BOUND('',#10030,.T.);
#10754=FACE_BOUND('',#10031,.T.);
#10755=FACE_BOUND('',#10032,.T.);
#10756=FACE_BOUND('',#10033,.T.);
#10757=FACE_BOUND('',#10034,.T.);
#10758=FACE_BOUND('',#10035,.T.);
#10759=FACE_BOUND('',#10036,.T.);
#10760=FACE_BOUND('',#10037,.T.);
#10761=FACE_BOUND('',#10038,.T.);
#10762=FACE_BOUND('',#10039,.T.);
#10763=FACE_BOUND('',#10040,.T.);
#10764=FACE_BOUND('',#10041,.T.);
#10765=FACE_BOUND('',#10042,.T.);
#10766=FACE_BOUND('',#10043,.T.);
#10767=FACE_BOUND('',#10044,.T.);
#10768=FACE_BOUND('',#10045,.T.);
#10769=FACE_BOUND('',#10046,.T.);
#10770=FACE_BOUND('',#10047,.T.);
#10771=FACE_BOUND('',#10048,.T.);
#10772=FACE_BOUND('',#10049,.T.);
#10773=FACE_BOUND('',#10050,.T.);
#10774=FACE_BOUND('',#10051,.T.);
#10775=FACE_BOUND('',#10052,.T.);
#10776=FACE_BOUND('',#10053,.T.);
#10777=FACE_BOUND('',#10054,.T.);
#10778=FACE_BOUND('',#10055,.T.);
#10779=FACE_BOUND('',#10056,.T.);
#10780=FACE_BOUND('',#10057,.T.);
#10781=FACE_BOUND('',#10058,.T.);
#10782=FACE_BOUND('',#10059,.T.);
#10783=FACE_BOUND('',#10060,.T.);
#10784=FACE_BOUND('',#10061,.T.);
#10785=FACE_BOUND('',#10062,.T.);
#10786=FACE_BOUND('',#10063,.T.);
#10787=FACE_BOUND('',#10064,.T.);
#10788=FACE_BOUND('',#10065,.T.);
#10789=FACE_BOUND('',#10066,.T.);
#10790=FACE_BOUND('',#10067,.T.);
#10791=FACE_BOUND('',#10068,.T.);
#10792=FACE_BOUND('',#10069,.T.);
#10793=FACE_BOUND('',#10070,.T.);
#10794=FACE_BOUND('',#10071,.T.);
#10795=FACE_BOUND('',#10072,.T.);
#10796=FACE_BOUND('',#10073,.T.);
#10797=FACE_BOUND('',#10074,.T.);
#10798=FACE_BOUND('',#10075,.T.);
#10799=FACE_BOUND('',#10076,.T.);
#10800=FACE_BOUND('',#10077,.T.);
#10801=FACE_BOUND('',#10078,.T.);
#10802=FACE_BOUND('',#10079,.T.);
#10803=FACE_BOUND('',#10080,.T.);
#10804=FACE_BOUND('',#10081,.T.);
#10805=FACE_BOUND('',#10082,.T.);
#10806=FACE_BOUND('',#10083,.T.);
#10807=FACE_BOUND('',#10084,.T.);
#10808=FACE_BOUND('',#10085,.T.);
#10809=FACE_BOUND('',#10086,.T.);
#10810=FACE_BOUND('',#10087,.T.);
#10811=FACE_BOUND('',#10088,.T.);
#10812=FACE_BOUND('',#10089,.T.);
#10813=FACE_BOUND('',#10090,.T.);
#10814=FACE_BOUND('',#10091,.T.);
#10815=FACE_BOUND('',#10092,.T.);
#10816=FACE_BOUND('',#10093,.T.);
#10817=FACE_BOUND('',#10094,.T.);
#10818=FACE_BOUND('',#10095,.T.);
#10819=FACE_BOUND('',#10096,.T.);
#10820=FACE_BOUND('',#10097,.T.);
#10821=FACE_BOUND('',#10098,.T.);
#10822=FACE_BOUND('',#10099,.T.);
#10823=FACE_BOUND('',#10100,.T.);
#10824=FACE_BOUND('',#10101,.T.);
#10825=FACE_BOUND('',#10102,.T.);
#10826=FACE_BOUND('',#10103,.T.);
#10827=FACE_BOUND('',#10104,.T.);
#10828=FACE_BOUND('',#10105,.T.);
#10829=FACE_BOUND('',#10106,.T.);
#10830=FACE_BOUND('',#10107,.T.);
#10831=FACE_BOUND('',#10108,.T.);
#10832=FACE_BOUND('',#10109,.T.);
#10833=FACE_BOUND('',#10110,.T.);
#10834=FACE_BOUND('',#10111,.T.);
#10835=FACE_BOUND('',#10112,.T.);
#10836=FACE_BOUND('',#10113,.T.);
#10837=FACE_BOUND('',#10114,.T.);
#10838=FACE_BOUND('',#10115,.T.);
#10839=FACE_BOUND('',#10116,.T.);
#10840=FACE_BOUND('',#10117,.T.);
#10841=FACE_BOUND('',#10118,.T.);
#10842=FACE_BOUND('',#10119,.T.);
#10843=FACE_BOUND('',#10120,.T.);
#10844=FACE_BOUND('',#10121,.T.);
#10845=FACE_BOUND('',#10122,.T.);
#10846=FACE_BOUND('',#10123,.T.);
#10847=FACE_BOUND('',#10124,.T.);
#10848=FACE_BOUND('',#10125,.T.);
#10849=FACE_BOUND('',#10126,.T.);
#10850=FACE_BOUND('',#10127,.T.);
#10851=FACE_BOUND('',#10128,.T.);
#10852=FACE_BOUND('',#10129,.T.);
#10853=FACE_BOUND('',#10130,.T.);
#10854=FACE_BOUND('',#10131,.T.);
#10855=FACE_BOUND('',#10132,.T.);
#10856=FACE_BOUND('',#10133,.T.);
#10857=FACE_BOUND('',#10134,.T.);
#10858=FACE_BOUND('',#10135,.T.);
#10859=FACE_BOUND('',#10136,.T.);
#10860=FACE_BOUND('',#10137,.T.);
#10861=FACE_BOUND('',#10138,.T.);
#10862=FACE_BOUND('',#10139,.T.);
#10863=FACE_BOUND('',#10140,.T.);
#10864=FACE_BOUND('',#10141,.T.);
#10865=FACE_BOUND('',#10142,.T.);
#10866=FACE_BOUND('',#10143,.T.);
#10867=FACE_BOUND('',#10144,.T.);
#10868=FACE_BOUND('',#10145,.T.);
#10869=FACE_BOUND('',#10146,.T.);
#10870=FACE_BOUND('',#10147,.T.);
#10871=FACE_BOUND('',#10148,.T.);
#10872=FACE_BOUND('',#10149,.T.);
#10873=FACE_BOUND('',#10150,.T.);
#10874=FACE_BOUND('',#10151,.T.);
#10875=FACE_BOUND('',#10152,.T.);
#10876=FACE_BOUND('',#10153,.T.);
#10877=FACE_BOUND('',#10154,.T.);
#10878=FACE_BOUND('',#10155,.T.);
#10879=FACE_BOUND('',#10156,.T.);
#10880=FACE_BOUND('',#10157,.T.);
#10881=FACE_BOUND('',#10158,.T.);
#10882=FACE_BOUND('',#10159,.T.);
#10883=FACE_BOUND('',#10160,.T.);
#10884=FACE_BOUND('',#10161,.T.);
#10885=FACE_BOUND('',#10162,.T.);
#10886=FACE_BOUND('',#10163,.T.);
#10887=FACE_BOUND('',#10164,.T.);
#10888=FACE_BOUND('',#10165,.T.);
#10889=FACE_BOUND('',#10166,.T.);
#10890=FACE_BOUND('',#10167,.T.);
#10891=FACE_BOUND('',#10168,.T.);
#10892=FACE_BOUND('',#10169,.T.);
#10893=FACE_BOUND('',#10170,.T.);
#10894=FACE_BOUND('',#10171,.T.);
#10895=FACE_BOUND('',#10172,.T.);
#10896=FACE_BOUND('',#10173,.T.);
#10897=FACE_BOUND('',#10174,.T.);
#10898=FACE_BOUND('',#10175,.T.);
#10899=FACE_BOUND('',#10176,.T.);
#10900=FACE_BOUND('',#10177,.T.);
#10901=FACE_BOUND('',#10178,.T.);
#10902=FACE_BOUND('',#10179,.T.);
#10903=FACE_BOUND('',#10180,.T.);
#10904=FACE_BOUND('',#10181,.T.);
#10905=FACE_BOUND('',#10182,.T.);
#10906=FACE_BOUND('',#10183,.T.);
#10907=FACE_BOUND('',#10184,.T.);
#10908=FACE_BOUND('',#10185,.T.);
#10909=FACE_BOUND('',#10186,.T.);
#10910=FACE_BOUND('',#10187,.T.);
#10911=FACE_BOUND('',#10188,.T.);
#10912=FACE_BOUND('',#10189,.T.);
#10913=FACE_BOUND('',#10190,.T.);
#10914=FACE_BOUND('',#10191,.T.);
#10915=FACE_BOUND('',#10192,.T.);
#10916=FACE_BOUND('',#10193,.T.);
#10917=FACE_BOUND('',#10194,.T.);
#10918=FACE_BOUND('',#10195,.T.);
#10919=FACE_BOUND('',#10196,.T.);
#10920=FACE_BOUND('',#10197,.T.);
#10921=FACE_BOUND('',#10198,.T.);
#10922=FACE_BOUND('',#10199,.T.);
#10923=FACE_BOUND('',#10200,.T.);
#10924=FACE_BOUND('',#10201,.T.);
#10925=FACE_BOUND('',#10202,.T.);
#10926=FACE_BOUND('',#10203,.T.);
#10927=FACE_BOUND('',#10204,.T.);
#10928=FACE_BOUND('',#10205,.T.);
#10929=FACE_BOUND('',#10206,.T.);
#10930=FACE_BOUND('',#10207,.T.);
#10931=FACE_BOUND('',#10208,.T.);
#10932=FACE_BOUND('',#10209,.T.);
#10933=FACE_BOUND('',#10210,.T.);
#10934=FACE_BOUND('',#10211,.T.);
#10935=FACE_BOUND('',#10212,.T.);
#10936=FACE_BOUND('',#10213,.T.);
#10937=FACE_BOUND('',#10214,.T.);
#10938=FACE_BOUND('',#10215,.T.);
#10939=FACE_BOUND('',#10216,.T.);
#10940=FACE_BOUND('',#10217,.T.);
#10941=FACE_BOUND('',#10218,.T.);
#10942=FACE_BOUND('',#10219,.T.);
#10943=FACE_BOUND('',#10220,.T.);
#10944=FACE_BOUND('',#10221,.T.);
#10945=FACE_BOUND('',#10222,.T.);
#10946=FACE_BOUND('',#10223,.T.);
#10947=FACE_BOUND('',#10224,.T.);
#10948=FACE_BOUND('',#10225,.T.);
#10949=FACE_BOUND('',#10226,.T.);
#10950=FACE_BOUND('',#10227,.T.);
#10951=FACE_BOUND('',#10228,.T.);
#10952=FACE_BOUND('',#10229,.T.);
#10953=FACE_BOUND('',#10230,.T.);
#10954=FACE_BOUND('',#10231,.T.);
#10955=FACE_BOUND('',#10232,.T.);
#10956=FACE_BOUND('',#10233,.T.);
#10957=FACE_BOUND('',#10234,.T.);
#10958=FACE_BOUND('',#10235,.T.);
#10959=FACE_BOUND('',#10236,.T.);
#10960=FACE_BOUND('',#10237,.T.);
#10961=FACE_BOUND('',#10238,.T.);
#10962=FACE_BOUND('',#10239,.T.);
#10963=FACE_BOUND('',#10240,.T.);
#10964=FACE_BOUND('',#10241,.T.);
#10965=FACE_BOUND('',#10242,.T.);
#10966=FACE_BOUND('',#10243,.T.);
#10967=FACE_BOUND('',#10244,.T.);
#10968=FACE_BOUND('',#10245,.T.);
#10969=FACE_BOUND('',#10246,.T.);
#10970=FACE_BOUND('',#10247,.T.);
#10971=FACE_BOUND('',#10248,.T.);
#10972=FACE_BOUND('',#10249,.T.);
#10973=FACE_BOUND('',#10250,.T.);
#10974=FACE_BOUND('',#10251,.T.);
#10975=FACE_BOUND('',#10252,.T.);
#10976=FACE_BOUND('',#10253,.T.);
#10977=FACE_BOUND('',#10254,.T.);
#10978=FACE_BOUND('',#10255,.T.);
#10979=FACE_BOUND('',#10256,.T.);
#10980=FACE_BOUND('',#10257,.T.);
#10981=FACE_BOUND('',#10258,.T.);
#10982=FACE_BOUND('',#10259,.T.);
#10983=FACE_BOUND('',#10260,.T.);
#10984=FACE_BOUND('',#10261,.T.);
#10985=FACE_BOUND('',#10262,.T.);
#10986=FACE_BOUND('',#10263,.T.);
#10987=FACE_BOUND('',#10264,.T.);
#10988=FACE_BOUND('',#10265,.T.);
#10989=FACE_BOUND('',#10266,.T.);
#10990=FACE_BOUND('',#10267,.T.);
#10991=FACE_BOUND('',#10268,.T.);
#10992=FACE_BOUND('',#10269,.T.);
#10993=FACE_BOUND('',#10270,.T.);
#10994=FACE_BOUND('',#10271,.T.);
#10995=FACE_BOUND('',#10272,.T.);
#10996=FACE_BOUND('',#10273,.T.);
#10997=FACE_BOUND('',#10274,.T.);
#10998=FACE_BOUND('',#10275,.T.);
#10999=FACE_BOUND('',#10276,.T.);
#11000=FACE_BOUND('',#10277,.T.);
#11001=FACE_BOUND('',#10278,.T.);
#11002=FACE_BOUND('',#10279,.T.);
#11003=FACE_BOUND('',#10280,.T.);
#11004=FACE_BOUND('',#10281,.T.);
#11005=FACE_BOUND('',#10282,.T.);
#11006=FACE_BOUND('',#10283,.T.);
#11007=FACE_BOUND('',#10284,.T.);
#11008=FACE_BOUND('',#10285,.T.);
#11009=FACE_BOUND('',#10286,.T.);
#11010=FACE_BOUND('',#10287,.T.);
#11011=FACE_BOUND('',#10288,.T.);
#11012=FACE_BOUND('',#10289,.T.);
#11013=FACE_BOUND('',#10290,.T.);
#11014=FACE_BOUND('',#10291,.T.);
#11015=FACE_BOUND('',#10292,.T.);
#11016=FACE_BOUND('',#10293,.T.);
#11017=FACE_BOUND('',#10294,.T.);
#11018=FACE_BOUND('',#10295,.T.);
#11019=FACE_BOUND('',#10296,.T.);
#11020=FACE_BOUND('',#10297,.T.);
#11021=FACE_BOUND('',#10298,.T.);
#11022=FACE_BOUND('',#10299,.T.);
#11023=FACE_BOUND('',#10300,.T.);
#11024=FACE_BOUND('',#10301,.T.);
#11025=FACE_BOUND('',#10302,.T.);
#11026=FACE_BOUND('',#10303,.T.);
#11027=FACE_BOUND('',#10304,.T.);
#11028=FACE_BOUND('',#10305,.T.);
#11029=FACE_BOUND('',#10306,.T.);
#11030=FACE_BOUND('',#10307,.T.);
#11031=FACE_BOUND('',#10308,.T.);
#11032=FACE_BOUND('',#10309,.T.);
#11033=FACE_BOUND('',#10310,.T.);
#11034=FACE_BOUND('',#10311,.T.);
#11035=FACE_BOUND('',#10312,.T.);
#11036=FACE_BOUND('',#10313,.T.);
#11037=FACE_BOUND('',#10314,.T.);
#11038=FACE_BOUND('',#10315,.T.);
#11039=FACE_BOUND('',#10316,.T.);
#11040=FACE_BOUND('',#10317,.T.);
#11041=FACE_BOUND('',#10318,.T.);
#11042=FACE_BOUND('',#10319,.T.);
#11043=FACE_BOUND('',#10320,.T.);
#11044=FACE_BOUND('',#10321,.T.);
#11045=FACE_BOUND('',#10322,.T.);
#11046=FACE_BOUND('',#10323,.T.);
#11047=FACE_BOUND('',#10324,.T.);
#11048=FACE_BOUND('',#10325,.T.);
#11049=FACE_BOUND('',#10326,.T.);
#11050=FACE_BOUND('',#10327,.T.);
#11051=FACE_BOUND('',#10328,.T.);
#11052=FACE_BOUND('',#10329,.T.);
#11053=FACE_BOUND('',#10330,.T.);
#11054=FACE_BOUND('',#10331,.T.);
#11055=FACE_BOUND('',#10332,.T.);
#11056=FACE_BOUND('',#10333,.T.);
#11057=FACE_BOUND('',#10334,.T.);
#11058=FACE_BOUND('',#10335,.T.);
#11059=FACE_BOUND('',#10336,.T.);
#11060=FACE_BOUND('',#10337,.T.);
#11061=FACE_BOUND('',#10338,.T.);
#11062=FACE_BOUND('',#10339,.T.);
#11063=FACE_BOUND('',#10340,.T.);
#11064=FACE_BOUND('',#10341,.T.);
#11065=FACE_BOUND('',#10342,.T.);
#11066=FACE_BOUND('',#10343,.T.);
#11067=FACE_BOUND('',#10344,.T.);
#11068=FACE_BOUND('',#10345,.T.);
#11069=FACE_BOUND('',#10346,.T.);
#11070=FACE_BOUND('',#10347,.T.);
#11071=FACE_BOUND('',#10348,.T.);
#11072=FACE_BOUND('',#10349,.T.);
#11073=FACE_BOUND('',#10350,.T.);
#11074=FACE_BOUND('',#10351,.T.);
#11075=FACE_BOUND('',#10352,.T.);
#11076=FACE_BOUND('',#10353,.T.);
#11077=FACE_BOUND('',#10354,.T.);
#11078=FACE_BOUND('',#10355,.T.);
#11079=FACE_BOUND('',#10356,.T.);
#11080=FACE_BOUND('',#10357,.T.);
#11081=FACE_BOUND('',#10358,.T.);
#11082=FACE_BOUND('',#10359,.T.);
#11083=FACE_BOUND('',#10360,.T.);
#11084=FACE_BOUND('',#10361,.T.);
#11085=FACE_BOUND('',#10362,.T.);
#11086=FACE_BOUND('',#10363,.T.);
#11087=FACE_BOUND('',#10364,.T.);
#11088=FACE_BOUND('',#10365,.T.);
#11089=FACE_BOUND('',#10366,.T.);
#11090=FACE_BOUND('',#10367,.T.);
#11091=FACE_BOUND('',#10368,.T.);
#11092=FACE_BOUND('',#10369,.T.);
#11093=FACE_BOUND('',#10370,.T.);
#11094=FACE_BOUND('',#10371,.T.);
#11095=FACE_BOUND('',#10372,.T.);
#11096=CYLINDRICAL_SURFACE('',#11980,0.0005);
#11097=CYLINDRICAL_SURFACE('',#11984,0.0005);
#11098=CYLINDRICAL_SURFACE('',#11988,0.0005);
#11099=CYLINDRICAL_SURFACE('',#11992,0.0005);
#11100=CYLINDRICAL_SURFACE('',#11995,0.0005);
#11101=CYLINDRICAL_SURFACE('',#11999,0.000500000000000049);
#11102=CYLINDRICAL_SURFACE('',#12003,0.000500000000000026);
#11103=CYLINDRICAL_SURFACE('',#12007,0.0005);
#11104=CYLINDRICAL_SURFACE('',#12010,0.0005);
#11105=CYLINDRICAL_SURFACE('',#12014,0.0005);
#11106=CYLINDRICAL_SURFACE('',#12018,0.0005);
#11107=CYLINDRICAL_SURFACE('',#12022,0.0005);
#11108=CYLINDRICAL_SURFACE('',#12025,0.0005);
#11109=CYLINDRICAL_SURFACE('',#12029,0.000500000000000049);
#11110=CYLINDRICAL_SURFACE('',#12033,0.000500000000000049);
#11111=CYLINDRICAL_SURFACE('',#12037,0.0005);
#11112=CYLINDRICAL_SURFACE('',#12040,0.0005);
#11113=CYLINDRICAL_SURFACE('',#12044,0.0005);
#11114=CYLINDRICAL_SURFACE('',#12048,0.0005);
#11115=CYLINDRICAL_SURFACE('',#12052,0.0005);
#11116=CYLINDRICAL_SURFACE('',#12055,0.00049999999999999);
#11117=CYLINDRICAL_SURFACE('',#12059,0.0005);
#11118=CYLINDRICAL_SURFACE('',#12063,0.0005);
#11119=CYLINDRICAL_SURFACE('',#12067,0.000499999999999983);
#11120=CYLINDRICAL_SURFACE('',#12070,0.0005);
#11121=CYLINDRICAL_SURFACE('',#12074,0.0005);
#11122=CYLINDRICAL_SURFACE('',#12078,0.0005);
#11123=CYLINDRICAL_SURFACE('',#12082,0.0005);
#11124=CYLINDRICAL_SURFACE('',#12085,0.0005);
#11125=CYLINDRICAL_SURFACE('',#12089,0.000500000000000007);
#11126=CYLINDRICAL_SURFACE('',#12093,0.000500000000000013);
#11127=CYLINDRICAL_SURFACE('',#12097,0.0005);
#11128=CYLINDRICAL_SURFACE('',#12100,0.0005);
#11129=CYLINDRICAL_SURFACE('',#12104,0.000499999999999974);
#11130=CYLINDRICAL_SURFACE('',#12108,0.000499999999999975);
#11131=CYLINDRICAL_SURFACE('',#12112,0.0005);
#11132=CYLINDRICAL_SURFACE('',#12115,0.0005);
#11133=CYLINDRICAL_SURFACE('',#12119,0.0005);
#11134=CYLINDRICAL_SURFACE('',#12123,0.0005);
#11135=CYLINDRICAL_SURFACE('',#12127,0.0005);
#11136=CYLINDRICAL_SURFACE('',#12130,0.000500000000000007);
#11137=CYLINDRICAL_SURFACE('',#12134,0.000500000000000006);
#11138=CYLINDRICAL_SURFACE('',#12138,0.0005);
#11139=CYLINDRICAL_SURFACE('',#12142,0.0005);
#11140=CYLINDRICAL_SURFACE('',#12145,0.0005);
#11141=CYLINDRICAL_SURFACE('',#12149,0.0005);
#11142=CYLINDRICAL_SURFACE('',#12153,0.0005);
#11143=CYLINDRICAL_SURFACE('',#12157,0.0005);
#11144=CYLINDRICAL_SURFACE('',#12160,0.0005);
#11145=CYLINDRICAL_SURFACE('',#12164,0.0005);
#11146=CYLINDRICAL_SURFACE('',#12168,0.0005);
#11147=CYLINDRICAL_SURFACE('',#12172,0.0005);
#11148=CYLINDRICAL_SURFACE('',#12175,0.0005);
#11149=CYLINDRICAL_SURFACE('',#12179,0.000500000000000013);
#11150=CYLINDRICAL_SURFACE('',#12183,0.000500000000000013);
#11151=CYLINDRICAL_SURFACE('',#12187,0.0005);
#11152=CYLINDRICAL_SURFACE('',#12190,0.0005);
#11153=CYLINDRICAL_SURFACE('',#12194,0.0005);
#11154=CYLINDRICAL_SURFACE('',#12198,0.0005);
#11155=CYLINDRICAL_SURFACE('',#12202,0.0005);
#11156=CYLINDRICAL_SURFACE('',#12205,0.0005);
#11157=CYLINDRICAL_SURFACE('',#12209,0.0005);
#11158=CYLINDRICAL_SURFACE('',#12213,0.0005);
#11159=CYLINDRICAL_SURFACE('',#12217,0.0005);
#11160=CYLINDRICAL_SURFACE('',#12220,0.000500000000000025);
#11161=CYLINDRICAL_SURFACE('',#12224,0.000500000000000013);
#11162=CYLINDRICAL_SURFACE('',#12228,0.0005);
#11163=CYLINDRICAL_SURFACE('',#12232,0.0005);
#11164=CYLINDRICAL_SURFACE('',#12235,0.0005);
#11165=CYLINDRICAL_SURFACE('',#12239,0.0005);
#11166=CYLINDRICAL_SURFACE('',#12243,0.0005);
#11167=CYLINDRICAL_SURFACE('',#12247,0.0005);
#11168=CYLINDRICAL_SURFACE('',#12250,0.0005);
#11169=CYLINDRICAL_SURFACE('',#12254,0.0005);
#11170=CYLINDRICAL_SURFACE('',#12258,0.0005);
#11171=CYLINDRICAL_SURFACE('',#12262,0.0005);
#11172=CYLINDRICAL_SURFACE('',#12265,0.00049999999999999);
#11173=CYLINDRICAL_SURFACE('',#12269,0.0005);
#11174=CYLINDRICAL_SURFACE('',#12273,0.0005);
#11175=CYLINDRICAL_SURFACE('',#12277,0.000499999999999988);
#11176=CYLINDRICAL_SURFACE('',#12280,0.000499999999999987);
#11177=CYLINDRICAL_SURFACE('',#12284,0.0005);
#11178=CYLINDRICAL_SURFACE('',#12288,0.0005);
#11179=CYLINDRICAL_SURFACE('',#12292,0.000499999999999994);
#11180=CYLINDRICAL_SURFACE('',#12295,0.0005);
#11181=CYLINDRICAL_SURFACE('',#12299,0.0005);
#11182=CYLINDRICAL_SURFACE('',#12303,0.0005);
#11183=CYLINDRICAL_SURFACE('',#12307,0.0005);
#11184=CYLINDRICAL_SURFACE('',#12310,0.0005);
#11185=CYLINDRICAL_SURFACE('',#12314,0.0005);
#11186=CYLINDRICAL_SURFACE('',#12318,0.0005);
#11187=CYLINDRICAL_SURFACE('',#12322,0.0005);
#11188=CYLINDRICAL_SURFACE('',#12325,0.000499999999999988);
#11189=CYLINDRICAL_SURFACE('',#12329,0.0005);
#11190=CYLINDRICAL_SURFACE('',#12333,0.0005);
#11191=CYLINDRICAL_SURFACE('',#12337,0.000499999999999976);
#11192=CYLINDRICAL_SURFACE('',#12341,0.0005);
#11193=CYLINDRICAL_SURFACE('',#12345,0.0005);
#11194=CYLINDRICAL_SURFACE('',#12349,0.000499999999999974);
#11195=CYLINDRICAL_SURFACE('',#12354,0.0005);
#11196=CYLINDRICAL_SURFACE('',#12358,0.0005);
#11197=CYLINDRICAL_SURFACE('',#12362,0.0005);
#11198=CYLINDRICAL_SURFACE('',#12366,0.00049999999999999);
#11199=CYLINDRICAL_SURFACE('',#12370,0.0005);
#11200=CYLINDRICAL_SURFACE('',#12374,0.0005);
#11201=CYLINDRICAL_SURFACE('',#12378,0.000499999999999983);
#11202=CYLINDRICAL_SURFACE('',#12382,0.000499999999999994);
#11203=CYLINDRICAL_SURFACE('',#12386,0.0005);
#11204=CYLINDRICAL_SURFACE('',#12390,0.000500000000000013);
#11205=CYLINDRICAL_SURFACE('',#12394,0.000499999999999988);
#11206=CYLINDRICAL_SURFACE('',#12398,0.0005);
#11207=CYLINDRICAL_SURFACE('',#12402,0.0005);
#11208=CYLINDRICAL_SURFACE('',#12406,0.0005);
#11209=CYLINDRICAL_SURFACE('',#12409,0.0005);
#11210=CYLINDRICAL_SURFACE('',#12413,0.0005);
#11211=CYLINDRICAL_SURFACE('',#12417,0.000499999999999988);
#11212=CYLINDRICAL_SURFACE('',#12421,0.00049999999999999);
#11213=CYLINDRICAL_SURFACE('',#12424,0.0005);
#11214=CYLINDRICAL_SURFACE('',#12428,0.0005);
#11215=CYLINDRICAL_SURFACE('',#12432,0.0005);
#11216=CYLINDRICAL_SURFACE('',#12436,0.0005);
#11217=CYLINDRICAL_SURFACE('',#12439,0.000499999999999988);
#11218=CYLINDRICAL_SURFACE('',#12443,0.0005);
#11219=CYLINDRICAL_SURFACE('',#12447,0.0005);
#11220=CYLINDRICAL_SURFACE('',#12451,0.000499999999999987);
#11221=CYLINDRICAL_SURFACE('',#12454,0.000499999999999976);
#11222=CYLINDRICAL_SURFACE('',#12458,0.0005);
#11223=CYLINDRICAL_SURFACE('',#12462,0.0005);
#11224=CYLINDRICAL_SURFACE('',#12466,0.000499999999999988);
#11225=CYLINDRICAL_SURFACE('',#12469,0.000500000000000007);
#11226=CYLINDRICAL_SURFACE('',#12473,0.0005);
#11227=CYLINDRICAL_SURFACE('',#12477,0.0005);
#11228=CYLINDRICAL_SURFACE('',#12481,0.0005);
#11229=CYLINDRICAL_SURFACE('',#12484,0.0005);
#11230=CYLINDRICAL_SURFACE('',#12488,0.0005);
#11231=CYLINDRICAL_SURFACE('',#12492,0.0005);
#11232=CYLINDRICAL_SURFACE('',#12496,0.0005);
#11233=CYLINDRICAL_SURFACE('',#12500,0.0005);
#11234=CYLINDRICAL_SURFACE('',#12504,0.0005);
#11235=CYLINDRICAL_SURFACE('',#12508,0.0005);
#11236=CYLINDRICAL_SURFACE('',#12512,0.0005);
#11237=CYLINDRICAL_SURFACE('',#12516,0.0005);
#11238=CYLINDRICAL_SURFACE('',#12520,0.0005);
#11239=CYLINDRICAL_SURFACE('',#12524,0.0005);
#11240=CYLINDRICAL_SURFACE('',#12528,0.0005);
#11241=CYLINDRICAL_SURFACE('',#12532,0.0005);
#11242=CYLINDRICAL_SURFACE('',#12536,0.0005);
#11243=CYLINDRICAL_SURFACE('',#12541,0.0005);
#11244=CYLINDRICAL_SURFACE('',#12545,0.0005);
#11245=CYLINDRICAL_SURFACE('',#12549,0.0005);
#11246=CYLINDRICAL_SURFACE('',#12553,0.0005);
#11247=CYLINDRICAL_SURFACE('',#12557,0.0005);
#11248=CYLINDRICAL_SURFACE('',#12561,0.0005);
#11249=CYLINDRICAL_SURFACE('',#12565,0.0005);
#11250=CYLINDRICAL_SURFACE('',#12568,0.0005);
#11251=CYLINDRICAL_SURFACE('',#12572,0.0005);
#11252=CYLINDRICAL_SURFACE('',#12576,0.00049999999999998);
#11253=CYLINDRICAL_SURFACE('',#12579,0.00050000000000044);
#11254=CYLINDRICAL_SURFACE('',#12583,0.0005);
#11255=CYLINDRICAL_SURFACE('',#12587,0.0005);
#11256=CYLINDRICAL_SURFACE('',#12591,0.000499999999999954);
#11257=CYLINDRICAL_SURFACE('',#12594,0.00049999999999988);
#11258=CYLINDRICAL_SURFACE('',#12597,0.0005);
#11259=CYLINDRICAL_SURFACE('',#12601,0.0005);
#11260=CYLINDRICAL_SURFACE('',#12605,0.0005);
#11261=CYLINDRICAL_SURFACE('',#12609,0.0005);
#11262=CYLINDRICAL_SURFACE('',#12612,0.0005);
#11263=CYLINDRICAL_SURFACE('',#12616,0.0005);
#11264=CYLINDRICAL_SURFACE('',#12620,0.000500000000000053);
#11265=CYLINDRICAL_SURFACE('',#12624,0.000500000000000053);
#11266=CYLINDRICAL_SURFACE('',#12627,0.0005);
#11267=CYLINDRICAL_SURFACE('',#12631,0.0005);
#11268=CYLINDRICAL_SURFACE('',#12635,0.0005);
#11269=CYLINDRICAL_SURFACE('',#12639,0.0005);
#11270=CYLINDRICAL_SURFACE('',#12643,0.0005);
#11271=CYLINDRICAL_SURFACE('',#12647,0.0005);
#11272=CYLINDRICAL_SURFACE('',#12651,0.0005);
#11273=CYLINDRICAL_SURFACE('',#12655,0.000500000000000013);
#11274=CYLINDRICAL_SURFACE('',#12659,0.000500000000000025);
#11275=CYLINDRICAL_SURFACE('',#12663,0.0005);
#11276=CYLINDRICAL_SURFACE('',#12667,0.0005);
#11277=CYLINDRICAL_SURFACE('',#12670,0.000499999999999994);
#11278=CYLINDRICAL_SURFACE('',#12674,0.0005);
#11279=CYLINDRICAL_SURFACE('',#12678,0.0005);
#11280=CYLINDRICAL_SURFACE('',#12682,0.0005);
#11281=CYLINDRICAL_SURFACE('',#12685,0.0005);
#11282=CYLINDRICAL_SURFACE('',#12689,0.000500000000000007);
#11283=CYLINDRICAL_SURFACE('',#12693,0.000500000000000013);
#11284=CYLINDRICAL_SURFACE('',#12697,0.0005);
#11285=CYLINDRICAL_SURFACE('',#12700,0.0005);
#11286=CYLINDRICAL_SURFACE('',#12704,0.0005);
#11287=CYLINDRICAL_SURFACE('',#12708,0.0005);
#11288=CYLINDRICAL_SURFACE('',#12712,0.0005);
#11289=CYLINDRICAL_SURFACE('',#12715,0.0005);
#11290=CYLINDRICAL_SURFACE('',#12719,0.000500000000000014);
#11291=CYLINDRICAL_SURFACE('',#12723,0.0005);
#11292=CYLINDRICAL_SURFACE('',#12727,0.0005);
#11293=CYLINDRICAL_SURFACE('',#12730,0.0005);
#11294=CYLINDRICAL_SURFACE('',#12734,0.0005);
#11295=CYLINDRICAL_SURFACE('',#12738,0.0005);
#11296=CYLINDRICAL_SURFACE('',#12742,0.0005);
#11297=CYLINDRICAL_SURFACE('',#12745,0.0005);
#11298=CYLINDRICAL_SURFACE('',#12749,0.0005);
#11299=CYLINDRICAL_SURFACE('',#12753,0.0005);
#11300=CYLINDRICAL_SURFACE('',#12757,0.0005);
#11301=CYLINDRICAL_SURFACE('',#12761,0.0005);
#11302=CYLINDRICAL_SURFACE('',#12765,0.0005);
#11303=CYLINDRICAL_SURFACE('',#12769,0.0005);
#11304=CYLINDRICAL_SURFACE('',#12774,0.000499999999999976);
#11305=CYLINDRICAL_SURFACE('',#12778,0.0005);
#11306=CYLINDRICAL_SURFACE('',#12782,0.0005);
#11307=CYLINDRICAL_SURFACE('',#12786,0.000499999999999975);
#11308=CYLINDRICAL_SURFACE('',#12790,0.0005);
#11309=CYLINDRICAL_SURFACE('',#12794,0.0005);
#11310=CYLINDRICAL_SURFACE('',#12798,0.000499999999999974);
#11311=CYLINDRICAL_SURFACE('',#12801,0.0005);
#11312=CYLINDRICAL_SURFACE('',#12805,0.0005);
#11313=CYLINDRICAL_SURFACE('',#12809,0.0005);
#11314=CYLINDRICAL_SURFACE('',#12813,0.0005);
#11315=CYLINDRICAL_SURFACE('',#12816,0.0005);
#11316=CYLINDRICAL_SURFACE('',#12820,0.0005);
#11317=CYLINDRICAL_SURFACE('',#12824,0.000500000000000011);
#11318=CYLINDRICAL_SURFACE('',#12828,0.000500000000000011);
#11319=CYLINDRICAL_SURFACE('',#12831,0.0005);
#11320=CYLINDRICAL_SURFACE('',#12835,0.0005);
#11321=CYLINDRICAL_SURFACE('',#12839,0.0005);
#11322=CYLINDRICAL_SURFACE('',#12843,0.0005);
#11323=CYLINDRICAL_SURFACE('',#12847,0.0005);
#11324=CYLINDRICAL_SURFACE('',#12851,0.0005);
#11325=CYLINDRICAL_SURFACE('',#12855,0.000500000000000049);
#11326=CYLINDRICAL_SURFACE('',#12859,0.0005);
#11327=CYLINDRICAL_SURFACE('',#12863,0.0005);
#11328=CYLINDRICAL_SURFACE('',#12867,0.0005);
#11329=CYLINDRICAL_SURFACE('',#12871,0.0005);
#11330=CYLINDRICAL_SURFACE('',#12875,0.000499999999999987);
#11331=CYLINDRICAL_SURFACE('',#12879,0.000499999999999987);
#11332=CYLINDRICAL_SURFACE('',#12883,0.0005);
#11333=CYLINDRICAL_SURFACE('',#12887,0.0005);
#11334=CYLINDRICAL_SURFACE('',#12891,0.000499999999999994);
#11335=CYLINDRICAL_SURFACE('',#12895,0.000499999999999994);
#11336=CYLINDRICAL_SURFACE('',#12899,0.0005);
#11337=CYLINDRICAL_SURFACE('',#12902,0.0005);
#11338=CYLINDRICAL_SURFACE('',#12906,0.0005);
#11339=CYLINDRICAL_SURFACE('',#12910,0.0005);
#11340=CYLINDRICAL_SURFACE('',#12914,0.000499999999999994);
#11341=CYLINDRICAL_SURFACE('',#12917,0.0005);
#11342=CYLINDRICAL_SURFACE('',#12921,0.0005);
#11343=CYLINDRICAL_SURFACE('',#12925,0.000499999999999976);
#11344=CYLINDRICAL_SURFACE('',#12929,0.000499999999999988);
#11345=CYLINDRICAL_SURFACE('',#12932,0.0005);
#11346=CYLINDRICAL_SURFACE('',#12936,0.0005);
#11347=CYLINDRICAL_SURFACE('',#12940,0.0005);
#11348=CYLINDRICAL_SURFACE('',#12944,0.0005);
#11349=CYLINDRICAL_SURFACE('',#12947,0.0005);
#11350=CYLINDRICAL_SURFACE('',#12951,0.0005);
#11351=CYLINDRICAL_SURFACE('',#12955,0.000500000000000049);
#11352=CYLINDRICAL_SURFACE('',#12959,0.000500000000000049);
#11353=CYLINDRICAL_SURFACE('',#12962,0.000500000000000007);
#11354=CYLINDRICAL_SURFACE('',#12966,0.000500000000000014);
#11355=CYLINDRICAL_SURFACE('',#12970,0.0005);
#11356=CYLINDRICAL_SURFACE('',#12974,0.0005);
#11357=CYLINDRICAL_SURFACE('',#12977,0.0005);
#11358=CYLINDRICAL_SURFACE('',#12981,0.0005);
#11359=CYLINDRICAL_SURFACE('',#12985,0.0005);
#11360=CYLINDRICAL_SURFACE('',#12989,0.0005);
#11361=CYLINDRICAL_SURFACE('',#12993,0.0005);
#11362=CYLINDRICAL_SURFACE('',#12997,0.0005);
#11363=CYLINDRICAL_SURFACE('',#13001,0.000500000000000026);
#11364=CYLINDRICAL_SURFACE('',#13016,0.00316758);
#11365=CYLINDRICAL_SURFACE('',#13019,0.00240724999999936);
#11366=CYLINDRICAL_SURFACE('',#13022,0.00632998725862077);
#11367=CYLINDRICAL_SURFACE('',#13025,0.00316757686968499);
#11368=CYLINDRICAL_SURFACE('',#13032,0.00149999999999997);
#11369=CYLINDRICAL_SURFACE('',#13036,0.00149999999999994);
#11370=CYLINDRICAL_SURFACE('',#13064,0.000499999999999975);
#11371=CYLINDRICAL_SURFACE('',#13067,0.0005);
#11372=CYLINDRICAL_SURFACE('',#13071,0.0005);
#11373=CYLINDRICAL_SURFACE('',#13081,0.0005);
#11374=CYLINDRICAL_SURFACE('',#13085,0.0005);
#11375=CYLINDRICAL_SURFACE('',#13088,0.0005);
#11376=CYLINDRICAL_SURFACE('',#13096,0.0005);
#11377=CYLINDRICAL_SURFACE('',#13106,0.0005);
#11378=CYLINDRICAL_SURFACE('',#13109,0.000499999999999988);
#11379=CYLINDRICAL_SURFACE('',#13116,0.000500000000000053);
#11380=CYLINDRICAL_SURFACE('',#13120,0.0005);
#11381=CYLINDRICAL_SURFACE('',#13130,0.000500000000000049);
#11382=ADVANCED_FACE('',(#10373),#11096,.F.);
#11383=ADVANCED_FACE('',(#10374),#12,.F.);
#11384=ADVANCED_FACE('',(#10375),#11097,.F.);
#11385=ADVANCED_FACE('',(#10376),#13,.T.);
#11386=ADVANCED_FACE('',(#10377),#11098,.F.);
#11387=ADVANCED_FACE('',(#10378),#14,.T.);
#11388=ADVANCED_FACE('',(#10379),#11099,.F.);
#11389=ADVANCED_FACE('',(#10380),#11100,.F.);
#11390=ADVANCED_FACE('',(#10381),#15,.F.);
#11391=ADVANCED_FACE('',(#10382),#11101,.F.);
#11392=ADVANCED_FACE('',(#10383),#16,.F.);
#11393=ADVANCED_FACE('',(#10384),#11102,.F.);
#11394=ADVANCED_FACE('',(#10385),#17,.T.);
#11395=ADVANCED_FACE('',(#10386),#11103,.F.);
#11396=ADVANCED_FACE('',(#10387),#11104,.F.);
#11397=ADVANCED_FACE('',(#10388),#18,.F.);
#11398=ADVANCED_FACE('',(#10389),#11105,.F.);
#11399=ADVANCED_FACE('',(#10390),#19,.T.);
#11400=ADVANCED_FACE('',(#10391),#11106,.F.);
#11401=ADVANCED_FACE('',(#10392),#20,.T.);
#11402=ADVANCED_FACE('',(#10393),#11107,.F.);
#11403=ADVANCED_FACE('',(#10394),#11108,.F.);
#11404=ADVANCED_FACE('',(#10395),#21,.F.);
#11405=ADVANCED_FACE('',(#10396),#11109,.F.);
#11406=ADVANCED_FACE('',(#10397),#22,.F.);
#11407=ADVANCED_FACE('',(#10398),#11110,.F.);
#11408=ADVANCED_FACE('',(#10399),#23,.T.);
#11409=ADVANCED_FACE('',(#10400),#11111,.F.);
#11410=ADVANCED_FACE('',(#10401),#11112,.F.);
#11411=ADVANCED_FACE('',(#10402),#24,.F.);
#11412=ADVANCED_FACE('',(#10403),#11113,.F.);
#11413=ADVANCED_FACE('',(#10404),#25,.T.);
#11414=ADVANCED_FACE('',(#10405),#11114,.F.);
#11415=ADVANCED_FACE('',(#10406),#26,.T.);
#11416=ADVANCED_FACE('',(#10407),#11115,.F.);
#11417=ADVANCED_FACE('',(#10408),#11116,.F.);
#11418=ADVANCED_FACE('',(#10409),#27,.F.);
#11419=ADVANCED_FACE('',(#10410),#11117,.F.);
#11420=ADVANCED_FACE('',(#10411),#28,.F.);
#11421=ADVANCED_FACE('',(#10412),#11118,.F.);
#11422=ADVANCED_FACE('',(#10413),#29,.T.);
#11423=ADVANCED_FACE('',(#10414),#11119,.F.);
#11424=ADVANCED_FACE('',(#10415),#11120,.F.);
#11425=ADVANCED_FACE('',(#10416),#30,.F.);
#11426=ADVANCED_FACE('',(#10417),#11121,.F.);
#11427=ADVANCED_FACE('',(#10418),#31,.T.);
#11428=ADVANCED_FACE('',(#10419),#11122,.F.);
#11429=ADVANCED_FACE('',(#10420),#32,.T.);
#11430=ADVANCED_FACE('',(#10421),#11123,.F.);
#11431=ADVANCED_FACE('',(#10422),#11124,.F.);
#11432=ADVANCED_FACE('',(#10423),#33,.F.);
#11433=ADVANCED_FACE('',(#10424),#11125,.F.);
#11434=ADVANCED_FACE('',(#10425),#34,.F.);
#11435=ADVANCED_FACE('',(#10426),#11126,.F.);
#11436=ADVANCED_FACE('',(#10427),#35,.T.);
#11437=ADVANCED_FACE('',(#10428),#11127,.F.);
#11438=ADVANCED_FACE('',(#10429),#11128,.F.);
#11439=ADVANCED_FACE('',(#10430),#36,.F.);
#11440=ADVANCED_FACE('',(#10431),#11129,.F.);
#11441=ADVANCED_FACE('',(#10432),#37,.T.);
#11442=ADVANCED_FACE('',(#10433),#11130,.F.);
#11443=ADVANCED_FACE('',(#10434),#38,.T.);
#11444=ADVANCED_FACE('',(#10435),#11131,.F.);
#11445=ADVANCED_FACE('',(#10436),#11132,.F.);
#11446=ADVANCED_FACE('',(#10437),#39,.F.);
#11447=ADVANCED_FACE('',(#10438),#11133,.F.);
#11448=ADVANCED_FACE('',(#10439),#40,.T.);
#11449=ADVANCED_FACE('',(#10440),#11134,.F.);
#11450=ADVANCED_FACE('',(#10441),#41,.T.);
#11451=ADVANCED_FACE('',(#10442),#11135,.F.);
#11452=ADVANCED_FACE('',(#10443),#11136,.F.);
#11453=ADVANCED_FACE('',(#10444),#42,.F.);
#11454=ADVANCED_FACE('',(#10445),#11137,.F.);
#11455=ADVANCED_FACE('',(#10446),#43,.T.);
#11456=ADVANCED_FACE('',(#10447),#11138,.F.);
#11457=ADVANCED_FACE('',(#10448),#44,.T.);
#11458=ADVANCED_FACE('',(#10449),#11139,.F.);
#11459=ADVANCED_FACE('',(#10450),#11140,.F.);
#11460=ADVANCED_FACE('',(#10451),#45,.F.);
#11461=ADVANCED_FACE('',(#10452),#11141,.F.);
#11462=ADVANCED_FACE('',(#10453),#46,.F.);
#11463=ADVANCED_FACE('',(#10454),#11142,.F.);
#11464=ADVANCED_FACE('',(#10455),#47,.T.);
#11465=ADVANCED_FACE('',(#10456),#11143,.F.);
#11466=ADVANCED_FACE('',(#10457),#11144,.F.);
#11467=ADVANCED_FACE('',(#10458),#48,.F.);
#11468=ADVANCED_FACE('',(#10459),#11145,.F.);
#11469=ADVANCED_FACE('',(#10460),#49,.F.);
#11470=ADVANCED_FACE('',(#10461),#11146,.F.);
#11471=ADVANCED_FACE('',(#10462),#50,.T.);
#11472=ADVANCED_FACE('',(#10463),#11147,.F.);
#11473=ADVANCED_FACE('',(#10464),#11148,.F.);
#11474=ADVANCED_FACE('',(#10465),#51,.F.);
#11475=ADVANCED_FACE('',(#10466),#11149,.F.);
#11476=ADVANCED_FACE('',(#10467),#52,.F.);
#11477=ADVANCED_FACE('',(#10468),#11150,.F.);
#11478=ADVANCED_FACE('',(#10469),#53,.T.);
#11479=ADVANCED_FACE('',(#10470),#11151,.F.);
#11480=ADVANCED_FACE('',(#10471),#11152,.F.);
#11481=ADVANCED_FACE('',(#10472),#54,.F.);
#11482=ADVANCED_FACE('',(#10473),#11153,.F.);
#11483=ADVANCED_FACE('',(#10474),#55,.F.);
#11484=ADVANCED_FACE('',(#10475),#11154,.F.);
#11485=ADVANCED_FACE('',(#10476),#56,.T.);
#11486=ADVANCED_FACE('',(#10477),#11155,.F.);
#11487=ADVANCED_FACE('',(#10478),#11156,.F.);
#11488=ADVANCED_FACE('',(#10479),#57,.F.);
#11489=ADVANCED_FACE('',(#10480),#11157,.F.);
#11490=ADVANCED_FACE('',(#10481),#58,.F.);
#11491=ADVANCED_FACE('',(#10482),#11158,.F.);
#11492=ADVANCED_FACE('',(#10483),#59,.T.);
#11493=ADVANCED_FACE('',(#10484),#11159,.F.);
#11494=ADVANCED_FACE('',(#10485),#11160,.F.);
#11495=ADVANCED_FACE('',(#10486),#60,.F.);
#11496=ADVANCED_FACE('',(#10487),#11161,.F.);
#11497=ADVANCED_FACE('',(#10488),#61,.T.);
#11498=ADVANCED_FACE('',(#10489),#11162,.F.);
#11499=ADVANCED_FACE('',(#10490),#62,.T.);
#11500=ADVANCED_FACE('',(#10491),#11163,.F.);
#11501=ADVANCED_FACE('',(#10492),#11164,.F.);
#11502=ADVANCED_FACE('',(#10493),#63,.F.);
#11503=ADVANCED_FACE('',(#10494),#11165,.F.);
#11504=ADVANCED_FACE('',(#10495),#64,.T.);
#11505=ADVANCED_FACE('',(#10496),#11166,.F.);
#11506=ADVANCED_FACE('',(#10497),#65,.T.);
#11507=ADVANCED_FACE('',(#10498),#11167,.F.);
#11508=ADVANCED_FACE('',(#10499),#11168,.F.);
#11509=ADVANCED_FACE('',(#10500),#66,.F.);
#11510=ADVANCED_FACE('',(#10501),#11169,.F.);
#11511=ADVANCED_FACE('',(#10502),#67,.F.);
#11512=ADVANCED_FACE('',(#10503),#11170,.F.);
#11513=ADVANCED_FACE('',(#10504),#68,.T.);
#11514=ADVANCED_FACE('',(#10505),#11171,.F.);
#11515=ADVANCED_FACE('',(#10506),#11172,.F.);
#11516=ADVANCED_FACE('',(#10507),#69,.F.);
#11517=ADVANCED_FACE('',(#10508),#11173,.F.);
#11518=ADVANCED_FACE('',(#10509),#70,.F.);
#11519=ADVANCED_FACE('',(#10510),#11174,.F.);
#11520=ADVANCED_FACE('',(#10511),#71,.T.);
#11521=ADVANCED_FACE('',(#10512),#11175,.F.);
#11522=ADVANCED_FACE('',(#10513),#11176,.F.);
#11523=ADVANCED_FACE('',(#10514),#72,.F.);
#11524=ADVANCED_FACE('',(#10515),#11177,.F.);
#11525=ADVANCED_FACE('',(#10516),#73,.F.);
#11526=ADVANCED_FACE('',(#10517),#11178,.F.);
#11527=ADVANCED_FACE('',(#10518),#74,.T.);
#11528=ADVANCED_FACE('',(#10519),#11179,.F.);
#11529=ADVANCED_FACE('',(#10520),#11180,.F.);
#11530=ADVANCED_FACE('',(#10521),#75,.F.);
#11531=ADVANCED_FACE('',(#10522),#11181,.F.);
#11532=ADVANCED_FACE('',(#10523),#76,.F.);
#11533=ADVANCED_FACE('',(#10524),#11182,.F.);
#11534=ADVANCED_FACE('',(#10525),#77,.T.);
#11535=ADVANCED_FACE('',(#10526),#11183,.F.);
#11536=ADVANCED_FACE('',(#10527),#11184,.F.);
#11537=ADVANCED_FACE('',(#10528),#78,.T.);
#11538=ADVANCED_FACE('',(#10529),#11185,.F.);
#11539=ADVANCED_FACE('',(#10530),#79,.T.);
#11540=ADVANCED_FACE('',(#10531),#11186,.F.);
#11541=ADVANCED_FACE('',(#10532),#80,.F.);
#11542=ADVANCED_FACE('',(#10533),#11187,.F.);
#11543=ADVANCED_FACE('',(#10534),#11188,.F.);
#11544=ADVANCED_FACE('',(#10535),#81,.F.);
#11545=ADVANCED_FACE('',(#10536),#11189,.F.);
#11546=ADVANCED_FACE('',(#10537),#82,.F.);
#11547=ADVANCED_FACE('',(#10538),#11190,.F.);
#11548=ADVANCED_FACE('',(#10539),#83,.T.);
#11549=ADVANCED_FACE('',(#10540),#11191,.F.);
#11550=ADVANCED_FACE('',(#10541),#84,.T.);
#11551=ADVANCED_FACE('',(#10542),#11192,.F.);
#11552=ADVANCED_FACE('',(#10543),#85,.F.);
#11553=ADVANCED_FACE('',(#10544),#11193,.F.);
#11554=ADVANCED_FACE('',(#10545),#86,.F.);
#11555=ADVANCED_FACE('',(#10546),#11194,.F.);
#11556=ADVANCED_FACE('',(#10547),#87,.T.);
#11557=ADVANCED_FACE('',(#10548),#88,.T.);
#11558=ADVANCED_FACE('',(#10549),#11195,.F.);
#11559=ADVANCED_FACE('',(#10550),#89,.F.);
#11560=ADVANCED_FACE('',(#10551),#11196,.F.);
#11561=ADVANCED_FACE('',(#10552),#90,.F.);
#11562=ADVANCED_FACE('',(#10553),#11197,.F.);
#11563=ADVANCED_FACE('',(#10554),#91,.T.);
#11564=ADVANCED_FACE('',(#10555),#11198,.F.);
#11565=ADVANCED_FACE('',(#10556),#92,.F.);
#11566=ADVANCED_FACE('',(#10557),#11199,.F.);
#11567=ADVANCED_FACE('',(#10558),#93,.F.);
#11568=ADVANCED_FACE('',(#10559),#11200,.F.);
#11569=ADVANCED_FACE('',(#10560),#94,.T.);
#11570=ADVANCED_FACE('',(#10561),#11201,.F.);
#11571=ADVANCED_FACE('',(#10562),#95,.T.);
#11572=ADVANCED_FACE('',(#10563),#11202,.F.);
#11573=ADVANCED_FACE('',(#10564),#96,.T.);
#11574=ADVANCED_FACE('',(#10565),#11203,.F.);
#11575=ADVANCED_FACE('',(#10566),#97,.F.);
#11576=ADVANCED_FACE('',(#10567),#11204,.F.);
#11577=ADVANCED_FACE('',(#10568),#98,.F.);
#11578=ADVANCED_FACE('',(#10569),#11205,.F.);
#11579=ADVANCED_FACE('',(#10570),#99,.T.);
#11580=ADVANCED_FACE('',(#10571),#11206,.F.);
#11581=ADVANCED_FACE('',(#10572),#100,.F.);
#11582=ADVANCED_FACE('',(#10573),#11207,.F.);
#11583=ADVANCED_FACE('',(#10574),#101,.F.);
#11584=ADVANCED_FACE('',(#10575),#11208,.F.);
#11585=ADVANCED_FACE('',(#10576),#11209,.F.);
#11586=ADVANCED_FACE('',(#10577),#102,.F.);
#11587=ADVANCED_FACE('',(#10578),#11210,.F.);
#11588=ADVANCED_FACE('',(#10579),#103,.T.);
#11589=ADVANCED_FACE('',(#10580),#11211,.F.);
#11590=ADVANCED_FACE('',(#10581),#104,.T.);
#11591=ADVANCED_FACE('',(#10582),#11212,.F.);
#11592=ADVANCED_FACE('',(#10583),#11213,.F.);
#11593=ADVANCED_FACE('',(#10584),#105,.F.);
#11594=ADVANCED_FACE('',(#10585),#11214,.F.);
#11595=ADVANCED_FACE('',(#10586),#106,.F.);
#11596=ADVANCED_FACE('',(#10587),#11215,.F.);
#11597=ADVANCED_FACE('',(#10588),#107,.T.);
#11598=ADVANCED_FACE('',(#10589),#11216,.F.);
#11599=ADVANCED_FACE('',(#10590),#11217,.F.);
#11600=ADVANCED_FACE('',(#10591),#108,.F.);
#11601=ADVANCED_FACE('',(#10592),#11218,.F.);
#11602=ADVANCED_FACE('',(#10593),#109,.F.);
#11603=ADVANCED_FACE('',(#10594),#11219,.F.);
#11604=ADVANCED_FACE('',(#10595),#110,.T.);
#11605=ADVANCED_FACE('',(#10596),#11220,.F.);
#11606=ADVANCED_FACE('',(#10597),#11221,.F.);
#11607=ADVANCED_FACE('',(#10598),#111,.F.);
#11608=ADVANCED_FACE('',(#10599),#11222,.F.);
#11609=ADVANCED_FACE('',(#10600),#112,.F.);
#11610=ADVANCED_FACE('',(#10601),#11223,.F.);
#11611=ADVANCED_FACE('',(#10602),#113,.T.);
#11612=ADVANCED_FACE('',(#10603),#11224,.F.);
#11613=ADVANCED_FACE('',(#10604),#11225,.F.);
#11614=ADVANCED_FACE('',(#10605),#114,.F.);
#11615=ADVANCED_FACE('',(#10606),#11226,.F.);
#11616=ADVANCED_FACE('',(#10607),#115,.T.);
#11617=ADVANCED_FACE('',(#10608),#11227,.F.);
#11618=ADVANCED_FACE('',(#10609),#116,.T.);
#11619=ADVANCED_FACE('',(#10610),#11228,.F.);
#11620=ADVANCED_FACE('',(#10611),#11229,.F.);
#11621=ADVANCED_FACE('',(#10612),#117,.T.);
#11622=ADVANCED_FACE('',(#10613),#11230,.F.);
#11623=ADVANCED_FACE('',(#10614),#118,.F.);
#11624=ADVANCED_FACE('',(#10615),#11231,.F.);
#11625=ADVANCED_FACE('',(#10616),#119,.F.);
#11626=ADVANCED_FACE('',(#10617),#11232,.F.);
#11627=ADVANCED_FACE('',(#10618),#120,.T.);
#11628=ADVANCED_FACE('',(#10619),#11233,.F.);
#11629=ADVANCED_FACE('',(#10620),#121,.F.);
#11630=ADVANCED_FACE('',(#10621),#11234,.F.);
#11631=ADVANCED_FACE('',(#10622),#122,.F.);
#11632=ADVANCED_FACE('',(#10623),#11235,.F.);
#11633=ADVANCED_FACE('',(#10624),#123,.T.);
#11634=ADVANCED_FACE('',(#10625),#11236,.F.);
#11635=ADVANCED_FACE('',(#10626),#124,.F.);
#11636=ADVANCED_FACE('',(#10627),#11237,.F.);
#11637=ADVANCED_FACE('',(#10628),#125,.T.);
#11638=ADVANCED_FACE('',(#10629),#11238,.F.);
#11639=ADVANCED_FACE('',(#10630),#126,.T.);
#11640=ADVANCED_FACE('',(#10631),#11239,.F.);
#11641=ADVANCED_FACE('',(#10632),#127,.T.);
#11642=ADVANCED_FACE('',(#10633),#11240,.F.);
#11643=ADVANCED_FACE('',(#10634),#128,.T.);
#11644=ADVANCED_FACE('',(#10635),#11241,.F.);
#11645=ADVANCED_FACE('',(#10636),#129,.F.);
#11646=ADVANCED_FACE('',(#10637),#11242,.F.);
#11647=ADVANCED_FACE('',(#10638),#130,.F.);
#11648=ADVANCED_FACE('',(#10639),#131,.T.);
#11649=ADVANCED_FACE('',(#10640),#11243,.F.);
#11650=ADVANCED_FACE('',(#10641),#132,.F.);
#11651=ADVANCED_FACE('',(#10642),#11244,.F.);
#11652=ADVANCED_FACE('',(#10643),#133,.F.);
#11653=ADVANCED_FACE('',(#10644),#11245,.F.);
#11654=ADVANCED_FACE('',(#10645),#134,.T.);
#11655=ADVANCED_FACE('',(#10646),#11246,.F.);
#11656=ADVANCED_FACE('',(#10647),#135,.F.);
#11657=ADVANCED_FACE('',(#10648),#11247,.F.);
#11658=ADVANCED_FACE('',(#10649),#136,.T.);
#11659=ADVANCED_FACE('',(#10650),#11248,.F.);
#11660=ADVANCED_FACE('',(#10651),#137,.T.);
#11661=ADVANCED_FACE('',(#10652),#11249,.F.);
#11662=ADVANCED_FACE('',(#10653),#11250,.F.);
#11663=ADVANCED_FACE('',(#10654),#138,.T.);
#11664=ADVANCED_FACE('',(#10655),#11251,.F.);
#11665=ADVANCED_FACE('',(#10656),#139,.F.);
#11666=ADVANCED_FACE('',(#10657),#11252,.F.);
#11667=ADVANCED_FACE('',(#10658),#11253,.F.);
#11668=ADVANCED_FACE('',(#10659),#140,.F.);
#11669=ADVANCED_FACE('',(#10660),#11254,.F.);
#11670=ADVANCED_FACE('',(#10661),#141,.F.);
#11671=ADVANCED_FACE('',(#10662),#11255,.F.);
#11672=ADVANCED_FACE('',(#10663),#142,.T.);
#11673=ADVANCED_FACE('',(#10664),#11256,.F.);
#11674=ADVANCED_FACE('',(#10665),#11257,.F.);
#11675=ADVANCED_FACE('',(#10666),#11258,.F.);
#11676=ADVANCED_FACE('',(#10667),#143,.T.);
#11677=ADVANCED_FACE('',(#10668),#11259,.F.);
#11678=ADVANCED_FACE('',(#10669),#144,.F.);
#11679=ADVANCED_FACE('',(#10670),#11260,.F.);
#11680=ADVANCED_FACE('',(#10671),#145,.F.);
#11681=ADVANCED_FACE('',(#10672),#11261,.F.);
#11682=ADVANCED_FACE('',(#10673),#11262,.F.);
#11683=ADVANCED_FACE('',(#10674),#146,.T.);
#11684=ADVANCED_FACE('',(#10675),#11263,.F.);
#11685=ADVANCED_FACE('',(#10676),#147,.F.);
#11686=ADVANCED_FACE('',(#10677),#11264,.F.);
#11687=ADVANCED_FACE('',(#10678),#148,.F.);
#11688=ADVANCED_FACE('',(#10679),#11265,.F.);
#11689=ADVANCED_FACE('',(#10680),#11266,.F.);
#11690=ADVANCED_FACE('',(#10681),#149,.T.);
#11691=ADVANCED_FACE('',(#10682),#11267,.F.);
#11692=ADVANCED_FACE('',(#10683),#150,.F.);
#11693=ADVANCED_FACE('',(#10684),#11268,.F.);
#11694=ADVANCED_FACE('',(#10685),#151,.F.);
#11695=ADVANCED_FACE('',(#10686),#11269,.F.);
#11696=ADVANCED_FACE('',(#10687),#152,.T.);
#11697=ADVANCED_FACE('',(#10688),#11270,.F.);
#11698=ADVANCED_FACE('',(#10689),#153,.T.);
#11699=ADVANCED_FACE('',(#10690),#11271,.F.);
#11700=ADVANCED_FACE('',(#10691),#154,.F.);
#11701=ADVANCED_FACE('',(#10692),#11272,.F.);
#11702=ADVANCED_FACE('',(#10693),#155,.F.);
#11703=ADVANCED_FACE('',(#10694),#11273,.F.);
#11704=ADVANCED_FACE('',(#10695),#156,.F.);
#11705=ADVANCED_FACE('',(#10696),#11274,.F.);
#11706=ADVANCED_FACE('',(#10697),#157,.T.);
#11707=ADVANCED_FACE('',(#10698),#11275,.F.);
#11708=ADVANCED_FACE('',(#10699),#158,.T.);
#11709=ADVANCED_FACE('',(#10700),#11276,.F.);
#11710=ADVANCED_FACE('',(#10701),#11277,.F.);
#11711=ADVANCED_FACE('',(#10702),#159,.F.);
#11712=ADVANCED_FACE('',(#10703),#11278,.F.);
#11713=ADVANCED_FACE('',(#10704),#160,.F.);
#11714=ADVANCED_FACE('',(#10705),#11279,.F.);
#11715=ADVANCED_FACE('',(#10706),#161,.T.);
#11716=ADVANCED_FACE('',(#10707),#11280,.F.);
#11717=ADVANCED_FACE('',(#10708),#11281,.F.);
#11718=ADVANCED_FACE('',(#10709),#162,.F.);
#11719=ADVANCED_FACE('',(#10710),#11282,.F.);
#11720=ADVANCED_FACE('',(#10711),#163,.F.);
#11721=ADVANCED_FACE('',(#10712),#11283,.F.);
#11722=ADVANCED_FACE('',(#10713),#164,.T.);
#11723=ADVANCED_FACE('',(#10714),#11284,.F.);
#11724=ADVANCED_FACE('',(#10715),#11285,.F.);
#11725=ADVANCED_FACE('',(#10716),#165,.F.);
#11726=ADVANCED_FACE('',(#10717),#11286,.F.);
#11727=ADVANCED_FACE('',(#10718),#166,.F.);
#11728=ADVANCED_FACE('',(#10719),#11287,.F.);
#11729=ADVANCED_FACE('',(#10720),#167,.T.);
#11730=ADVANCED_FACE('',(#10721),#11288,.F.);
#11731=ADVANCED_FACE('',(#10722),#11289,.F.);
#11732=ADVANCED_FACE('',(#10723),#168,.T.);
#11733=ADVANCED_FACE('',(#10724),#11290,.F.);
#11734=ADVANCED_FACE('',(#10725),#169,.T.);
#11735=ADVANCED_FACE('',(#10726),#11291,.F.);
#11736=ADVANCED_FACE('',(#10727),#170,.F.);
#11737=ADVANCED_FACE('',(#10728),#11292,.F.);
#11738=ADVANCED_FACE('',(#10729),#11293,.F.);
#11739=ADVANCED_FACE('',(#10730),#171,.F.);
#11740=ADVANCED_FACE('',(#10731),#11294,.F.);
#11741=ADVANCED_FACE('',(#10732),#172,.T.);
#11742=ADVANCED_FACE('',(#10733),#11295,.F.);
#11743=ADVANCED_FACE('',(#10734),#173,.T.);
#11744=ADVANCED_FACE('',(#10735),#11296,.F.);
#11745=ADVANCED_FACE('',(#10736),#11297,.F.);
#11746=ADVANCED_FACE('',(#10737),#174,.T.);
#11747=ADVANCED_FACE('',(#10738),#11298,.F.);
#11748=ADVANCED_FACE('',(#10739),#175,.T.);
#11749=ADVANCED_FACE('',(#10740),#11299,.F.);
#11750=ADVANCED_FACE('',(#10741),#176,.F.);
#11751=ADVANCED_FACE('',(#10742),#11300,.F.);
#11752=ADVANCED_FACE('',(#10743),#177,.T.);
#11753=ADVANCED_FACE('',(#10744),#11301,.F.);
#11754=ADVANCED_FACE('',(#10745),#178,.F.);
#11755=ADVANCED_FACE('',(#10746),#11302,.F.);
#11756=ADVANCED_FACE('',(#10747),#179,.F.);
#11757=ADVANCED_FACE('',(#10748),#11303,.F.);
#11758=ADVANCED_FACE('',(#10749),#180,.T.);
#11759=ADVANCED_FACE('',(#10750),#181,.T.);
#11760=ADVANCED_FACE('',(#10751),#11304,.F.);
#11761=ADVANCED_FACE('',(#10752),#182,.F.);
#11762=ADVANCED_FACE('',(#10753),#11305,.F.);
#11763=ADVANCED_FACE('',(#10754),#183,.F.);
#11764=ADVANCED_FACE('',(#10755),#11306,.F.);
#11765=ADVANCED_FACE('',(#10756),#184,.T.);
#11766=ADVANCED_FACE('',(#10757),#11307,.F.);
#11767=ADVANCED_FACE('',(#10758),#185,.T.);
#11768=ADVANCED_FACE('',(#10759),#11308,.F.);
#11769=ADVANCED_FACE('',(#10760),#186,.F.);
#11770=ADVANCED_FACE('',(#10761),#11309,.F.);
#11771=ADVANCED_FACE('',(#10762),#187,.F.);
#11772=ADVANCED_FACE('',(#10763),#11310,.F.);
#11773=ADVANCED_FACE('',(#10764),#11311,.F.);
#11774=ADVANCED_FACE('',(#10765),#188,.F.);
#11775=ADVANCED_FACE('',(#10766),#11312,.F.);
#11776=ADVANCED_FACE('',(#10767),#189,.T.);
#11777=ADVANCED_FACE('',(#10768),#11313,.F.);
#11778=ADVANCED_FACE('',(#10769),#190,.T.);
#11779=ADVANCED_FACE('',(#10770),#11314,.F.);
#11780=ADVANCED_FACE('',(#10771),#11315,.F.);
#11781=ADVANCED_FACE('',(#10772),#191,.F.);
#11782=ADVANCED_FACE('',(#10773),#11316,.F.);
#11783=ADVANCED_FACE('',(#10774),#192,.F.);
#11784=ADVANCED_FACE('',(#10775),#11317,.F.);
#11785=ADVANCED_FACE('',(#10776),#193,.T.);
#11786=ADVANCED_FACE('',(#10777),#11318,.F.);
#11787=ADVANCED_FACE('',(#10778),#11319,.F.);
#11788=ADVANCED_FACE('',(#10779),#194,.F.);
#11789=ADVANCED_FACE('',(#10780),#11320,.F.);
#11790=ADVANCED_FACE('',(#10781),#195,.F.);
#11791=ADVANCED_FACE('',(#10782),#11321,.F.);
#11792=ADVANCED_FACE('',(#10783),#196,.T.);
#11793=ADVANCED_FACE('',(#10784),#11322,.F.);
#11794=ADVANCED_FACE('',(#10785),#197,.T.);
#11795=ADVANCED_FACE('',(#10786),#11323,.F.);
#11796=ADVANCED_FACE('',(#10787),#198,.T.);
#11797=ADVANCED_FACE('',(#10788),#11324,.F.);
#11798=ADVANCED_FACE('',(#10789),#199,.F.);
#11799=ADVANCED_FACE('',(#10790),#11325,.F.);
#11800=ADVANCED_FACE('',(#10791),#200,.F.);
#11801=ADVANCED_FACE('',(#10792),#11326,.F.);
#11802=ADVANCED_FACE('',(#10793),#201,.T.);
#11803=ADVANCED_FACE('',(#10794),#11327,.F.);
#11804=ADVANCED_FACE('',(#10795),#202,.T.);
#11805=ADVANCED_FACE('',(#10796),#11328,.F.);
#11806=ADVANCED_FACE('',(#10797),#203,.F.);
#11807=ADVANCED_FACE('',(#10798),#11329,.F.);
#11808=ADVANCED_FACE('',(#10799),#204,.T.);
#11809=ADVANCED_FACE('',(#10800),#11330,.F.);
#11810=ADVANCED_FACE('',(#10801),#205,.T.);
#11811=ADVANCED_FACE('',(#10802),#11331,.F.);
#11812=ADVANCED_FACE('',(#10803),#206,.F.);
#11813=ADVANCED_FACE('',(#10804),#11332,.F.);
#11814=ADVANCED_FACE('',(#10805),#207,.F.);
#11815=ADVANCED_FACE('',(#10806),#11333,.F.);
#11816=ADVANCED_FACE('',(#10807),#208,.T.);
#11817=ADVANCED_FACE('',(#10808),#11334,.F.);
#11818=ADVANCED_FACE('',(#10809),#209,.T.);
#11819=ADVANCED_FACE('',(#10810),#11335,.F.);
#11820=ADVANCED_FACE('',(#10811),#210,.F.);
#11821=ADVANCED_FACE('',(#10812),#11336,.F.);
#11822=ADVANCED_FACE('',(#10813),#11337,.F.);
#11823=ADVANCED_FACE('',(#10814),#211,.F.);
#11824=ADVANCED_FACE('',(#10815),#11338,.F.);
#11825=ADVANCED_FACE('',(#10816),#212,.T.);
#11826=ADVANCED_FACE('',(#10817),#11339,.F.);
#11827=ADVANCED_FACE('',(#10818),#213,.T.);
#11828=ADVANCED_FACE('',(#10819),#11340,.F.);
#11829=ADVANCED_FACE('',(#10820),#11341,.F.);
#11830=ADVANCED_FACE('',(#10821),#214,.F.);
#11831=ADVANCED_FACE('',(#10822),#11342,.F.);
#11832=ADVANCED_FACE('',(#10823),#215,.T.);
#11833=ADVANCED_FACE('',(#10824),#11343,.F.);
#11834=ADVANCED_FACE('',(#10825),#216,.T.);
#11835=ADVANCED_FACE('',(#10826),#11344,.F.);
#11836=ADVANCED_FACE('',(#10827),#11345,.F.);
#11837=ADVANCED_FACE('',(#10828),#217,.F.);
#11838=ADVANCED_FACE('',(#10829),#11346,.F.);
#11839=ADVANCED_FACE('',(#10830),#218,.T.);
#11840=ADVANCED_FACE('',(#10831),#11347,.F.);
#11841=ADVANCED_FACE('',(#10832),#219,.T.);
#11842=ADVANCED_FACE('',(#10833),#11348,.F.);
#11843=ADVANCED_FACE('',(#10834),#11349,.F.);
#11844=ADVANCED_FACE('',(#10835),#220,.T.);
#11845=ADVANCED_FACE('',(#10836),#11350,.F.);
#11846=ADVANCED_FACE('',(#10837),#221,.F.);
#11847=ADVANCED_FACE('',(#10838),#11351,.F.);
#11848=ADVANCED_FACE('',(#10839),#222,.F.);
#11849=ADVANCED_FACE('',(#10840),#11352,.F.);
#11850=ADVANCED_FACE('',(#10841),#11353,.F.);
#11851=ADVANCED_FACE('',(#10842),#223,.F.);
#11852=ADVANCED_FACE('',(#10843),#11354,.F.);
#11853=ADVANCED_FACE('',(#10844),#224,.T.);
#11854=ADVANCED_FACE('',(#10845),#11355,.F.);
#11855=ADVANCED_FACE('',(#10846),#225,.T.);
#11856=ADVANCED_FACE('',(#10847),#11356,.F.);
#11857=ADVANCED_FACE('',(#10848),#11357,.F.);
#11858=ADVANCED_FACE('',(#10849),#226,.F.);
#11859=ADVANCED_FACE('',(#10850),#11358,.F.);
#11860=ADVANCED_FACE('',(#10851),#227,.T.);
#11861=ADVANCED_FACE('',(#10852),#11359,.F.);
#11862=ADVANCED_FACE('',(#10853),#228,.T.);
#11863=ADVANCED_FACE('',(#10854),#11360,.F.);
#11864=ADVANCED_FACE('',(#10855),#229,.T.);
#11865=ADVANCED_FACE('',(#10856),#11361,.F.);
#11866=ADVANCED_FACE('',(#10857),#230,.T.);
#11867=ADVANCED_FACE('',(#10858),#11362,.F.);
#11868=ADVANCED_FACE('',(#10859),#231,.F.);
#11869=ADVANCED_FACE('',(#10860),#11363,.F.);
#11870=ADVANCED_FACE('',(#10861),#232,.F.);
#11871=ADVANCED_FACE('',(#10862),#233,.F.);
#11872=ADVANCED_FACE('',(#10863),#234,.F.);
#11873=ADVANCED_FACE('',(#10864),#235,.T.);
#11874=ADVANCED_FACE('',(#10865),#236,.F.);
#11875=ADVANCED_FACE('',(#10866),#237,.T.);
#11876=ADVANCED_FACE('',(#10867),#238,.T.);
#11877=ADVANCED_FACE('',(#10868),#239,.F.);
#11878=ADVANCED_FACE('',(#10869),#240,.T.);
#11879=ADVANCED_FACE('',(#10870),#241,.F.);
#11880=ADVANCED_FACE('',(#10871),#242,.F.);
#11881=ADVANCED_FACE('',(#10872),#243,.F.);
#11882=ADVANCED_FACE('',(#10873),#11364,.T.);
#11883=ADVANCED_FACE('',(#10874),#11365,.F.);
#11884=ADVANCED_FACE('',(#10875),#11366,.F.);
#11885=ADVANCED_FACE('',(#10876),#11367,.T.);
#11886=ADVANCED_FACE('',(#10877),#244,.F.);
#11887=ADVANCED_FACE('',(#10878),#245,.F.);
#11888=ADVANCED_FACE('',(#10879),#246,.F.);
#11889=ADVANCED_FACE('',(#10880),#247,.F.);
#11890=ADVANCED_FACE('',(#10881),#11368,.T.);
#11891=ADVANCED_FACE('',(#10882),#248,.F.);
#11892=ADVANCED_FACE('',(#10883),#11369,.T.);
#11893=ADVANCED_FACE('',(#10884),#249,.F.);
#11894=ADVANCED_FACE('',(#10885),#250,.T.);
#11895=ADVANCED_FACE('',(#10886),#251,.T.);
#11896=ADVANCED_FACE('',(#10887),#252,.F.);
#11897=ADVANCED_FACE('',(#10888),#253,.T.);
#11898=ADVANCED_FACE('',(#10889),#254,.F.);
#11899=ADVANCED_FACE('',(#10890),#255,.T.);
#11900=ADVANCED_FACE('',(#10891),#256,.F.);
#11901=ADVANCED_FACE('',(#10892),#257,.T.);
#11902=ADVANCED_FACE('',(#10893),#258,.F.);
#11903=ADVANCED_FACE('',(#10894),#259,.F.);
#11904=ADVANCED_FACE('',(#10895),#260,.F.);
#11905=ADVANCED_FACE('',(#10896),#261,.T.);
#11906=ADVANCED_FACE('',(#10897),#262,.T.);
#11907=ADVANCED_FACE('',(#10898),#263,.T.);
#11908=ADVANCED_FACE('',(#10899),#264,.T.);
#11909=ADVANCED_FACE('',(#10900),#265,.T.);
#11910=ADVANCED_FACE('',(#10901),#266,.F.);
#11911=ADVANCED_FACE('',(#10902),#267,.F.);
#11912=ADVANCED_FACE('',(#10903),#268,.T.);
#11913=ADVANCED_FACE('',(#10904),#269,.T.);
#11914=ADVANCED_FACE('',(#10905),#270,.T.);
#11915=ADVANCED_FACE('',(#10906),#271,.T.);
#11916=ADVANCED_FACE('',(#10907),#272,.F.);
#11917=ADVANCED_FACE('',(#10908),#273,.T.);
#11918=ADVANCED_FACE('',(#10909),#11370,.F.);
#11919=ADVANCED_FACE('',(#10910),#11371,.F.);
#11920=ADVANCED_FACE('',(#10911),#274,.T.);
#11921=ADVANCED_FACE('',(#10912),#11372,.F.);
#11922=ADVANCED_FACE('',(#10913),#275,.T.);
#11923=ADVANCED_FACE('',(#10914),#276,.F.);
#11924=ADVANCED_FACE('',(#10915),#277,.T.);
#11925=ADVANCED_FACE('',(#10916),#278,.T.);
#11926=ADVANCED_FACE('',(#10917),#279,.T.);
#11927=ADVANCED_FACE('',(#10918),#280,.F.);
#11928=ADVANCED_FACE('',(#10919),#281,.T.);
#11929=ADVANCED_FACE('',(#10920),#11373,.F.);
#11930=ADVANCED_FACE('',(#10921),#282,.F.);
#11931=ADVANCED_FACE('',(#10922),#11374,.F.);
#11932=ADVANCED_FACE('',(#10923),#11375,.F.);
#11933=ADVANCED_FACE('',(#10924),#283,.F.);
#11934=ADVANCED_FACE('',(#10925),#284,.T.);
#11935=ADVANCED_FACE('',(#10926),#285,.T.);
#11936=ADVANCED_FACE('',(#10927),#286,.T.);
#11937=ADVANCED_FACE('',(#10928),#287,.T.);
#11938=ADVANCED_FACE('',(#10929),#11376,.F.);
#11939=ADVANCED_FACE('',(#10930),#288,.F.);
#11940=ADVANCED_FACE('',(#10931),#289,.T.);
#11941=ADVANCED_FACE('',(#10932),#290,.T.);
#11942=ADVANCED_FACE('',(#10933),#291,.T.);
#11943=ADVANCED_FACE('',(#10934),#292,.F.);
#11944=ADVANCED_FACE('',(#10935),#293,.F.);
#11945=ADVANCED_FACE('',(#10936),#294,.F.);
#11946=ADVANCED_FACE('',(#10937),#11377,.F.);
#11947=ADVANCED_FACE('',(#10938),#11378,.F.);
#11948=ADVANCED_FACE('',(#10939),#295,.T.);
#11949=ADVANCED_FACE('',(#10940),#296,.F.);
#11950=ADVANCED_FACE('',(#10941),#297,.T.);
#11951=ADVANCED_FACE('',(#10942),#298,.T.);
#11952=ADVANCED_FACE('',(#10943),#11379,.F.);
#11953=ADVANCED_FACE('',(#10944),#299,.F.);
#11954=ADVANCED_FACE('',(#10945),#11380,.F.);
#11955=ADVANCED_FACE('',(#10946),#300,.F.);
#11956=ADVANCED_FACE('',(#10947),#301,.F.);
#11957=ADVANCED_FACE('',(#10948),#302,.F.);
#11958=ADVANCED_FACE('',(#10949),#303,.F.);
#11959=ADVANCED_FACE('',(#10950),#304,.T.);
#11960=ADVANCED_FACE('',(#10951),#305,.F.);
#11961=ADVANCED_FACE('',(#10952),#306,.F.);
#11962=ADVANCED_FACE('',(#10953),#11381,.F.);
#11963=ADVANCED_FACE('',(#10954),#307,.F.);
#11964=ADVANCED_FACE('',(#10955),#308,.F.);
#11965=ADVANCED_FACE('',(#10956,#10957,#10958,#10959,#10960,#10961,#10962,
#10963,#10964,#10965,#10966,#10967,#10968,#10969,#10970,#10971,#10972,#10973,
#10974,#10975,#10976,#10977,#10978,#10979,#10980,#10981,#10982,#10983,#10984,
#10985,#10986,#10987,#10988,#10989,#10990,#10991,#10992,#10993,#10994,#10995,
#10996,#10997,#10998,#10999,#11000,#11001,#11002,#11003,#11004,#11005,#11006,
#11007,#11008,#11009,#11010,#11011,#11012,#11013,#11014,#11015,#11016,#11017,
#11018,#11019,#11020,#11021,#11022,#11023,#11024,#11025),#309,.T.);
#11966=ADVANCED_FACE('',(#11026,#11027,#11028,#11029,#11030,#11031,#11032,
#11033,#11034,#11035,#11036,#11037,#11038,#11039,#11040,#11041,#11042,#11043,
#11044,#11045,#11046,#11047,#11048,#11049,#11050,#11051,#11052,#11053,#11054,
#11055,#11056,#11057,#11058,#11059,#11060,#11061,#11062,#11063,#11064,#11065,
#11066,#11067,#11068,#11069,#11070,#11071,#11072,#11073,#11074,#11075,#11076,
#11077,#11078,#11079,#11080,#11081,#11082,#11083,#11084,#11085,#11086,#11087,
#11088,#11089,#11090,#11091,#11092,#11093,#11094,#11095),#310,.F.);
#11967=CLOSED_SHELL('',(#11382,#11383,#11384,#11385,#11386,#11387,#11388,
#11389,#11390,#11391,#11392,#11393,#11394,#11395,#11396,#11397,#11398,#11399,
#11400,#11401,#11402,#11403,#11404,#11405,#11406,#11407,#11408,#11409,#11410,
#11411,#11412,#11413,#11414,#11415,#11416,#11417,#11418,#11419,#11420,#11421,
#11422,#11423,#11424,#11425,#11426,#11427,#11428,#11429,#11430,#11431,#11432,
#11433,#11434,#11435,#11436,#11437,#11438,#11439,#11440,#11441,#11442,#11443,
#11444,#11445,#11446,#11447,#11448,#11449,#11450,#11451,#11452,#11453,#11454,
#11455,#11456,#11457,#11458,#11459,#11460,#11461,#11462,#11463,#11464,#11465,
#11466,#11467,#11468,#11469,#11470,#11471,#11472,#11473,#11474,#11475,#11476,
#11477,#11478,#11479,#11480,#11481,#11482,#11483,#11484,#11485,#11486,#11487,
#11488,#11489,#11490,#11491,#11492,#11493,#11494,#11495,#11496,#11497,#11498,
#11499,#11500,#11501,#11502,#11503,#11504,#11505,#11506,#11507,#11508,#11509,
#11510,#11511,#11512,#11513,#11514,#11515,#11516,#11517,#11518,#11519,#11520,
#11521,#11522,#11523,#11524,#11525,#11526,#11527,#11528,#11529,#11530,#11531,
#11532,#11533,#11534,#11535,#11536,#11537,#11538,#11539,#11540,#11541,#11542,
#11543,#11544,#11545,#11546,#11547,#11548,#11549,#11550,#11551,#11552,#11553,
#11554,#11555,#11556,#11557,#11558,#11559,#11560,#11561,#11562,#11563,#11564,
#11565,#11566,#11567,#11568,#11569,#11570,#11571,#11572,#11573,#11574,#11575,
#11576,#11577,#11578,#11579,#11580,#11581,#11582,#11583,#11584,#11585,#11586,
#11587,#11588,#11589,#11590,#11591,#11592,#11593,#11594,#11595,#11596,#11597,
#11598,#11599,#11600,#11601,#11602,#11603,#11604,#11605,#11606,#11607,#11608,
#11609,#11610,#11611,#11612,#11613,#11614,#11615,#11616,#11617,#11618,#11619,
#11620,#11621,#11622,#11623,#11624,#11625,#11626,#11627,#11628,#11629,#11630,
#11631,#11632,#11633,#11634,#11635,#11636,#11637,#11638,#11639,#11640,#11641,
#11642,#11643,#11644,#11645,#11646,#11647,#11648,#11649,#11650,#11651,#11652,
#11653,#11654,#11655,#11656,#11657,#11658,#11659,#11660,#11661,#11662,#11663,
#11664,#11665,#11666,#11667,#11668,#11669,#11670,#11671,#11672,#11673,#11674,
#11675,#11676,#11677,#11678,#11679,#11680,#11681,#11682,#11683,#11684,#11685,
#11686,#11687,#11688,#11689,#11690,#11691,#11692,#11693,#11694,#11695,#11696,
#11697,#11698,#11699,#11700,#11701,#11702,#11703,#11704,#11705,#11706,#11707,
#11708,#11709,#11710,#11711,#11712,#11713,#11714,#11715,#11716,#11717,#11718,
#11719,#11720,#11721,#11722,#11723,#11724,#11725,#11726,#11727,#11728,#11729,
#11730,#11731,#11732,#11733,#11734,#11735,#11736,#11737,#11738,#11739,#11740,
#11741,#11742,#11743,#11744,#11745,#11746,#11747,#11748,#11749,#11750,#11751,
#11752,#11753,#11754,#11755,#11756,#11757,#11758,#11759,#11760,#11761,#11762,
#11763,#11764,#11765,#11766,#11767,#11768,#11769,#11770,#11771,#11772,#11773,
#11774,#11775,#11776,#11777,#11778,#11779,#11780,#11781,#11782,#11783,#11784,
#11785,#11786,#11787,#11788,#11789,#11790,#11791,#11792,#11793,#11794,#11795,
#11796,#11797,#11798,#11799,#11800,#11801,#11802,#11803,#11804,#11805,#11806,
#11807,#11808,#11809,#11810,#11811,#11812,#11813,#11814,#11815,#11816,#11817,
#11818,#11819,#11820,#11821,#11822,#11823,#11824,#11825,#11826,#11827,#11828,
#11829,#11830,#11831,#11832,#11833,#11834,#11835,#11836,#11837,#11838,#11839,
#11840,#11841,#11842,#11843,#11844,#11845,#11846,#11847,#11848,#11849,#11850,
#11851,#11852,#11853,#11854,#11855,#11856,#11857,#11858,#11859,#11860,#11861,
#11862,#11863,#11864,#11865,#11866,#11867,#11868,#11869,#11870,#11871,#11872,
#11873,#11874,#11875,#11876,#11877,#11878,#11879,#11880,#11881,#11882,#11883,
#11884,#11885,#11886,#11887,#11888,#11889,#11890,#11891,#11892,#11893,#11894,
#11895,#11896,#11897,#11898,#11899,#11900,#11901,#11902,#11903,#11904,#11905,
#11906,#11907,#11908,#11909,#11910,#11911,#11912,#11913,#11914,#11915,#11916,
#11917,#11918,#11919,#11920,#11921,#11922,#11923,#11924,#11925,#11926,#11927,
#11928,#11929,#11930,#11931,#11932,#11933,#11934,#11935,#11936,#11937,#11938,
#11939,#11940,#11941,#11942,#11943,#11944,#11945,#11946,#11947,#11948,#11949,
#11950,#11951,#11952,#11953,#11954,#11955,#11956,#11957,#11958,#11959,#11960,
#11961,#11962,#11963,#11964,#11965,#11966));
#11968=STYLED_ITEM('',(#11969),#11976);
#11969=PRESENTATION_STYLE_ASSIGNMENT((#11970));
#11970=SURFACE_STYLE_USAGE(.BOTH.,#11971);
#11971=SURFACE_SIDE_STYLE('',(#11972));
#11972=SURFACE_STYLE_FILL_AREA(#11973);
#11973=FILL_AREA_STYLE('',(#11974));
#11974=FILL_AREA_STYLE_COLOUR('',#11975);
#11975=COLOUR_RGB('',0.231372549019608,0.380392156862745,0.705882352941177);
#11976=MANIFOLD_SOLID_BREP('Part 3',#11967);
#11977=SHAPE_DEFINITION_REPRESENTATION(#20137,#11978);
#11978=SHAPE_REPRESENTATION('Part 3',(#11979),#20132);
#11979=AXIS2_PLACEMENT_3D('',#16630,#13137,#13138);
#11980=AXIS2_PLACEMENT_3D('',#16631,#13139,#13140);
#11981=AXIS2_PLACEMENT_3D('',#16632,#13141,#13142);
#11982=AXIS2_PLACEMENT_3D('',#16637,#13144,#13145);
#11983=AXIS2_PLACEMENT_3D('',#16640,#13147,#13148);
#11984=AXIS2_PLACEMENT_3D('',#16646,#13152,#13153);
#11985=AXIS2_PLACEMENT_3D('',#16647,#13154,#13155);
#11986=AXIS2_PLACEMENT_3D('',#16651,#13157,#13158);
#11987=AXIS2_PLACEMENT_3D('',#16652,#13159,#13160);
#11988=AXIS2_PLACEMENT_3D('',#16658,#13164,#13165);
#11989=AXIS2_PLACEMENT_3D('',#16659,#13166,#13167);
#11990=AXIS2_PLACEMENT_3D('',#16663,#13169,#13170);
#11991=AXIS2_PLACEMENT_3D('',#16664,#13171,#13172);
#11992=AXIS2_PLACEMENT_3D('',#16670,#13176,#13177);
#11993=AXIS2_PLACEMENT_3D('',#16671,#13178,#13179);
#11994=AXIS2_PLACEMENT_3D('',#16675,#13181,#13182);
#11995=AXIS2_PLACEMENT_3D('',#16676,#13183,#13184);
#11996=AXIS2_PLACEMENT_3D('',#16677,#13185,#13186);
#11997=AXIS2_PLACEMENT_3D('',#16682,#13188,#13189);
#11998=AXIS2_PLACEMENT_3D('',#16685,#13191,#13192);
#11999=AXIS2_PLACEMENT_3D('',#16691,#13196,#13197);
#12000=AXIS2_PLACEMENT_3D('',#16692,#13198,#13199);
#12001=AXIS2_PLACEMENT_3D('',#16696,#13201,#13202);
#12002=AXIS2_PLACEMENT_3D('',#16697,#13203,#13204);
#12003=AXIS2_PLACEMENT_3D('',#16703,#13208,#13209);
#12004=AXIS2_PLACEMENT_3D('',#16704,#13210,#13211);
#12005=AXIS2_PLACEMENT_3D('',#16708,#13213,#13214);
#12006=AXIS2_PLACEMENT_3D('',#16709,#13215,#13216);
#12007=AXIS2_PLACEMENT_3D('',#16715,#13220,#13221);
#12008=AXIS2_PLACEMENT_3D('',#16716,#13222,#13223);
#12009=AXIS2_PLACEMENT_3D('',#16720,#13225,#13226);
#12010=AXIS2_PLACEMENT_3D('',#16721,#13227,#13228);
#12011=AXIS2_PLACEMENT_3D('',#16722,#13229,#13230);
#12012=AXIS2_PLACEMENT_3D('',#16727,#13232,#13233);
#12013=AXIS2_PLACEMENT_3D('',#16730,#13235,#13236);
#12014=AXIS2_PLACEMENT_3D('',#16736,#13240,#13241);
#12015=AXIS2_PLACEMENT_3D('',#16737,#13242,#13243);
#12016=AXIS2_PLACEMENT_3D('',#16741,#13245,#13246);
#12017=AXIS2_PLACEMENT_3D('',#16742,#13247,#13248);
#12018=AXIS2_PLACEMENT_3D('',#16748,#13252,#13253);
#12019=AXIS2_PLACEMENT_3D('',#16749,#13254,#13255);
#12020=AXIS2_PLACEMENT_3D('',#16753,#13257,#13258);
#12021=AXIS2_PLACEMENT_3D('',#16754,#13259,#13260);
#12022=AXIS2_PLACEMENT_3D('',#16760,#13264,#13265);
#12023=AXIS2_PLACEMENT_3D('',#16761,#13266,#13267);
#12024=AXIS2_PLACEMENT_3D('',#16765,#13269,#13270);
#12025=AXIS2_PLACEMENT_3D('',#16766,#13271,#13272);
#12026=AXIS2_PLACEMENT_3D('',#16767,#13273,#13274);
#12027=AXIS2_PLACEMENT_3D('',#16772,#13276,#13277);
#12028=AXIS2_PLACEMENT_3D('',#16775,#13279,#13280);
#12029=AXIS2_PLACEMENT_3D('',#16781,#13284,#13285);
#12030=AXIS2_PLACEMENT_3D('',#16782,#13286,#13287);
#12031=AXIS2_PLACEMENT_3D('',#16786,#13289,#13290);
#12032=AXIS2_PLACEMENT_3D('',#16787,#13291,#13292);
#12033=AXIS2_PLACEMENT_3D('',#16793,#13296,#13297);
#12034=AXIS2_PLACEMENT_3D('',#16794,#13298,#13299);
#12035=AXIS2_PLACEMENT_3D('',#16798,#13301,#13302);
#12036=AXIS2_PLACEMENT_3D('',#16799,#13303,#13304);
#12037=AXIS2_PLACEMENT_3D('',#16805,#13308,#13309);
#12038=AXIS2_PLACEMENT_3D('',#16806,#13310,#13311);
#12039=AXIS2_PLACEMENT_3D('',#16810,#13313,#13314);
#12040=AXIS2_PLACEMENT_3D('',#16811,#13315,#13316);
#12041=AXIS2_PLACEMENT_3D('',#16812,#13317,#13318);
#12042=AXIS2_PLACEMENT_3D('',#16817,#13320,#13321);
#12043=AXIS2_PLACEMENT_3D('',#16820,#13323,#13324);
#12044=AXIS2_PLACEMENT_3D('',#16826,#13328,#13329);
#12045=AXIS2_PLACEMENT_3D('',#16827,#13330,#13331);
#12046=AXIS2_PLACEMENT_3D('',#16831,#13333,#13334);
#12047=AXIS2_PLACEMENT_3D('',#16832,#13335,#13336);
#12048=AXIS2_PLACEMENT_3D('',#16838,#13340,#13341);
#12049=AXIS2_PLACEMENT_3D('',#16839,#13342,#13343);
#12050=AXIS2_PLACEMENT_3D('',#16843,#13345,#13346);
#12051=AXIS2_PLACEMENT_3D('',#16844,#13347,#13348);
#12052=AXIS2_PLACEMENT_3D('',#16850,#13352,#13353);
#12053=AXIS2_PLACEMENT_3D('',#16851,#13354,#13355);
#12054=AXIS2_PLACEMENT_3D('',#16855,#13357,#13358);
#12055=AXIS2_PLACEMENT_3D('',#16856,#13359,#13360);
#12056=AXIS2_PLACEMENT_3D('',#16857,#13361,#13362);
#12057=AXIS2_PLACEMENT_3D('',#16862,#13364,#13365);
#12058=AXIS2_PLACEMENT_3D('',#16865,#13367,#13368);
#12059=AXIS2_PLACEMENT_3D('',#16871,#13372,#13373);
#12060=AXIS2_PLACEMENT_3D('',#16872,#13374,#13375);
#12061=AXIS2_PLACEMENT_3D('',#16876,#13377,#13378);
#12062=AXIS2_PLACEMENT_3D('',#16877,#13379,#13380);
#12063=AXIS2_PLACEMENT_3D('',#16883,#13384,#13385);
#12064=AXIS2_PLACEMENT_3D('',#16884,#13386,#13387);
#12065=AXIS2_PLACEMENT_3D('',#16888,#13389,#13390);
#12066=AXIS2_PLACEMENT_3D('',#16889,#13391,#13392);
#12067=AXIS2_PLACEMENT_3D('',#16895,#13396,#13397);
#12068=AXIS2_PLACEMENT_3D('',#16896,#13398,#13399);
#12069=AXIS2_PLACEMENT_3D('',#16900,#13401,#13402);
#12070=AXIS2_PLACEMENT_3D('',#16901,#13403,#13404);
#12071=AXIS2_PLACEMENT_3D('',#16902,#13405,#13406);
#12072=AXIS2_PLACEMENT_3D('',#16907,#13408,#13409);
#12073=AXIS2_PLACEMENT_3D('',#16910,#13411,#13412);
#12074=AXIS2_PLACEMENT_3D('',#16916,#13416,#13417);
#12075=AXIS2_PLACEMENT_3D('',#16917,#13418,#13419);
#12076=AXIS2_PLACEMENT_3D('',#16921,#13421,#13422);
#12077=AXIS2_PLACEMENT_3D('',#16922,#13423,#13424);
#12078=AXIS2_PLACEMENT_3D('',#16928,#13428,#13429);
#12079=AXIS2_PLACEMENT_3D('',#16929,#13430,#13431);
#12080=AXIS2_PLACEMENT_3D('',#16933,#13433,#13434);
#12081=AXIS2_PLACEMENT_3D('',#16934,#13435,#13436);
#12082=AXIS2_PLACEMENT_3D('',#16940,#13440,#13441);
#12083=AXIS2_PLACEMENT_3D('',#16941,#13442,#13443);
#12084=AXIS2_PLACEMENT_3D('',#16945,#13445,#13446);
#12085=AXIS2_PLACEMENT_3D('',#16946,#13447,#13448);
#12086=AXIS2_PLACEMENT_3D('',#16947,#13449,#13450);
#12087=AXIS2_PLACEMENT_3D('',#16952,#13452,#13453);
#12088=AXIS2_PLACEMENT_3D('',#16955,#13455,#13456);
#12089=AXIS2_PLACEMENT_3D('',#16961,#13460,#13461);
#12090=AXIS2_PLACEMENT_3D('',#16962,#13462,#13463);
#12091=AXIS2_PLACEMENT_3D('',#16966,#13465,#13466);
#12092=AXIS2_PLACEMENT_3D('',#16967,#13467,#13468);
#12093=AXIS2_PLACEMENT_3D('',#16973,#13472,#13473);
#12094=AXIS2_PLACEMENT_3D('',#16974,#13474,#13475);
#12095=AXIS2_PLACEMENT_3D('',#16978,#13477,#13478);
#12096=AXIS2_PLACEMENT_3D('',#16979,#13479,#13480);
#12097=AXIS2_PLACEMENT_3D('',#16985,#13484,#13485);
#12098=AXIS2_PLACEMENT_3D('',#16986,#13486,#13487);
#12099=AXIS2_PLACEMENT_3D('',#16990,#13489,#13490);
#12100=AXIS2_PLACEMENT_3D('',#16991,#13491,#13492);
#12101=AXIS2_PLACEMENT_3D('',#16992,#13493,#13494);
#12102=AXIS2_PLACEMENT_3D('',#16997,#13496,#13497);
#12103=AXIS2_PLACEMENT_3D('',#17000,#13499,#13500);
#12104=AXIS2_PLACEMENT_3D('',#17006,#13504,#13505);
#12105=AXIS2_PLACEMENT_3D('',#17007,#13506,#13507);
#12106=AXIS2_PLACEMENT_3D('',#17011,#13509,#13510);
#12107=AXIS2_PLACEMENT_3D('',#17012,#13511,#13512);
#12108=AXIS2_PLACEMENT_3D('',#17018,#13516,#13517);
#12109=AXIS2_PLACEMENT_3D('',#17019,#13518,#13519);
#12110=AXIS2_PLACEMENT_3D('',#17023,#13521,#13522);
#12111=AXIS2_PLACEMENT_3D('',#17024,#13523,#13524);
#12112=AXIS2_PLACEMENT_3D('',#17030,#13528,#13529);
#12113=AXIS2_PLACEMENT_3D('',#17031,#13530,#13531);
#12114=AXIS2_PLACEMENT_3D('',#17035,#13533,#13534);
#12115=AXIS2_PLACEMENT_3D('',#17036,#13535,#13536);
#12116=AXIS2_PLACEMENT_3D('',#17037,#13537,#13538);
#12117=AXIS2_PLACEMENT_3D('',#17042,#13540,#13541);
#12118=AXIS2_PLACEMENT_3D('',#17045,#13543,#13544);
#12119=AXIS2_PLACEMENT_3D('',#17051,#13548,#13549);
#12120=AXIS2_PLACEMENT_3D('',#17052,#13550,#13551);
#12121=AXIS2_PLACEMENT_3D('',#17056,#13553,#13554);
#12122=AXIS2_PLACEMENT_3D('',#17057,#13555,#13556);
#12123=AXIS2_PLACEMENT_3D('',#17063,#13560,#13561);
#12124=AXIS2_PLACEMENT_3D('',#17064,#13562,#13563);
#12125=AXIS2_PLACEMENT_3D('',#17068,#13565,#13566);
#12126=AXIS2_PLACEMENT_3D('',#17069,#13567,#13568);
#12127=AXIS2_PLACEMENT_3D('',#17075,#13572,#13573);
#12128=AXIS2_PLACEMENT_3D('',#17076,#13574,#13575);
#12129=AXIS2_PLACEMENT_3D('',#17080,#13577,#13578);
#12130=AXIS2_PLACEMENT_3D('',#17081,#13579,#13580);
#12131=AXIS2_PLACEMENT_3D('',#17082,#13581,#13582);
#12132=AXIS2_PLACEMENT_3D('',#17087,#13584,#13585);
#12133=AXIS2_PLACEMENT_3D('',#17090,#13587,#13588);
#12134=AXIS2_PLACEMENT_3D('',#17096,#13592,#13593);
#12135=AXIS2_PLACEMENT_3D('',#17097,#13594,#13595);
#12136=AXIS2_PLACEMENT_3D('',#17101,#13597,#13598);
#12137=AXIS2_PLACEMENT_3D('',#17102,#13599,#13600);
#12138=AXIS2_PLACEMENT_3D('',#17108,#13604,#13605);
#12139=AXIS2_PLACEMENT_3D('',#17109,#13606,#13607);
#12140=AXIS2_PLACEMENT_3D('',#17113,#13609,#13610);
#12141=AXIS2_PLACEMENT_3D('',#17114,#13611,#13612);
#12142=AXIS2_PLACEMENT_3D('',#17120,#13616,#13617);
#12143=AXIS2_PLACEMENT_3D('',#17121,#13618,#13619);
#12144=AXIS2_PLACEMENT_3D('',#17125,#13621,#13622);
#12145=AXIS2_PLACEMENT_3D('',#17126,#13623,#13624);
#12146=AXIS2_PLACEMENT_3D('',#17127,#13625,#13626);
#12147=AXIS2_PLACEMENT_3D('',#17132,#13628,#13629);
#12148=AXIS2_PLACEMENT_3D('',#17135,#13631,#13632);
#12149=AXIS2_PLACEMENT_3D('',#17141,#13636,#13637);
#12150=AXIS2_PLACEMENT_3D('',#17142,#13638,#13639);
#12151=AXIS2_PLACEMENT_3D('',#17146,#13641,#13642);
#12152=AXIS2_PLACEMENT_3D('',#17147,#13643,#13644);
#12153=AXIS2_PLACEMENT_3D('',#17153,#13648,#13649);
#12154=AXIS2_PLACEMENT_3D('',#17154,#13650,#13651);
#12155=AXIS2_PLACEMENT_3D('',#17158,#13653,#13654);
#12156=AXIS2_PLACEMENT_3D('',#17159,#13655,#13656);
#12157=AXIS2_PLACEMENT_3D('',#17165,#13660,#13661);
#12158=AXIS2_PLACEMENT_3D('',#17166,#13662,#13663);
#12159=AXIS2_PLACEMENT_3D('',#17170,#13665,#13666);
#12160=AXIS2_PLACEMENT_3D('',#17171,#13667,#13668);
#12161=AXIS2_PLACEMENT_3D('',#17172,#13669,#13670);
#12162=AXIS2_PLACEMENT_3D('',#17177,#13672,#13673);
#12163=AXIS2_PLACEMENT_3D('',#17180,#13675,#13676);
#12164=AXIS2_PLACEMENT_3D('',#17186,#13680,#13681);
#12165=AXIS2_PLACEMENT_3D('',#17187,#13682,#13683);
#12166=AXIS2_PLACEMENT_3D('',#17191,#13685,#13686);
#12167=AXIS2_PLACEMENT_3D('',#17192,#13687,#13688);
#12168=AXIS2_PLACEMENT_3D('',#17198,#13692,#13693);
#12169=AXIS2_PLACEMENT_3D('',#17199,#13694,#13695);
#12170=AXIS2_PLACEMENT_3D('',#17203,#13697,#13698);
#12171=AXIS2_PLACEMENT_3D('',#17204,#13699,#13700);
#12172=AXIS2_PLACEMENT_3D('',#17210,#13704,#13705);
#12173=AXIS2_PLACEMENT_3D('',#17211,#13706,#13707);
#12174=AXIS2_PLACEMENT_3D('',#17215,#13709,#13710);
#12175=AXIS2_PLACEMENT_3D('',#17216,#13711,#13712);
#12176=AXIS2_PLACEMENT_3D('',#17217,#13713,#13714);
#12177=AXIS2_PLACEMENT_3D('',#17222,#13716,#13717);
#12178=AXIS2_PLACEMENT_3D('',#17225,#13719,#13720);
#12179=AXIS2_PLACEMENT_3D('',#17231,#13724,#13725);
#12180=AXIS2_PLACEMENT_3D('',#17232,#13726,#13727);
#12181=AXIS2_PLACEMENT_3D('',#17236,#13729,#13730);
#12182=AXIS2_PLACEMENT_3D('',#17237,#13731,#13732);
#12183=AXIS2_PLACEMENT_3D('',#17243,#13736,#13737);
#12184=AXIS2_PLACEMENT_3D('',#17244,#13738,#13739);
#12185=AXIS2_PLACEMENT_3D('',#17248,#13741,#13742);
#12186=AXIS2_PLACEMENT_3D('',#17249,#13743,#13744);
#12187=AXIS2_PLACEMENT_3D('',#17255,#13748,#13749);
#12188=AXIS2_PLACEMENT_3D('',#17256,#13750,#13751);
#12189=AXIS2_PLACEMENT_3D('',#17260,#13753,#13754);
#12190=AXIS2_PLACEMENT_3D('',#17261,#13755,#13756);
#12191=AXIS2_PLACEMENT_3D('',#17262,#13757,#13758);
#12192=AXIS2_PLACEMENT_3D('',#17267,#13760,#13761);
#12193=AXIS2_PLACEMENT_3D('',#17270,#13763,#13764);
#12194=AXIS2_PLACEMENT_3D('',#17276,#13768,#13769);
#12195=AXIS2_PLACEMENT_3D('',#17277,#13770,#13771);
#12196=AXIS2_PLACEMENT_3D('',#17281,#13773,#13774);
#12197=AXIS2_PLACEMENT_3D('',#17282,#13775,#13776);
#12198=AXIS2_PLACEMENT_3D('',#17288,#13780,#13781);
#12199=AXIS2_PLACEMENT_3D('',#17289,#13782,#13783);
#12200=AXIS2_PLACEMENT_3D('',#17293,#13785,#13786);
#12201=AXIS2_PLACEMENT_3D('',#17294,#13787,#13788);
#12202=AXIS2_PLACEMENT_3D('',#17300,#13792,#13793);
#12203=AXIS2_PLACEMENT_3D('',#17301,#13794,#13795);
#12204=AXIS2_PLACEMENT_3D('',#17305,#13797,#13798);
#12205=AXIS2_PLACEMENT_3D('',#17306,#13799,#13800);
#12206=AXIS2_PLACEMENT_3D('',#17307,#13801,#13802);
#12207=AXIS2_PLACEMENT_3D('',#17312,#13804,#13805);
#12208=AXIS2_PLACEMENT_3D('',#17315,#13807,#13808);
#12209=AXIS2_PLACEMENT_3D('',#17321,#13812,#13813);
#12210=AXIS2_PLACEMENT_3D('',#17322,#13814,#13815);
#12211=AXIS2_PLACEMENT_3D('',#17326,#13817,#13818);
#12212=AXIS2_PLACEMENT_3D('',#17327,#13819,#13820);
#12213=AXIS2_PLACEMENT_3D('',#17333,#13824,#13825);
#12214=AXIS2_PLACEMENT_3D('',#17334,#13826,#13827);
#12215=AXIS2_PLACEMENT_3D('',#17338,#13829,#13830);
#12216=AXIS2_PLACEMENT_3D('',#17339,#13831,#13832);
#12217=AXIS2_PLACEMENT_3D('',#17345,#13836,#13837);
#12218=AXIS2_PLACEMENT_3D('',#17346,#13838,#13839);
#12219=AXIS2_PLACEMENT_3D('',#17350,#13841,#13842);
#12220=AXIS2_PLACEMENT_3D('',#17351,#13843,#13844);
#12221=AXIS2_PLACEMENT_3D('',#17352,#13845,#13846);
#12222=AXIS2_PLACEMENT_3D('',#17357,#13848,#13849);
#12223=AXIS2_PLACEMENT_3D('',#17360,#13851,#13852);
#12224=AXIS2_PLACEMENT_3D('',#17366,#13856,#13857);
#12225=AXIS2_PLACEMENT_3D('',#17367,#13858,#13859);
#12226=AXIS2_PLACEMENT_3D('',#17371,#13861,#13862);
#12227=AXIS2_PLACEMENT_3D('',#17372,#13863,#13864);
#12228=AXIS2_PLACEMENT_3D('',#17378,#13868,#13869);
#12229=AXIS2_PLACEMENT_3D('',#17379,#13870,#13871);
#12230=AXIS2_PLACEMENT_3D('',#17383,#13873,#13874);
#12231=AXIS2_PLACEMENT_3D('',#17384,#13875,#13876);
#12232=AXIS2_PLACEMENT_3D('',#17390,#13880,#13881);
#12233=AXIS2_PLACEMENT_3D('',#17391,#13882,#13883);
#12234=AXIS2_PLACEMENT_3D('',#17395,#13885,#13886);
#12235=AXIS2_PLACEMENT_3D('',#17396,#13887,#13888);
#12236=AXIS2_PLACEMENT_3D('',#17397,#13889,#13890);
#12237=AXIS2_PLACEMENT_3D('',#17402,#13892,#13893);
#12238=AXIS2_PLACEMENT_3D('',#17405,#13895,#13896);
#12239=AXIS2_PLACEMENT_3D('',#17411,#13900,#13901);
#12240=AXIS2_PLACEMENT_3D('',#17412,#13902,#13903);
#12241=AXIS2_PLACEMENT_3D('',#17416,#13905,#13906);
#12242=AXIS2_PLACEMENT_3D('',#17417,#13907,#13908);
#12243=AXIS2_PLACEMENT_3D('',#17423,#13912,#13913);
#12244=AXIS2_PLACEMENT_3D('',#17424,#13914,#13915);
#12245=AXIS2_PLACEMENT_3D('',#17428,#13917,#13918);
#12246=AXIS2_PLACEMENT_3D('',#17429,#13919,#13920);
#12247=AXIS2_PLACEMENT_3D('',#17435,#13924,#13925);
#12248=AXIS2_PLACEMENT_3D('',#17436,#13926,#13927);
#12249=AXIS2_PLACEMENT_3D('',#17440,#13929,#13930);
#12250=AXIS2_PLACEMENT_3D('',#17441,#13931,#13932);
#12251=AXIS2_PLACEMENT_3D('',#17442,#13933,#13934);
#12252=AXIS2_PLACEMENT_3D('',#17447,#13936,#13937);
#12253=AXIS2_PLACEMENT_3D('',#17450,#13939,#13940);
#12254=AXIS2_PLACEMENT_3D('',#17456,#13944,#13945);
#12255=AXIS2_PLACEMENT_3D('',#17457,#13946,#13947);
#12256=AXIS2_PLACEMENT_3D('',#17461,#13949,#13950);
#12257=AXIS2_PLACEMENT_3D('',#17462,#13951,#13952);
#12258=AXIS2_PLACEMENT_3D('',#17468,#13956,#13957);
#12259=AXIS2_PLACEMENT_3D('',#17469,#13958,#13959);
#12260=AXIS2_PLACEMENT_3D('',#17473,#13961,#13962);
#12261=AXIS2_PLACEMENT_3D('',#17474,#13963,#13964);
#12262=AXIS2_PLACEMENT_3D('',#17480,#13968,#13969);
#12263=AXIS2_PLACEMENT_3D('',#17481,#13970,#13971);
#12264=AXIS2_PLACEMENT_3D('',#17485,#13973,#13974);
#12265=AXIS2_PLACEMENT_3D('',#17486,#13975,#13976);
#12266=AXIS2_PLACEMENT_3D('',#17487,#13977,#13978);
#12267=AXIS2_PLACEMENT_3D('',#17492,#13980,#13981);
#12268=AXIS2_PLACEMENT_3D('',#17495,#13983,#13984);
#12269=AXIS2_PLACEMENT_3D('',#17501,#13988,#13989);
#12270=AXIS2_PLACEMENT_3D('',#17502,#13990,#13991);
#12271=AXIS2_PLACEMENT_3D('',#17506,#13993,#13994);
#12272=AXIS2_PLACEMENT_3D('',#17507,#13995,#13996);
#12273=AXIS2_PLACEMENT_3D('',#17513,#14000,#14001);
#12274=AXIS2_PLACEMENT_3D('',#17514,#14002,#14003);
#12275=AXIS2_PLACEMENT_3D('',#17518,#14005,#14006);
#12276=AXIS2_PLACEMENT_3D('',#17519,#14007,#14008);
#12277=AXIS2_PLACEMENT_3D('',#17525,#14012,#14013);
#12278=AXIS2_PLACEMENT_3D('',#17526,#14014,#14015);
#12279=AXIS2_PLACEMENT_3D('',#17530,#14017,#14018);
#12280=AXIS2_PLACEMENT_3D('',#17531,#14019,#14020);
#12281=AXIS2_PLACEMENT_3D('',#17532,#14021,#14022);
#12282=AXIS2_PLACEMENT_3D('',#17537,#14024,#14025);
#12283=AXIS2_PLACEMENT_3D('',#17540,#14027,#14028);
#12284=AXIS2_PLACEMENT_3D('',#17546,#14032,#14033);
#12285=AXIS2_PLACEMENT_3D('',#17547,#14034,#14035);
#12286=AXIS2_PLACEMENT_3D('',#17551,#14037,#14038);
#12287=AXIS2_PLACEMENT_3D('',#17552,#14039,#14040);
#12288=AXIS2_PLACEMENT_3D('',#17558,#14044,#14045);
#12289=AXIS2_PLACEMENT_3D('',#17559,#14046,#14047);
#12290=AXIS2_PLACEMENT_3D('',#17563,#14049,#14050);
#12291=AXIS2_PLACEMENT_3D('',#17564,#14051,#14052);
#12292=AXIS2_PLACEMENT_3D('',#17570,#14056,#14057);
#12293=AXIS2_PLACEMENT_3D('',#17571,#14058,#14059);
#12294=AXIS2_PLACEMENT_3D('',#17575,#14061,#14062);
#12295=AXIS2_PLACEMENT_3D('',#17576,#14063,#14064);
#12296=AXIS2_PLACEMENT_3D('',#17577,#14065,#14066);
#12297=AXIS2_PLACEMENT_3D('',#17582,#14068,#14069);
#12298=AXIS2_PLACEMENT_3D('',#17585,#14071,#14072);
#12299=AXIS2_PLACEMENT_3D('',#17591,#14076,#14077);
#12300=AXIS2_PLACEMENT_3D('',#17592,#14078,#14079);
#12301=AXIS2_PLACEMENT_3D('',#17596,#14081,#14082);
#12302=AXIS2_PLACEMENT_3D('',#17597,#14083,#14084);
#12303=AXIS2_PLACEMENT_3D('',#17603,#14088,#14089);
#12304=AXIS2_PLACEMENT_3D('',#17604,#14090,#14091);
#12305=AXIS2_PLACEMENT_3D('',#17608,#14093,#14094);
#12306=AXIS2_PLACEMENT_3D('',#17609,#14095,#14096);
#12307=AXIS2_PLACEMENT_3D('',#17615,#14100,#14101);
#12308=AXIS2_PLACEMENT_3D('',#17616,#14102,#14103);
#12309=AXIS2_PLACEMENT_3D('',#17620,#14105,#14106);
#12310=AXIS2_PLACEMENT_3D('',#17621,#14107,#14108);
#12311=AXIS2_PLACEMENT_3D('',#17622,#14109,#14110);
#12312=AXIS2_PLACEMENT_3D('',#17627,#14112,#14113);
#12313=AXIS2_PLACEMENT_3D('',#17630,#14115,#14116);
#12314=AXIS2_PLACEMENT_3D('',#17636,#14120,#14121);
#12315=AXIS2_PLACEMENT_3D('',#17637,#14122,#14123);
#12316=AXIS2_PLACEMENT_3D('',#17641,#14125,#14126);
#12317=AXIS2_PLACEMENT_3D('',#17642,#14127,#14128);
#12318=AXIS2_PLACEMENT_3D('',#17648,#14132,#14133);
#12319=AXIS2_PLACEMENT_3D('',#17649,#14134,#14135);
#12320=AXIS2_PLACEMENT_3D('',#17653,#14137,#14138);
#12321=AXIS2_PLACEMENT_3D('',#17654,#14139,#14140);
#12322=AXIS2_PLACEMENT_3D('',#17660,#14144,#14145);
#12323=AXIS2_PLACEMENT_3D('',#17661,#14146,#14147);
#12324=AXIS2_PLACEMENT_3D('',#17665,#14149,#14150);
#12325=AXIS2_PLACEMENT_3D('',#17666,#14151,#14152);
#12326=AXIS2_PLACEMENT_3D('',#17667,#14153,#14154);
#12327=AXIS2_PLACEMENT_3D('',#17672,#14156,#14157);
#12328=AXIS2_PLACEMENT_3D('',#17675,#14159,#14160);
#12329=AXIS2_PLACEMENT_3D('',#17681,#14164,#14165);
#12330=AXIS2_PLACEMENT_3D('',#17682,#14166,#14167);
#12331=AXIS2_PLACEMENT_3D('',#17686,#14169,#14170);
#12332=AXIS2_PLACEMENT_3D('',#17687,#14171,#14172);
#12333=AXIS2_PLACEMENT_3D('',#17693,#14176,#14177);
#12334=AXIS2_PLACEMENT_3D('',#17694,#14178,#14179);
#12335=AXIS2_PLACEMENT_3D('',#17698,#14181,#14182);
#12336=AXIS2_PLACEMENT_3D('',#17699,#14183,#14184);
#12337=AXIS2_PLACEMENT_3D('',#17705,#14188,#14189);
#12338=AXIS2_PLACEMENT_3D('',#17706,#14190,#14191);
#12339=AXIS2_PLACEMENT_3D('',#17710,#14193,#14194);
#12340=AXIS2_PLACEMENT_3D('',#17711,#14195,#14196);
#12341=AXIS2_PLACEMENT_3D('',#17720,#14201,#14202);
#12342=AXIS2_PLACEMENT_3D('',#17721,#14203,#14204);
#12343=AXIS2_PLACEMENT_3D('',#17725,#14206,#14207);
#12344=AXIS2_PLACEMENT_3D('',#17726,#14208,#14209);
#12345=AXIS2_PLACEMENT_3D('',#17732,#14213,#14214);
#12346=AXIS2_PLACEMENT_3D('',#17733,#14215,#14216);
#12347=AXIS2_PLACEMENT_3D('',#17737,#14218,#14219);
#12348=AXIS2_PLACEMENT_3D('',#17738,#14220,#14221);
#12349=AXIS2_PLACEMENT_3D('',#17744,#14225,#14226);
#12350=AXIS2_PLACEMENT_3D('',#17745,#14227,#14228);
#12351=AXIS2_PLACEMENT_3D('',#17749,#14230,#14231);
#12352=AXIS2_PLACEMENT_3D('',#17750,#14232,#14233);
#12353=AXIS2_PLACEMENT_3D('',#17756,#14237,#14238);
#12354=AXIS2_PLACEMENT_3D('',#17765,#14243,#14244);
#12355=AXIS2_PLACEMENT_3D('',#17766,#14245,#14246);
#12356=AXIS2_PLACEMENT_3D('',#17770,#14248,#14249);
#12357=AXIS2_PLACEMENT_3D('',#17771,#14250,#14251);
#12358=AXIS2_PLACEMENT_3D('',#17777,#14255,#14256);
#12359=AXIS2_PLACEMENT_3D('',#17778,#14257,#14258);
#12360=AXIS2_PLACEMENT_3D('',#17782,#14260,#14261);
#12361=AXIS2_PLACEMENT_3D('',#17783,#14262,#14263);
#12362=AXIS2_PLACEMENT_3D('',#17789,#14267,#14268);
#12363=AXIS2_PLACEMENT_3D('',#17790,#14269,#14270);
#12364=AXIS2_PLACEMENT_3D('',#17794,#14272,#14273);
#12365=AXIS2_PLACEMENT_3D('',#17795,#14274,#14275);
#12366=AXIS2_PLACEMENT_3D('',#17801,#14279,#14280);
#12367=AXIS2_PLACEMENT_3D('',#17802,#14281,#14282);
#12368=AXIS2_PLACEMENT_3D('',#17807,#14284,#14285);
#12369=AXIS2_PLACEMENT_3D('',#17810,#14287,#14288);
#12370=AXIS2_PLACEMENT_3D('',#17816,#14292,#14293);
#12371=AXIS2_PLACEMENT_3D('',#17817,#14294,#14295);
#12372=AXIS2_PLACEMENT_3D('',#17821,#14297,#14298);
#12373=AXIS2_PLACEMENT_3D('',#17822,#14299,#14300);
#12374=AXIS2_PLACEMENT_3D('',#17828,#14304,#14305);
#12375=AXIS2_PLACEMENT_3D('',#17829,#14306,#14307);
#12376=AXIS2_PLACEMENT_3D('',#17833,#14309,#14310);
#12377=AXIS2_PLACEMENT_3D('',#17834,#14311,#14312);
#12378=AXIS2_PLACEMENT_3D('',#17840,#14316,#14317);
#12379=AXIS2_PLACEMENT_3D('',#17841,#14318,#14319);
#12380=AXIS2_PLACEMENT_3D('',#17845,#14321,#14322);
#12381=AXIS2_PLACEMENT_3D('',#17846,#14323,#14324);
#12382=AXIS2_PLACEMENT_3D('',#17855,#14329,#14330);
#12383=AXIS2_PLACEMENT_3D('',#17856,#14331,#14332);
#12384=AXIS2_PLACEMENT_3D('',#17860,#14334,#14335);
#12385=AXIS2_PLACEMENT_3D('',#17861,#14336,#14337);
#12386=AXIS2_PLACEMENT_3D('',#17867,#14341,#14342);
#12387=AXIS2_PLACEMENT_3D('',#17868,#14343,#14344);
#12388=AXIS2_PLACEMENT_3D('',#17872,#14346,#14347);
#12389=AXIS2_PLACEMENT_3D('',#17873,#14348,#14349);
#12390=AXIS2_PLACEMENT_3D('',#17879,#14353,#14354);
#12391=AXIS2_PLACEMENT_3D('',#17880,#14355,#14356);
#12392=AXIS2_PLACEMENT_3D('',#17884,#14358,#14359);
#12393=AXIS2_PLACEMENT_3D('',#17885,#14360,#14361);
#12394=AXIS2_PLACEMENT_3D('',#17891,#14365,#14366);
#12395=AXIS2_PLACEMENT_3D('',#17892,#14367,#14368);
#12396=AXIS2_PLACEMENT_3D('',#17897,#14370,#14371);
#12397=AXIS2_PLACEMENT_3D('',#17900,#14373,#14374);
#12398=AXIS2_PLACEMENT_3D('',#17906,#14378,#14379);
#12399=AXIS2_PLACEMENT_3D('',#17907,#14380,#14381);
#12400=AXIS2_PLACEMENT_3D('',#17911,#14383,#14384);
#12401=AXIS2_PLACEMENT_3D('',#17912,#14385,#14386);
#12402=AXIS2_PLACEMENT_3D('',#17918,#14390,#14391);
#12403=AXIS2_PLACEMENT_3D('',#17919,#14392,#14393);
#12404=AXIS2_PLACEMENT_3D('',#17923,#14395,#14396);
#12405=AXIS2_PLACEMENT_3D('',#17924,#14397,#14398);
#12406=AXIS2_PLACEMENT_3D('',#17930,#14402,#14403);
#12407=AXIS2_PLACEMENT_3D('',#17931,#14404,#14405);
#12408=AXIS2_PLACEMENT_3D('',#17935,#14407,#14408);
#12409=AXIS2_PLACEMENT_3D('',#17936,#14409,#14410);
#12410=AXIS2_PLACEMENT_3D('',#17937,#14411,#14412);
#12411=AXIS2_PLACEMENT_3D('',#17942,#14414,#14415);
#12412=AXIS2_PLACEMENT_3D('',#17945,#14417,#14418);
#12413=AXIS2_PLACEMENT_3D('',#17951,#14422,#14423);
#12414=AXIS2_PLACEMENT_3D('',#17952,#14424,#14425);
#12415=AXIS2_PLACEMENT_3D('',#17956,#14427,#14428);
#12416=AXIS2_PLACEMENT_3D('',#17957,#14429,#14430);
#12417=AXIS2_PLACEMENT_3D('',#17963,#14434,#14435);
#12418=AXIS2_PLACEMENT_3D('',#17964,#14436,#14437);
#12419=AXIS2_PLACEMENT_3D('',#17968,#14439,#14440);
#12420=AXIS2_PLACEMENT_3D('',#17969,#14441,#14442);
#12421=AXIS2_PLACEMENT_3D('',#17975,#14446,#14447);
#12422=AXIS2_PLACEMENT_3D('',#17976,#14448,#14449);
#12423=AXIS2_PLACEMENT_3D('',#17980,#14451,#14452);
#12424=AXIS2_PLACEMENT_3D('',#17981,#14453,#14454);
#12425=AXIS2_PLACEMENT_3D('',#17982,#14455,#14456);
#12426=AXIS2_PLACEMENT_3D('',#17987,#14458,#14459);
#12427=AXIS2_PLACEMENT_3D('',#17990,#14461,#14462);
#12428=AXIS2_PLACEMENT_3D('',#17996,#14466,#14467);
#12429=AXIS2_PLACEMENT_3D('',#17997,#14468,#14469);
#12430=AXIS2_PLACEMENT_3D('',#18001,#14471,#14472);
#12431=AXIS2_PLACEMENT_3D('',#18002,#14473,#14474);
#12432=AXIS2_PLACEMENT_3D('',#18008,#14478,#14479);
#12433=AXIS2_PLACEMENT_3D('',#18009,#14480,#14481);
#12434=AXIS2_PLACEMENT_3D('',#18013,#14483,#14484);
#12435=AXIS2_PLACEMENT_3D('',#18014,#14485,#14486);
#12436=AXIS2_PLACEMENT_3D('',#18020,#14490,#14491);
#12437=AXIS2_PLACEMENT_3D('',#18021,#14492,#14493);
#12438=AXIS2_PLACEMENT_3D('',#18025,#14495,#14496);
#12439=AXIS2_PLACEMENT_3D('',#18026,#14497,#14498);
#12440=AXIS2_PLACEMENT_3D('',#18027,#14499,#14500);
#12441=AXIS2_PLACEMENT_3D('',#18032,#14502,#14503);
#12442=AXIS2_PLACEMENT_3D('',#18035,#14505,#14506);
#12443=AXIS2_PLACEMENT_3D('',#18041,#14510,#14511);
#12444=AXIS2_PLACEMENT_3D('',#18042,#14512,#14513);
#12445=AXIS2_PLACEMENT_3D('',#18046,#14515,#14516);
#12446=AXIS2_PLACEMENT_3D('',#18047,#14517,#14518);
#12447=AXIS2_PLACEMENT_3D('',#18053,#14522,#14523);
#12448=AXIS2_PLACEMENT_3D('',#18054,#14524,#14525);
#12449=AXIS2_PLACEMENT_3D('',#18058,#14527,#14528);
#12450=AXIS2_PLACEMENT_3D('',#18059,#14529,#14530);
#12451=AXIS2_PLACEMENT_3D('',#18065,#14534,#14535);
#12452=AXIS2_PLACEMENT_3D('',#18066,#14536,#14537);
#12453=AXIS2_PLACEMENT_3D('',#18070,#14539,#14540);
#12454=AXIS2_PLACEMENT_3D('',#18071,#14541,#14542);
#12455=AXIS2_PLACEMENT_3D('',#18072,#14543,#14544);
#12456=AXIS2_PLACEMENT_3D('',#18077,#14546,#14547);
#12457=AXIS2_PLACEMENT_3D('',#18080,#14549,#14550);
#12458=AXIS2_PLACEMENT_3D('',#18086,#14554,#14555);
#12459=AXIS2_PLACEMENT_3D('',#18087,#14556,#14557);
#12460=AXIS2_PLACEMENT_3D('',#18091,#14559,#14560);
#12461=AXIS2_PLACEMENT_3D('',#18092,#14561,#14562);
#12462=AXIS2_PLACEMENT_3D('',#18098,#14566,#14567);
#12463=AXIS2_PLACEMENT_3D('',#18099,#14568,#14569);
#12464=AXIS2_PLACEMENT_3D('',#18103,#14571,#14572);
#12465=AXIS2_PLACEMENT_3D('',#18104,#14573,#14574);
#12466=AXIS2_PLACEMENT_3D('',#18110,#14578,#14579);
#12467=AXIS2_PLACEMENT_3D('',#18111,#14580,#14581);
#12468=AXIS2_PLACEMENT_3D('',#18115,#14583,#14584);
#12469=AXIS2_PLACEMENT_3D('',#18116,#14585,#14586);
#12470=AXIS2_PLACEMENT_3D('',#18117,#14587,#14588);
#12471=AXIS2_PLACEMENT_3D('',#18122,#14590,#14591);
#12472=AXIS2_PLACEMENT_3D('',#18125,#14593,#14594);
#12473=AXIS2_PLACEMENT_3D('',#18131,#14598,#14599);
#12474=AXIS2_PLACEMENT_3D('',#18132,#14600,#14601);
#12475=AXIS2_PLACEMENT_3D('',#18136,#14603,#14604);
#12476=AXIS2_PLACEMENT_3D('',#18137,#14605,#14606);
#12477=AXIS2_PLACEMENT_3D('',#18143,#14610,#14611);
#12478=AXIS2_PLACEMENT_3D('',#18144,#14612,#14613);
#12479=AXIS2_PLACEMENT_3D('',#18148,#14615,#14616);
#12480=AXIS2_PLACEMENT_3D('',#18149,#14617,#14618);
#12481=AXIS2_PLACEMENT_3D('',#18155,#14622,#14623);
#12482=AXIS2_PLACEMENT_3D('',#18156,#14624,#14625);
#12483=AXIS2_PLACEMENT_3D('',#18160,#14627,#14628);
#12484=AXIS2_PLACEMENT_3D('',#18161,#14629,#14630);
#12485=AXIS2_PLACEMENT_3D('',#18162,#14631,#14632);
#12486=AXIS2_PLACEMENT_3D('',#18167,#14634,#14635);
#12487=AXIS2_PLACEMENT_3D('',#18170,#14637,#14638);
#12488=AXIS2_PLACEMENT_3D('',#18176,#14642,#14643);
#12489=AXIS2_PLACEMENT_3D('',#18177,#14644,#14645);
#12490=AXIS2_PLACEMENT_3D('',#18181,#14647,#14648);
#12491=AXIS2_PLACEMENT_3D('',#18182,#14649,#14650);
#12492=AXIS2_PLACEMENT_3D('',#18188,#14654,#14655);
#12493=AXIS2_PLACEMENT_3D('',#18189,#14656,#14657);
#12494=AXIS2_PLACEMENT_3D('',#18193,#14659,#14660);
#12495=AXIS2_PLACEMENT_3D('',#18194,#14661,#14662);
#12496=AXIS2_PLACEMENT_3D('',#18200,#14666,#14667);
#12497=AXIS2_PLACEMENT_3D('',#18201,#14668,#14669);
#12498=AXIS2_PLACEMENT_3D('',#18205,#14671,#14672);
#12499=AXIS2_PLACEMENT_3D('',#18206,#14673,#14674);
#12500=AXIS2_PLACEMENT_3D('',#18215,#14679,#14680);
#12501=AXIS2_PLACEMENT_3D('',#18216,#14681,#14682);
#12502=AXIS2_PLACEMENT_3D('',#18220,#14684,#14685);
#12503=AXIS2_PLACEMENT_3D('',#18221,#14686,#14687);
#12504=AXIS2_PLACEMENT_3D('',#18227,#14691,#14692);
#12505=AXIS2_PLACEMENT_3D('',#18228,#14693,#14694);
#12506=AXIS2_PLACEMENT_3D('',#18232,#14696,#14697);
#12507=AXIS2_PLACEMENT_3D('',#18233,#14698,#14699);
#12508=AXIS2_PLACEMENT_3D('',#18239,#14703,#14704);
#12509=AXIS2_PLACEMENT_3D('',#18240,#14705,#14706);
#12510=AXIS2_PLACEMENT_3D('',#18244,#14708,#14709);
#12511=AXIS2_PLACEMENT_3D('',#18245,#14710,#14711);
#12512=AXIS2_PLACEMENT_3D('',#18251,#14715,#14716);
#12513=AXIS2_PLACEMENT_3D('',#18252,#14717,#14718);
#12514=AXIS2_PLACEMENT_3D('',#18257,#14720,#14721);
#12515=AXIS2_PLACEMENT_3D('',#18260,#14723,#14724);
#12516=AXIS2_PLACEMENT_3D('',#18266,#14728,#14729);
#12517=AXIS2_PLACEMENT_3D('',#18267,#14730,#14731);
#12518=AXIS2_PLACEMENT_3D('',#18271,#14733,#14734);
#12519=AXIS2_PLACEMENT_3D('',#18272,#14735,#14736);
#12520=AXIS2_PLACEMENT_3D('',#18278,#14740,#14741);
#12521=AXIS2_PLACEMENT_3D('',#18279,#14742,#14743);
#12522=AXIS2_PLACEMENT_3D('',#18283,#14745,#14746);
#12523=AXIS2_PLACEMENT_3D('',#18284,#14747,#14748);
#12524=AXIS2_PLACEMENT_3D('',#18290,#14752,#14753);
#12525=AXIS2_PLACEMENT_3D('',#18291,#14754,#14755);
#12526=AXIS2_PLACEMENT_3D('',#18295,#14757,#14758);
#12527=AXIS2_PLACEMENT_3D('',#18296,#14759,#14760);
#12528=AXIS2_PLACEMENT_3D('',#18305,#14765,#14766);
#12529=AXIS2_PLACEMENT_3D('',#18306,#14767,#14768);
#12530=AXIS2_PLACEMENT_3D('',#18310,#14770,#14771);
#12531=AXIS2_PLACEMENT_3D('',#18311,#14772,#14773);
#12532=AXIS2_PLACEMENT_3D('',#18317,#14777,#14778);
#12533=AXIS2_PLACEMENT_3D('',#18318,#14779,#14780);
#12534=AXIS2_PLACEMENT_3D('',#18322,#14782,#14783);
#12535=AXIS2_PLACEMENT_3D('',#18323,#14784,#14785);
#12536=AXIS2_PLACEMENT_3D('',#18329,#14789,#14790);
#12537=AXIS2_PLACEMENT_3D('',#18330,#14791,#14792);
#12538=AXIS2_PLACEMENT_3D('',#18334,#14794,#14795);
#12539=AXIS2_PLACEMENT_3D('',#18335,#14796,#14797);
#12540=AXIS2_PLACEMENT_3D('',#18341,#14801,#14802);
#12541=AXIS2_PLACEMENT_3D('',#18350,#14807,#14808);
#12542=AXIS2_PLACEMENT_3D('',#18351,#14809,#14810);
#12543=AXIS2_PLACEMENT_3D('',#18355,#14812,#14813);
#12544=AXIS2_PLACEMENT_3D('',#18356,#14814,#14815);
#12545=AXIS2_PLACEMENT_3D('',#18362,#14819,#14820);
#12546=AXIS2_PLACEMENT_3D('',#18363,#14821,#14822);
#12547=AXIS2_PLACEMENT_3D('',#18367,#14824,#14825);
#12548=AXIS2_PLACEMENT_3D('',#18368,#14826,#14827);
#12549=AXIS2_PLACEMENT_3D('',#18374,#14831,#14832);
#12550=AXIS2_PLACEMENT_3D('',#18375,#14833,#14834);
#12551=AXIS2_PLACEMENT_3D('',#18379,#14836,#14837);
#12552=AXIS2_PLACEMENT_3D('',#18380,#14838,#14839);
#12553=AXIS2_PLACEMENT_3D('',#18386,#14843,#14844);
#12554=AXIS2_PLACEMENT_3D('',#18387,#14845,#14846);
#12555=AXIS2_PLACEMENT_3D('',#18392,#14848,#14849);
#12556=AXIS2_PLACEMENT_3D('',#18395,#14851,#14852);
#12557=AXIS2_PLACEMENT_3D('',#18401,#14856,#14857);
#12558=AXIS2_PLACEMENT_3D('',#18402,#14858,#14859);
#12559=AXIS2_PLACEMENT_3D('',#18406,#14861,#14862);
#12560=AXIS2_PLACEMENT_3D('',#18407,#14863,#14864);
#12561=AXIS2_PLACEMENT_3D('',#18413,#14868,#14869);
#12562=AXIS2_PLACEMENT_3D('',#18414,#14870,#14871);
#12563=AXIS2_PLACEMENT_3D('',#18418,#14873,#14874);
#12564=AXIS2_PLACEMENT_3D('',#18419,#14875,#14876);
#12565=AXIS2_PLACEMENT_3D('',#18425,#14880,#14881);
#12566=AXIS2_PLACEMENT_3D('',#18426,#14882,#14883);
#12567=AXIS2_PLACEMENT_3D('',#18430,#14885,#14886);
#12568=AXIS2_PLACEMENT_3D('',#18431,#14887,#14888);
#12569=AXIS2_PLACEMENT_3D('',#18432,#14889,#14890);
#12570=AXIS2_PLACEMENT_3D('',#18437,#14892,#14893);
#12571=AXIS2_PLACEMENT_3D('',#18440,#14895,#14896);
#12572=AXIS2_PLACEMENT_3D('',#18446,#14900,#14901);
#12573=AXIS2_PLACEMENT_3D('',#18447,#14902,#14903);
#12574=AXIS2_PLACEMENT_3D('',#18451,#14905,#14906);
#12575=AXIS2_PLACEMENT_3D('',#18452,#14907,#14908);
#12576=AXIS2_PLACEMENT_3D('',#18458,#14912,#14913);
#12577=AXIS2_PLACEMENT_3D('',#18459,#14914,#14915);
#12578=AXIS2_PLACEMENT_3D('',#18463,#14917,#14918);
#12579=AXIS2_PLACEMENT_3D('',#18464,#14919,#14920);
#12580=AXIS2_PLACEMENT_3D('',#18465,#14921,#14922);
#12581=AXIS2_PLACEMENT_3D('',#18469,#14924,#14925);
#12582=AXIS2_PLACEMENT_3D('',#18470,#14926,#14927);
#12583=AXIS2_PLACEMENT_3D('',#18476,#14931,#14932);
#12584=AXIS2_PLACEMENT_3D('',#18477,#14933,#14934);
#12585=AXIS2_PLACEMENT_3D('',#18481,#14936,#14937);
#12586=AXIS2_PLACEMENT_3D('',#18482,#14938,#14939);
#12587=AXIS2_PLACEMENT_3D('',#18488,#14943,#14944);
#12588=AXIS2_PLACEMENT_3D('',#18489,#14945,#14946);
#12589=AXIS2_PLACEMENT_3D('',#18493,#14948,#14949);
#12590=AXIS2_PLACEMENT_3D('',#18494,#14950,#14951);
#12591=AXIS2_PLACEMENT_3D('',#18500,#14955,#14956);
#12592=AXIS2_PLACEMENT_3D('',#18501,#14957,#14958);
#12593=AXIS2_PLACEMENT_3D('',#18505,#14960,#14961);
#12594=AXIS2_PLACEMENT_3D('',#18506,#14962,#14963);
#12595=AXIS2_PLACEMENT_3D('',#18507,#14964,#14965);
#12596=AXIS2_PLACEMENT_3D('',#18511,#14967,#14968);
#12597=AXIS2_PLACEMENT_3D('',#18512,#14969,#14970);
#12598=AXIS2_PLACEMENT_3D('',#18513,#14971,#14972);
#12599=AXIS2_PLACEMENT_3D('',#18518,#14974,#14975);
#12600=AXIS2_PLACEMENT_3D('',#18521,#14977,#14978);
#12601=AXIS2_PLACEMENT_3D('',#18527,#14982,#14983);
#12602=AXIS2_PLACEMENT_3D('',#18528,#14984,#14985);
#12603=AXIS2_PLACEMENT_3D('',#18532,#14987,#14988);
#12604=AXIS2_PLACEMENT_3D('',#18533,#14989,#14990);
#12605=AXIS2_PLACEMENT_3D('',#18539,#14994,#14995);
#12606=AXIS2_PLACEMENT_3D('',#18540,#14996,#14997);
#12607=AXIS2_PLACEMENT_3D('',#18544,#14999,#15000);
#12608=AXIS2_PLACEMENT_3D('',#18545,#15001,#15002);
#12609=AXIS2_PLACEMENT_3D('',#18551,#15006,#15007);
#12610=AXIS2_PLACEMENT_3D('',#18552,#15008,#15009);
#12611=AXIS2_PLACEMENT_3D('',#18556,#15011,#15012);
#12612=AXIS2_PLACEMENT_3D('',#18557,#15013,#15014);
#12613=AXIS2_PLACEMENT_3D('',#18558,#15015,#15016);
#12614=AXIS2_PLACEMENT_3D('',#18563,#15018,#15019);
#12615=AXIS2_PLACEMENT_3D('',#18566,#15021,#15022);
#12616=AXIS2_PLACEMENT_3D('',#18572,#15026,#15027);
#12617=AXIS2_PLACEMENT_3D('',#18573,#15028,#15029);
#12618=AXIS2_PLACEMENT_3D('',#18577,#15031,#15032);
#12619=AXIS2_PLACEMENT_3D('',#18578,#15033,#15034);
#12620=AXIS2_PLACEMENT_3D('',#18584,#15038,#15039);
#12621=AXIS2_PLACEMENT_3D('',#18585,#15040,#15041);
#12622=AXIS2_PLACEMENT_3D('',#18589,#15043,#15044);
#12623=AXIS2_PLACEMENT_3D('',#18590,#15045,#15046);
#12624=AXIS2_PLACEMENT_3D('',#18596,#15050,#15051);
#12625=AXIS2_PLACEMENT_3D('',#18597,#15052,#15053);
#12626=AXIS2_PLACEMENT_3D('',#18601,#15055,#15056);
#12627=AXIS2_PLACEMENT_3D('',#18602,#15057,#15058);
#12628=AXIS2_PLACEMENT_3D('',#18603,#15059,#15060);
#12629=AXIS2_PLACEMENT_3D('',#18608,#15062,#15063);
#12630=AXIS2_PLACEMENT_3D('',#18611,#15065,#15066);
#12631=AXIS2_PLACEMENT_3D('',#18617,#15070,#15071);
#12632=AXIS2_PLACEMENT_3D('',#18618,#15072,#15073);
#12633=AXIS2_PLACEMENT_3D('',#18622,#15075,#15076);
#12634=AXIS2_PLACEMENT_3D('',#18623,#15077,#15078);
#12635=AXIS2_PLACEMENT_3D('',#18629,#15082,#15083);
#12636=AXIS2_PLACEMENT_3D('',#18630,#15084,#15085);
#12637=AXIS2_PLACEMENT_3D('',#18634,#15087,#15088);
#12638=AXIS2_PLACEMENT_3D('',#18635,#15089,#15090);
#12639=AXIS2_PLACEMENT_3D('',#18641,#15094,#15095);
#12640=AXIS2_PLACEMENT_3D('',#18642,#15096,#15097);
#12641=AXIS2_PLACEMENT_3D('',#18646,#15099,#15100);
#12642=AXIS2_PLACEMENT_3D('',#18647,#15101,#15102);
#12643=AXIS2_PLACEMENT_3D('',#18656,#15107,#15108);
#12644=AXIS2_PLACEMENT_3D('',#18657,#15109,#15110);
#12645=AXIS2_PLACEMENT_3D('',#18661,#15112,#15113);
#12646=AXIS2_PLACEMENT_3D('',#18662,#15114,#15115);
#12647=AXIS2_PLACEMENT_3D('',#18668,#15119,#15120);
#12648=AXIS2_PLACEMENT_3D('',#18669,#15121,#15122);
#12649=AXIS2_PLACEMENT_3D('',#18673,#15124,#15125);
#12650=AXIS2_PLACEMENT_3D('',#18674,#15126,#15127);
#12651=AXIS2_PLACEMENT_3D('',#18680,#15131,#15132);
#12652=AXIS2_PLACEMENT_3D('',#18681,#15133,#15134);
#12653=AXIS2_PLACEMENT_3D('',#18685,#15136,#15137);
#12654=AXIS2_PLACEMENT_3D('',#18686,#15138,#15139);
#12655=AXIS2_PLACEMENT_3D('',#18692,#15143,#15144);
#12656=AXIS2_PLACEMENT_3D('',#18693,#15145,#15146);
#12657=AXIS2_PLACEMENT_3D('',#18698,#15148,#15149);
#12658=AXIS2_PLACEMENT_3D('',#18701,#15151,#15152);
#12659=AXIS2_PLACEMENT_3D('',#18707,#15156,#15157);
#12660=AXIS2_PLACEMENT_3D('',#18708,#15158,#15159);
#12661=AXIS2_PLACEMENT_3D('',#18712,#15161,#15162);
#12662=AXIS2_PLACEMENT_3D('',#18713,#15163,#15164);
#12663=AXIS2_PLACEMENT_3D('',#18719,#15168,#15169);
#12664=AXIS2_PLACEMENT_3D('',#18720,#15170,#15171);
#12665=AXIS2_PLACEMENT_3D('',#18724,#15173,#15174);
#12666=AXIS2_PLACEMENT_3D('',#18725,#15175,#15176);
#12667=AXIS2_PLACEMENT_3D('',#18731,#15180,#15181);
#12668=AXIS2_PLACEMENT_3D('',#18732,#15182,#15183);
#12669=AXIS2_PLACEMENT_3D('',#18736,#15185,#15186);
#12670=AXIS2_PLACEMENT_3D('',#18737,#15187,#15188);
#12671=AXIS2_PLACEMENT_3D('',#18738,#15189,#15190);
#12672=AXIS2_PLACEMENT_3D('',#18743,#15192,#15193);
#12673=AXIS2_PLACEMENT_3D('',#18746,#15195,#15196);
#12674=AXIS2_PLACEMENT_3D('',#18752,#15200,#15201);
#12675=AXIS2_PLACEMENT_3D('',#18753,#15202,#15203);
#12676=AXIS2_PLACEMENT_3D('',#18757,#15205,#15206);
#12677=AXIS2_PLACEMENT_3D('',#18758,#15207,#15208);
#12678=AXIS2_PLACEMENT_3D('',#18764,#15212,#15213);
#12679=AXIS2_PLACEMENT_3D('',#18765,#15214,#15215);
#12680=AXIS2_PLACEMENT_3D('',#18769,#15217,#15218);
#12681=AXIS2_PLACEMENT_3D('',#18770,#15219,#15220);
#12682=AXIS2_PLACEMENT_3D('',#18776,#15224,#15225);
#12683=AXIS2_PLACEMENT_3D('',#18777,#15226,#15227);
#12684=AXIS2_PLACEMENT_3D('',#18781,#15229,#15230);
#12685=AXIS2_PLACEMENT_3D('',#18782,#15231,#15232);
#12686=AXIS2_PLACEMENT_3D('',#18783,#15233,#15234);
#12687=AXIS2_PLACEMENT_3D('',#18788,#15236,#15237);
#12688=AXIS2_PLACEMENT_3D('',#18791,#15239,#15240);
#12689=AXIS2_PLACEMENT_3D('',#18797,#15244,#15245);
#12690=AXIS2_PLACEMENT_3D('',#18798,#15246,#15247);
#12691=AXIS2_PLACEMENT_3D('',#18802,#15249,#15250);
#12692=AXIS2_PLACEMENT_3D('',#18803,#15251,#15252);
#12693=AXIS2_PLACEMENT_3D('',#18809,#15256,#15257);
#12694=AXIS2_PLACEMENT_3D('',#18810,#15258,#15259);
#12695=AXIS2_PLACEMENT_3D('',#18814,#15261,#15262);
#12696=AXIS2_PLACEMENT_3D('',#18815,#15263,#15264);
#12697=AXIS2_PLACEMENT_3D('',#18821,#15268,#15269);
#12698=AXIS2_PLACEMENT_3D('',#18822,#15270,#15271);
#12699=AXIS2_PLACEMENT_3D('',#18826,#15273,#15274);
#12700=AXIS2_PLACEMENT_3D('',#18827,#15275,#15276);
#12701=AXIS2_PLACEMENT_3D('',#18828,#15277,#15278);
#12702=AXIS2_PLACEMENT_3D('',#18833,#15280,#15281);
#12703=AXIS2_PLACEMENT_3D('',#18836,#15283,#15284);
#12704=AXIS2_PLACEMENT_3D('',#18842,#15288,#15289);
#12705=AXIS2_PLACEMENT_3D('',#18843,#15290,#15291);
#12706=AXIS2_PLACEMENT_3D('',#18847,#15293,#15294);
#12707=AXIS2_PLACEMENT_3D('',#18848,#15295,#15296);
#12708=AXIS2_PLACEMENT_3D('',#18854,#15300,#15301);
#12709=AXIS2_PLACEMENT_3D('',#18855,#15302,#15303);
#12710=AXIS2_PLACEMENT_3D('',#18859,#15305,#15306);
#12711=AXIS2_PLACEMENT_3D('',#18860,#15307,#15308);
#12712=AXIS2_PLACEMENT_3D('',#18866,#15312,#15313);
#12713=AXIS2_PLACEMENT_3D('',#18867,#15314,#15315);
#12714=AXIS2_PLACEMENT_3D('',#18871,#15317,#15318);
#12715=AXIS2_PLACEMENT_3D('',#18872,#15319,#15320);
#12716=AXIS2_PLACEMENT_3D('',#18873,#15321,#15322);
#12717=AXIS2_PLACEMENT_3D('',#18878,#15324,#15325);
#12718=AXIS2_PLACEMENT_3D('',#18881,#15327,#15328);
#12719=AXIS2_PLACEMENT_3D('',#18887,#15332,#15333);
#12720=AXIS2_PLACEMENT_3D('',#18888,#15334,#15335);
#12721=AXIS2_PLACEMENT_3D('',#18892,#15337,#15338);
#12722=AXIS2_PLACEMENT_3D('',#18893,#15339,#15340);
#12723=AXIS2_PLACEMENT_3D('',#18899,#15344,#15345);
#12724=AXIS2_PLACEMENT_3D('',#18900,#15346,#15347);
#12725=AXIS2_PLACEMENT_3D('',#18904,#15349,#15350);
#12726=AXIS2_PLACEMENT_3D('',#18905,#15351,#15352);
#12727=AXIS2_PLACEMENT_3D('',#18911,#15356,#15357);
#12728=AXIS2_PLACEMENT_3D('',#18912,#15358,#15359);
#12729=AXIS2_PLACEMENT_3D('',#18916,#15361,#15362);
#12730=AXIS2_PLACEMENT_3D('',#18917,#15363,#15364);
#12731=AXIS2_PLACEMENT_3D('',#18918,#15365,#15366);
#12732=AXIS2_PLACEMENT_3D('',#18923,#15368,#15369);
#12733=AXIS2_PLACEMENT_3D('',#18926,#15371,#15372);
#12734=AXIS2_PLACEMENT_3D('',#18932,#15376,#15377);
#12735=AXIS2_PLACEMENT_3D('',#18933,#15378,#15379);
#12736=AXIS2_PLACEMENT_3D('',#18937,#15381,#15382);
#12737=AXIS2_PLACEMENT_3D('',#18938,#15383,#15384);
#12738=AXIS2_PLACEMENT_3D('',#18944,#15388,#15389);
#12739=AXIS2_PLACEMENT_3D('',#18945,#15390,#15391);
#12740=AXIS2_PLACEMENT_3D('',#18949,#15393,#15394);
#12741=AXIS2_PLACEMENT_3D('',#18950,#15395,#15396);
#12742=AXIS2_PLACEMENT_3D('',#18956,#15400,#15401);
#12743=AXIS2_PLACEMENT_3D('',#18957,#15402,#15403);
#12744=AXIS2_PLACEMENT_3D('',#18961,#15405,#15406);
#12745=AXIS2_PLACEMENT_3D('',#18962,#15407,#15408);
#12746=AXIS2_PLACEMENT_3D('',#18963,#15409,#15410);
#12747=AXIS2_PLACEMENT_3D('',#18968,#15412,#15413);
#12748=AXIS2_PLACEMENT_3D('',#18971,#15415,#15416);
#12749=AXIS2_PLACEMENT_3D('',#18977,#15420,#15421);
#12750=AXIS2_PLACEMENT_3D('',#18978,#15422,#15423);
#12751=AXIS2_PLACEMENT_3D('',#18982,#15425,#15426);
#12752=AXIS2_PLACEMENT_3D('',#18983,#15427,#15428);
#12753=AXIS2_PLACEMENT_3D('',#18989,#15432,#15433);
#12754=AXIS2_PLACEMENT_3D('',#18990,#15434,#15435);
#12755=AXIS2_PLACEMENT_3D('',#18994,#15437,#15438);
#12756=AXIS2_PLACEMENT_3D('',#18995,#15439,#15440);
#12757=AXIS2_PLACEMENT_3D('',#19001,#15444,#15445);
#12758=AXIS2_PLACEMENT_3D('',#19002,#15446,#15447);
#12759=AXIS2_PLACEMENT_3D('',#19006,#15449,#15450);
#12760=AXIS2_PLACEMENT_3D('',#19007,#15451,#15452);
#12761=AXIS2_PLACEMENT_3D('',#19016,#15457,#15458);
#12762=AXIS2_PLACEMENT_3D('',#19017,#15459,#15460);
#12763=AXIS2_PLACEMENT_3D('',#19021,#15462,#15463);
#12764=AXIS2_PLACEMENT_3D('',#19022,#15464,#15465);
#12765=AXIS2_PLACEMENT_3D('',#19028,#15469,#15470);
#12766=AXIS2_PLACEMENT_3D('',#19029,#15471,#15472);
#12767=AXIS2_PLACEMENT_3D('',#19033,#15474,#15475);
#12768=AXIS2_PLACEMENT_3D('',#19034,#15476,#15477);
#12769=AXIS2_PLACEMENT_3D('',#19040,#15481,#15482);
#12770=AXIS2_PLACEMENT_3D('',#19041,#15483,#15484);
#12771=AXIS2_PLACEMENT_3D('',#19045,#15486,#15487);
#12772=AXIS2_PLACEMENT_3D('',#19046,#15488,#15489);
#12773=AXIS2_PLACEMENT_3D('',#19052,#15493,#15494);
#12774=AXIS2_PLACEMENT_3D('',#19061,#15499,#15500);
#12775=AXIS2_PLACEMENT_3D('',#19062,#15501,#15502);
#12776=AXIS2_PLACEMENT_3D('',#19066,#15504,#15505);
#12777=AXIS2_PLACEMENT_3D('',#19067,#15506,#15507);
#12778=AXIS2_PLACEMENT_3D('',#19073,#15511,#15512);
#12779=AXIS2_PLACEMENT_3D('',#19074,#15513,#15514);
#12780=AXIS2_PLACEMENT_3D('',#19078,#15516,#15517);
#12781=AXIS2_PLACEMENT_3D('',#19079,#15518,#15519);
#12782=AXIS2_PLACEMENT_3D('',#19085,#15523,#15524);
#12783=AXIS2_PLACEMENT_3D('',#19086,#15525,#15526);
#12784=AXIS2_PLACEMENT_3D('',#19090,#15528,#15529);
#12785=AXIS2_PLACEMENT_3D('',#19091,#15530,#15531);
#12786=AXIS2_PLACEMENT_3D('',#19097,#15535,#15536);
#12787=AXIS2_PLACEMENT_3D('',#19098,#15537,#15538);
#12788=AXIS2_PLACEMENT_3D('',#19103,#15540,#15541);
#12789=AXIS2_PLACEMENT_3D('',#19106,#15543,#15544);
#12790=AXIS2_PLACEMENT_3D('',#19112,#15548,#15549);
#12791=AXIS2_PLACEMENT_3D('',#19113,#15550,#15551);
#12792=AXIS2_PLACEMENT_3D('',#19117,#15553,#15554);
#12793=AXIS2_PLACEMENT_3D('',#19118,#15555,#15556);
#12794=AXIS2_PLACEMENT_3D('',#19124,#15560,#15561);
#12795=AXIS2_PLACEMENT_3D('',#19125,#15562,#15563);
#12796=AXIS2_PLACEMENT_3D('',#19129,#15565,#15566);
#12797=AXIS2_PLACEMENT_3D('',#19130,#15567,#15568);
#12798=AXIS2_PLACEMENT_3D('',#19136,#15572,#15573);
#12799=AXIS2_PLACEMENT_3D('',#19137,#15574,#15575);
#12800=AXIS2_PLACEMENT_3D('',#19141,#15577,#15578);
#12801=AXIS2_PLACEMENT_3D('',#19142,#15579,#15580);
#12802=AXIS2_PLACEMENT_3D('',#19143,#15581,#15582);
#12803=AXIS2_PLACEMENT_3D('',#19148,#15584,#15585);
#12804=AXIS2_PLACEMENT_3D('',#19151,#15587,#15588);
#12805=AXIS2_PLACEMENT_3D('',#19157,#15592,#15593);
#12806=AXIS2_PLACEMENT_3D('',#19158,#15594,#15595);
#12807=AXIS2_PLACEMENT_3D('',#19162,#15597,#15598);
#12808=AXIS2_PLACEMENT_3D('',#19163,#15599,#15600);
#12809=AXIS2_PLACEMENT_3D('',#19169,#15604,#15605);
#12810=AXIS2_PLACEMENT_3D('',#19170,#15606,#15607);
#12811=AXIS2_PLACEMENT_3D('',#19174,#15609,#15610);
#12812=AXIS2_PLACEMENT_3D('',#19175,#15611,#15612);
#12813=AXIS2_PLACEMENT_3D('',#19181,#15616,#15617);
#12814=AXIS2_PLACEMENT_3D('',#19182,#15618,#15619);
#12815=AXIS2_PLACEMENT_3D('',#19186,#15621,#15622);
#12816=AXIS2_PLACEMENT_3D('',#19187,#15623,#15624);
#12817=AXIS2_PLACEMENT_3D('',#19188,#15625,#15626);
#12818=AXIS2_PLACEMENT_3D('',#19193,#15628,#15629);
#12819=AXIS2_PLACEMENT_3D('',#19196,#15631,#15632);
#12820=AXIS2_PLACEMENT_3D('',#19202,#15636,#15637);
#12821=AXIS2_PLACEMENT_3D('',#19203,#15638,#15639);
#12822=AXIS2_PLACEMENT_3D('',#19207,#15641,#15642);
#12823=AXIS2_PLACEMENT_3D('',#19208,#15643,#15644);
#12824=AXIS2_PLACEMENT_3D('',#19214,#15648,#15649);
#12825=AXIS2_PLACEMENT_3D('',#19215,#15650,#15651);
#12826=AXIS2_PLACEMENT_3D('',#19219,#15653,#15654);
#12827=AXIS2_PLACEMENT_3D('',#19220,#15655,#15656);
#12828=AXIS2_PLACEMENT_3D('',#19226,#15660,#15661);
#12829=AXIS2_PLACEMENT_3D('',#19227,#15662,#15663);
#12830=AXIS2_PLACEMENT_3D('',#19231,#15665,#15666);
#12831=AXIS2_PLACEMENT_3D('',#19232,#15667,#15668);
#12832=AXIS2_PLACEMENT_3D('',#19233,#15669,#15670);
#12833=AXIS2_PLACEMENT_3D('',#19238,#15672,#15673);
#12834=AXIS2_PLACEMENT_3D('',#19241,#15675,#15676);
#12835=AXIS2_PLACEMENT_3D('',#19247,#15680,#15681);
#12836=AXIS2_PLACEMENT_3D('',#19248,#15682,#15683);
#12837=AXIS2_PLACEMENT_3D('',#19252,#15685,#15686);
#12838=AXIS2_PLACEMENT_3D('',#19253,#15687,#15688);
#12839=AXIS2_PLACEMENT_3D('',#19259,#15692,#15693);
#12840=AXIS2_PLACEMENT_3D('',#19260,#15694,#15695);
#12841=AXIS2_PLACEMENT_3D('',#19264,#15697,#15698);
#12842=AXIS2_PLACEMENT_3D('',#19265,#15699,#15700);
#12843=AXIS2_PLACEMENT_3D('',#19271,#15704,#15705);
#12844=AXIS2_PLACEMENT_3D('',#19272,#15706,#15707);
#12845=AXIS2_PLACEMENT_3D('',#19276,#15709,#15710);
#12846=AXIS2_PLACEMENT_3D('',#19277,#15711,#15712);
#12847=AXIS2_PLACEMENT_3D('',#19286,#15717,#15718);
#12848=AXIS2_PLACEMENT_3D('',#19287,#15719,#15720);
#12849=AXIS2_PLACEMENT_3D('',#19291,#15722,#15723);
#12850=AXIS2_PLACEMENT_3D('',#19292,#15724,#15725);
#12851=AXIS2_PLACEMENT_3D('',#19298,#15729,#15730);
#12852=AXIS2_PLACEMENT_3D('',#19299,#15731,#15732);
#12853=AXIS2_PLACEMENT_3D('',#19303,#15734,#15735);
#12854=AXIS2_PLACEMENT_3D('',#19304,#15736,#15737);
#12855=AXIS2_PLACEMENT_3D('',#19310,#15741,#15742);
#12856=AXIS2_PLACEMENT_3D('',#19311,#15743,#15744);
#12857=AXIS2_PLACEMENT_3D('',#19315,#15746,#15747);
#12858=AXIS2_PLACEMENT_3D('',#19316,#15748,#15749);
#12859=AXIS2_PLACEMENT_3D('',#19322,#15753,#15754);
#12860=AXIS2_PLACEMENT_3D('',#19323,#15755,#15756);
#12861=AXIS2_PLACEMENT_3D('',#19328,#15758,#15759);
#12862=AXIS2_PLACEMENT_3D('',#19331,#15761,#15762);
#12863=AXIS2_PLACEMENT_3D('',#19337,#15766,#15767);
#12864=AXIS2_PLACEMENT_3D('',#19338,#15768,#15769);
#12865=AXIS2_PLACEMENT_3D('',#19342,#15771,#15772);
#12866=AXIS2_PLACEMENT_3D('',#19343,#15773,#15774);
#12867=AXIS2_PLACEMENT_3D('',#19349,#15778,#15779);
#12868=AXIS2_PLACEMENT_3D('',#19350,#15780,#15781);
#12869=AXIS2_PLACEMENT_3D('',#19354,#15783,#15784);
#12870=AXIS2_PLACEMENT_3D('',#19355,#15785,#15786);
#12871=AXIS2_PLACEMENT_3D('',#19361,#15790,#15791);
#12872=AXIS2_PLACEMENT_3D('',#19362,#15792,#15793);
#12873=AXIS2_PLACEMENT_3D('',#19366,#15795,#15796);
#12874=AXIS2_PLACEMENT_3D('',#19367,#15797,#15798);
#12875=AXIS2_PLACEMENT_3D('',#19376,#15803,#15804);
#12876=AXIS2_PLACEMENT_3D('',#19377,#15805,#15806);
#12877=AXIS2_PLACEMENT_3D('',#19381,#15808,#15809);
#12878=AXIS2_PLACEMENT_3D('',#19382,#15810,#15811);
#12879=AXIS2_PLACEMENT_3D('',#19388,#15815,#15816);
#12880=AXIS2_PLACEMENT_3D('',#19389,#15817,#15818);
#12881=AXIS2_PLACEMENT_3D('',#19393,#15820,#15821);
#12882=AXIS2_PLACEMENT_3D('',#19394,#15822,#15823);
#12883=AXIS2_PLACEMENT_3D('',#19400,#15827,#15828);
#12884=AXIS2_PLACEMENT_3D('',#19401,#15829,#15830);
#12885=AXIS2_PLACEMENT_3D('',#19405,#15832,#15833);
#12886=AXIS2_PLACEMENT_3D('',#19406,#15834,#15835);
#12887=AXIS2_PLACEMENT_3D('',#19412,#15839,#15840);
#12888=AXIS2_PLACEMENT_3D('',#19413,#15841,#15842);
#12889=AXIS2_PLACEMENT_3D('',#19418,#15844,#15845);
#12890=AXIS2_PLACEMENT_3D('',#19421,#15847,#15848);
#12891=AXIS2_PLACEMENT_3D('',#19427,#15852,#15853);
#12892=AXIS2_PLACEMENT_3D('',#19428,#15854,#15855);
#12893=AXIS2_PLACEMENT_3D('',#19432,#15857,#15858);
#12894=AXIS2_PLACEMENT_3D('',#19433,#15859,#15860);
#12895=AXIS2_PLACEMENT_3D('',#19439,#15864,#15865);
#12896=AXIS2_PLACEMENT_3D('',#19440,#15866,#15867);
#12897=AXIS2_PLACEMENT_3D('',#19444,#15869,#15870);
#12898=AXIS2_PLACEMENT_3D('',#19445,#15871,#15872);
#12899=AXIS2_PLACEMENT_3D('',#19451,#15876,#15877);
#12900=AXIS2_PLACEMENT_3D('',#19452,#15878,#15879);
#12901=AXIS2_PLACEMENT_3D('',#19456,#15881,#15882);
#12902=AXIS2_PLACEMENT_3D('',#19457,#15883,#15884);
#12903=AXIS2_PLACEMENT_3D('',#19458,#15885,#15886);
#12904=AXIS2_PLACEMENT_3D('',#19463,#15888,#15889);
#12905=AXIS2_PLACEMENT_3D('',#19466,#15891,#15892);
#12906=AXIS2_PLACEMENT_3D('',#19472,#15896,#15897);
#12907=AXIS2_PLACEMENT_3D('',#19473,#15898,#15899);
#12908=AXIS2_PLACEMENT_3D('',#19477,#15901,#15902);
#12909=AXIS2_PLACEMENT_3D('',#19478,#15903,#15904);
#12910=AXIS2_PLACEMENT_3D('',#19484,#15908,#15909);
#12911=AXIS2_PLACEMENT_3D('',#19485,#15910,#15911);
#12912=AXIS2_PLACEMENT_3D('',#19489,#15913,#15914);
#12913=AXIS2_PLACEMENT_3D('',#19490,#15915,#15916);
#12914=AXIS2_PLACEMENT_3D('',#19496,#15920,#15921);
#12915=AXIS2_PLACEMENT_3D('',#19497,#15922,#15923);
#12916=AXIS2_PLACEMENT_3D('',#19501,#15925,#15926);
#12917=AXIS2_PLACEMENT_3D('',#19502,#15927,#15928);
#12918=AXIS2_PLACEMENT_3D('',#19503,#15929,#15930);
#12919=AXIS2_PLACEMENT_3D('',#19508,#15932,#15933);
#12920=AXIS2_PLACEMENT_3D('',#19511,#15935,#15936);
#12921=AXIS2_PLACEMENT_3D('',#19517,#15940,#15941);
#12922=AXIS2_PLACEMENT_3D('',#19518,#15942,#15943);
#12923=AXIS2_PLACEMENT_3D('',#19522,#15945,#15946);
#12924=AXIS2_PLACEMENT_3D('',#19523,#15947,#15948);
#12925=AXIS2_PLACEMENT_3D('',#19529,#15952,#15953);
#12926=AXIS2_PLACEMENT_3D('',#19530,#15954,#15955);
#12927=AXIS2_PLACEMENT_3D('',#19534,#15957,#15958);
#12928=AXIS2_PLACEMENT_3D('',#19535,#15959,#15960);
#12929=AXIS2_PLACEMENT_3D('',#19541,#15964,#15965);
#12930=AXIS2_PLACEMENT_3D('',#19542,#15966,#15967);
#12931=AXIS2_PLACEMENT_3D('',#19546,#15969,#15970);
#12932=AXIS2_PLACEMENT_3D('',#19547,#15971,#15972);
#12933=AXIS2_PLACEMENT_3D('',#19548,#15973,#15974);
#12934=AXIS2_PLACEMENT_3D('',#19553,#15976,#15977);
#12935=AXIS2_PLACEMENT_3D('',#19556,#15979,#15980);
#12936=AXIS2_PLACEMENT_3D('',#19562,#15984,#15985);
#12937=AXIS2_PLACEMENT_3D('',#19563,#15986,#15987);
#12938=AXIS2_PLACEMENT_3D('',#19567,#15989,#15990);
#12939=AXIS2_PLACEMENT_3D('',#19568,#15991,#15992);
#12940=AXIS2_PLACEMENT_3D('',#19574,#15996,#15997);
#12941=AXIS2_PLACEMENT_3D('',#19575,#15998,#15999);
#12942=AXIS2_PLACEMENT_3D('',#19579,#16001,#16002);
#12943=AXIS2_PLACEMENT_3D('',#19580,#16003,#16004);
#12944=AXIS2_PLACEMENT_3D('',#19586,#16008,#16009);
#12945=AXIS2_PLACEMENT_3D('',#19587,#16010,#16011);
#12946=AXIS2_PLACEMENT_3D('',#19591,#16013,#16014);
#12947=AXIS2_PLACEMENT_3D('',#19592,#16015,#16016);
#12948=AXIS2_PLACEMENT_3D('',#19593,#16017,#16018);
#12949=AXIS2_PLACEMENT_3D('',#19598,#16020,#16021);
#12950=AXIS2_PLACEMENT_3D('',#19601,#16023,#16024);
#12951=AXIS2_PLACEMENT_3D('',#19607,#16028,#16029);
#12952=AXIS2_PLACEMENT_3D('',#19608,#16030,#16031);
#12953=AXIS2_PLACEMENT_3D('',#19612,#16033,#16034);
#12954=AXIS2_PLACEMENT_3D('',#19613,#16035,#16036);
#12955=AXIS2_PLACEMENT_3D('',#19619,#16040,#16041);
#12956=AXIS2_PLACEMENT_3D('',#19620,#16042,#16043);
#12957=AXIS2_PLACEMENT_3D('',#19624,#16045,#16046);
#12958=AXIS2_PLACEMENT_3D('',#19625,#16047,#16048);
#12959=AXIS2_PLACEMENT_3D('',#19631,#16052,#16053);
#12960=AXIS2_PLACEMENT_3D('',#19632,#16054,#16055);
#12961=AXIS2_PLACEMENT_3D('',#19636,#16057,#16058);
#12962=AXIS2_PLACEMENT_3D('',#19637,#16059,#16060);
#12963=AXIS2_PLACEMENT_3D('',#19638,#16061,#16062);
#12964=AXIS2_PLACEMENT_3D('',#19643,#16064,#16065);
#12965=AXIS2_PLACEMENT_3D('',#19646,#16067,#16068);
#12966=AXIS2_PLACEMENT_3D('',#19652,#16072,#16073);
#12967=AXIS2_PLACEMENT_3D('',#19653,#16074,#16075);
#12968=AXIS2_PLACEMENT_3D('',#19657,#16077,#16078);
#12969=AXIS2_PLACEMENT_3D('',#19658,#16079,#16080);
#12970=AXIS2_PLACEMENT_3D('',#19664,#16084,#16085);
#12971=AXIS2_PLACEMENT_3D('',#19665,#16086,#16087);
#12972=AXIS2_PLACEMENT_3D('',#19669,#16089,#16090);
#12973=AXIS2_PLACEMENT_3D('',#19670,#16091,#16092);
#12974=AXIS2_PLACEMENT_3D('',#19676,#16096,#16097);
#12975=AXIS2_PLACEMENT_3D('',#19677,#16098,#16099);
#12976=AXIS2_PLACEMENT_3D('',#19681,#16101,#16102);
#12977=AXIS2_PLACEMENT_3D('',#19682,#16103,#16104);
#12978=AXIS2_PLACEMENT_3D('',#19683,#16105,#16106);
#12979=AXIS2_PLACEMENT_3D('',#19688,#16108,#16109);
#12980=AXIS2_PLACEMENT_3D('',#19691,#16111,#16112);
#12981=AXIS2_PLACEMENT_3D('',#19697,#16116,#16117);
#12982=AXIS2_PLACEMENT_3D('',#19698,#16118,#16119);
#12983=AXIS2_PLACEMENT_3D('',#19702,#16121,#16122);
#12984=AXIS2_PLACEMENT_3D('',#19703,#16123,#16124);
#12985=AXIS2_PLACEMENT_3D('',#19709,#16128,#16129);
#12986=AXIS2_PLACEMENT_3D('',#19710,#16130,#16131);
#12987=AXIS2_PLACEMENT_3D('',#19714,#16133,#16134);
#12988=AXIS2_PLACEMENT_3D('',#19715,#16135,#16136);
#12989=AXIS2_PLACEMENT_3D('',#19721,#16140,#16141);
#12990=AXIS2_PLACEMENT_3D('',#19722,#16142,#16143);
#12991=AXIS2_PLACEMENT_3D('',#19726,#16145,#16146);
#12992=AXIS2_PLACEMENT_3D('',#19727,#16147,#16148);
#12993=AXIS2_PLACEMENT_3D('',#19736,#16153,#16154);
#12994=AXIS2_PLACEMENT_3D('',#19737,#16155,#16156);
#12995=AXIS2_PLACEMENT_3D('',#19741,#16158,#16159);
#12996=AXIS2_PLACEMENT_3D('',#19742,#16160,#16161);
#12997=AXIS2_PLACEMENT_3D('',#19748,#16165,#16166);
#12998=AXIS2_PLACEMENT_3D('',#19749,#16167,#16168);
#12999=AXIS2_PLACEMENT_3D('',#19753,#16170,#16171);
#13000=AXIS2_PLACEMENT_3D('',#19754,#16172,#16173);
#13001=AXIS2_PLACEMENT_3D('',#19760,#16177,#16178);
#13002=AXIS2_PLACEMENT_3D('',#19761,#16179,#16180);
#13003=AXIS2_PLACEMENT_3D('',#19765,#16182,#16183);
#13004=AXIS2_PLACEMENT_3D('',#19766,#16184,#16185);
#13005=AXIS2_PLACEMENT_3D('',#19772,#16189,#16190);
#13006=AXIS2_PLACEMENT_3D('',#19781,#16195,#16196);
#13007=AXIS2_PLACEMENT_3D('',#19787,#16200,#16201);
#13008=AXIS2_PLACEMENT_3D('',#19793,#16205,#16206);
#13009=AXIS2_PLACEMENT_3D('',#19799,#16210,#16211);
#13010=AXIS2_PLACEMENT_3D('',#19805,#16215,#16216);
#13011=AXIS2_PLACEMENT_3D('',#19811,#16220,#16221);
#13012=AXIS2_PLACEMENT_3D('',#19817,#16225,#16226);
#13013=AXIS2_PLACEMENT_3D('',#19823,#16230,#16231);
#13014=AXIS2_PLACEMENT_3D('',#19829,#16235,#16236);
#13015=AXIS2_PLACEMENT_3D('',#19835,#16240,#16241);
#13016=AXIS2_PLACEMENT_3D('',#19841,#16245,#16246);
#13017=AXIS2_PLACEMENT_3D('',#19842,#16247,#16248);
#13018=AXIS2_PLACEMENT_3D('',#19846,#16250,#16251);
#13019=AXIS2_PLACEMENT_3D('',#19847,#16252,#16253);
#13020=AXIS2_PLACEMENT_3D('',#19848,#16254,#16255);
#13021=AXIS2_PLACEMENT_3D('',#19852,#16257,#16258);
#13022=AXIS2_PLACEMENT_3D('',#19853,#16259,#16260);
#13023=AXIS2_PLACEMENT_3D('',#19854,#16261,#16262);
#13024=AXIS2_PLACEMENT_3D('',#19858,#16264,#16265);
#13025=AXIS2_PLACEMENT_3D('',#19859,#16266,#16267);
#13026=AXIS2_PLACEMENT_3D('',#19860,#16268,#16269);
#13027=AXIS2_PLACEMENT_3D('',#19864,#16271,#16272);
#13028=AXIS2_PLACEMENT_3D('',#19865,#16273,#16274);
#13029=AXIS2_PLACEMENT_3D('',#19871,#16278,#16279);
#13030=AXIS2_PLACEMENT_3D('',#19877,#16283,#16284);
#13031=AXIS2_PLACEMENT_3D('',#19883,#16288,#16289);
#13032=AXIS2_PLACEMENT_3D('',#19889,#16293,#16294);
#13033=AXIS2_PLACEMENT_3D('',#19890,#16295,#16296);
#13034=AXIS2_PLACEMENT_3D('',#19894,#16298,#16299);
#13035=AXIS2_PLACEMENT_3D('',#19895,#16300,#16301);
#13036=AXIS2_PLACEMENT_3D('',#19901,#16305,#16306);
#13037=AXIS2_PLACEMENT_3D('',#19902,#16307,#16308);
#13038=AXIS2_PLACEMENT_3D('',#19906,#16310,#16311);
#13039=AXIS2_PLACEMENT_3D('',#19907,#16312,#16313);
#13040=AXIS2_PLACEMENT_3D('',#19913,#16317,#16318);
#13041=AXIS2_PLACEMENT_3D('',#19919,#16322,#16323);
#13042=AXIS2_PLACEMENT_3D('',#19922,#16326,#16327);
#13043=AXIS2_PLACEMENT_3D('',#19925,#16330,#16331);
#13044=AXIS2_PLACEMENT_3D('',#19928,#16334,#16335);
#13045=AXIS2_PLACEMENT_3D('',#19931,#16338,#16339);
#13046=AXIS2_PLACEMENT_3D('',#19934,#16342,#16343);
#13047=AXIS2_PLACEMENT_3D('',#19937,#16346,#16347);
#13048=AXIS2_PLACEMENT_3D('',#19940,#16350,#16351);
#13049=AXIS2_PLACEMENT_3D('',#19943,#16354,#16355);
#13050=AXIS2_PLACEMENT_3D('',#19946,#16358,#16359);
#13051=AXIS2_PLACEMENT_3D('',#19949,#16362,#16363);
#13052=AXIS2_PLACEMENT_3D('',#19952,#16366,#16367);
#13053=AXIS2_PLACEMENT_3D('',#19955,#16370,#16371);
#13054=AXIS2_PLACEMENT_3D('',#19958,#16374,#16375);
#13055=AXIS2_PLACEMENT_3D('',#19961,#16378,#16379);
#13056=AXIS2_PLACEMENT_3D('',#19964,#16382,#16383);
#13057=AXIS2_PLACEMENT_3D('',#19967,#16386,#16387);
#13058=AXIS2_PLACEMENT_3D('',#19970,#16390,#16391);
#13059=AXIS2_PLACEMENT_3D('',#19973,#16394,#16395);
#13060=AXIS2_PLACEMENT_3D('',#19976,#16398,#16399);
#13061=AXIS2_PLACEMENT_3D('',#19979,#16402,#16403);
#13062=AXIS2_PLACEMENT_3D('',#19982,#16406,#16407);
#13063=AXIS2_PLACEMENT_3D('',#19985,#16410,#16411);
#13064=AXIS2_PLACEMENT_3D('',#19988,#16414,#16415);
#13065=AXIS2_PLACEMENT_3D('',#19989,#16416,#16417);
#13066=AXIS2_PLACEMENT_3D('',#19990,#16418,#16419);
#13067=AXIS2_PLACEMENT_3D('',#19991,#16420,#16421);
#13068=AXIS2_PLACEMENT_3D('',#19992,#16422,#16423);
#13069=AXIS2_PLACEMENT_3D('',#19993,#16424,#16425);
#13070=AXIS2_PLACEMENT_3D('',#19994,#16426,#16427);
#13071=AXIS2_PLACEMENT_3D('',#19997,#16430,#16431);
#13072=AXIS2_PLACEMENT_3D('',#19998,#16432,#16433);
#13073=AXIS2_PLACEMENT_3D('',#19999,#16434,#16435);
#13074=AXIS2_PLACEMENT_3D('',#20000,#16436,#16437);
#13075=AXIS2_PLACEMENT_3D('',#20003,#16440,#16441);
#13076=AXIS2_PLACEMENT_3D('',#20006,#16444,#16445);
#13077=AXIS2_PLACEMENT_3D('',#20009,#16448,#16449);
#13078=AXIS2_PLACEMENT_3D('',#20012,#16452,#16453);
#13079=AXIS2_PLACEMENT_3D('',#20015,#16456,#16457);
#13080=AXIS2_PLACEMENT_3D('',#20018,#16460,#16461);
#13081=AXIS2_PLACEMENT_3D('',#20021,#16464,#16465);
#13082=AXIS2_PLACEMENT_3D('',#20022,#16466,#16467);
#13083=AXIS2_PLACEMENT_3D('',#20023,#16468,#16469);
#13084=AXIS2_PLACEMENT_3D('',#20024,#16470,#16471);
#13085=AXIS2_PLACEMENT_3D('',#20027,#16474,#16475);
#13086=AXIS2_PLACEMENT_3D('',#20028,#16476,#16477);
#13087=AXIS2_PLACEMENT_3D('',#20029,#16478,#16479);
#13088=AXIS2_PLACEMENT_3D('',#20030,#16480,#16481);
#13089=AXIS2_PLACEMENT_3D('',#20031,#16482,#16483);
#13090=AXIS2_PLACEMENT_3D('',#20032,#16484,#16485);
#13091=AXIS2_PLACEMENT_3D('',#20033,#16486,#16487);
#13092=AXIS2_PLACEMENT_3D('',#20036,#16490,#16491);
#13093=AXIS2_PLACEMENT_3D('',#20039,#16494,#16495);
#13094=AXIS2_PLACEMENT_3D('',#20042,#16498,#16499);
#13095=AXIS2_PLACEMENT_3D('',#20045,#16502,#16503);
#13096=AXIS2_PLACEMENT_3D('',#20048,#16506,#16507);
#13097=AXIS2_PLACEMENT_3D('',#20049,#16508,#16509);
#13098=AXIS2_PLACEMENT_3D('',#20050,#16510,#16511);
#13099=AXIS2_PLACEMENT_3D('',#20051,#16512,#16513);
#13100=AXIS2_PLACEMENT_3D('',#20054,#16516,#16517);
#13101=AXIS2_PLACEMENT_3D('',#20057,#16520,#16521);
#13102=AXIS2_PLACEMENT_3D('',#20060,#16524,#16525);
#13103=AXIS2_PLACEMENT_3D('',#20063,#16528,#16529);
#13104=AXIS2_PLACEMENT_3D('',#20066,#16532,#16533);
#13105=AXIS2_PLACEMENT_3D('',#20069,#16536,#16537);
#13106=AXIS2_PLACEMENT_3D('',#20072,#16540,#16541);
#13107=AXIS2_PLACEMENT_3D('',#20073,#16542,#16543);
#13108=AXIS2_PLACEMENT_3D('',#20074,#16544,#16545);
#13109=AXIS2_PLACEMENT_3D('',#20075,#16546,#16547);
#13110=AXIS2_PLACEMENT_3D('',#20076,#16548,#16549);
#13111=AXIS2_PLACEMENT_3D('',#20077,#16550,#16551);
#13112=AXIS2_PLACEMENT_3D('',#20078,#16552,#16553);
#13113=AXIS2_PLACEMENT_3D('',#20081,#16556,#16557);
#13114=AXIS2_PLACEMENT_3D('',#20084,#16560,#16561);
#13115=AXIS2_PLACEMENT_3D('',#20087,#16564,#16565);
#13116=AXIS2_PLACEMENT_3D('',#20090,#16568,#16569);
#13117=AXIS2_PLACEMENT_3D('',#20091,#16570,#16571);
#13118=AXIS2_PLACEMENT_3D('',#20092,#16572,#16573);
#13119=AXIS2_PLACEMENT_3D('',#20093,#16574,#16575);
#13120=AXIS2_PLACEMENT_3D('',#20096,#16578,#16579);
#13121=AXIS2_PLACEMENT_3D('',#20097,#16580,#16581);
#13122=AXIS2_PLACEMENT_3D('',#20098,#16582,#16583);
#13123=AXIS2_PLACEMENT_3D('',#20099,#16584,#16585);
#13124=AXIS2_PLACEMENT_3D('',#20102,#16588,#16589);
#13125=AXIS2_PLACEMENT_3D('',#20105,#16592,#16593);
#13126=AXIS2_PLACEMENT_3D('',#20108,#16596,#16597);
#13127=AXIS2_PLACEMENT_3D('',#20111,#16600,#16601);
#13128=AXIS2_PLACEMENT_3D('',#20114,#16604,#16605);
#13129=AXIS2_PLACEMENT_3D('',#20117,#16608,#16609);
#13130=AXIS2_PLACEMENT_3D('',#20120,#16612,#16613);
#13131=AXIS2_PLACEMENT_3D('',#20121,#16614,#16615);
#13132=AXIS2_PLACEMENT_3D('',#20122,#16616,#16617);
#13133=AXIS2_PLACEMENT_3D('',#20123,#16618,#16619);
#13134=AXIS2_PLACEMENT_3D('',#20126,#16622,#16623);
#13135=AXIS2_PLACEMENT_3D('',#20129,#16626,#16627);
#13136=AXIS2_PLACEMENT_3D('',#20130,#16628,#16629);
#13137=DIRECTION('',(0.,0.,1.));
#13138=DIRECTION('',(1.,0.,0.));
#13139=DIRECTION('',(0.,0.,-1.));
#13140=DIRECTION('',(-1.,0.,0.));
#13141=DIRECTION('',(0.,0.,1.));
#13142=DIRECTION('',(1.,0.,0.));
#13143=DIRECTION('',(0.,0.,-1.));
#13144=DIRECTION('',(0.,0.,1.));
#13145=DIRECTION('',(1.,0.,0.));
#13146=DIRECTION('',(0.,0.,-1.));
#13147=DIRECTION('',(1.,0.,0.));
#13148=DIRECTION('',(0.,0.,-1.));
#13149=DIRECTION('',(0.,-1.,0.));
#13150=DIRECTION('',(0.,0.,-1.));
#13151=DIRECTION('',(0.,-1.,0.));
#13152=DIRECTION('',(0.,0.,-1.));
#13153=DIRECTION('',(-1.,0.,0.));
#13154=DIRECTION('',(0.,0.,1.));
#13155=DIRECTION('',(1.,0.,0.));
#13156=DIRECTION('',(0.,0.,-1.));
#13157=DIRECTION('',(0.,0.,1.));
#13158=DIRECTION('',(1.,0.,0.));
#13159=DIRECTION('',(0.,1.,0.));
#13160=DIRECTION('',(0.,0.,1.));
#13161=DIRECTION('',(1.,0.,0.));
#13162=DIRECTION('',(0.,0.,-1.));
#13163=DIRECTION('',(1.,0.,0.));
#13164=DIRECTION('',(0.,0.,-1.));
#13165=DIRECTION('',(-1.,0.,0.));
#13166=DIRECTION('',(0.,0.,1.));
#13167=DIRECTION('',(1.,0.,0.));
#13168=DIRECTION('',(0.,0.,-1.));
#13169=DIRECTION('',(0.,0.,1.));
#13170=DIRECTION('',(1.,0.,0.));
#13171=DIRECTION('',(1.,0.,0.));
#13172=DIRECTION('',(0.,0.,-1.));
#13173=DIRECTION('',(0.,-1.,0.));
#13174=DIRECTION('',(0.,0.,-1.));
#13175=DIRECTION('',(0.,-1.,0.));
#13176=DIRECTION('',(0.,0.,-1.));
#13177=DIRECTION('',(-1.,0.,0.));
#13178=DIRECTION('',(0.,0.,1.));
#13179=DIRECTION('',(1.,0.,0.));
#13180=DIRECTION('',(0.,0.,-1.));
#13181=DIRECTION('',(0.,0.,1.));
#13182=DIRECTION('',(1.,0.,0.));
#13183=DIRECTION('',(0.,0.,-1.));
#13184=DIRECTION('',(-1.,0.,0.));
#13185=DIRECTION('',(0.,0.,1.));
#13186=DIRECTION('',(1.,0.,0.));
#13187=DIRECTION('',(0.,0.,-1.));
#13188=DIRECTION('',(0.,0.,1.));
#13189=DIRECTION('',(1.,0.,0.));
#13190=DIRECTION('',(0.,0.,-1.));
#13191=DIRECTION('',(0.,1.,0.));
#13192=DIRECTION('',(0.,0.,1.));
#13193=DIRECTION('',(1.,0.,0.));
#13194=DIRECTION('',(0.,0.,-1.));
#13195=DIRECTION('',(1.,0.,0.));
#13196=DIRECTION('',(0.,0.,-1.));
#13197=DIRECTION('',(-1.,0.,0.));
#13198=DIRECTION('',(0.,0.,1.));
#13199=DIRECTION('',(1.,0.,0.));
#13200=DIRECTION('',(0.,0.,-1.));
#13201=DIRECTION('',(0.,0.,1.));
#13202=DIRECTION('',(1.,0.,0.));
#13203=DIRECTION('',(1.,0.,0.));
#13204=DIRECTION('',(0.,0.,-1.));
#13205=DIRECTION('',(0.,-1.,0.));
#13206=DIRECTION('',(0.,0.,-1.));
#13207=DIRECTION('',(0.,-1.,0.));
#13208=DIRECTION('',(0.,0.,-1.));
#13209=DIRECTION('',(-1.,0.,0.));
#13210=DIRECTION('',(0.,0.,1.));
#13211=DIRECTION('',(1.,0.,0.));
#13212=DIRECTION('',(0.,0.,-1.));
#13213=DIRECTION('',(0.,0.,1.));
#13214=DIRECTION('',(1.,0.,0.));
#13215=DIRECTION('',(0.,1.,0.));
#13216=DIRECTION('',(0.,0.,1.));
#13217=DIRECTION('',(1.,0.,0.));
#13218=DIRECTION('',(0.,0.,-1.));
#13219=DIRECTION('',(1.,0.,0.));
#13220=DIRECTION('',(0.,0.,-1.));
#13221=DIRECTION('',(-1.,0.,0.));
#13222=DIRECTION('',(0.,0.,1.));
#13223=DIRECTION('',(1.,0.,0.));
#13224=DIRECTION('',(0.,0.,-1.));
#13225=DIRECTION('',(0.,0.,1.));
#13226=DIRECTION('',(1.,0.,0.));
#13227=DIRECTION('',(0.,0.,-1.));
#13228=DIRECTION('',(-1.,0.,0.));
#13229=DIRECTION('',(0.,0.,1.));
#13230=DIRECTION('',(1.,0.,0.));
#13231=DIRECTION('',(0.,0.,-1.));
#13232=DIRECTION('',(0.,0.,1.));
#13233=DIRECTION('',(1.,0.,0.));
#13234=DIRECTION('',(0.,0.,-1.));
#13235=DIRECTION('',(1.,0.,0.));
#13236=DIRECTION('',(0.,0.,-1.));
#13237=DIRECTION('',(0.,-1.,0.));
#13238=DIRECTION('',(0.,0.,-1.));
#13239=DIRECTION('',(0.,-1.,0.));
#13240=DIRECTION('',(0.,0.,-1.));
#13241=DIRECTION('',(-1.,0.,0.));
#13242=DIRECTION('',(0.,0.,1.));
#13243=DIRECTION('',(1.,0.,0.));
#13244=DIRECTION('',(0.,0.,-1.));
#13245=DIRECTION('',(0.,0.,1.));
#13246=DIRECTION('',(1.,0.,0.));
#13247=DIRECTION('',(0.,1.,0.));
#13248=DIRECTION('',(0.,0.,1.));
#13249=DIRECTION('',(1.,0.,0.));
#13250=DIRECTION('',(0.,0.,-1.));
#13251=DIRECTION('',(1.,0.,0.));
#13252=DIRECTION('',(0.,0.,-1.));
#13253=DIRECTION('',(-1.,0.,0.));
#13254=DIRECTION('',(0.,0.,1.));
#13255=DIRECTION('',(1.,0.,0.));
#13256=DIRECTION('',(0.,0.,-1.));
#13257=DIRECTION('',(0.,0.,1.));
#13258=DIRECTION('',(1.,0.,0.));
#13259=DIRECTION('',(1.,0.,0.));
#13260=DIRECTION('',(0.,0.,-1.));
#13261=DIRECTION('',(0.,-1.,0.));
#13262=DIRECTION('',(0.,0.,-1.));
#13263=DIRECTION('',(0.,-1.,0.));
#13264=DIRECTION('',(0.,0.,-1.));
#13265=DIRECTION('',(-1.,0.,0.));
#13266=DIRECTION('',(0.,0.,1.));
#13267=DIRECTION('',(1.,0.,0.));
#13268=DIRECTION('',(0.,0.,-1.));
#13269=DIRECTION('',(0.,0.,1.));
#13270=DIRECTION('',(1.,0.,0.));
#13271=DIRECTION('',(0.,0.,-1.));
#13272=DIRECTION('',(-1.,0.,0.));
#13273=DIRECTION('',(0.,0.,1.));
#13274=DIRECTION('',(1.,0.,0.));
#13275=DIRECTION('',(0.,0.,-1.));
#13276=DIRECTION('',(0.,0.,1.));
#13277=DIRECTION('',(1.,0.,0.));
#13278=DIRECTION('',(0.,0.,-1.));
#13279=DIRECTION('',(0.,1.,0.));
#13280=DIRECTION('',(0.,0.,1.));
#13281=DIRECTION('',(1.,0.,0.));
#13282=DIRECTION('',(0.,0.,-1.));
#13283=DIRECTION('',(1.,0.,0.));
#13284=DIRECTION('',(0.,0.,-1.));
#13285=DIRECTION('',(-1.,0.,0.));
#13286=DIRECTION('',(0.,0.,1.));
#13287=DIRECTION('',(1.,0.,0.));
#13288=DIRECTION('',(0.,0.,-1.));
#13289=DIRECTION('',(0.,0.,1.));
#13290=DIRECTION('',(1.,0.,0.));
#13291=DIRECTION('',(1.,0.,0.));
#13292=DIRECTION('',(0.,0.,-1.));
#13293=DIRECTION('',(0.,-1.,0.));
#13294=DIRECTION('',(0.,0.,-1.));
#13295=DIRECTION('',(0.,-1.,0.));
#13296=DIRECTION('',(0.,0.,-1.));
#13297=DIRECTION('',(-1.,0.,0.));
#13298=DIRECTION('',(0.,0.,1.));
#13299=DIRECTION('',(1.,0.,0.));
#13300=DIRECTION('',(0.,0.,-1.));
#13301=DIRECTION('',(0.,0.,1.));
#13302=DIRECTION('',(1.,0.,0.));
#13303=DIRECTION('',(0.,1.,0.));
#13304=DIRECTION('',(0.,0.,1.));
#13305=DIRECTION('',(1.,0.,0.));
#13306=DIRECTION('',(0.,0.,-1.));
#13307=DIRECTION('',(1.,0.,0.));
#13308=DIRECTION('',(0.,0.,-1.));
#13309=DIRECTION('',(-1.,0.,0.));
#13310=DIRECTION('',(0.,0.,1.));
#13311=DIRECTION('',(1.,0.,0.));
#13312=DIRECTION('',(0.,0.,-1.));
#13313=DIRECTION('',(0.,0.,1.));
#13314=DIRECTION('',(1.,0.,0.));
#13315=DIRECTION('',(0.,0.,-1.));
#13316=DIRECTION('',(-1.,0.,0.));
#13317=DIRECTION('',(0.,0.,1.));
#13318=DIRECTION('',(1.,0.,0.));
#13319=DIRECTION('',(0.,0.,-1.));
#13320=DIRECTION('',(0.,0.,1.));
#13321=DIRECTION('',(1.,0.,0.));
#13322=DIRECTION('',(0.,0.,-1.));
#13323=DIRECTION('',(1.,0.,0.));
#13324=DIRECTION('',(0.,0.,-1.));
#13325=DIRECTION('',(0.,-1.,0.));
#13326=DIRECTION('',(0.,0.,-1.));
#13327=DIRECTION('',(0.,-1.,0.));
#13328=DIRECTION('',(0.,0.,-1.));
#13329=DIRECTION('',(-1.,0.,0.));
#13330=DIRECTION('',(0.,0.,1.));
#13331=DIRECTION('',(1.,0.,0.));
#13332=DIRECTION('',(0.,0.,-1.));
#13333=DIRECTION('',(0.,0.,1.));
#13334=DIRECTION('',(1.,0.,0.));
#13335=DIRECTION('',(0.,1.,0.));
#13336=DIRECTION('',(0.,0.,1.));
#13337=DIRECTION('',(1.,0.,0.));
#13338=DIRECTION('',(0.,0.,-1.));
#13339=DIRECTION('',(1.,0.,0.));
#13340=DIRECTION('',(0.,0.,-1.));
#13341=DIRECTION('',(-1.,0.,0.));
#13342=DIRECTION('',(0.,0.,1.));
#13343=DIRECTION('',(1.,0.,0.));
#13344=DIRECTION('',(0.,0.,-1.));
#13345=DIRECTION('',(0.,0.,1.));
#13346=DIRECTION('',(1.,0.,0.));
#13347=DIRECTION('',(1.,0.,0.));
#13348=DIRECTION('',(0.,0.,-1.));
#13349=DIRECTION('',(0.,-1.,0.));
#13350=DIRECTION('',(0.,0.,-1.));
#13351=DIRECTION('',(0.,-1.,0.));
#13352=DIRECTION('',(0.,0.,-1.));
#13353=DIRECTION('',(-1.,0.,0.));
#13354=DIRECTION('',(0.,0.,1.));
#13355=DIRECTION('',(1.,0.,0.));
#13356=DIRECTION('',(0.,0.,-1.));
#13357=DIRECTION('',(0.,0.,1.));
#13358=DIRECTION('',(1.,0.,0.));
#13359=DIRECTION('',(0.,0.,-1.));
#13360=DIRECTION('',(-1.,0.,0.));
#13361=DIRECTION('',(0.,0.,1.));
#13362=DIRECTION('',(1.,0.,0.));
#13363=DIRECTION('',(0.,0.,-1.));
#13364=DIRECTION('',(0.,0.,1.));
#13365=DIRECTION('',(1.,0.,0.));
#13366=DIRECTION('',(0.,0.,-1.));
#13367=DIRECTION('',(0.,1.,0.));
#13368=DIRECTION('',(0.,0.,1.));
#13369=DIRECTION('',(1.,0.,0.));
#13370=DIRECTION('',(0.,0.,-1.));
#13371=DIRECTION('',(1.,0.,0.));
#13372=DIRECTION('',(0.,0.,-1.));
#13373=DIRECTION('',(-1.,0.,0.));
#13374=DIRECTION('',(0.,0.,1.));
#13375=DIRECTION('',(1.,0.,0.));
#13376=DIRECTION('',(0.,0.,-1.));
#13377=DIRECTION('',(0.,0.,1.));
#13378=DIRECTION('',(1.,0.,0.));
#13379=DIRECTION('',(1.,0.,0.));
#13380=DIRECTION('',(0.,0.,-1.));
#13381=DIRECTION('',(0.,-1.,0.));
#13382=DIRECTION('',(0.,0.,-1.));
#13383=DIRECTION('',(0.,-1.,0.));
#13384=DIRECTION('',(0.,0.,-1.));
#13385=DIRECTION('',(-1.,0.,0.));
#13386=DIRECTION('',(0.,0.,1.));
#13387=DIRECTION('',(1.,0.,0.));
#13388=DIRECTION('',(0.,0.,-1.));
#13389=DIRECTION('',(0.,0.,1.));
#13390=DIRECTION('',(1.,0.,0.));
#13391=DIRECTION('',(0.,1.,0.));
#13392=DIRECTION('',(0.,0.,1.));
#13393=DIRECTION('',(1.,0.,0.));
#13394=DIRECTION('',(0.,0.,-1.));
#13395=DIRECTION('',(1.,0.,0.));
#13396=DIRECTION('',(0.,0.,-1.));
#13397=DIRECTION('',(-1.,0.,0.));
#13398=DIRECTION('',(0.,0.,1.));
#13399=DIRECTION('',(1.,0.,0.));
#13400=DIRECTION('',(0.,0.,-1.));
#13401=DIRECTION('',(0.,0.,1.));
#13402=DIRECTION('',(1.,0.,0.));
#13403=DIRECTION('',(0.,0.,-1.));
#13404=DIRECTION('',(-1.,0.,0.));
#13405=DIRECTION('',(0.,0.,1.));
#13406=DIRECTION('',(1.,0.,0.));
#13407=DIRECTION('',(0.,0.,-1.));
#13408=DIRECTION('',(0.,0.,1.));
#13409=DIRECTION('',(1.,0.,0.));
#13410=DIRECTION('',(0.,0.,-1.));
#13411=DIRECTION('',(1.,0.,0.));
#13412=DIRECTION('',(0.,0.,-1.));
#13413=DIRECTION('',(0.,-1.,0.));
#13414=DIRECTION('',(0.,0.,-1.));
#13415=DIRECTION('',(0.,-1.,0.));
#13416=DIRECTION('',(0.,0.,-1.));
#13417=DIRECTION('',(-1.,0.,0.));
#13418=DIRECTION('',(0.,0.,1.));
#13419=DIRECTION('',(1.,0.,0.));
#13420=DIRECTION('',(0.,0.,-1.));
#13421=DIRECTION('',(0.,0.,1.));
#13422=DIRECTION('',(1.,0.,0.));
#13423=DIRECTION('',(0.,1.,0.));
#13424=DIRECTION('',(0.,0.,1.));
#13425=DIRECTION('',(1.,0.,0.));
#13426=DIRECTION('',(0.,0.,-1.));
#13427=DIRECTION('',(1.,0.,0.));
#13428=DIRECTION('',(0.,0.,-1.));
#13429=DIRECTION('',(-1.,0.,0.));
#13430=DIRECTION('',(0.,0.,1.));
#13431=DIRECTION('',(1.,0.,0.));
#13432=DIRECTION('',(0.,0.,-1.));
#13433=DIRECTION('',(0.,0.,1.));
#13434=DIRECTION('',(1.,0.,0.));
#13435=DIRECTION('',(1.,0.,0.));
#13436=DIRECTION('',(0.,0.,-1.));
#13437=DIRECTION('',(0.,-1.,0.));
#13438=DIRECTION('',(0.,0.,-1.));
#13439=DIRECTION('',(0.,-1.,0.));
#13440=DIRECTION('',(0.,0.,-1.));
#13441=DIRECTION('',(-1.,0.,0.));
#13442=DIRECTION('',(0.,0.,1.));
#13443=DIRECTION('',(1.,0.,0.));
#13444=DIRECTION('',(0.,0.,-1.));
#13445=DIRECTION('',(0.,0.,1.));
#13446=DIRECTION('',(1.,0.,0.));
#13447=DIRECTION('',(0.,0.,-1.));
#13448=DIRECTION('',(-1.,0.,0.));
#13449=DIRECTION('',(0.,0.,1.));
#13450=DIRECTION('',(1.,0.,0.));
#13451=DIRECTION('',(0.,0.,-1.));
#13452=DIRECTION('',(0.,0.,1.));
#13453=DIRECTION('',(1.,0.,0.));
#13454=DIRECTION('',(0.,0.,-1.));
#13455=DIRECTION('',(0.,1.,0.));
#13456=DIRECTION('',(0.,0.,1.));
#13457=DIRECTION('',(1.,0.,0.));
#13458=DIRECTION('',(0.,0.,-1.));
#13459=DIRECTION('',(1.,0.,0.));
#13460=DIRECTION('',(0.,0.,-1.));
#13461=DIRECTION('',(-1.,0.,0.));
#13462=DIRECTION('',(0.,0.,1.));
#13463=DIRECTION('',(1.,0.,0.));
#13464=DIRECTION('',(0.,0.,-1.));
#13465=DIRECTION('',(0.,0.,1.));
#13466=DIRECTION('',(1.,0.,0.));
#13467=DIRECTION('',(1.,0.,0.));
#13468=DIRECTION('',(0.,0.,-1.));
#13469=DIRECTION('',(0.,-1.,0.));
#13470=DIRECTION('',(0.,0.,-1.));
#13471=DIRECTION('',(0.,-1.,0.));
#13472=DIRECTION('',(0.,0.,-1.));
#13473=DIRECTION('',(-1.,0.,0.));
#13474=DIRECTION('',(0.,0.,1.));
#13475=DIRECTION('',(1.,0.,0.));
#13476=DIRECTION('',(0.,0.,-1.));
#13477=DIRECTION('',(0.,0.,1.));
#13478=DIRECTION('',(1.,0.,0.));
#13479=DIRECTION('',(0.,1.,0.));
#13480=DIRECTION('',(0.,0.,1.));
#13481=DIRECTION('',(1.,0.,0.));
#13482=DIRECTION('',(0.,0.,-1.));
#13483=DIRECTION('',(1.,0.,0.));
#13484=DIRECTION('',(0.,0.,-1.));
#13485=DIRECTION('',(-1.,0.,0.));
#13486=DIRECTION('',(0.,0.,1.));
#13487=DIRECTION('',(1.,0.,0.));
#13488=DIRECTION('',(0.,0.,-1.));
#13489=DIRECTION('',(0.,0.,1.));
#13490=DIRECTION('',(1.,0.,0.));
#13491=DIRECTION('',(0.,0.,-1.));
#13492=DIRECTION('',(-1.,0.,0.));
#13493=DIRECTION('',(0.,0.,1.));
#13494=DIRECTION('',(1.,0.,0.));
#13495=DIRECTION('',(0.,0.,-1.));
#13496=DIRECTION('',(0.,0.,1.));
#13497=DIRECTION('',(1.,0.,0.));
#13498=DIRECTION('',(0.,0.,-1.));
#13499=DIRECTION('',(0.,-1.,0.));
#13500=DIRECTION('',(0.,0.,-1.));
#13501=DIRECTION('',(-1.,0.,0.));
#13502=DIRECTION('',(0.,0.,-1.));
#13503=DIRECTION('',(-1.,0.,0.));
#13504=DIRECTION('',(0.,0.,-1.));
#13505=DIRECTION('',(-1.,0.,0.));
#13506=DIRECTION('',(0.,0.,1.));
#13507=DIRECTION('',(1.,0.,0.));
#13508=DIRECTION('',(0.,0.,-1.));
#13509=DIRECTION('',(0.,0.,1.));
#13510=DIRECTION('',(1.,0.,0.));
#13511=DIRECTION('',(1.,0.,0.));
#13512=DIRECTION('',(0.,0.,-1.));
#13513=DIRECTION('',(0.,-1.,0.));
#13514=DIRECTION('',(0.,0.,-1.));
#13515=DIRECTION('',(0.,-1.,0.));
#13516=DIRECTION('',(0.,0.,-1.));
#13517=DIRECTION('',(-1.,0.,0.));
#13518=DIRECTION('',(0.,0.,1.));
#13519=DIRECTION('',(1.,0.,0.));
#13520=DIRECTION('',(0.,0.,-1.));
#13521=DIRECTION('',(0.,0.,1.));
#13522=DIRECTION('',(1.,0.,0.));
#13523=DIRECTION('',(0.,-1.,0.));
#13524=DIRECTION('',(0.,0.,-1.));
#13525=DIRECTION('',(-1.,0.,0.));
#13526=DIRECTION('',(0.,0.,-1.));
#13527=DIRECTION('',(-1.,0.,0.));
#13528=DIRECTION('',(0.,0.,-1.));
#13529=DIRECTION('',(-1.,0.,0.));
#13530=DIRECTION('',(0.,0.,1.));
#13531=DIRECTION('',(1.,0.,0.));
#13532=DIRECTION('',(0.,0.,-1.));
#13533=DIRECTION('',(0.,0.,1.));
#13534=DIRECTION('',(1.,0.,0.));
#13535=DIRECTION('',(0.,0.,-1.));
#13536=DIRECTION('',(-1.,0.,0.));
#13537=DIRECTION('',(0.,0.,1.));
#13538=DIRECTION('',(1.,0.,0.));
#13539=DIRECTION('',(0.,0.,-1.));
#13540=DIRECTION('',(0.,0.,1.));
#13541=DIRECTION('',(1.,0.,0.));
#13542=DIRECTION('',(0.,0.,-1.));
#13543=DIRECTION('',(1.,0.,0.));
#13544=DIRECTION('',(0.,0.,-1.));
#13545=DIRECTION('',(0.,-1.,0.));
#13546=DIRECTION('',(0.,0.,-1.));
#13547=DIRECTION('',(0.,-1.,0.));
#13548=DIRECTION('',(0.,0.,-1.));
#13549=DIRECTION('',(-1.,0.,0.));
#13550=DIRECTION('',(0.,0.,1.));
#13551=DIRECTION('',(1.,0.,0.));
#13552=DIRECTION('',(0.,0.,-1.));
#13553=DIRECTION('',(0.,0.,1.));
#13554=DIRECTION('',(1.,0.,0.));
#13555=DIRECTION('',(0.,1.,0.));
#13556=DIRECTION('',(0.,0.,1.));
#13557=DIRECTION('',(1.,0.,0.));
#13558=DIRECTION('',(0.,0.,-1.));
#13559=DIRECTION('',(1.,0.,0.));
#13560=DIRECTION('',(0.,0.,-1.));
#13561=DIRECTION('',(-1.,0.,0.));
#13562=DIRECTION('',(0.,0.,1.));
#13563=DIRECTION('',(1.,0.,0.));
#13564=DIRECTION('',(0.,0.,-1.));
#13565=DIRECTION('',(0.,0.,1.));
#13566=DIRECTION('',(1.,0.,0.));
#13567=DIRECTION('',(1.,0.,0.));
#13568=DIRECTION('',(0.,0.,-1.));
#13569=DIRECTION('',(0.,-1.,0.));
#13570=DIRECTION('',(0.,0.,-1.));
#13571=DIRECTION('',(0.,-1.,0.));
#13572=DIRECTION('',(0.,0.,-1.));
#13573=DIRECTION('',(-1.,0.,0.));
#13574=DIRECTION('',(0.,0.,1.));
#13575=DIRECTION('',(1.,0.,0.));
#13576=DIRECTION('',(0.,0.,-1.));
#13577=DIRECTION('',(0.,0.,1.));
#13578=DIRECTION('',(1.,0.,0.));
#13579=DIRECTION('',(0.,0.,-1.));
#13580=DIRECTION('',(-1.,0.,0.));
#13581=DIRECTION('',(0.,0.,1.));
#13582=DIRECTION('',(1.,0.,0.));
#13583=DIRECTION('',(0.,0.,-1.));
#13584=DIRECTION('',(0.,0.,1.));
#13585=DIRECTION('',(1.,0.,0.));
#13586=DIRECTION('',(0.,0.,-1.));
#13587=DIRECTION('',(1.,0.,0.));
#13588=DIRECTION('',(0.,0.,-1.));
#13589=DIRECTION('',(0.,-1.,0.));
#13590=DIRECTION('',(0.,0.,-1.));
#13591=DIRECTION('',(0.,-1.,0.));
#13592=DIRECTION('',(0.,0.,-1.));
#13593=DIRECTION('',(-1.,0.,0.));
#13594=DIRECTION('',(0.,0.,1.));
#13595=DIRECTION('',(1.,0.,0.));
#13596=DIRECTION('',(0.,0.,-1.));
#13597=DIRECTION('',(0.,0.,1.));
#13598=DIRECTION('',(1.,0.,0.));
#13599=DIRECTION('',(0.,1.,0.));
#13600=DIRECTION('',(0.,0.,1.));
#13601=DIRECTION('',(1.,0.,0.));
#13602=DIRECTION('',(0.,0.,-1.));
#13603=DIRECTION('',(1.,0.,0.));
#13604=DIRECTION('',(0.,0.,-1.));
#13605=DIRECTION('',(-1.,0.,0.));
#13606=DIRECTION('',(0.,0.,1.));
#13607=DIRECTION('',(1.,0.,0.));
#13608=DIRECTION('',(0.,0.,-1.));
#13609=DIRECTION('',(0.,0.,1.));
#13610=DIRECTION('',(1.,0.,0.));
#13611=DIRECTION('',(1.,0.,0.));
#13612=DIRECTION('',(0.,0.,-1.));
#13613=DIRECTION('',(0.,-1.,0.));
#13614=DIRECTION('',(0.,0.,-1.));
#13615=DIRECTION('',(0.,-1.,0.));
#13616=DIRECTION('',(0.,0.,-1.));
#13617=DIRECTION('',(-1.,0.,0.));
#13618=DIRECTION('',(0.,0.,1.));
#13619=DIRECTION('',(1.,0.,0.));
#13620=DIRECTION('',(0.,0.,-1.));
#13621=DIRECTION('',(0.,0.,1.));
#13622=DIRECTION('',(1.,0.,0.));
#13623=DIRECTION('',(0.,0.,-1.));
#13624=DIRECTION('',(-1.,0.,0.));
#13625=DIRECTION('',(0.,0.,1.));
#13626=DIRECTION('',(1.,0.,0.));
#13627=DIRECTION('',(0.,0.,-1.));
#13628=DIRECTION('',(0.,0.,1.));
#13629=DIRECTION('',(1.,0.,0.));
#13630=DIRECTION('',(0.,0.,-1.));
#13631=DIRECTION('',(0.,1.,0.));
#13632=DIRECTION('',(0.,0.,1.));
#13633=DIRECTION('',(1.,0.,0.));
#13634=DIRECTION('',(0.,0.,-1.));
#13635=DIRECTION('',(1.,0.,0.));
#13636=DIRECTION('',(0.,0.,-1.));
#13637=DIRECTION('',(-1.,0.,0.));
#13638=DIRECTION('',(0.,0.,1.));
#13639=DIRECTION('',(1.,0.,0.));
#13640=DIRECTION('',(0.,0.,-1.));
#13641=DIRECTION('',(0.,0.,1.));
#13642=DIRECTION('',(1.,0.,0.));
#13643=DIRECTION('',(1.,0.,0.));
#13644=DIRECTION('',(0.,0.,-1.));
#13645=DIRECTION('',(0.,-1.,0.));
#13646=DIRECTION('',(0.,0.,-1.));
#13647=DIRECTION('',(0.,-1.,0.));
#13648=DIRECTION('',(0.,0.,-1.));
#13649=DIRECTION('',(-1.,0.,0.));
#13650=DIRECTION('',(0.,0.,1.));
#13651=DIRECTION('',(1.,0.,0.));
#13652=DIRECTION('',(0.,0.,-1.));
#13653=DIRECTION('',(0.,0.,1.));
#13654=DIRECTION('',(1.,0.,0.));
#13655=DIRECTION('',(0.,1.,0.));
#13656=DIRECTION('',(0.,0.,1.));
#13657=DIRECTION('',(1.,0.,0.));
#13658=DIRECTION('',(0.,0.,-1.));
#13659=DIRECTION('',(1.,0.,0.));
#13660=DIRECTION('',(0.,0.,-1.));
#13661=DIRECTION('',(-1.,0.,0.));
#13662=DIRECTION('',(0.,0.,1.));
#13663=DIRECTION('',(1.,0.,0.));
#13664=DIRECTION('',(0.,0.,-1.));
#13665=DIRECTION('',(0.,0.,1.));
#13666=DIRECTION('',(1.,0.,0.));
#13667=DIRECTION('',(0.,0.,-1.));
#13668=DIRECTION('',(-1.,0.,0.));
#13669=DIRECTION('',(0.,0.,1.));
#13670=DIRECTION('',(1.,0.,0.));
#13671=DIRECTION('',(0.,0.,-1.));
#13672=DIRECTION('',(0.,0.,1.));
#13673=DIRECTION('',(1.,0.,0.));
#13674=DIRECTION('',(0.,0.,-1.));
#13675=DIRECTION('',(1.,0.,0.));
#13676=DIRECTION('',(0.,0.,-1.));
#13677=DIRECTION('',(0.,-1.,0.));
#13678=DIRECTION('',(0.,0.,-1.));
#13679=DIRECTION('',(0.,-1.,0.));
#13680=DIRECTION('',(0.,0.,-1.));
#13681=DIRECTION('',(-1.,0.,0.));
#13682=DIRECTION('',(0.,0.,1.));
#13683=DIRECTION('',(1.,0.,0.));
#13684=DIRECTION('',(0.,0.,-1.));
#13685=DIRECTION('',(0.,0.,1.));
#13686=DIRECTION('',(1.,0.,0.));
#13687=DIRECTION('',(0.,-1.,0.));
#13688=DIRECTION('',(0.,0.,-1.));
#13689=DIRECTION('',(-1.,0.,0.));
#13690=DIRECTION('',(0.,0.,-1.));
#13691=DIRECTION('',(-1.,0.,0.));
#13692=DIRECTION('',(0.,0.,-1.));
#13693=DIRECTION('',(-1.,0.,0.));
#13694=DIRECTION('',(0.,0.,1.));
#13695=DIRECTION('',(1.,0.,0.));
#13696=DIRECTION('',(0.,0.,-1.));
#13697=DIRECTION('',(0.,0.,1.));
#13698=DIRECTION('',(1.,0.,0.));
#13699=DIRECTION('',(1.,0.,0.));
#13700=DIRECTION('',(0.,0.,-1.));
#13701=DIRECTION('',(0.,-1.,0.));
#13702=DIRECTION('',(0.,0.,-1.));
#13703=DIRECTION('',(0.,-1.,0.));
#13704=DIRECTION('',(0.,0.,-1.));
#13705=DIRECTION('',(-1.,0.,0.));
#13706=DIRECTION('',(0.,0.,1.));
#13707=DIRECTION('',(1.,0.,0.));
#13708=DIRECTION('',(0.,0.,-1.));
#13709=DIRECTION('',(0.,0.,1.));
#13710=DIRECTION('',(1.,0.,0.));
#13711=DIRECTION('',(0.,0.,-1.));
#13712=DIRECTION('',(-1.,0.,0.));
#13713=DIRECTION('',(0.,0.,1.));
#13714=DIRECTION('',(1.,0.,0.));
#13715=DIRECTION('',(0.,0.,-1.));
#13716=DIRECTION('',(0.,0.,1.));
#13717=DIRECTION('',(1.,0.,0.));
#13718=DIRECTION('',(0.,0.,-1.));
#13719=DIRECTION('',(0.,1.,0.));
#13720=DIRECTION('',(0.,0.,1.));
#13721=DIRECTION('',(1.,0.,0.));
#13722=DIRECTION('',(0.,0.,-1.));
#13723=DIRECTION('',(1.,0.,0.));
#13724=DIRECTION('',(0.,0.,-1.));
#13725=DIRECTION('',(-1.,0.,0.));
#13726=DIRECTION('',(0.,0.,1.));
#13727=DIRECTION('',(1.,0.,0.));
#13728=DIRECTION('',(0.,0.,-1.));
#13729=DIRECTION('',(0.,0.,1.));
#13730=DIRECTION('',(1.,0.,0.));
#13731=DIRECTION('',(1.,0.,0.));
#13732=DIRECTION('',(0.,0.,-1.));
#13733=DIRECTION('',(0.,-1.,0.));
#13734=DIRECTION('',(0.,0.,-1.));
#13735=DIRECTION('',(0.,-1.,0.));
#13736=DIRECTION('',(0.,0.,-1.));
#13737=DIRECTION('',(-1.,0.,0.));
#13738=DIRECTION('',(0.,0.,1.));
#13739=DIRECTION('',(1.,0.,0.));
#13740=DIRECTION('',(0.,0.,-1.));
#13741=DIRECTION('',(0.,0.,1.));
#13742=DIRECTION('',(1.,0.,0.));
#13743=DIRECTION('',(0.,1.,0.));
#13744=DIRECTION('',(0.,0.,1.));
#13745=DIRECTION('',(1.,0.,0.));
#13746=DIRECTION('',(0.,0.,-1.));
#13747=DIRECTION('',(1.,0.,0.));
#13748=DIRECTION('',(0.,0.,-1.));
#13749=DIRECTION('',(-1.,0.,0.));
#13750=DIRECTION('',(0.,0.,1.));
#13751=DIRECTION('',(1.,0.,0.));
#13752=DIRECTION('',(0.,0.,-1.));
#13753=DIRECTION('',(0.,0.,1.));
#13754=DIRECTION('',(1.,0.,0.));
#13755=DIRECTION('',(0.,0.,-1.));
#13756=DIRECTION('',(-1.,0.,0.));
#13757=DIRECTION('',(0.,0.,1.));
#13758=DIRECTION('',(1.,0.,0.));
#13759=DIRECTION('',(0.,0.,-1.));
#13760=DIRECTION('',(0.,0.,1.));
#13761=DIRECTION('',(1.,0.,0.));
#13762=DIRECTION('',(0.,0.,-1.));
#13763=DIRECTION('',(0.,1.,0.));
#13764=DIRECTION('',(0.,0.,1.));
#13765=DIRECTION('',(1.,0.,0.));
#13766=DIRECTION('',(0.,0.,-1.));
#13767=DIRECTION('',(1.,0.,0.));
#13768=DIRECTION('',(0.,0.,-1.));
#13769=DIRECTION('',(-1.,0.,0.));
#13770=DIRECTION('',(0.,0.,1.));
#13771=DIRECTION('',(1.,0.,0.));
#13772=DIRECTION('',(0.,0.,-1.));
#13773=DIRECTION('',(0.,0.,1.));
#13774=DIRECTION('',(1.,0.,0.));
#13775=DIRECTION('',(1.,0.,0.));
#13776=DIRECTION('',(0.,0.,-1.));
#13777=DIRECTION('',(0.,-1.,0.));
#13778=DIRECTION('',(0.,0.,-1.));
#13779=DIRECTION('',(0.,-1.,0.));
#13780=DIRECTION('',(0.,0.,-1.));
#13781=DIRECTION('',(-1.,0.,0.));
#13782=DIRECTION('',(0.,0.,1.));
#13783=DIRECTION('',(1.,0.,0.));
#13784=DIRECTION('',(0.,0.,-1.));
#13785=DIRECTION('',(0.,0.,1.));
#13786=DIRECTION('',(1.,0.,0.));
#13787=DIRECTION('',(0.,1.,0.));
#13788=DIRECTION('',(0.,0.,1.));
#13789=DIRECTION('',(1.,0.,0.));
#13790=DIRECTION('',(0.,0.,-1.));
#13791=DIRECTION('',(1.,0.,0.));
#13792=DIRECTION('',(0.,0.,-1.));
#13793=DIRECTION('',(-1.,0.,0.));
#13794=DIRECTION('',(0.,0.,1.));
#13795=DIRECTION('',(1.,0.,0.));
#13796=DIRECTION('',(0.,0.,-1.));
#13797=DIRECTION('',(0.,0.,1.));
#13798=DIRECTION('',(1.,0.,0.));
#13799=DIRECTION('',(0.,0.,-1.));
#13800=DIRECTION('',(-1.,0.,0.));
#13801=DIRECTION('',(0.,0.,1.));
#13802=DIRECTION('',(1.,0.,0.));
#13803=DIRECTION('',(0.,0.,-1.));
#13804=DIRECTION('',(0.,0.,1.));
#13805=DIRECTION('',(1.,0.,0.));
#13806=DIRECTION('',(0.,0.,-1.));
#13807=DIRECTION('',(0.,1.,0.));
#13808=DIRECTION('',(0.,0.,1.));
#13809=DIRECTION('',(1.,0.,0.));
#13810=DIRECTION('',(0.,0.,-1.));
#13811=DIRECTION('',(1.,0.,0.));
#13812=DIRECTION('',(0.,0.,-1.));
#13813=DIRECTION('',(-1.,0.,0.));
#13814=DIRECTION('',(0.,0.,1.));
#13815=DIRECTION('',(1.,0.,0.));
#13816=DIRECTION('',(0.,0.,-1.));
#13817=DIRECTION('',(0.,0.,1.));
#13818=DIRECTION('',(1.,0.,0.));
#13819=DIRECTION('',(1.,0.,0.));
#13820=DIRECTION('',(0.,0.,-1.));
#13821=DIRECTION('',(0.,-1.,0.));
#13822=DIRECTION('',(0.,0.,-1.));
#13823=DIRECTION('',(0.,-1.,0.));
#13824=DIRECTION('',(0.,0.,-1.));
#13825=DIRECTION('',(-1.,0.,0.));
#13826=DIRECTION('',(0.,0.,1.));
#13827=DIRECTION('',(1.,0.,0.));
#13828=DIRECTION('',(0.,0.,-1.));
#13829=DIRECTION('',(0.,0.,1.));
#13830=DIRECTION('',(1.,0.,0.));
#13831=DIRECTION('',(0.,1.,0.));
#13832=DIRECTION('',(0.,0.,1.));
#13833=DIRECTION('',(1.,0.,0.));
#13834=DIRECTION('',(0.,0.,-1.));
#13835=DIRECTION('',(1.,0.,0.));
#13836=DIRECTION('',(0.,0.,-1.));
#13837=DIRECTION('',(-1.,0.,0.));
#13838=DIRECTION('',(0.,0.,1.));
#13839=DIRECTION('',(1.,0.,0.));
#13840=DIRECTION('',(0.,0.,-1.));
#13841=DIRECTION('',(0.,0.,1.));
#13842=DIRECTION('',(1.,0.,0.));
#13843=DIRECTION('',(0.,0.,-1.));
#13844=DIRECTION('',(-1.,0.,0.));
#13845=DIRECTION('',(0.,0.,1.));
#13846=DIRECTION('',(1.,0.,0.));
#13847=DIRECTION('',(0.,0.,-1.));
#13848=DIRECTION('',(0.,0.,1.));
#13849=DIRECTION('',(1.,0.,0.));
#13850=DIRECTION('',(0.,0.,-1.));
#13851=DIRECTION('',(1.,0.,0.));
#13852=DIRECTION('',(0.,0.,-1.));
#13853=DIRECTION('',(0.,-1.,0.));
#13854=DIRECTION('',(0.,0.,-1.));
#13855=DIRECTION('',(0.,-1.,0.));
#13856=DIRECTION('',(0.,0.,-1.));
#13857=DIRECTION('',(-1.,0.,0.));
#13858=DIRECTION('',(0.,0.,1.));
#13859=DIRECTION('',(1.,0.,0.));
#13860=DIRECTION('',(0.,0.,-1.));
#13861=DIRECTION('',(0.,0.,1.));
#13862=DIRECTION('',(1.,0.,0.));
#13863=DIRECTION('',(0.,1.,0.));
#13864=DIRECTION('',(0.,0.,1.));
#13865=DIRECTION('',(1.,0.,0.));
#13866=DIRECTION('',(0.,0.,-1.));
#13867=DIRECTION('',(1.,0.,0.));
#13868=DIRECTION('',(0.,0.,-1.));
#13869=DIRECTION('',(-1.,0.,0.));
#13870=DIRECTION('',(0.,0.,1.));
#13871=DIRECTION('',(1.,0.,0.));
#13872=DIRECTION('',(0.,0.,-1.));
#13873=DIRECTION('',(0.,0.,1.));
#13874=DIRECTION('',(1.,0.,0.));
#13875=DIRECTION('',(1.,0.,0.));
#13876=DIRECTION('',(0.,0.,-1.));
#13877=DIRECTION('',(0.,-1.,0.));
#13878=DIRECTION('',(0.,0.,-1.));
#13879=DIRECTION('',(0.,-1.,0.));
#13880=DIRECTION('',(0.,0.,-1.));
#13881=DIRECTION('',(-1.,0.,0.));
#13882=DIRECTION('',(0.,0.,1.));
#13883=DIRECTION('',(1.,0.,0.));
#13884=DIRECTION('',(0.,0.,-1.));
#13885=DIRECTION('',(0.,0.,1.));
#13886=DIRECTION('',(1.,0.,0.));
#13887=DIRECTION('',(0.,0.,-1.));
#13888=DIRECTION('',(-1.,0.,0.));
#13889=DIRECTION('',(0.,0.,1.));
#13890=DIRECTION('',(1.,0.,0.));
#13891=DIRECTION('',(0.,0.,-1.));
#13892=DIRECTION('',(0.,0.,1.));
#13893=DIRECTION('',(1.,0.,0.));
#13894=DIRECTION('',(0.,0.,-1.));
#13895=DIRECTION('',(1.,0.,0.));
#13896=DIRECTION('',(0.,0.,-1.));
#13897=DIRECTION('',(0.,-1.,0.));
#13898=DIRECTION('',(0.,0.,-1.));
#13899=DIRECTION('',(0.,-1.,0.));
#13900=DIRECTION('',(0.,0.,-1.));
#13901=DIRECTION('',(-1.,0.,0.));
#13902=DIRECTION('',(0.,0.,1.));
#13903=DIRECTION('',(1.,0.,0.));
#13904=DIRECTION('',(0.,0.,-1.));
#13905=DIRECTION('',(0.,0.,1.));
#13906=DIRECTION('',(1.,0.,0.));
#13907=DIRECTION('',(0.,1.,0.));
#13908=DIRECTION('',(0.,0.,1.));
#13909=DIRECTION('',(1.,0.,0.));
#13910=DIRECTION('',(0.,0.,-1.));
#13911=DIRECTION('',(1.,0.,0.));
#13912=DIRECTION('',(0.,0.,-1.));
#13913=DIRECTION('',(-1.,0.,0.));
#13914=DIRECTION('',(0.,0.,1.));
#13915=DIRECTION('',(1.,0.,0.));
#13916=DIRECTION('',(0.,0.,-1.));
#13917=DIRECTION('',(0.,0.,1.));
#13918=DIRECTION('',(1.,0.,0.));
#13919=DIRECTION('',(1.,0.,0.));
#13920=DIRECTION('',(0.,0.,-1.));
#13921=DIRECTION('',(0.,-1.,0.));
#13922=DIRECTION('',(0.,0.,-1.));
#13923=DIRECTION('',(0.,-1.,0.));
#13924=DIRECTION('',(0.,0.,-1.));
#13925=DIRECTION('',(-1.,0.,0.));
#13926=DIRECTION('',(0.,0.,1.));
#13927=DIRECTION('',(1.,0.,0.));
#13928=DIRECTION('',(0.,0.,-1.));
#13929=DIRECTION('',(0.,0.,1.));
#13930=DIRECTION('',(1.,0.,0.));
#13931=DIRECTION('',(0.,0.,-1.));
#13932=DIRECTION('',(-1.,0.,0.));
#13933=DIRECTION('',(0.,0.,1.));
#13934=DIRECTION('',(1.,0.,0.));
#13935=DIRECTION('',(0.,0.,-1.));
#13936=DIRECTION('',(0.,0.,1.));
#13937=DIRECTION('',(1.,0.,0.));
#13938=DIRECTION('',(0.,0.,-1.));
#13939=DIRECTION('',(0.,1.,0.));
#13940=DIRECTION('',(0.,0.,1.));
#13941=DIRECTION('',(1.,0.,0.));
#13942=DIRECTION('',(0.,0.,-1.));
#13943=DIRECTION('',(1.,0.,0.));
#13944=DIRECTION('',(0.,0.,-1.));
#13945=DIRECTION('',(-1.,0.,0.));
#13946=DIRECTION('',(0.,0.,1.));
#13947=DIRECTION('',(1.,0.,0.));
#13948=DIRECTION('',(0.,0.,-1.));
#13949=DIRECTION('',(0.,0.,1.));
#13950=DIRECTION('',(1.,0.,0.));
#13951=DIRECTION('',(1.,0.,0.));
#13952=DIRECTION('',(0.,0.,-1.));
#13953=DIRECTION('',(0.,-1.,0.));
#13954=DIRECTION('',(0.,0.,-1.));
#13955=DIRECTION('',(0.,-1.,0.));
#13956=DIRECTION('',(0.,0.,-1.));
#13957=DIRECTION('',(-1.,0.,0.));
#13958=DIRECTION('',(0.,0.,1.));
#13959=DIRECTION('',(1.,0.,0.));
#13960=DIRECTION('',(0.,0.,-1.));
#13961=DIRECTION('',(0.,0.,1.));
#13962=DIRECTION('',(1.,0.,0.));
#13963=DIRECTION('',(0.,1.,0.));
#13964=DIRECTION('',(0.,0.,1.));
#13965=DIRECTION('',(1.,0.,0.));
#13966=DIRECTION('',(0.,0.,-1.));
#13967=DIRECTION('',(1.,0.,0.));
#13968=DIRECTION('',(0.,0.,-1.));
#13969=DIRECTION('',(-1.,0.,0.));
#13970=DIRECTION('',(0.,0.,1.));
#13971=DIRECTION('',(1.,0.,0.));
#13972=DIRECTION('',(0.,0.,-1.));
#13973=DIRECTION('',(0.,0.,1.));
#13974=DIRECTION('',(1.,0.,0.));
#13975=DIRECTION('',(0.,0.,-1.));
#13976=DIRECTION('',(-1.,0.,0.));
#13977=DIRECTION('',(0.,0.,1.));
#13978=DIRECTION('',(1.,0.,0.));
#13979=DIRECTION('',(0.,0.,-1.));
#13980=DIRECTION('',(0.,0.,1.));
#13981=DIRECTION('',(1.,0.,0.));
#13982=DIRECTION('',(0.,0.,-1.));
#13983=DIRECTION('',(0.,1.,0.));
#13984=DIRECTION('',(0.,0.,1.));
#13985=DIRECTION('',(1.,0.,0.));
#13986=DIRECTION('',(0.,0.,-1.));
#13987=DIRECTION('',(1.,0.,0.));
#13988=DIRECTION('',(0.,0.,-1.));
#13989=DIRECTION('',(-1.,0.,0.));
#13990=DIRECTION('',(0.,0.,1.));
#13991=DIRECTION('',(1.,0.,0.));
#13992=DIRECTION('',(0.,0.,-1.));
#13993=DIRECTION('',(0.,0.,1.));
#13994=DIRECTION('',(1.,0.,0.));
#13995=DIRECTION('',(1.,0.,0.));
#13996=DIRECTION('',(0.,0.,-1.));
#13997=DIRECTION('',(0.,-1.,0.));
#13998=DIRECTION('',(0.,0.,-1.));
#13999=DIRECTION('',(0.,-1.,0.));
#14000=DIRECTION('',(0.,0.,-1.));
#14001=DIRECTION('',(-1.,0.,0.));
#14002=DIRECTION('',(0.,0.,1.));
#14003=DIRECTION('',(1.,0.,0.));
#14004=DIRECTION('',(0.,0.,-1.));
#14005=DIRECTION('',(0.,0.,1.));
#14006=DIRECTION('',(1.,0.,0.));
#14007=DIRECTION('',(0.,1.,0.));
#14008=DIRECTION('',(0.,0.,1.));
#14009=DIRECTION('',(1.,0.,0.));
#14010=DIRECTION('',(0.,0.,-1.));
#14011=DIRECTION('',(1.,0.,0.));
#14012=DIRECTION('',(0.,0.,-1.));
#14013=DIRECTION('',(-1.,0.,0.));
#14014=DIRECTION('',(0.,0.,1.));
#14015=DIRECTION('',(1.,0.,0.));
#14016=DIRECTION('',(0.,0.,-1.));
#14017=DIRECTION('',(0.,0.,1.));
#14018=DIRECTION('',(1.,0.,0.));
#14019=DIRECTION('',(0.,0.,-1.));
#14020=DIRECTION('',(-1.,0.,0.));
#14021=DIRECTION('',(0.,0.,1.));
#14022=DIRECTION('',(1.,0.,0.));
#14023=DIRECTION('',(0.,0.,-1.));
#14024=DIRECTION('',(0.,0.,1.));
#14025=DIRECTION('',(1.,0.,0.));
#14026=DIRECTION('',(0.,0.,-1.));
#14027=DIRECTION('',(0.,1.,0.));
#14028=DIRECTION('',(0.,0.,1.));
#14029=DIRECTION('',(1.,0.,0.));
#14030=DIRECTION('',(0.,0.,-1.));
#14031=DIRECTION('',(1.,0.,0.));
#14032=DIRECTION('',(0.,0.,-1.));
#14033=DIRECTION('',(-1.,0.,0.));
#14034=DIRECTION('',(0.,0.,1.));
#14035=DIRECTION('',(1.,0.,0.));
#14036=DIRECTION('',(0.,0.,-1.));
#14037=DIRECTION('',(0.,0.,1.));
#14038=DIRECTION('',(1.,0.,0.));
#14039=DIRECTION('',(1.,0.,0.));
#14040=DIRECTION('',(0.,0.,-1.));
#14041=DIRECTION('',(0.,-1.,0.));
#14042=DIRECTION('',(0.,0.,-1.));
#14043=DIRECTION('',(0.,-1.,0.));
#14044=DIRECTION('',(0.,0.,-1.));
#14045=DIRECTION('',(-1.,0.,0.));
#14046=DIRECTION('',(0.,0.,1.));
#14047=DIRECTION('',(1.,0.,0.));
#14048=DIRECTION('',(0.,0.,-1.));
#14049=DIRECTION('',(0.,0.,1.));
#14050=DIRECTION('',(1.,0.,0.));
#14051=DIRECTION('',(0.,1.,0.));
#14052=DIRECTION('',(0.,0.,1.));
#14053=DIRECTION('',(1.,0.,0.));
#14054=DIRECTION('',(0.,0.,-1.));
#14055=DIRECTION('',(1.,0.,0.));
#14056=DIRECTION('',(0.,0.,-1.));
#14057=DIRECTION('',(-1.,0.,0.));
#14058=DIRECTION('',(0.,0.,1.));
#14059=DIRECTION('',(1.,0.,0.));
#14060=DIRECTION('',(0.,0.,-1.));
#14061=DIRECTION('',(0.,0.,1.));
#14062=DIRECTION('',(1.,0.,0.));
#14063=DIRECTION('',(0.,0.,-1.));
#14064=DIRECTION('',(-1.,0.,0.));
#14065=DIRECTION('',(0.,0.,1.));
#14066=DIRECTION('',(1.,0.,0.));
#14067=DIRECTION('',(0.,0.,-1.));
#14068=DIRECTION('',(0.,0.,1.));
#14069=DIRECTION('',(1.,0.,0.));
#14070=DIRECTION('',(0.,0.,-1.));
#14071=DIRECTION('',(0.,1.,0.));
#14072=DIRECTION('',(0.,0.,1.));
#14073=DIRECTION('',(1.,0.,0.));
#14074=DIRECTION('',(0.,0.,-1.));
#14075=DIRECTION('',(1.,0.,0.));
#14076=DIRECTION('',(0.,0.,-1.));
#14077=DIRECTION('',(-1.,0.,0.));
#14078=DIRECTION('',(0.,0.,1.));
#14079=DIRECTION('',(1.,0.,0.));
#14080=DIRECTION('',(0.,0.,-1.));
#14081=DIRECTION('',(0.,0.,1.));
#14082=DIRECTION('',(1.,0.,0.));
#14083=DIRECTION('',(1.,0.,0.));
#14084=DIRECTION('',(0.,0.,-1.));
#14085=DIRECTION('',(0.,-1.,0.));
#14086=DIRECTION('',(0.,0.,-1.));
#14087=DIRECTION('',(0.,-1.,0.));
#14088=DIRECTION('',(0.,0.,-1.));
#14089=DIRECTION('',(-1.,0.,0.));
#14090=DIRECTION('',(0.,0.,1.));
#14091=DIRECTION('',(1.,0.,0.));
#14092=DIRECTION('',(0.,0.,-1.));
#14093=DIRECTION('',(0.,0.,1.));
#14094=DIRECTION('',(1.,0.,0.));
#14095=DIRECTION('',(0.,1.,0.));
#14096=DIRECTION('',(0.,0.,1.));
#14097=DIRECTION('',(1.,0.,0.));
#14098=DIRECTION('',(0.,0.,-1.));
#14099=DIRECTION('',(1.,0.,0.));
#14100=DIRECTION('',(0.,0.,-1.));
#14101=DIRECTION('',(-1.,0.,0.));
#14102=DIRECTION('',(0.,0.,1.));
#14103=DIRECTION('',(1.,0.,0.));
#14104=DIRECTION('',(0.,0.,-1.));
#14105=DIRECTION('',(0.,0.,1.));
#14106=DIRECTION('',(1.,0.,0.));
#14107=DIRECTION('',(0.,0.,-1.));
#14108=DIRECTION('',(-1.,0.,0.));
#14109=DIRECTION('',(0.,0.,1.));
#14110=DIRECTION('',(1.,0.,0.));
#14111=DIRECTION('',(0.,0.,-1.));
#14112=DIRECTION('',(0.,0.,1.));
#14113=DIRECTION('',(1.,0.,0.));
#14114=DIRECTION('',(0.,0.,-1.));
#14115=DIRECTION('',(0.,1.,0.));
#14116=DIRECTION('',(0.,0.,1.));
#14117=DIRECTION('',(1.,0.,0.));
#14118=DIRECTION('',(0.,0.,-1.));
#14119=DIRECTION('',(1.,0.,0.));
#14120=DIRECTION('',(0.,0.,-1.));
#14121=DIRECTION('',(-1.,0.,0.));
#14122=DIRECTION('',(0.,0.,1.));
#14123=DIRECTION('',(1.,0.,0.));
#14124=DIRECTION('',(0.,0.,-1.));
#14125=DIRECTION('',(0.,0.,1.));
#14126=DIRECTION('',(1.,0.,0.));
#14127=DIRECTION('',(1.,0.,0.));
#14128=DIRECTION('',(0.,0.,-1.));
#14129=DIRECTION('',(0.,-1.,0.));
#14130=DIRECTION('',(0.,0.,-1.));
#14131=DIRECTION('',(0.,-1.,0.));
#14132=DIRECTION('',(0.,0.,-1.));
#14133=DIRECTION('',(-1.,0.,0.));
#14134=DIRECTION('',(0.,0.,1.));
#14135=DIRECTION('',(1.,0.,0.));
#14136=DIRECTION('',(0.,0.,-1.));
#14137=DIRECTION('',(0.,0.,1.));
#14138=DIRECTION('',(1.,0.,0.));
#14139=DIRECTION('',(0.,1.,0.));
#14140=DIRECTION('',(0.,0.,1.));
#14141=DIRECTION('',(1.,0.,0.));
#14142=DIRECTION('',(0.,0.,-1.));
#14143=DIRECTION('',(1.,0.,0.));
#14144=DIRECTION('',(0.,0.,-1.));
#14145=DIRECTION('',(-1.,0.,0.));
#14146=DIRECTION('',(0.,0.,1.));
#14147=DIRECTION('',(1.,0.,0.));
#14148=DIRECTION('',(0.,0.,-1.));
#14149=DIRECTION('',(0.,0.,1.));
#14150=DIRECTION('',(1.,0.,0.));
#14151=DIRECTION('',(0.,0.,-1.));
#14152=DIRECTION('',(-1.,0.,0.));
#14153=DIRECTION('',(0.,0.,1.));
#14154=DIRECTION('',(1.,0.,0.));
#14155=DIRECTION('',(0.,0.,-1.));
#14156=DIRECTION('',(0.,0.,1.));
#14157=DIRECTION('',(1.,0.,0.));
#14158=DIRECTION('',(0.,0.,-1.));
#14159=DIRECTION('',(0.,1.,0.));
#14160=DIRECTION('',(0.,0.,1.));
#14161=DIRECTION('',(1.,0.,0.));
#14162=DIRECTION('',(0.,0.,-1.));
#14163=DIRECTION('',(1.,0.,0.));
#14164=DIRECTION('',(0.,0.,-1.));
#14165=DIRECTION('',(-1.,0.,0.));
#14166=DIRECTION('',(0.,0.,1.));
#14167=DIRECTION('',(1.,0.,0.));
#14168=DIRECTION('',(0.,0.,-1.));
#14169=DIRECTION('',(0.,0.,1.));
#14170=DIRECTION('',(1.,0.,0.));
#14171=DIRECTION('',(1.,0.,0.));
#14172=DIRECTION('',(0.,0.,-1.));
#14173=DIRECTION('',(0.,-1.,0.));
#14174=DIRECTION('',(0.,0.,-1.));
#14175=DIRECTION('',(0.,-1.,0.));
#14176=DIRECTION('',(0.,0.,-1.));
#14177=DIRECTION('',(-1.,0.,0.));
#14178=DIRECTION('',(0.,0.,1.));
#14179=DIRECTION('',(1.,0.,0.));
#14180=DIRECTION('',(0.,0.,-1.));
#14181=DIRECTION('',(0.,0.,1.));
#14182=DIRECTION('',(1.,0.,0.));
#14183=DIRECTION('',(0.,1.,0.));
#14184=DIRECTION('',(0.,0.,1.));
#14185=DIRECTION('',(1.,0.,0.));
#14186=DIRECTION('',(0.,0.,-1.));
#14187=DIRECTION('',(1.,0.,0.));
#14188=DIRECTION('',(0.,0.,-1.));
#14189=DIRECTION('',(-1.,0.,0.));
#14190=DIRECTION('',(0.,0.,1.));
#14191=DIRECTION('',(1.,0.,0.));
#14192=DIRECTION('',(0.,0.,-1.));
#14193=DIRECTION('',(0.,0.,1.));
#14194=DIRECTION('',(1.,0.,0.));
#14195=DIRECTION('',(0.,-1.,0.));
#14196=DIRECTION('',(0.,0.,-1.));
#14197=DIRECTION('',(-1.,0.,0.));
#14198=DIRECTION('',(0.,0.,-1.));
#14199=DIRECTION('',(-1.,0.,0.));
#14200=DIRECTION('',(0.,0.,-1.));
#14201=DIRECTION('',(0.,0.,-1.));
#14202=DIRECTION('',(-1.,0.,0.));
#14203=DIRECTION('',(0.,0.,1.));
#14204=DIRECTION('',(1.,0.,0.));
#14205=DIRECTION('',(0.,0.,-1.));
#14206=DIRECTION('',(0.,0.,1.));
#14207=DIRECTION('',(1.,0.,0.));
#14208=DIRECTION('',(1.,0.,0.));
#14209=DIRECTION('',(0.,0.,-1.));
#14210=DIRECTION('',(0.,-1.,0.));
#14211=DIRECTION('',(0.,0.,-1.));
#14212=DIRECTION('',(0.,-1.,0.));
#14213=DIRECTION('',(0.,0.,-1.));
#14214=DIRECTION('',(-1.,0.,0.));
#14215=DIRECTION('',(0.,0.,1.));
#14216=DIRECTION('',(1.,0.,0.));
#14217=DIRECTION('',(0.,0.,-1.));
#14218=DIRECTION('',(0.,0.,1.));
#14219=DIRECTION('',(1.,0.,0.));
#14220=DIRECTION('',(0.,-1.,0.));
#14221=DIRECTION('',(0.,0.,-1.));
#14222=DIRECTION('',(-1.,0.,0.));
#14223=DIRECTION('',(0.,0.,-1.));
#14224=DIRECTION('',(-1.,0.,0.));
#14225=DIRECTION('',(0.,0.,-1.));
#14226=DIRECTION('',(-1.,0.,0.));
#14227=DIRECTION('',(0.,0.,1.));
#14228=DIRECTION('',(1.,0.,0.));
#14229=DIRECTION('',(0.,0.,-1.));
#14230=DIRECTION('',(0.,0.,1.));
#14231=DIRECTION('',(1.,0.,0.));
#14232=DIRECTION('',(1.,0.,0.));
#14233=DIRECTION('',(0.,0.,-1.));
#14234=DIRECTION('',(0.,-1.,0.));
#14235=DIRECTION('',(0.,0.,-1.));
#14236=DIRECTION('',(0.,-1.,0.));
#14237=DIRECTION('',(1.,0.,0.));
#14238=DIRECTION('',(0.,0.,-1.));
#14239=DIRECTION('',(0.,-1.,0.));
#14240=DIRECTION('',(0.,0.,-1.));
#14241=DIRECTION('',(0.,-1.,0.));
#14242=DIRECTION('',(0.,0.,-1.));
#14243=DIRECTION('',(0.,0.,-1.));
#14244=DIRECTION('',(-1.,0.,0.));
#14245=DIRECTION('',(0.,0.,1.));
#14246=DIRECTION('',(1.,0.,0.));
#14247=DIRECTION('',(0.,0.,-1.));
#14248=DIRECTION('',(0.,0.,1.));
#14249=DIRECTION('',(1.,0.,0.));
#14250=DIRECTION('',(0.,1.,0.));
#14251=DIRECTION('',(0.,0.,1.));
#14252=DIRECTION('',(1.,0.,0.));
#14253=DIRECTION('',(0.,0.,-1.));
#14254=DIRECTION('',(1.,0.,0.));
#14255=DIRECTION('',(0.,0.,-1.));
#14256=DIRECTION('',(-1.,0.,0.));
#14257=DIRECTION('',(0.,0.,1.));
#14258=DIRECTION('',(1.,0.,0.));
#14259=DIRECTION('',(0.,0.,-1.));
#14260=DIRECTION('',(0.,0.,1.));
#14261=DIRECTION('',(1.,0.,0.));
#14262=DIRECTION('',(1.,0.,0.));
#14263=DIRECTION('',(0.,0.,-1.));
#14264=DIRECTION('',(0.,-1.,0.));
#14265=DIRECTION('',(0.,0.,-1.));
#14266=DIRECTION('',(0.,-1.,0.));
#14267=DIRECTION('',(0.,0.,-1.));
#14268=DIRECTION('',(-1.,0.,0.));
#14269=DIRECTION('',(0.,0.,1.));
#14270=DIRECTION('',(1.,0.,0.));
#14271=DIRECTION('',(0.,0.,-1.));
#14272=DIRECTION('',(0.,0.,1.));
#14273=DIRECTION('',(1.,0.,0.));
#14274=DIRECTION('',(0.,1.,0.));
#14275=DIRECTION('',(0.,0.,1.));
#14276=DIRECTION('',(1.,0.,0.));
#14277=DIRECTION('',(0.,0.,-1.));
#14278=DIRECTION('',(1.,0.,0.));
#14279=DIRECTION('',(0.,0.,-1.));
#14280=DIRECTION('',(-1.,0.,0.));
#14281=DIRECTION('',(0.,0.,1.));
#14282=DIRECTION('',(1.,0.,0.));
#14283=DIRECTION('',(0.,0.,-1.));
#14284=DIRECTION('',(0.,0.,1.));
#14285=DIRECTION('',(1.,0.,0.));
#14286=DIRECTION('',(0.,0.,-1.));
#14287=DIRECTION('',(0.,1.,0.));
#14288=DIRECTION('',(0.,0.,1.));
#14289=DIRECTION('',(1.,0.,0.));
#14290=DIRECTION('',(0.,0.,-1.));
#14291=DIRECTION('',(1.,0.,0.));
#14292=DIRECTION('',(0.,0.,-1.));
#14293=DIRECTION('',(-1.,0.,0.));
#14294=DIRECTION('',(0.,0.,1.));
#14295=DIRECTION('',(1.,0.,0.));
#14296=DIRECTION('',(0.,0.,-1.));
#14297=DIRECTION('',(0.,0.,1.));
#14298=DIRECTION('',(1.,0.,0.));
#14299=DIRECTION('',(1.,0.,0.));
#14300=DIRECTION('',(0.,0.,-1.));
#14301=DIRECTION('',(0.,-1.,0.));
#14302=DIRECTION('',(0.,0.,-1.));
#14303=DIRECTION('',(0.,-1.,0.));
#14304=DIRECTION('',(0.,0.,-1.));
#14305=DIRECTION('',(-1.,0.,0.));
#14306=DIRECTION('',(0.,0.,1.));
#14307=DIRECTION('',(1.,0.,0.));
#14308=DIRECTION('',(0.,0.,-1.));
#14309=DIRECTION('',(0.,0.,1.));
#14310=DIRECTION('',(1.,0.,0.));
#14311=DIRECTION('',(0.,1.,0.));
#14312=DIRECTION('',(0.,0.,1.));
#14313=DIRECTION('',(1.,0.,0.));
#14314=DIRECTION('',(0.,0.,-1.));
#14315=DIRECTION('',(1.,0.,0.));
#14316=DIRECTION('',(0.,0.,-1.));
#14317=DIRECTION('',(-1.,0.,0.));
#14318=DIRECTION('',(0.,0.,1.));
#14319=DIRECTION('',(1.,0.,0.));
#14320=DIRECTION('',(0.,0.,-1.));
#14321=DIRECTION('',(0.,0.,1.));
#14322=DIRECTION('',(1.,0.,0.));
#14323=DIRECTION('',(0.,1.,0.));
#14324=DIRECTION('',(0.,0.,1.));
#14325=DIRECTION('',(1.,0.,0.));
#14326=DIRECTION('',(0.,0.,-1.));
#14327=DIRECTION('',(1.,0.,0.));
#14328=DIRECTION('',(0.,0.,-1.));
#14329=DIRECTION('',(0.,0.,-1.));
#14330=DIRECTION('',(-1.,0.,0.));
#14331=DIRECTION('',(0.,0.,1.));
#14332=DIRECTION('',(1.,0.,0.));
#14333=DIRECTION('',(0.,0.,-1.));
#14334=DIRECTION('',(0.,0.,1.));
#14335=DIRECTION('',(1.,0.,0.));
#14336=DIRECTION('',(1.,0.,0.));
#14337=DIRECTION('',(0.,0.,-1.));
#14338=DIRECTION('',(0.,-1.,0.));
#14339=DIRECTION('',(0.,0.,-1.));
#14340=DIRECTION('',(0.,-1.,0.));
#14341=DIRECTION('',(0.,0.,-1.));
#14342=DIRECTION('',(-1.,0.,0.));
#14343=DIRECTION('',(0.,0.,1.));
#14344=DIRECTION('',(1.,0.,0.));
#14345=DIRECTION('',(0.,0.,-1.));
#14346=DIRECTION('',(0.,0.,1.));
#14347=DIRECTION('',(1.,0.,0.));
#14348=DIRECTION('',(0.,1.,0.));
#14349=DIRECTION('',(0.,0.,1.));
#14350=DIRECTION('',(1.,0.,0.));
#14351=DIRECTION('',(0.,0.,-1.));
#14352=DIRECTION('',(1.,0.,0.));
#14353=DIRECTION('',(0.,0.,-1.));
#14354=DIRECTION('',(-1.,0.,0.));
#14355=DIRECTION('',(0.,0.,1.));
#14356=DIRECTION('',(1.,0.,0.));
#14357=DIRECTION('',(0.,0.,-1.));
#14358=DIRECTION('',(0.,0.,1.));
#14359=DIRECTION('',(1.,0.,0.));
#14360=DIRECTION('',(1.,0.,0.));
#14361=DIRECTION('',(0.,0.,-1.));
#14362=DIRECTION('',(0.,-1.,0.));
#14363=DIRECTION('',(0.,0.,-1.));
#14364=DIRECTION('',(0.,-1.,0.));
#14365=DIRECTION('',(0.,0.,-1.));
#14366=DIRECTION('',(-1.,0.,0.));
#14367=DIRECTION('',(0.,0.,1.));
#14368=DIRECTION('',(1.,0.,0.));
#14369=DIRECTION('',(0.,0.,-1.));
#14370=DIRECTION('',(0.,0.,1.));
#14371=DIRECTION('',(1.,0.,0.));
#14372=DIRECTION('',(0.,0.,-1.));
#14373=DIRECTION('',(1.,0.,0.));
#14374=DIRECTION('',(0.,0.,-1.));
#14375=DIRECTION('',(0.,-1.,0.));
#14376=DIRECTION('',(0.,0.,-1.));
#14377=DIRECTION('',(0.,-1.,0.));
#14378=DIRECTION('',(0.,0.,-1.));
#14379=DIRECTION('',(-1.,0.,0.));
#14380=DIRECTION('',(0.,0.,1.));
#14381=DIRECTION('',(1.,0.,0.));
#14382=DIRECTION('',(0.,0.,-1.));
#14383=DIRECTION('',(0.,0.,1.));
#14384=DIRECTION('',(1.,0.,0.));
#14385=DIRECTION('',(0.,1.,0.));
#14386=DIRECTION('',(0.,0.,1.));
#14387=DIRECTION('',(1.,0.,0.));
#14388=DIRECTION('',(0.,0.,-1.));
#14389=DIRECTION('',(1.,0.,0.));
#14390=DIRECTION('',(0.,0.,-1.));
#14391=DIRECTION('',(-1.,0.,0.));
#14392=DIRECTION('',(0.,0.,1.));
#14393=DIRECTION('',(1.,0.,0.));
#14394=DIRECTION('',(0.,0.,-1.));
#14395=DIRECTION('',(0.,0.,1.));
#14396=DIRECTION('',(1.,0.,0.));
#14397=DIRECTION('',(1.,0.,0.));
#14398=DIRECTION('',(0.,0.,-1.));
#14399=DIRECTION('',(0.,-1.,0.));
#14400=DIRECTION('',(0.,0.,-1.));
#14401=DIRECTION('',(0.,-1.,0.));
#14402=DIRECTION('',(0.,0.,-1.));
#14403=DIRECTION('',(-1.,0.,0.));
#14404=DIRECTION('',(0.,0.,1.));
#14405=DIRECTION('',(1.,0.,0.));
#14406=DIRECTION('',(0.,0.,-1.));
#14407=DIRECTION('',(0.,0.,1.));
#14408=DIRECTION('',(1.,0.,0.));
#14409=DIRECTION('',(0.,0.,-1.));
#14410=DIRECTION('',(-1.,0.,0.));
#14411=DIRECTION('',(0.,0.,1.));
#14412=DIRECTION('',(1.,0.,0.));
#14413=DIRECTION('',(0.,0.,-1.));
#14414=DIRECTION('',(0.,0.,1.));
#14415=DIRECTION('',(1.,0.,0.));
#14416=DIRECTION('',(0.,0.,-1.));
#14417=DIRECTION('',(1.,0.,0.));
#14418=DIRECTION('',(0.,0.,-1.));
#14419=DIRECTION('',(0.,-1.,0.));
#14420=DIRECTION('',(0.,0.,-1.));
#14421=DIRECTION('',(0.,-1.,0.));
#14422=DIRECTION('',(0.,0.,-1.));
#14423=DIRECTION('',(-1.,0.,0.));
#14424=DIRECTION('',(0.,0.,1.));
#14425=DIRECTION('',(1.,0.,0.));
#14426=DIRECTION('',(0.,0.,-1.));
#14427=DIRECTION('',(0.,0.,1.));
#14428=DIRECTION('',(1.,0.,0.));
#14429=DIRECTION('',(0.,1.,0.));
#14430=DIRECTION('',(0.,0.,1.));
#14431=DIRECTION('',(1.,0.,0.));
#14432=DIRECTION('',(0.,0.,-1.));
#14433=DIRECTION('',(1.,0.,0.));
#14434=DIRECTION('',(0.,0.,-1.));
#14435=DIRECTION('',(-1.,0.,0.));
#14436=DIRECTION('',(0.,0.,1.));
#14437=DIRECTION('',(1.,0.,0.));
#14438=DIRECTION('',(0.,0.,-1.));
#14439=DIRECTION('',(0.,0.,1.));
#14440=DIRECTION('',(1.,0.,0.));
#14441=DIRECTION('',(1.,0.,0.));
#14442=DIRECTION('',(0.,0.,-1.));
#14443=DIRECTION('',(0.,-1.,0.));
#14444=DIRECTION('',(0.,0.,-1.));
#14445=DIRECTION('',(0.,-1.,0.));
#14446=DIRECTION('',(0.,0.,-1.));
#14447=DIRECTION('',(-1.,0.,0.));
#14448=DIRECTION('',(0.,0.,1.));
#14449=DIRECTION('',(1.,0.,0.));
#14450=DIRECTION('',(0.,0.,-1.));
#14451=DIRECTION('',(0.,0.,1.));
#14452=DIRECTION('',(1.,0.,0.));
#14453=DIRECTION('',(0.,0.,-1.));
#14454=DIRECTION('',(-1.,0.,0.));
#14455=DIRECTION('',(0.,0.,1.));
#14456=DIRECTION('',(1.,0.,0.));
#14457=DIRECTION('',(0.,0.,-1.));
#14458=DIRECTION('',(0.,0.,1.));
#14459=DIRECTION('',(1.,0.,0.));
#14460=DIRECTION('',(0.,0.,-1.));
#14461=DIRECTION('',(0.,1.,0.));
#14462=DIRECTION('',(0.,0.,1.));
#14463=DIRECTION('',(1.,0.,0.));
#14464=DIRECTION('',(0.,0.,-1.));
#14465=DIRECTION('',(1.,0.,0.));
#14466=DIRECTION('',(0.,0.,-1.));
#14467=DIRECTION('',(-1.,0.,0.));
#14468=DIRECTION('',(0.,0.,1.));
#14469=DIRECTION('',(1.,0.,0.));
#14470=DIRECTION('',(0.,0.,-1.));
#14471=DIRECTION('',(0.,0.,1.));
#14472=DIRECTION('',(1.,0.,0.));
#14473=DIRECTION('',(1.,0.,0.));
#14474=DIRECTION('',(0.,0.,-1.));
#14475=DIRECTION('',(0.,-1.,0.));
#14476=DIRECTION('',(0.,0.,-1.));
#14477=DIRECTION('',(0.,-1.,0.));
#14478=DIRECTION('',(0.,0.,-1.));
#14479=DIRECTION('',(-1.,0.,0.));
#14480=DIRECTION('',(0.,0.,1.));
#14481=DIRECTION('',(1.,0.,0.));
#14482=DIRECTION('',(0.,0.,-1.));
#14483=DIRECTION('',(0.,0.,1.));
#14484=DIRECTION('',(1.,0.,0.));
#14485=DIRECTION('',(0.,1.,0.));
#14486=DIRECTION('',(0.,0.,1.));
#14487=DIRECTION('',(1.,0.,0.));
#14488=DIRECTION('',(0.,0.,-1.));
#14489=DIRECTION('',(1.,0.,0.));
#14490=DIRECTION('',(0.,0.,-1.));
#14491=DIRECTION('',(-1.,0.,0.));
#14492=DIRECTION('',(0.,0.,1.));
#14493=DIRECTION('',(1.,0.,0.));
#14494=DIRECTION('',(0.,0.,-1.));
#14495=DIRECTION('',(0.,0.,1.));
#14496=DIRECTION('',(1.,0.,0.));
#14497=DIRECTION('',(0.,0.,-1.));
#14498=DIRECTION('',(-1.,0.,0.));
#14499=DIRECTION('',(0.,0.,1.));
#14500=DIRECTION('',(1.,0.,0.));
#14501=DIRECTION('',(0.,0.,-1.));
#14502=DIRECTION('',(0.,0.,1.));
#14503=DIRECTION('',(1.,0.,0.));
#14504=DIRECTION('',(0.,0.,-1.));
#14505=DIRECTION('',(0.,1.,0.));
#14506=DIRECTION('',(0.,0.,1.));
#14507=DIRECTION('',(1.,0.,0.));
#14508=DIRECTION('',(0.,0.,-1.));
#14509=DIRECTION('',(1.,0.,0.));
#14510=DIRECTION('',(0.,0.,-1.));
#14511=DIRECTION('',(-1.,0.,0.));
#14512=DIRECTION('',(0.,0.,1.));
#14513=DIRECTION('',(1.,0.,0.));
#14514=DIRECTION('',(0.,0.,-1.));
#14515=DIRECTION('',(0.,0.,1.));
#14516=DIRECTION('',(1.,0.,0.));
#14517=DIRECTION('',(1.,0.,0.));
#14518=DIRECTION('',(0.,0.,-1.));
#14519=DIRECTION('',(0.,-1.,0.));
#14520=DIRECTION('',(0.,0.,-1.));
#14521=DIRECTION('',(0.,-1.,0.));
#14522=DIRECTION('',(0.,0.,-1.));
#14523=DIRECTION('',(-1.,0.,0.));
#14524=DIRECTION('',(0.,0.,1.));
#14525=DIRECTION('',(1.,0.,0.));
#14526=DIRECTION('',(0.,0.,-1.));
#14527=DIRECTION('',(0.,0.,1.));
#14528=DIRECTION('',(1.,0.,0.));
#14529=DIRECTION('',(0.,1.,0.));
#14530=DIRECTION('',(0.,0.,1.));
#14531=DIRECTION('',(1.,0.,0.));
#14532=DIRECTION('',(0.,0.,-1.));
#14533=DIRECTION('',(1.,0.,0.));
#14534=DIRECTION('',(0.,0.,-1.));
#14535=DIRECTION('',(-1.,0.,0.));
#14536=DIRECTION('',(0.,0.,1.));
#14537=DIRECTION('',(1.,0.,0.));
#14538=DIRECTION('',(0.,0.,-1.));
#14539=DIRECTION('',(0.,0.,1.));
#14540=DIRECTION('',(1.,0.,0.));
#14541=DIRECTION('',(0.,0.,-1.));
#14542=DIRECTION('',(-1.,0.,0.));
#14543=DIRECTION('',(0.,0.,1.));
#14544=DIRECTION('',(1.,0.,0.));
#14545=DIRECTION('',(0.,0.,-1.));
#14546=DIRECTION('',(0.,0.,1.));
#14547=DIRECTION('',(1.,0.,0.));
#14548=DIRECTION('',(0.,0.,-1.));
#14549=DIRECTION('',(0.,1.,0.));
#14550=DIRECTION('',(0.,0.,1.));
#14551=DIRECTION('',(1.,0.,0.));
#14552=DIRECTION('',(0.,0.,-1.));
#14553=DIRECTION('',(1.,0.,0.));
#14554=DIRECTION('',(0.,0.,-1.));
#14555=DIRECTION('',(-1.,0.,0.));
#14556=DIRECTION('',(0.,0.,1.));
#14557=DIRECTION('',(1.,0.,0.));
#14558=DIRECTION('',(0.,0.,-1.));
#14559=DIRECTION('',(0.,0.,1.));
#14560=DIRECTION('',(1.,0.,0.));
#14561=DIRECTION('',(1.,0.,0.));
#14562=DIRECTION('',(0.,0.,-1.));
#14563=DIRECTION('',(0.,-1.,0.));
#14564=DIRECTION('',(0.,0.,-1.));
#14565=DIRECTION('',(0.,-1.,0.));
#14566=DIRECTION('',(0.,0.,-1.));
#14567=DIRECTION('',(-1.,0.,0.));
#14568=DIRECTION('',(0.,0.,1.));
#14569=DIRECTION('',(1.,0.,0.));
#14570=DIRECTION('',(0.,0.,-1.));
#14571=DIRECTION('',(0.,0.,1.));
#14572=DIRECTION('',(1.,0.,0.));
#14573=DIRECTION('',(0.,1.,0.));
#14574=DIRECTION('',(0.,0.,1.));
#14575=DIRECTION('',(1.,0.,0.));
#14576=DIRECTION('',(0.,0.,-1.));
#14577=DIRECTION('',(1.,0.,0.));
#14578=DIRECTION('',(0.,0.,-1.));
#14579=DIRECTION('',(-1.,0.,0.));
#14580=DIRECTION('',(0.,0.,1.));
#14581=DIRECTION('',(1.,0.,0.));
#14582=DIRECTION('',(0.,0.,-1.));
#14583=DIRECTION('',(0.,0.,1.));
#14584=DIRECTION('',(1.,0.,0.));
#14585=DIRECTION('',(0.,0.,-1.));
#14586=DIRECTION('',(-1.,0.,0.));
#14587=DIRECTION('',(0.,0.,1.));
#14588=DIRECTION('',(1.,0.,0.));
#14589=DIRECTION('',(0.,0.,-1.));
#14590=DIRECTION('',(0.,0.,1.));
#14591=DIRECTION('',(1.,0.,0.));
#14592=DIRECTION('',(0.,0.,-1.));
#14593=DIRECTION('',(1.,0.,0.));
#14594=DIRECTION('',(0.,0.,-1.));
#14595=DIRECTION('',(0.,-1.,0.));
#14596=DIRECTION('',(0.,0.,-1.));
#14597=DIRECTION('',(0.,-1.,0.));
#14598=DIRECTION('',(0.,0.,-1.));
#14599=DIRECTION('',(-1.,0.,0.));
#14600=DIRECTION('',(0.,0.,1.));
#14601=DIRECTION('',(1.,0.,0.));
#14602=DIRECTION('',(0.,0.,-1.));
#14603=DIRECTION('',(0.,0.,1.));
#14604=DIRECTION('',(1.,0.,0.));
#14605=DIRECTION('',(0.,1.,0.));
#14606=DIRECTION('',(0.,0.,1.));
#14607=DIRECTION('',(1.,0.,0.));
#14608=DIRECTION('',(0.,0.,-1.));
#14609=DIRECTION('',(1.,0.,0.));
#14610=DIRECTION('',(0.,0.,-1.));
#14611=DIRECTION('',(-1.,0.,0.));
#14612=DIRECTION('',(0.,0.,1.));
#14613=DIRECTION('',(1.,0.,0.));
#14614=DIRECTION('',(0.,0.,-1.));
#14615=DIRECTION('',(0.,0.,1.));
#14616=DIRECTION('',(1.,0.,0.));
#14617=DIRECTION('',(1.,0.,0.));
#14618=DIRECTION('',(0.,0.,-1.));
#14619=DIRECTION('',(0.,-1.,0.));
#14620=DIRECTION('',(0.,0.,-1.));
#14621=DIRECTION('',(0.,-1.,0.));
#14622=DIRECTION('',(0.,0.,-1.));
#14623=DIRECTION('',(-1.,0.,0.));
#14624=DIRECTION('',(0.,0.,1.));
#14625=DIRECTION('',(1.,0.,0.));
#14626=DIRECTION('',(0.,0.,-1.));
#14627=DIRECTION('',(0.,0.,1.));
#14628=DIRECTION('',(1.,0.,0.));
#14629=DIRECTION('',(0.,0.,-1.));
#14630=DIRECTION('',(-1.,0.,0.));
#14631=DIRECTION('',(0.,0.,1.));
#14632=DIRECTION('',(1.,0.,0.));
#14633=DIRECTION('',(0.,0.,-1.));
#14634=DIRECTION('',(0.,0.,1.));
#14635=DIRECTION('',(1.,0.,0.));
#14636=DIRECTION('',(0.,0.,-1.));
#14637=DIRECTION('',(1.,0.,0.));
#14638=DIRECTION('',(0.,0.,-1.));
#14639=DIRECTION('',(0.,-1.,0.));
#14640=DIRECTION('',(0.,0.,-1.));
#14641=DIRECTION('',(0.,-1.,0.));
#14642=DIRECTION('',(0.,0.,-1.));
#14643=DIRECTION('',(-1.,0.,0.));
#14644=DIRECTION('',(0.,0.,1.));
#14645=DIRECTION('',(1.,0.,0.));
#14646=DIRECTION('',(0.,0.,-1.));
#14647=DIRECTION('',(0.,0.,1.));
#14648=DIRECTION('',(1.,0.,0.));
#14649=DIRECTION('',(0.,1.,0.));
#14650=DIRECTION('',(0.,0.,1.));
#14651=DIRECTION('',(1.,0.,0.));
#14652=DIRECTION('',(0.,0.,-1.));
#14653=DIRECTION('',(1.,0.,0.));
#14654=DIRECTION('',(0.,0.,-1.));
#14655=DIRECTION('',(-1.,0.,0.));
#14656=DIRECTION('',(0.,0.,1.));
#14657=DIRECTION('',(1.,0.,0.));
#14658=DIRECTION('',(0.,0.,-1.));
#14659=DIRECTION('',(0.,0.,1.));
#14660=DIRECTION('',(1.,0.,0.));
#14661=DIRECTION('',(1.,0.,0.));
#14662=DIRECTION('',(0.,0.,-1.));
#14663=DIRECTION('',(0.,-1.,0.));
#14664=DIRECTION('',(0.,0.,-1.));
#14665=DIRECTION('',(0.,-1.,0.));
#14666=DIRECTION('',(0.,0.,-1.));
#14667=DIRECTION('',(-1.,0.,0.));
#14668=DIRECTION('',(0.,0.,1.));
#14669=DIRECTION('',(1.,0.,0.));
#14670=DIRECTION('',(0.,0.,-1.));
#14671=DIRECTION('',(0.,0.,1.));
#14672=DIRECTION('',(1.,0.,0.));
#14673=DIRECTION('',(1.,0.,0.));
#14674=DIRECTION('',(0.,0.,-1.));
#14675=DIRECTION('',(0.,-1.,0.));
#14676=DIRECTION('',(0.,0.,-1.));
#14677=DIRECTION('',(0.,-1.,0.));
#14678=DIRECTION('',(0.,0.,-1.));
#14679=DIRECTION('',(0.,0.,-1.));
#14680=DIRECTION('',(-1.,0.,0.));
#14681=DIRECTION('',(0.,0.,1.));
#14682=DIRECTION('',(1.,0.,0.));
#14683=DIRECTION('',(0.,0.,-1.));
#14684=DIRECTION('',(0.,0.,1.));
#14685=DIRECTION('',(1.,0.,0.));
#14686=DIRECTION('',(0.,1.,0.));
#14687=DIRECTION('',(0.,0.,1.));
#14688=DIRECTION('',(1.,0.,0.));
#14689=DIRECTION('',(0.,0.,-1.));
#14690=DIRECTION('',(1.,0.,0.));
#14691=DIRECTION('',(0.,0.,-1.));
#14692=DIRECTION('',(-1.,0.,0.));
#14693=DIRECTION('',(0.,0.,1.));
#14694=DIRECTION('',(1.,0.,0.));
#14695=DIRECTION('',(0.,0.,-1.));
#14696=DIRECTION('',(0.,0.,1.));
#14697=DIRECTION('',(1.,0.,0.));
#14698=DIRECTION('',(1.,0.,0.));
#14699=DIRECTION('',(0.,0.,-1.));
#14700=DIRECTION('',(0.,-1.,0.));
#14701=DIRECTION('',(0.,0.,-1.));
#14702=DIRECTION('',(0.,-1.,0.));
#14703=DIRECTION('',(0.,0.,-1.));
#14704=DIRECTION('',(-1.,0.,0.));
#14705=DIRECTION('',(0.,0.,1.));
#14706=DIRECTION('',(1.,0.,0.));
#14707=DIRECTION('',(0.,0.,-1.));
#14708=DIRECTION('',(0.,0.,1.));
#14709=DIRECTION('',(1.,0.,0.));
#14710=DIRECTION('',(0.,1.,0.));
#14711=DIRECTION('',(0.,0.,1.));
#14712=DIRECTION('',(1.,0.,0.));
#14713=DIRECTION('',(0.,0.,-1.));
#14714=DIRECTION('',(1.,0.,0.));
#14715=DIRECTION('',(0.,0.,-1.));
#14716=DIRECTION('',(-1.,0.,0.));
#14717=DIRECTION('',(0.,0.,1.));
#14718=DIRECTION('',(1.,0.,0.));
#14719=DIRECTION('',(0.,0.,-1.));
#14720=DIRECTION('',(0.,0.,1.));
#14721=DIRECTION('',(1.,0.,0.));
#14722=DIRECTION('',(0.,0.,-1.));
#14723=DIRECTION('',(1.,0.,0.));
#14724=DIRECTION('',(0.,0.,-1.));
#14725=DIRECTION('',(0.,-1.,0.));
#14726=DIRECTION('',(0.,0.,-1.));
#14727=DIRECTION('',(0.,-1.,0.));
#14728=DIRECTION('',(0.,0.,-1.));
#14729=DIRECTION('',(-1.,0.,0.));
#14730=DIRECTION('',(0.,0.,1.));
#14731=DIRECTION('',(1.,0.,0.));
#14732=DIRECTION('',(0.,0.,-1.));
#14733=DIRECTION('',(0.,0.,1.));
#14734=DIRECTION('',(1.,0.,0.));
#14735=DIRECTION('',(0.,1.,0.));
#14736=DIRECTION('',(0.,0.,1.));
#14737=DIRECTION('',(1.,0.,0.));
#14738=DIRECTION('',(0.,0.,-1.));
#14739=DIRECTION('',(1.,0.,0.));
#14740=DIRECTION('',(0.,0.,-1.));
#14741=DIRECTION('',(-1.,0.,0.));
#14742=DIRECTION('',(0.,0.,1.));
#14743=DIRECTION('',(1.,0.,0.));
#14744=DIRECTION('',(0.,0.,-1.));
#14745=DIRECTION('',(0.,0.,1.));
#14746=DIRECTION('',(1.,0.,0.));
#14747=DIRECTION('',(1.,0.,0.));
#14748=DIRECTION('',(0.,0.,-1.));
#14749=DIRECTION('',(0.,-1.,0.));
#14750=DIRECTION('',(0.,0.,-1.));
#14751=DIRECTION('',(0.,-1.,0.));
#14752=DIRECTION('',(0.,0.,-1.));
#14753=DIRECTION('',(-1.,0.,0.));
#14754=DIRECTION('',(0.,0.,1.));
#14755=DIRECTION('',(1.,0.,0.));
#14756=DIRECTION('',(0.,0.,-1.));
#14757=DIRECTION('',(0.,0.,1.));
#14758=DIRECTION('',(1.,0.,0.));
#14759=DIRECTION('',(1.,0.,0.));
#14760=DIRECTION('',(0.,0.,-1.));
#14761=DIRECTION('',(0.,-1.,0.));
#14762=DIRECTION('',(0.,0.,-1.));
#14763=DIRECTION('',(0.,-1.,0.));
#14764=DIRECTION('',(0.,0.,-1.));
#14765=DIRECTION('',(0.,0.,-1.));
#14766=DIRECTION('',(-1.,0.,0.));
#14767=DIRECTION('',(0.,0.,1.));
#14768=DIRECTION('',(1.,0.,0.));
#14769=DIRECTION('',(0.,0.,-1.));
#14770=DIRECTION('',(0.,0.,1.));
#14771=DIRECTION('',(1.,0.,0.));
#14772=DIRECTION('',(0.,-1.,0.));
#14773=DIRECTION('',(0.,0.,-1.));
#14774=DIRECTION('',(-1.,0.,0.));
#14775=DIRECTION('',(0.,0.,-1.));
#14776=DIRECTION('',(-1.,0.,0.));
#14777=DIRECTION('',(0.,0.,-1.));
#14778=DIRECTION('',(-1.,0.,0.));
#14779=DIRECTION('',(0.,0.,1.));
#14780=DIRECTION('',(1.,0.,0.));
#14781=DIRECTION('',(0.,0.,-1.));
#14782=DIRECTION('',(0.,0.,1.));
#14783=DIRECTION('',(1.,0.,0.));
#14784=DIRECTION('',(1.,0.,0.));
#14785=DIRECTION('',(0.,0.,-1.));
#14786=DIRECTION('',(0.,-1.,0.));
#14787=DIRECTION('',(0.,0.,-1.));
#14788=DIRECTION('',(0.,-1.,0.));
#14789=DIRECTION('',(0.,0.,-1.));
#14790=DIRECTION('',(-1.,0.,0.));
#14791=DIRECTION('',(0.,0.,1.));
#14792=DIRECTION('',(1.,0.,0.));
#14793=DIRECTION('',(0.,0.,-1.));
#14794=DIRECTION('',(0.,0.,1.));
#14795=DIRECTION('',(1.,0.,0.));
#14796=DIRECTION('',(0.,-1.,0.));
#14797=DIRECTION('',(0.,0.,-1.));
#14798=DIRECTION('',(-1.,0.,0.));
#14799=DIRECTION('',(0.,0.,-1.));
#14800=DIRECTION('',(-1.,0.,0.));
#14801=DIRECTION('',(1.,0.,0.));
#14802=DIRECTION('',(0.,0.,-1.));
#14803=DIRECTION('',(0.,-1.,0.));
#14804=DIRECTION('',(0.,0.,-1.));
#14805=DIRECTION('',(0.,-1.,0.));
#14806=DIRECTION('',(0.,0.,-1.));
#14807=DIRECTION('',(0.,0.,-1.));
#14808=DIRECTION('',(-1.,0.,0.));
#14809=DIRECTION('',(0.,0.,1.));
#14810=DIRECTION('',(1.,0.,0.));
#14811=DIRECTION('',(0.,0.,-1.));
#14812=DIRECTION('',(0.,0.,1.));
#14813=DIRECTION('',(1.,0.,0.));
#14814=DIRECTION('',(0.,1.,0.));
#14815=DIRECTION('',(0.,0.,1.));
#14816=DIRECTION('',(1.,0.,0.));
#14817=DIRECTION('',(0.,0.,-1.));
#14818=DIRECTION('',(1.,0.,0.));
#14819=DIRECTION('',(0.,0.,-1.));
#14820=DIRECTION('',(-1.,0.,0.));
#14821=DIRECTION('',(0.,0.,1.));
#14822=DIRECTION('',(1.,0.,0.));
#14823=DIRECTION('',(0.,0.,-1.));
#14824=DIRECTION('',(0.,0.,1.));
#14825=DIRECTION('',(1.,0.,0.));
#14826=DIRECTION('',(1.,0.,0.));
#14827=DIRECTION('',(0.,0.,-1.));
#14828=DIRECTION('',(0.,-1.,0.));
#14829=DIRECTION('',(0.,0.,-1.));
#14830=DIRECTION('',(0.,-1.,0.));
#14831=DIRECTION('',(0.,0.,-1.));
#14832=DIRECTION('',(-1.,0.,0.));
#14833=DIRECTION('',(0.,0.,1.));
#14834=DIRECTION('',(1.,0.,0.));
#14835=DIRECTION('',(0.,0.,-1.));
#14836=DIRECTION('',(0.,0.,1.));
#14837=DIRECTION('',(1.,0.,0.));
#14838=DIRECTION('',(0.,1.,0.));
#14839=DIRECTION('',(0.,0.,1.));
#14840=DIRECTION('',(1.,0.,0.));
#14841=DIRECTION('',(0.,0.,-1.));
#14842=DIRECTION('',(1.,0.,0.));
#14843=DIRECTION('',(0.,0.,-1.));
#14844=DIRECTION('',(-1.,0.,0.));
#14845=DIRECTION('',(0.,0.,1.));
#14846=DIRECTION('',(1.,0.,0.));
#14847=DIRECTION('',(0.,0.,-1.));
#14848=DIRECTION('',(0.,0.,1.));
#14849=DIRECTION('',(1.,0.,0.));
#14850=DIRECTION('',(0.,0.,-1.));
#14851=DIRECTION('',(0.,-1.,0.));
#14852=DIRECTION('',(0.,0.,-1.));
#14853=DIRECTION('',(-1.,0.,0.));
#14854=DIRECTION('',(0.,0.,-1.));
#14855=DIRECTION('',(-1.,0.,0.));
#14856=DIRECTION('',(0.,0.,-1.));
#14857=DIRECTION('',(-1.,0.,0.));
#14858=DIRECTION('',(0.,0.,1.));
#14859=DIRECTION('',(1.,0.,0.));
#14860=DIRECTION('',(0.,0.,-1.));
#14861=DIRECTION('',(0.,0.,1.));
#14862=DIRECTION('',(1.,0.,0.));
#14863=DIRECTION('',(1.,0.,0.));
#14864=DIRECTION('',(0.,0.,-1.));
#14865=DIRECTION('',(0.,-1.,0.));
#14866=DIRECTION('',(0.,0.,-1.));
#14867=DIRECTION('',(0.,-1.,0.));
#14868=DIRECTION('',(0.,0.,-1.));
#14869=DIRECTION('',(-1.,0.,0.));
#14870=DIRECTION('',(0.,0.,1.));
#14871=DIRECTION('',(1.,0.,0.));
#14872=DIRECTION('',(0.,0.,-1.));
#14873=DIRECTION('',(0.,0.,1.));
#14874=DIRECTION('',(1.,0.,0.));
#14875=DIRECTION('',(0.,-1.,0.));
#14876=DIRECTION('',(0.,0.,-1.));
#14877=DIRECTION('',(-1.,0.,0.));
#14878=DIRECTION('',(0.,0.,-1.));
#14879=DIRECTION('',(-1.,0.,0.));
#14880=DIRECTION('',(0.,0.,-1.));
#14881=DIRECTION('',(-1.,0.,0.));
#14882=DIRECTION('',(0.,0.,1.));
#14883=DIRECTION('',(1.,0.,0.));
#14884=DIRECTION('',(0.,0.,-1.));
#14885=DIRECTION('',(0.,0.,1.));
#14886=DIRECTION('',(1.,0.,0.));
#14887=DIRECTION('',(0.,0.,-1.));
#14888=DIRECTION('',(-1.,0.,0.));
#14889=DIRECTION('',(0.,0.,1.));
#14890=DIRECTION('',(1.,0.,0.));
#14891=DIRECTION('',(0.,0.,-1.));
#14892=DIRECTION('',(0.,0.,1.));
#14893=DIRECTION('',(1.,0.,0.));
#14894=DIRECTION('',(0.,0.,-1.));
#14895=DIRECTION('',(0.,-1.,0.));
#14896=DIRECTION('',(0.,0.,-1.));
#14897=DIRECTION('',(-1.,0.,0.));
#14898=DIRECTION('',(0.,0.,-1.));
#14899=DIRECTION('',(-1.,0.,0.));
#14900=DIRECTION('',(0.,0.,-1.));
#14901=DIRECTION('',(-1.,0.,0.));
#14902=DIRECTION('',(0.,0.,1.));
#14903=DIRECTION('',(1.,0.,0.));
#14904=DIRECTION('',(0.,0.,-1.));
#14905=DIRECTION('',(0.,0.,1.));
#14906=DIRECTION('',(1.,0.,0.));
#14907=DIRECTION('',(1.,0.,0.));
#14908=DIRECTION('',(0.,0.,-1.));
#14909=DIRECTION('',(0.,-1.,0.));
#14910=DIRECTION('',(0.,0.,-1.));
#14911=DIRECTION('',(0.,-1.,0.));
#14912=DIRECTION('',(0.,0.,-1.));
#14913=DIRECTION('',(-1.,0.,0.));
#14914=DIRECTION('',(0.,0.,1.));
#14915=DIRECTION('',(1.,0.,0.));
#14916=DIRECTION('',(0.,0.,-1.));
#14917=DIRECTION('',(0.,0.,1.));
#14918=DIRECTION('',(1.,0.,0.));
#14919=DIRECTION('',(0.,0.,-1.));
#14920=DIRECTION('',(-1.,0.,0.));
#14921=DIRECTION('',(0.,0.,1.));
#14922=DIRECTION('',(1.,0.,0.));
#14923=DIRECTION('',(0.,0.,-1.));
#14924=DIRECTION('',(0.,0.,1.));
#14925=DIRECTION('',(1.,0.,0.));
#14926=DIRECTION('',(1.,0.,0.));
#14927=DIRECTION('',(0.,0.,-1.));
#14928=DIRECTION('',(0.,-1.,0.));
#14929=DIRECTION('',(0.,0.,-1.));
#14930=DIRECTION('',(0.,-1.,0.));
#14931=DIRECTION('',(0.,0.,-1.));
#14932=DIRECTION('',(-1.,0.,0.));
#14933=DIRECTION('',(0.,0.,1.));
#14934=DIRECTION('',(1.,0.,0.));
#14935=DIRECTION('',(0.,0.,-1.));
#14936=DIRECTION('',(0.,0.,1.));
#14937=DIRECTION('',(1.,0.,0.));
#14938=DIRECTION('',(0.,-1.,0.));
#14939=DIRECTION('',(0.,0.,-1.));
#14940=DIRECTION('',(-1.,0.,0.));
#14941=DIRECTION('',(0.,0.,-1.));
#14942=DIRECTION('',(-1.,0.,0.));
#14943=DIRECTION('',(0.,0.,-1.));
#14944=DIRECTION('',(-1.,0.,0.));
#14945=DIRECTION('',(0.,0.,1.));
#14946=DIRECTION('',(1.,0.,0.));
#14947=DIRECTION('',(0.,0.,-1.));
#14948=DIRECTION('',(0.,0.,1.));
#14949=DIRECTION('',(1.,0.,0.));
#14950=DIRECTION('',(1.,0.,0.));
#14951=DIRECTION('',(0.,0.,-1.));
#14952=DIRECTION('',(0.,-1.,0.));
#14953=DIRECTION('',(0.,0.,-1.));
#14954=DIRECTION('',(0.,-1.,0.));
#14955=DIRECTION('',(0.,0.,-1.));
#14956=DIRECTION('',(-1.,0.,0.));
#14957=DIRECTION('',(0.,0.,1.));
#14958=DIRECTION('',(1.,0.,0.));
#14959=DIRECTION('',(0.,0.,-1.));
#14960=DIRECTION('',(0.,0.,1.));
#14961=DIRECTION('',(1.,0.,0.));
#14962=DIRECTION('',(0.,0.,-1.));
#14963=DIRECTION('',(-1.,0.,0.));
#14964=DIRECTION('',(0.,0.,1.));
#14965=DIRECTION('',(1.,0.,0.));
#14966=DIRECTION('',(0.,0.,-1.));
#14967=DIRECTION('',(0.,0.,1.));
#14968=DIRECTION('',(1.,0.,0.));
#14969=DIRECTION('',(0.,0.,-1.));
#14970=DIRECTION('',(-1.,0.,0.));
#14971=DIRECTION('',(0.,0.,1.));
#14972=DIRECTION('',(1.,0.,0.));
#14973=DIRECTION('',(0.,0.,-1.));
#14974=DIRECTION('',(0.,0.,1.));
#14975=DIRECTION('',(1.,0.,0.));
#14976=DIRECTION('',(0.,0.,-1.));
#14977=DIRECTION('',(1.,0.,0.));
#14978=DIRECTION('',(0.,0.,-1.));
#14979=DIRECTION('',(0.,-1.,0.));
#14980=DIRECTION('',(0.,0.,-1.));
#14981=DIRECTION('',(0.,-1.,0.));
#14982=DIRECTION('',(0.,0.,-1.));
#14983=DIRECTION('',(-1.,0.,0.));
#14984=DIRECTION('',(0.,0.,1.));
#14985=DIRECTION('',(1.,0.,0.));
#14986=DIRECTION('',(0.,0.,-1.));
#14987=DIRECTION('',(0.,0.,1.));
#14988=DIRECTION('',(1.,0.,0.));
#14989=DIRECTION('',(0.,1.,0.));
#14990=DIRECTION('',(0.,0.,1.));
#14991=DIRECTION('',(1.,0.,0.));
#14992=DIRECTION('',(0.,0.,-1.));
#14993=DIRECTION('',(1.,0.,0.));
#14994=DIRECTION('',(0.,0.,-1.));
#14995=DIRECTION('',(-1.,0.,0.));
#14996=DIRECTION('',(0.,0.,1.));
#14997=DIRECTION('',(1.,0.,0.));
#14998=DIRECTION('',(0.,0.,-1.));
#14999=DIRECTION('',(0.,0.,1.));
#15000=DIRECTION('',(1.,0.,0.));
#15001=DIRECTION('',(1.,0.,0.));
#15002=DIRECTION('',(0.,0.,-1.));
#15003=DIRECTION('',(0.,-1.,0.));
#15004=DIRECTION('',(0.,0.,-1.));
#15005=DIRECTION('',(0.,-1.,0.));
#15006=DIRECTION('',(0.,0.,-1.));
#15007=DIRECTION('',(-1.,0.,0.));
#15008=DIRECTION('',(0.,0.,1.));
#15009=DIRECTION('',(1.,0.,0.));
#15010=DIRECTION('',(0.,0.,-1.));
#15011=DIRECTION('',(0.,0.,1.));
#15012=DIRECTION('',(1.,0.,0.));
#15013=DIRECTION('',(0.,0.,-1.));
#15014=DIRECTION('',(-1.,0.,0.));
#15015=DIRECTION('',(0.,0.,1.));
#15016=DIRECTION('',(1.,0.,0.));
#15017=DIRECTION('',(0.,0.,-1.));
#15018=DIRECTION('',(0.,0.,1.));
#15019=DIRECTION('',(1.,0.,0.));
#15020=DIRECTION('',(0.,0.,-1.));
#15021=DIRECTION('',(1.,0.,0.));
#15022=DIRECTION('',(0.,0.,-1.));
#15023=DIRECTION('',(0.,-1.,0.));
#15024=DIRECTION('',(0.,0.,-1.));
#15025=DIRECTION('',(0.,-1.,0.));
#15026=DIRECTION('',(0.,0.,-1.));
#15027=DIRECTION('',(-1.,0.,0.));
#15028=DIRECTION('',(0.,0.,1.));
#15029=DIRECTION('',(1.,0.,0.));
#15030=DIRECTION('',(0.,0.,-1.));
#15031=DIRECTION('',(0.,0.,1.));
#15032=DIRECTION('',(1.,0.,0.));
#15033=DIRECTION('',(0.,1.,0.));
#15034=DIRECTION('',(0.,0.,1.));
#15035=DIRECTION('',(1.,0.,0.));
#15036=DIRECTION('',(0.,0.,-1.));
#15037=DIRECTION('',(1.,0.,0.));
#15038=DIRECTION('',(0.,0.,-1.));
#15039=DIRECTION('',(-1.,0.,0.));
#15040=DIRECTION('',(0.,0.,1.));
#15041=DIRECTION('',(1.,0.,0.));
#15042=DIRECTION('',(0.,0.,-1.));
#15043=DIRECTION('',(0.,0.,1.));
#15044=DIRECTION('',(1.,0.,0.));
#15045=DIRECTION('',(1.,0.,0.));
#15046=DIRECTION('',(0.,0.,-1.));
#15047=DIRECTION('',(0.,-1.,0.));
#15048=DIRECTION('',(0.,0.,-1.));
#15049=DIRECTION('',(0.,-1.,0.));
#15050=DIRECTION('',(0.,0.,-1.));
#15051=DIRECTION('',(-1.,0.,0.));
#15052=DIRECTION('',(0.,0.,1.));
#15053=DIRECTION('',(1.,0.,0.));
#15054=DIRECTION('',(0.,0.,-1.));
#15055=DIRECTION('',(0.,0.,1.));
#15056=DIRECTION('',(1.,0.,0.));
#15057=DIRECTION('',(0.,0.,-1.));
#15058=DIRECTION('',(-1.,0.,0.));
#15059=DIRECTION('',(0.,0.,1.));
#15060=DIRECTION('',(1.,0.,0.));
#15061=DIRECTION('',(0.,0.,-1.));
#15062=DIRECTION('',(0.,0.,1.));
#15063=DIRECTION('',(1.,0.,0.));
#15064=DIRECTION('',(0.,0.,-1.));
#15065=DIRECTION('',(1.,0.,0.));
#15066=DIRECTION('',(0.,0.,-1.));
#15067=DIRECTION('',(0.,-1.,0.));
#15068=DIRECTION('',(0.,0.,-1.));
#15069=DIRECTION('',(0.,-1.,0.));
#15070=DIRECTION('',(0.,0.,-1.));
#15071=DIRECTION('',(-1.,0.,0.));
#15072=DIRECTION('',(0.,0.,1.));
#15073=DIRECTION('',(1.,0.,0.));
#15074=DIRECTION('',(0.,0.,-1.));
#15075=DIRECTION('',(0.,0.,1.));
#15076=DIRECTION('',(1.,0.,0.));
#15077=DIRECTION('',(0.,1.,0.));
#15078=DIRECTION('',(0.,0.,1.));
#15079=DIRECTION('',(1.,0.,0.));
#15080=DIRECTION('',(0.,0.,-1.));
#15081=DIRECTION('',(1.,0.,0.));
#15082=DIRECTION('',(0.,0.,-1.));
#15083=DIRECTION('',(-1.,0.,0.));
#15084=DIRECTION('',(0.,0.,1.));
#15085=DIRECTION('',(1.,0.,0.));
#15086=DIRECTION('',(0.,0.,-1.));
#15087=DIRECTION('',(0.,0.,1.));
#15088=DIRECTION('',(1.,0.,0.));
#15089=DIRECTION('',(1.,0.,0.));
#15090=DIRECTION('',(0.,0.,-1.));
#15091=DIRECTION('',(0.,-1.,0.));
#15092=DIRECTION('',(0.,0.,-1.));
#15093=DIRECTION('',(0.,-1.,0.));
#15094=DIRECTION('',(0.,0.,-1.));
#15095=DIRECTION('',(-1.,0.,0.));
#15096=DIRECTION('',(0.,0.,1.));
#15097=DIRECTION('',(1.,0.,0.));
#15098=DIRECTION('',(0.,0.,-1.));
#15099=DIRECTION('',(0.,0.,1.));
#15100=DIRECTION('',(1.,0.,0.));
#15101=DIRECTION('',(0.,1.,0.));
#15102=DIRECTION('',(0.,0.,1.));
#15103=DIRECTION('',(1.,0.,0.));
#15104=DIRECTION('',(0.,0.,-1.));
#15105=DIRECTION('',(1.,0.,0.));
#15106=DIRECTION('',(0.,0.,-1.));
#15107=DIRECTION('',(0.,0.,-1.));
#15108=DIRECTION('',(-1.,0.,0.));
#15109=DIRECTION('',(0.,0.,1.));
#15110=DIRECTION('',(1.,0.,0.));
#15111=DIRECTION('',(0.,0.,-1.));
#15112=DIRECTION('',(0.,0.,1.));
#15113=DIRECTION('',(1.,0.,0.));
#15114=DIRECTION('',(1.,0.,0.));
#15115=DIRECTION('',(0.,0.,-1.));
#15116=DIRECTION('',(0.,-1.,0.));
#15117=DIRECTION('',(0.,0.,-1.));
#15118=DIRECTION('',(0.,-1.,0.));
#15119=DIRECTION('',(0.,0.,-1.));
#15120=DIRECTION('',(-1.,0.,0.));
#15121=DIRECTION('',(0.,0.,1.));
#15122=DIRECTION('',(1.,0.,0.));
#15123=DIRECTION('',(0.,0.,-1.));
#15124=DIRECTION('',(0.,0.,1.));
#15125=DIRECTION('',(1.,0.,0.));
#15126=DIRECTION('',(0.,1.,0.));
#15127=DIRECTION('',(0.,0.,1.));
#15128=DIRECTION('',(1.,0.,0.));
#15129=DIRECTION('',(0.,0.,-1.));
#15130=DIRECTION('',(1.,0.,0.));
#15131=DIRECTION('',(0.,0.,-1.));
#15132=DIRECTION('',(-1.,0.,0.));
#15133=DIRECTION('',(0.,0.,1.));
#15134=DIRECTION('',(1.,0.,0.));
#15135=DIRECTION('',(0.,0.,-1.));
#15136=DIRECTION('',(0.,0.,1.));
#15137=DIRECTION('',(1.,0.,0.));
#15138=DIRECTION('',(1.,0.,0.));
#15139=DIRECTION('',(0.,0.,-1.));
#15140=DIRECTION('',(0.,-1.,0.));
#15141=DIRECTION('',(0.,0.,-1.));
#15142=DIRECTION('',(0.,-1.,0.));
#15143=DIRECTION('',(0.,0.,-1.));
#15144=DIRECTION('',(-1.,0.,0.));
#15145=DIRECTION('',(0.,0.,1.));
#15146=DIRECTION('',(1.,0.,0.));
#15147=DIRECTION('',(0.,0.,-1.));
#15148=DIRECTION('',(0.,0.,1.));
#15149=DIRECTION('',(1.,0.,0.));
#15150=DIRECTION('',(0.,0.,-1.));
#15151=DIRECTION('',(1.,0.,0.));
#15152=DIRECTION('',(0.,0.,-1.));
#15153=DIRECTION('',(0.,-1.,0.));
#15154=DIRECTION('',(0.,0.,-1.));
#15155=DIRECTION('',(0.,-1.,0.));
#15156=DIRECTION('',(0.,0.,-1.));
#15157=DIRECTION('',(-1.,0.,0.));
#15158=DIRECTION('',(0.,0.,1.));
#15159=DIRECTION('',(1.,0.,0.));
#15160=DIRECTION('',(0.,0.,-1.));
#15161=DIRECTION('',(0.,0.,1.));
#15162=DIRECTION('',(1.,0.,0.));
#15163=DIRECTION('',(0.,1.,0.));
#15164=DIRECTION('',(0.,0.,1.));
#15165=DIRECTION('',(1.,0.,0.));
#15166=DIRECTION('',(0.,0.,-1.));
#15167=DIRECTION('',(1.,0.,0.));
#15168=DIRECTION('',(0.,0.,-1.));
#15169=DIRECTION('',(-1.,0.,0.));
#15170=DIRECTION('',(0.,0.,1.));
#15171=DIRECTION('',(1.,0.,0.));
#15172=DIRECTION('',(0.,0.,-1.));
#15173=DIRECTION('',(0.,0.,1.));
#15174=DIRECTION('',(1.,0.,0.));
#15175=DIRECTION('',(1.,0.,0.));
#15176=DIRECTION('',(0.,0.,-1.));
#15177=DIRECTION('',(0.,-1.,0.));
#15178=DIRECTION('',(0.,0.,-1.));
#15179=DIRECTION('',(0.,-1.,0.));
#15180=DIRECTION('',(0.,0.,-1.));
#15181=DIRECTION('',(-1.,0.,0.));
#15182=DIRECTION('',(0.,0.,1.));
#15183=DIRECTION('',(1.,0.,0.));
#15184=DIRECTION('',(0.,0.,-1.));
#15185=DIRECTION('',(0.,0.,1.));
#15186=DIRECTION('',(1.,0.,0.));
#15187=DIRECTION('',(0.,0.,-1.));
#15188=DIRECTION('',(-1.,0.,0.));
#15189=DIRECTION('',(0.,0.,1.));
#15190=DIRECTION('',(1.,0.,0.));
#15191=DIRECTION('',(0.,0.,-1.));
#15192=DIRECTION('',(0.,0.,1.));
#15193=DIRECTION('',(1.,0.,0.));
#15194=DIRECTION('',(0.,0.,-1.));
#15195=DIRECTION('',(0.,1.,0.));
#15196=DIRECTION('',(0.,0.,1.));
#15197=DIRECTION('',(1.,0.,0.));
#15198=DIRECTION('',(0.,0.,-1.));
#15199=DIRECTION('',(1.,0.,0.));
#15200=DIRECTION('',(0.,0.,-1.));
#15201=DIRECTION('',(-1.,0.,0.));
#15202=DIRECTION('',(0.,0.,1.));
#15203=DIRECTION('',(1.,0.,0.));
#15204=DIRECTION('',(0.,0.,-1.));
#15205=DIRECTION('',(0.,0.,1.));
#15206=DIRECTION('',(1.,0.,0.));
#15207=DIRECTION('',(1.,0.,0.));
#15208=DIRECTION('',(0.,0.,-1.));
#15209=DIRECTION('',(0.,-1.,0.));
#15210=DIRECTION('',(0.,0.,-1.));
#15211=DIRECTION('',(0.,-1.,0.));
#15212=DIRECTION('',(0.,0.,-1.));
#15213=DIRECTION('',(-1.,0.,0.));
#15214=DIRECTION('',(0.,0.,1.));
#15215=DIRECTION('',(1.,0.,0.));
#15216=DIRECTION('',(0.,0.,-1.));
#15217=DIRECTION('',(0.,0.,1.));
#15218=DIRECTION('',(1.,0.,0.));
#15219=DIRECTION('',(0.,1.,0.));
#15220=DIRECTION('',(0.,0.,1.));
#15221=DIRECTION('',(1.,0.,0.));
#15222=DIRECTION('',(0.,0.,-1.));
#15223=DIRECTION('',(1.,0.,0.));
#15224=DIRECTION('',(0.,0.,-1.));
#15225=DIRECTION('',(-1.,0.,0.));
#15226=DIRECTION('',(0.,0.,1.));
#15227=DIRECTION('',(1.,0.,0.));
#15228=DIRECTION('',(0.,0.,-1.));
#15229=DIRECTION('',(0.,0.,1.));
#15230=DIRECTION('',(1.,0.,0.));
#15231=DIRECTION('',(0.,0.,-1.));
#15232=DIRECTION('',(-1.,0.,0.));
#15233=DIRECTION('',(0.,0.,1.));
#15234=DIRECTION('',(1.,0.,0.));
#15235=DIRECTION('',(0.,0.,-1.));
#15236=DIRECTION('',(0.,0.,1.));
#15237=DIRECTION('',(1.,0.,0.));
#15238=DIRECTION('',(0.,0.,-1.));
#15239=DIRECTION('',(0.,1.,0.));
#15240=DIRECTION('',(0.,0.,1.));
#15241=DIRECTION('',(1.,0.,0.));
#15242=DIRECTION('',(0.,0.,-1.));
#15243=DIRECTION('',(1.,0.,0.));
#15244=DIRECTION('',(0.,0.,-1.));
#15245=DIRECTION('',(-1.,0.,0.));
#15246=DIRECTION('',(0.,0.,1.));
#15247=DIRECTION('',(1.,0.,0.));
#15248=DIRECTION('',(0.,0.,-1.));
#15249=DIRECTION('',(0.,0.,1.));
#15250=DIRECTION('',(1.,0.,0.));
#15251=DIRECTION('',(1.,0.,0.));
#15252=DIRECTION('',(0.,0.,-1.));
#15253=DIRECTION('',(0.,-1.,0.));
#15254=DIRECTION('',(0.,0.,-1.));
#15255=DIRECTION('',(0.,-1.,0.));
#15256=DIRECTION('',(0.,0.,-1.));
#15257=DIRECTION('',(-1.,0.,0.));
#15258=DIRECTION('',(0.,0.,1.));
#15259=DIRECTION('',(1.,0.,0.));
#15260=DIRECTION('',(0.,0.,-1.));
#15261=DIRECTION('',(0.,0.,1.));
#15262=DIRECTION('',(1.,0.,0.));
#15263=DIRECTION('',(0.,1.,0.));
#15264=DIRECTION('',(0.,0.,1.));
#15265=DIRECTION('',(1.,0.,0.));
#15266=DIRECTION('',(0.,0.,-1.));
#15267=DIRECTION('',(1.,0.,0.));
#15268=DIRECTION('',(0.,0.,-1.));
#15269=DIRECTION('',(-1.,0.,0.));
#15270=DIRECTION('',(0.,0.,1.));
#15271=DIRECTION('',(1.,0.,0.));
#15272=DIRECTION('',(0.,0.,-1.));
#15273=DIRECTION('',(0.,0.,1.));
#15274=DIRECTION('',(1.,0.,0.));
#15275=DIRECTION('',(0.,0.,-1.));
#15276=DIRECTION('',(-1.,0.,0.));
#15277=DIRECTION('',(0.,0.,1.));
#15278=DIRECTION('',(1.,0.,0.));
#15279=DIRECTION('',(0.,0.,-1.));
#15280=DIRECTION('',(0.,0.,1.));
#15281=DIRECTION('',(1.,0.,0.));
#15282=DIRECTION('',(0.,0.,-1.));
#15283=DIRECTION('',(0.,1.,0.));
#15284=DIRECTION('',(0.,0.,1.));
#15285=DIRECTION('',(1.,0.,0.));
#15286=DIRECTION('',(0.,0.,-1.));
#15287=DIRECTION('',(1.,0.,0.));
#15288=DIRECTION('',(0.,0.,-1.));
#15289=DIRECTION('',(-1.,0.,0.));
#15290=DIRECTION('',(0.,0.,1.));
#15291=DIRECTION('',(1.,0.,0.));
#15292=DIRECTION('',(0.,0.,-1.));
#15293=DIRECTION('',(0.,0.,1.));
#15294=DIRECTION('',(1.,0.,0.));
#15295=DIRECTION('',(1.,0.,0.));
#15296=DIRECTION('',(0.,0.,-1.));
#15297=DIRECTION('',(0.,-1.,0.));
#15298=DIRECTION('',(0.,0.,-1.));
#15299=DIRECTION('',(0.,-1.,0.));
#15300=DIRECTION('',(0.,0.,-1.));
#15301=DIRECTION('',(-1.,0.,0.));
#15302=DIRECTION('',(0.,0.,1.));
#15303=DIRECTION('',(1.,0.,0.));
#15304=DIRECTION('',(0.,0.,-1.));
#15305=DIRECTION('',(0.,0.,1.));
#15306=DIRECTION('',(1.,0.,0.));
#15307=DIRECTION('',(0.,1.,0.));
#15308=DIRECTION('',(0.,0.,1.));
#15309=DIRECTION('',(1.,0.,0.));
#15310=DIRECTION('',(0.,0.,-1.));
#15311=DIRECTION('',(1.,0.,0.));
#15312=DIRECTION('',(0.,0.,-1.));
#15313=DIRECTION('',(-1.,0.,0.));
#15314=DIRECTION('',(0.,0.,1.));
#15315=DIRECTION('',(1.,0.,0.));
#15316=DIRECTION('',(0.,0.,-1.));
#15317=DIRECTION('',(0.,0.,1.));
#15318=DIRECTION('',(1.,0.,0.));
#15319=DIRECTION('',(0.,0.,-1.));
#15320=DIRECTION('',(-1.,0.,0.));
#15321=DIRECTION('',(0.,0.,1.));
#15322=DIRECTION('',(1.,0.,0.));
#15323=DIRECTION('',(0.,0.,-1.));
#15324=DIRECTION('',(0.,0.,1.));
#15325=DIRECTION('',(1.,0.,0.));
#15326=DIRECTION('',(0.,0.,-1.));
#15327=DIRECTION('',(0.,1.,0.));
#15328=DIRECTION('',(0.,0.,1.));
#15329=DIRECTION('',(1.,0.,0.));
#15330=DIRECTION('',(0.,0.,-1.));
#15331=DIRECTION('',(1.,0.,0.));
#15332=DIRECTION('',(0.,0.,-1.));
#15333=DIRECTION('',(-1.,0.,0.));
#15334=DIRECTION('',(0.,0.,1.));
#15335=DIRECTION('',(1.,0.,0.));
#15336=DIRECTION('',(0.,0.,-1.));
#15337=DIRECTION('',(0.,0.,1.));
#15338=DIRECTION('',(1.,0.,0.));
#15339=DIRECTION('',(1.,0.,0.));
#15340=DIRECTION('',(0.,0.,-1.));
#15341=DIRECTION('',(0.,-1.,0.));
#15342=DIRECTION('',(0.,0.,-1.));
#15343=DIRECTION('',(0.,-1.,0.));
#15344=DIRECTION('',(0.,0.,-1.));
#15345=DIRECTION('',(-1.,0.,0.));
#15346=DIRECTION('',(0.,0.,1.));
#15347=DIRECTION('',(1.,0.,0.));
#15348=DIRECTION('',(0.,0.,-1.));
#15349=DIRECTION('',(0.,0.,1.));
#15350=DIRECTION('',(1.,0.,0.));
#15351=DIRECTION('',(0.,1.,0.));
#15352=DIRECTION('',(0.,0.,1.));
#15353=DIRECTION('',(1.,0.,0.));
#15354=DIRECTION('',(0.,0.,-1.));
#15355=DIRECTION('',(1.,0.,0.));
#15356=DIRECTION('',(0.,0.,-1.));
#15357=DIRECTION('',(-1.,0.,0.));
#15358=DIRECTION('',(0.,0.,1.));
#15359=DIRECTION('',(1.,0.,0.));
#15360=DIRECTION('',(0.,0.,-1.));
#15361=DIRECTION('',(0.,0.,1.));
#15362=DIRECTION('',(1.,0.,0.));
#15363=DIRECTION('',(0.,0.,-1.));
#15364=DIRECTION('',(-1.,0.,0.));
#15365=DIRECTION('',(0.,0.,1.));
#15366=DIRECTION('',(1.,0.,0.));
#15367=DIRECTION('',(0.,0.,-1.));
#15368=DIRECTION('',(0.,0.,1.));
#15369=DIRECTION('',(1.,0.,0.));
#15370=DIRECTION('',(0.,0.,-1.));
#15371=DIRECTION('',(1.,0.,0.));
#15372=DIRECTION('',(0.,0.,-1.));
#15373=DIRECTION('',(0.,-1.,0.));
#15374=DIRECTION('',(0.,0.,-1.));
#15375=DIRECTION('',(0.,-1.,0.));
#15376=DIRECTION('',(0.,0.,-1.));
#15377=DIRECTION('',(-1.,0.,0.));
#15378=DIRECTION('',(0.,0.,1.));
#15379=DIRECTION('',(1.,0.,0.));
#15380=DIRECTION('',(0.,0.,-1.));
#15381=DIRECTION('',(0.,0.,1.));
#15382=DIRECTION('',(1.,0.,0.));
#15383=DIRECTION('',(0.,1.,0.));
#15384=DIRECTION('',(0.,0.,1.));
#15385=DIRECTION('',(1.,0.,0.));
#15386=DIRECTION('',(0.,0.,-1.));
#15387=DIRECTION('',(1.,0.,0.));
#15388=DIRECTION('',(0.,0.,-1.));
#15389=DIRECTION('',(-1.,0.,0.));
#15390=DIRECTION('',(0.,0.,1.));
#15391=DIRECTION('',(1.,0.,0.));
#15392=DIRECTION('',(0.,0.,-1.));
#15393=DIRECTION('',(0.,0.,1.));
#15394=DIRECTION('',(1.,0.,0.));
#15395=DIRECTION('',(1.,0.,0.));
#15396=DIRECTION('',(0.,0.,-1.));
#15397=DIRECTION('',(0.,-1.,0.));
#15398=DIRECTION('',(0.,0.,-1.));
#15399=DIRECTION('',(0.,-1.,0.));
#15400=DIRECTION('',(0.,0.,-1.));
#15401=DIRECTION('',(-1.,0.,0.));
#15402=DIRECTION('',(0.,0.,1.));
#15403=DIRECTION('',(1.,0.,0.));
#15404=DIRECTION('',(0.,0.,-1.));
#15405=DIRECTION('',(0.,0.,1.));
#15406=DIRECTION('',(1.,0.,0.));
#15407=DIRECTION('',(0.,0.,-1.));
#15408=DIRECTION('',(-1.,0.,0.));
#15409=DIRECTION('',(0.,0.,1.));
#15410=DIRECTION('',(1.,0.,0.));
#15411=DIRECTION('',(0.,0.,-1.));
#15412=DIRECTION('',(0.,0.,1.));
#15413=DIRECTION('',(1.,0.,0.));
#15414=DIRECTION('',(0.,0.,-1.));
#15415=DIRECTION('',(1.,0.,0.));
#15416=DIRECTION('',(0.,0.,-1.));
#15417=DIRECTION('',(0.,-1.,0.));
#15418=DIRECTION('',(0.,0.,-1.));
#15419=DIRECTION('',(0.,-1.,0.));
#15420=DIRECTION('',(0.,0.,-1.));
#15421=DIRECTION('',(-1.,0.,0.));
#15422=DIRECTION('',(0.,0.,1.));
#15423=DIRECTION('',(1.,0.,0.));
#15424=DIRECTION('',(0.,0.,-1.));
#15425=DIRECTION('',(0.,0.,1.));
#15426=DIRECTION('',(1.,0.,0.));
#15427=DIRECTION('',(0.,-1.,0.));
#15428=DIRECTION('',(0.,0.,-1.));
#15429=DIRECTION('',(-1.,0.,0.));
#15430=DIRECTION('',(0.,0.,-1.));
#15431=DIRECTION('',(-1.,0.,0.));
#15432=DIRECTION('',(0.,0.,-1.));
#15433=DIRECTION('',(-1.,0.,0.));
#15434=DIRECTION('',(0.,0.,1.));
#15435=DIRECTION('',(1.,0.,0.));
#15436=DIRECTION('',(0.,0.,-1.));
#15437=DIRECTION('',(0.,0.,1.));
#15438=DIRECTION('',(1.,0.,0.));
#15439=DIRECTION('',(1.,0.,0.));
#15440=DIRECTION('',(0.,0.,-1.));
#15441=DIRECTION('',(0.,-1.,0.));
#15442=DIRECTION('',(0.,0.,-1.));
#15443=DIRECTION('',(0.,-1.,0.));
#15444=DIRECTION('',(0.,0.,-1.));
#15445=DIRECTION('',(-1.,0.,0.));
#15446=DIRECTION('',(0.,0.,1.));
#15447=DIRECTION('',(1.,0.,0.));
#15448=DIRECTION('',(0.,0.,-1.));
#15449=DIRECTION('',(0.,0.,1.));
#15450=DIRECTION('',(1.,0.,0.));
#15451=DIRECTION('',(1.,0.,0.));
#15452=DIRECTION('',(0.,0.,-1.));
#15453=DIRECTION('',(0.,-1.,0.));
#15454=DIRECTION('',(0.,0.,-1.));
#15455=DIRECTION('',(0.,-1.,0.));
#15456=DIRECTION('',(0.,0.,-1.));
#15457=DIRECTION('',(0.,0.,-1.));
#15458=DIRECTION('',(-1.,0.,0.));
#15459=DIRECTION('',(0.,0.,1.));
#15460=DIRECTION('',(1.,0.,0.));
#15461=DIRECTION('',(0.,0.,-1.));
#15462=DIRECTION('',(0.,0.,1.));
#15463=DIRECTION('',(1.,0.,0.));
#15464=DIRECTION('',(0.,1.,0.));
#15465=DIRECTION('',(0.,0.,1.));
#15466=DIRECTION('',(1.,0.,0.));
#15467=DIRECTION('',(0.,0.,-1.));
#15468=DIRECTION('',(1.,0.,0.));
#15469=DIRECTION('',(0.,0.,-1.));
#15470=DIRECTION('',(-1.,0.,0.));
#15471=DIRECTION('',(0.,0.,1.));
#15472=DIRECTION('',(1.,0.,0.));
#15473=DIRECTION('',(0.,0.,-1.));
#15474=DIRECTION('',(0.,0.,1.));
#15475=DIRECTION('',(1.,0.,0.));
#15476=DIRECTION('',(1.,0.,0.));
#15477=DIRECTION('',(0.,0.,-1.));
#15478=DIRECTION('',(0.,-1.,0.));
#15479=DIRECTION('',(0.,0.,-1.));
#15480=DIRECTION('',(0.,-1.,0.));
#15481=DIRECTION('',(0.,0.,-1.));
#15482=DIRECTION('',(-1.,0.,0.));
#15483=DIRECTION('',(0.,0.,1.));
#15484=DIRECTION('',(1.,0.,0.));
#15485=DIRECTION('',(0.,0.,-1.));
#15486=DIRECTION('',(0.,0.,1.));
#15487=DIRECTION('',(1.,0.,0.));
#15488=DIRECTION('',(0.,1.,0.));
#15489=DIRECTION('',(0.,0.,1.));
#15490=DIRECTION('',(1.,0.,0.));
#15491=DIRECTION('',(0.,0.,-1.));
#15492=DIRECTION('',(1.,0.,0.));
#15493=DIRECTION('',(1.,0.,0.));
#15494=DIRECTION('',(0.,0.,-1.));
#15495=DIRECTION('',(0.,-1.,0.));
#15496=DIRECTION('',(0.,0.,-1.));
#15497=DIRECTION('',(0.,-1.,0.));
#15498=DIRECTION('',(0.,0.,-1.));
#15499=DIRECTION('',(0.,0.,-1.));
#15500=DIRECTION('',(-1.,0.,0.));
#15501=DIRECTION('',(0.,0.,1.));
#15502=DIRECTION('',(1.,0.,0.));
#15503=DIRECTION('',(0.,0.,-1.));
#15504=DIRECTION('',(0.,0.,1.));
#15505=DIRECTION('',(1.,0.,0.));
#15506=DIRECTION('',(0.,1.,0.));
#15507=DIRECTION('',(0.,0.,1.));
#15508=DIRECTION('',(1.,0.,0.));
#15509=DIRECTION('',(0.,0.,-1.));
#15510=DIRECTION('',(1.,0.,0.));
#15511=DIRECTION('',(0.,0.,-1.));
#15512=DIRECTION('',(-1.,0.,0.));
#15513=DIRECTION('',(0.,0.,1.));
#15514=DIRECTION('',(1.,0.,0.));
#15515=DIRECTION('',(0.,0.,-1.));
#15516=DIRECTION('',(0.,0.,1.));
#15517=DIRECTION('',(1.,0.,0.));
#15518=DIRECTION('',(1.,0.,0.));
#15519=DIRECTION('',(0.,0.,-1.));
#15520=DIRECTION('',(0.,-1.,0.));
#15521=DIRECTION('',(0.,0.,-1.));
#15522=DIRECTION('',(0.,-1.,0.));
#15523=DIRECTION('',(0.,0.,-1.));
#15524=DIRECTION('',(-1.,0.,0.));
#15525=DIRECTION('',(0.,0.,1.));
#15526=DIRECTION('',(1.,0.,0.));
#15527=DIRECTION('',(0.,0.,-1.));
#15528=DIRECTION('',(0.,0.,1.));
#15529=DIRECTION('',(1.,0.,0.));
#15530=DIRECTION('',(0.,1.,0.));
#15531=DIRECTION('',(0.,0.,1.));
#15532=DIRECTION('',(1.,0.,0.));
#15533=DIRECTION('',(0.,0.,-1.));
#15534=DIRECTION('',(1.,0.,0.));
#15535=DIRECTION('',(0.,0.,-1.));
#15536=DIRECTION('',(-1.,0.,0.));
#15537=DIRECTION('',(0.,0.,1.));
#15538=DIRECTION('',(1.,0.,0.));
#15539=DIRECTION('',(0.,0.,-1.));
#15540=DIRECTION('',(0.,0.,1.));
#15541=DIRECTION('',(1.,0.,0.));
#15542=DIRECTION('',(0.,0.,-1.));
#15543=DIRECTION('',(0.,-1.,0.));
#15544=DIRECTION('',(0.,0.,-1.));
#15545=DIRECTION('',(-1.,0.,0.));
#15546=DIRECTION('',(0.,0.,-1.));
#15547=DIRECTION('',(-1.,0.,0.));
#15548=DIRECTION('',(0.,0.,-1.));
#15549=DIRECTION('',(-1.,0.,0.));
#15550=DIRECTION('',(0.,0.,1.));
#15551=DIRECTION('',(1.,0.,0.));
#15552=DIRECTION('',(0.,0.,-1.));
#15553=DIRECTION('',(0.,0.,1.));
#15554=DIRECTION('',(1.,0.,0.));
#15555=DIRECTION('',(1.,0.,0.));
#15556=DIRECTION('',(0.,0.,-1.));
#15557=DIRECTION('',(0.,-1.,0.));
#15558=DIRECTION('',(0.,0.,-1.));
#15559=DIRECTION('',(0.,-1.,0.));
#15560=DIRECTION('',(0.,0.,-1.));
#15561=DIRECTION('',(-1.,0.,0.));
#15562=DIRECTION('',(0.,0.,1.));
#15563=DIRECTION('',(1.,0.,0.));
#15564=DIRECTION('',(0.,0.,-1.));
#15565=DIRECTION('',(0.,0.,1.));
#15566=DIRECTION('',(1.,0.,0.));
#15567=DIRECTION('',(0.,-1.,0.));
#15568=DIRECTION('',(0.,0.,-1.));
#15569=DIRECTION('',(-1.,0.,0.));
#15570=DIRECTION('',(0.,0.,-1.));
#15571=DIRECTION('',(-1.,0.,0.));
#15572=DIRECTION('',(0.,0.,-1.));
#15573=DIRECTION('',(-1.,0.,0.));
#15574=DIRECTION('',(0.,0.,1.));
#15575=DIRECTION('',(1.,0.,0.));
#15576=DIRECTION('',(0.,0.,-1.));
#15577=DIRECTION('',(0.,0.,1.));
#15578=DIRECTION('',(1.,0.,0.));
#15579=DIRECTION('',(0.,0.,-1.));
#15580=DIRECTION('',(-1.,0.,0.));
#15581=DIRECTION('',(0.,0.,1.));
#15582=DIRECTION('',(1.,0.,0.));
#15583=DIRECTION('',(0.,0.,-1.));
#15584=DIRECTION('',(0.,0.,1.));
#15585=DIRECTION('',(1.,0.,0.));
#15586=DIRECTION('',(0.,0.,-1.));
#15587=DIRECTION('',(0.,-1.,0.));
#15588=DIRECTION('',(0.,0.,-1.));
#15589=DIRECTION('',(-1.,0.,0.));
#15590=DIRECTION('',(0.,0.,-1.));
#15591=DIRECTION('',(-1.,0.,0.));
#15592=DIRECTION('',(0.,0.,-1.));
#15593=DIRECTION('',(-1.,0.,0.));
#15594=DIRECTION('',(0.,0.,1.));
#15595=DIRECTION('',(1.,0.,0.));
#15596=DIRECTION('',(0.,0.,-1.));
#15597=DIRECTION('',(0.,0.,1.));
#15598=DIRECTION('',(1.,0.,0.));
#15599=DIRECTION('',(1.,0.,0.));
#15600=DIRECTION('',(0.,0.,-1.));
#15601=DIRECTION('',(0.,-1.,0.));
#15602=DIRECTION('',(0.,0.,-1.));
#15603=DIRECTION('',(0.,-1.,0.));
#15604=DIRECTION('',(0.,0.,-1.));
#15605=DIRECTION('',(-1.,0.,0.));
#15606=DIRECTION('',(0.,0.,1.));
#15607=DIRECTION('',(1.,0.,0.));
#15608=DIRECTION('',(0.,0.,-1.));
#15609=DIRECTION('',(0.,0.,1.));
#15610=DIRECTION('',(1.,0.,0.));
#15611=DIRECTION('',(0.,-1.,0.));
#15612=DIRECTION('',(0.,0.,-1.));
#15613=DIRECTION('',(-1.,0.,0.));
#15614=DIRECTION('',(0.,0.,-1.));
#15615=DIRECTION('',(-1.,0.,0.));
#15616=DIRECTION('',(0.,0.,-1.));
#15617=DIRECTION('',(-1.,0.,0.));
#15618=DIRECTION('',(0.,0.,1.));
#15619=DIRECTION('',(1.,0.,0.));
#15620=DIRECTION('',(0.,0.,-1.));
#15621=DIRECTION('',(0.,0.,1.));
#15622=DIRECTION('',(1.,0.,0.));
#15623=DIRECTION('',(0.,0.,-1.));
#15624=DIRECTION('',(-1.,0.,0.));
#15625=DIRECTION('',(0.,0.,1.));
#15626=DIRECTION('',(1.,0.,0.));
#15627=DIRECTION('',(0.,0.,-1.));
#15628=DIRECTION('',(0.,0.,1.));
#15629=DIRECTION('',(1.,0.,0.));
#15630=DIRECTION('',(0.,0.,-1.));
#15631=DIRECTION('',(0.,1.,0.));
#15632=DIRECTION('',(0.,0.,1.));
#15633=DIRECTION('',(1.,0.,0.));
#15634=DIRECTION('',(0.,0.,-1.));
#15635=DIRECTION('',(1.,0.,0.));
#15636=DIRECTION('',(0.,0.,-1.));
#15637=DIRECTION('',(-1.,0.,0.));
#15638=DIRECTION('',(0.,0.,1.));
#15639=DIRECTION('',(1.,0.,0.));
#15640=DIRECTION('',(0.,0.,-1.));
#15641=DIRECTION('',(0.,0.,1.));
#15642=DIRECTION('',(1.,0.,0.));
#15643=DIRECTION('',(1.,0.,0.));
#15644=DIRECTION('',(0.,0.,-1.));
#15645=DIRECTION('',(0.,-1.,0.));
#15646=DIRECTION('',(0.,0.,-1.));
#15647=DIRECTION('',(0.,-1.,0.));
#15648=DIRECTION('',(0.,0.,-1.));
#15649=DIRECTION('',(-1.,0.,0.));
#15650=DIRECTION('',(0.,0.,1.));
#15651=DIRECTION('',(1.,0.,0.));
#15652=DIRECTION('',(0.,0.,-1.));
#15653=DIRECTION('',(0.,0.,1.));
#15654=DIRECTION('',(1.,0.,0.));
#15655=DIRECTION('',(0.,1.,0.));
#15656=DIRECTION('',(0.,0.,1.));
#15657=DIRECTION('',(1.,0.,0.));
#15658=DIRECTION('',(0.,0.,-1.));
#15659=DIRECTION('',(1.,0.,0.));
#15660=DIRECTION('',(0.,0.,-1.));
#15661=DIRECTION('',(-1.,0.,0.));
#15662=DIRECTION('',(0.,0.,1.));
#15663=DIRECTION('',(1.,0.,0.));
#15664=DIRECTION('',(0.,0.,-1.));
#15665=DIRECTION('',(0.,0.,1.));
#15666=DIRECTION('',(1.,0.,0.));
#15667=DIRECTION('',(0.,0.,-1.));
#15668=DIRECTION('',(-1.,0.,0.));
#15669=DIRECTION('',(0.,0.,1.));
#15670=DIRECTION('',(1.,0.,0.));
#15671=DIRECTION('',(0.,0.,-1.));
#15672=DIRECTION('',(0.,0.,1.));
#15673=DIRECTION('',(1.,0.,0.));
#15674=DIRECTION('',(0.,0.,-1.));
#15675=DIRECTION('',(0.,1.,0.));
#15676=DIRECTION('',(0.,0.,1.));
#15677=DIRECTION('',(1.,0.,0.));
#15678=DIRECTION('',(0.,0.,-1.));
#15679=DIRECTION('',(1.,0.,0.));
#15680=DIRECTION('',(0.,0.,-1.));
#15681=DIRECTION('',(-1.,0.,0.));
#15682=DIRECTION('',(0.,0.,1.));
#15683=DIRECTION('',(1.,0.,0.));
#15684=DIRECTION('',(0.,0.,-1.));
#15685=DIRECTION('',(0.,0.,1.));
#15686=DIRECTION('',(1.,0.,0.));
#15687=DIRECTION('',(1.,0.,0.));
#15688=DIRECTION('',(0.,0.,-1.));
#15689=DIRECTION('',(0.,-1.,0.));
#15690=DIRECTION('',(0.,0.,-1.));
#15691=DIRECTION('',(0.,-1.,0.));
#15692=DIRECTION('',(0.,0.,-1.));
#15693=DIRECTION('',(-1.,0.,0.));
#15694=DIRECTION('',(0.,0.,1.));
#15695=DIRECTION('',(1.,0.,0.));
#15696=DIRECTION('',(0.,0.,-1.));
#15697=DIRECTION('',(0.,0.,1.));
#15698=DIRECTION('',(1.,0.,0.));
#15699=DIRECTION('',(0.,1.,0.));
#15700=DIRECTION('',(0.,0.,1.));
#15701=DIRECTION('',(1.,0.,0.));
#15702=DIRECTION('',(0.,0.,-1.));
#15703=DIRECTION('',(1.,0.,0.));
#15704=DIRECTION('',(0.,0.,-1.));
#15705=DIRECTION('',(-1.,0.,0.));
#15706=DIRECTION('',(0.,0.,1.));
#15707=DIRECTION('',(1.,0.,0.));
#15708=DIRECTION('',(0.,0.,-1.));
#15709=DIRECTION('',(0.,0.,1.));
#15710=DIRECTION('',(1.,0.,0.));
#15711=DIRECTION('',(0.,1.,0.));
#15712=DIRECTION('',(0.,0.,1.));
#15713=DIRECTION('',(1.,0.,0.));
#15714=DIRECTION('',(0.,0.,-1.));
#15715=DIRECTION('',(1.,0.,0.));
#15716=DIRECTION('',(0.,0.,-1.));
#15717=DIRECTION('',(0.,0.,-1.));
#15718=DIRECTION('',(-1.,0.,0.));
#15719=DIRECTION('',(0.,0.,1.));
#15720=DIRECTION('',(1.,0.,0.));
#15721=DIRECTION('',(0.,0.,-1.));
#15722=DIRECTION('',(0.,0.,1.));
#15723=DIRECTION('',(1.,0.,0.));
#15724=DIRECTION('',(1.,0.,0.));
#15725=DIRECTION('',(0.,0.,-1.));
#15726=DIRECTION('',(0.,-1.,0.));
#15727=DIRECTION('',(0.,0.,-1.));
#15728=DIRECTION('',(0.,-1.,0.));
#15729=DIRECTION('',(0.,0.,-1.));
#15730=DIRECTION('',(-1.,0.,0.));
#15731=DIRECTION('',(0.,0.,1.));
#15732=DIRECTION('',(1.,0.,0.));
#15733=DIRECTION('',(0.,0.,-1.));
#15734=DIRECTION('',(0.,0.,1.));
#15735=DIRECTION('',(1.,0.,0.));
#15736=DIRECTION('',(0.,1.,0.));
#15737=DIRECTION('',(0.,0.,1.));
#15738=DIRECTION('',(1.,0.,0.));
#15739=DIRECTION('',(0.,0.,-1.));
#15740=DIRECTION('',(1.,0.,0.));
#15741=DIRECTION('',(0.,0.,-1.));
#15742=DIRECTION('',(-1.,0.,0.));
#15743=DIRECTION('',(0.,0.,1.));
#15744=DIRECTION('',(1.,0.,0.));
#15745=DIRECTION('',(0.,0.,-1.));
#15746=DIRECTION('',(0.,0.,1.));
#15747=DIRECTION('',(1.,0.,0.));
#15748=DIRECTION('',(1.,0.,0.));
#15749=DIRECTION('',(0.,0.,-1.));
#15750=DIRECTION('',(0.,-1.,0.));
#15751=DIRECTION('',(0.,0.,-1.));
#15752=DIRECTION('',(0.,-1.,0.));
#15753=DIRECTION('',(0.,0.,-1.));
#15754=DIRECTION('',(-1.,0.,0.));
#15755=DIRECTION('',(0.,0.,1.));
#15756=DIRECTION('',(1.,0.,0.));
#15757=DIRECTION('',(0.,0.,-1.));
#15758=DIRECTION('',(0.,0.,1.));
#15759=DIRECTION('',(1.,0.,0.));
#15760=DIRECTION('',(0.,0.,-1.));
#15761=DIRECTION('',(0.,1.,0.));
#15762=DIRECTION('',(0.,0.,1.));
#15763=DIRECTION('',(1.,0.,0.));
#15764=DIRECTION('',(0.,0.,-1.));
#15765=DIRECTION('',(1.,0.,0.));
#15766=DIRECTION('',(0.,0.,-1.));
#15767=DIRECTION('',(-1.,0.,0.));
#15768=DIRECTION('',(0.,0.,1.));
#15769=DIRECTION('',(1.,0.,0.));
#15770=DIRECTION('',(0.,0.,-1.));
#15771=DIRECTION('',(0.,0.,1.));
#15772=DIRECTION('',(1.,0.,0.));
#15773=DIRECTION('',(1.,0.,0.));
#15774=DIRECTION('',(0.,0.,-1.));
#15775=DIRECTION('',(0.,-1.,0.));
#15776=DIRECTION('',(0.,0.,-1.));
#15777=DIRECTION('',(0.,-1.,0.));
#15778=DIRECTION('',(0.,0.,-1.));
#15779=DIRECTION('',(-1.,0.,0.));
#15780=DIRECTION('',(0.,0.,1.));
#15781=DIRECTION('',(1.,0.,0.));
#15782=DIRECTION('',(0.,0.,-1.));
#15783=DIRECTION('',(0.,0.,1.));
#15784=DIRECTION('',(1.,0.,0.));
#15785=DIRECTION('',(0.,1.,0.));
#15786=DIRECTION('',(0.,0.,1.));
#15787=DIRECTION('',(1.,0.,0.));
#15788=DIRECTION('',(0.,0.,-1.));
#15789=DIRECTION('',(1.,0.,0.));
#15790=DIRECTION('',(0.,0.,-1.));
#15791=DIRECTION('',(-1.,0.,0.));
#15792=DIRECTION('',(0.,0.,1.));
#15793=DIRECTION('',(1.,0.,0.));
#15794=DIRECTION('',(0.,0.,-1.));
#15795=DIRECTION('',(0.,0.,1.));
#15796=DIRECTION('',(1.,0.,0.));
#15797=DIRECTION('',(0.,1.,0.));
#15798=DIRECTION('',(0.,0.,1.));
#15799=DIRECTION('',(1.,0.,0.));
#15800=DIRECTION('',(0.,0.,-1.));
#15801=DIRECTION('',(1.,0.,0.));
#15802=DIRECTION('',(0.,0.,-1.));
#15803=DIRECTION('',(0.,0.,-1.));
#15804=DIRECTION('',(-1.,0.,0.));
#15805=DIRECTION('',(0.,0.,1.));
#15806=DIRECTION('',(1.,0.,0.));
#15807=DIRECTION('',(0.,0.,-1.));
#15808=DIRECTION('',(0.,0.,1.));
#15809=DIRECTION('',(1.,0.,0.));
#15810=DIRECTION('',(1.,0.,0.));
#15811=DIRECTION('',(0.,0.,-1.));
#15812=DIRECTION('',(0.,-1.,0.));
#15813=DIRECTION('',(0.,0.,-1.));
#15814=DIRECTION('',(0.,-1.,0.));
#15815=DIRECTION('',(0.,0.,-1.));
#15816=DIRECTION('',(-1.,0.,0.));
#15817=DIRECTION('',(0.,0.,1.));
#15818=DIRECTION('',(1.,0.,0.));
#15819=DIRECTION('',(0.,0.,-1.));
#15820=DIRECTION('',(0.,0.,1.));
#15821=DIRECTION('',(1.,0.,0.));
#15822=DIRECTION('',(0.,1.,0.));
#15823=DIRECTION('',(0.,0.,1.));
#15824=DIRECTION('',(1.,0.,0.));
#15825=DIRECTION('',(0.,0.,-1.));
#15826=DIRECTION('',(1.,0.,0.));
#15827=DIRECTION('',(0.,0.,-1.));
#15828=DIRECTION('',(-1.,0.,0.));
#15829=DIRECTION('',(0.,0.,1.));
#15830=DIRECTION('',(1.,0.,0.));
#15831=DIRECTION('',(0.,0.,-1.));
#15832=DIRECTION('',(0.,0.,1.));
#15833=DIRECTION('',(1.,0.,0.));
#15834=DIRECTION('',(1.,0.,0.));
#15835=DIRECTION('',(0.,0.,-1.));
#15836=DIRECTION('',(0.,-1.,0.));
#15837=DIRECTION('',(0.,0.,-1.));
#15838=DIRECTION('',(0.,-1.,0.));
#15839=DIRECTION('',(0.,0.,-1.));
#15840=DIRECTION('',(-1.,0.,0.));
#15841=DIRECTION('',(0.,0.,1.));
#15842=DIRECTION('',(1.,0.,0.));
#15843=DIRECTION('',(0.,0.,-1.));
#15844=DIRECTION('',(0.,0.,1.));
#15845=DIRECTION('',(1.,0.,0.));
#15846=DIRECTION('',(0.,0.,-1.));
#15847=DIRECTION('',(0.,1.,0.));
#15848=DIRECTION('',(0.,0.,1.));
#15849=DIRECTION('',(1.,0.,0.));
#15850=DIRECTION('',(0.,0.,-1.));
#15851=DIRECTION('',(1.,0.,0.));
#15852=DIRECTION('',(0.,0.,-1.));
#15853=DIRECTION('',(-1.,0.,0.));
#15854=DIRECTION('',(0.,0.,1.));
#15855=DIRECTION('',(1.,0.,0.));
#15856=DIRECTION('',(0.,0.,-1.));
#15857=DIRECTION('',(0.,0.,1.));
#15858=DIRECTION('',(1.,0.,0.));
#15859=DIRECTION('',(1.,0.,0.));
#15860=DIRECTION('',(0.,0.,-1.));
#15861=DIRECTION('',(0.,-1.,0.));
#15862=DIRECTION('',(0.,0.,-1.));
#15863=DIRECTION('',(0.,-1.,0.));
#15864=DIRECTION('',(0.,0.,-1.));
#15865=DIRECTION('',(-1.,0.,0.));
#15866=DIRECTION('',(0.,0.,1.));
#15867=DIRECTION('',(1.,0.,0.));
#15868=DIRECTION('',(0.,0.,-1.));
#15869=DIRECTION('',(0.,0.,1.));
#15870=DIRECTION('',(1.,0.,0.));
#15871=DIRECTION('',(0.,1.,0.));
#15872=DIRECTION('',(0.,0.,1.));
#15873=DIRECTION('',(1.,0.,0.));
#15874=DIRECTION('',(0.,0.,-1.));
#15875=DIRECTION('',(1.,0.,0.));
#15876=DIRECTION('',(0.,0.,-1.));
#15877=DIRECTION('',(-1.,0.,0.));
#15878=DIRECTION('',(0.,0.,1.));
#15879=DIRECTION('',(1.,0.,0.));
#15880=DIRECTION('',(0.,0.,-1.));
#15881=DIRECTION('',(0.,0.,1.));
#15882=DIRECTION('',(1.,0.,0.));
#15883=DIRECTION('',(0.,0.,-1.));
#15884=DIRECTION('',(-1.,0.,0.));
#15885=DIRECTION('',(0.,0.,1.));
#15886=DIRECTION('',(1.,0.,0.));
#15887=DIRECTION('',(0.,0.,-1.));
#15888=DIRECTION('',(0.,0.,1.));
#15889=DIRECTION('',(1.,0.,0.));
#15890=DIRECTION('',(0.,0.,-1.));
#15891=DIRECTION('',(1.,0.,0.));
#15892=DIRECTION('',(0.,0.,-1.));
#15893=DIRECTION('',(0.,-1.,0.));
#15894=DIRECTION('',(0.,0.,-1.));
#15895=DIRECTION('',(0.,-1.,0.));
#15896=DIRECTION('',(0.,0.,-1.));
#15897=DIRECTION('',(-1.,0.,0.));
#15898=DIRECTION('',(0.,0.,1.));
#15899=DIRECTION('',(1.,0.,0.));
#15900=DIRECTION('',(0.,0.,-1.));
#15901=DIRECTION('',(0.,0.,1.));
#15902=DIRECTION('',(1.,0.,0.));
#15903=DIRECTION('',(0.,1.,0.));
#15904=DIRECTION('',(0.,0.,1.));
#15905=DIRECTION('',(1.,0.,0.));
#15906=DIRECTION('',(0.,0.,-1.));
#15907=DIRECTION('',(1.,0.,0.));
#15908=DIRECTION('',(0.,0.,-1.));
#15909=DIRECTION('',(-1.,0.,0.));
#15910=DIRECTION('',(0.,0.,1.));
#15911=DIRECTION('',(1.,0.,0.));
#15912=DIRECTION('',(0.,0.,-1.));
#15913=DIRECTION('',(0.,0.,1.));
#15914=DIRECTION('',(1.,0.,0.));
#15915=DIRECTION('',(1.,0.,0.));
#15916=DIRECTION('',(0.,0.,-1.));
#15917=DIRECTION('',(0.,-1.,0.));
#15918=DIRECTION('',(0.,0.,-1.));
#15919=DIRECTION('',(0.,-1.,0.));
#15920=DIRECTION('',(0.,0.,-1.));
#15921=DIRECTION('',(-1.,0.,0.));
#15922=DIRECTION('',(0.,0.,1.));
#15923=DIRECTION('',(1.,0.,0.));
#15924=DIRECTION('',(0.,0.,-1.));
#15925=DIRECTION('',(0.,0.,1.));
#15926=DIRECTION('',(1.,0.,0.));
#15927=DIRECTION('',(0.,0.,-1.));
#15928=DIRECTION('',(-1.,0.,0.));
#15929=DIRECTION('',(0.,0.,1.));
#15930=DIRECTION('',(1.,0.,0.));
#15931=DIRECTION('',(0.,0.,-1.));
#15932=DIRECTION('',(0.,0.,1.));
#15933=DIRECTION('',(1.,0.,0.));
#15934=DIRECTION('',(0.,0.,-1.));
#15935=DIRECTION('',(1.,0.,0.));
#15936=DIRECTION('',(0.,0.,-1.));
#15937=DIRECTION('',(0.,-1.,0.));
#15938=DIRECTION('',(0.,0.,-1.));
#15939=DIRECTION('',(0.,-1.,0.));
#15940=DIRECTION('',(0.,0.,-1.));
#15941=DIRECTION('',(-1.,0.,0.));
#15942=DIRECTION('',(0.,0.,1.));
#15943=DIRECTION('',(1.,0.,0.));
#15944=DIRECTION('',(0.,0.,-1.));
#15945=DIRECTION('',(0.,0.,1.));
#15946=DIRECTION('',(1.,0.,0.));
#15947=DIRECTION('',(0.,1.,0.));
#15948=DIRECTION('',(0.,0.,1.));
#15949=DIRECTION('',(1.,0.,0.));
#15950=DIRECTION('',(0.,0.,-1.));
#15951=DIRECTION('',(1.,0.,0.));
#15952=DIRECTION('',(0.,0.,-1.));
#15953=DIRECTION('',(-1.,0.,0.));
#15954=DIRECTION('',(0.,0.,1.));
#15955=DIRECTION('',(1.,0.,0.));
#15956=DIRECTION('',(0.,0.,-1.));
#15957=DIRECTION('',(0.,0.,1.));
#15958=DIRECTION('',(1.,0.,0.));
#15959=DIRECTION('',(1.,0.,0.));
#15960=DIRECTION('',(0.,0.,-1.));
#15961=DIRECTION('',(0.,-1.,0.));
#15962=DIRECTION('',(0.,0.,-1.));
#15963=DIRECTION('',(0.,-1.,0.));
#15964=DIRECTION('',(0.,0.,-1.));
#15965=DIRECTION('',(-1.,0.,0.));
#15966=DIRECTION('',(0.,0.,1.));
#15967=DIRECTION('',(1.,0.,0.));
#15968=DIRECTION('',(0.,0.,-1.));
#15969=DIRECTION('',(0.,0.,1.));
#15970=DIRECTION('',(1.,0.,0.));
#15971=DIRECTION('',(0.,0.,-1.));
#15972=DIRECTION('',(-1.,0.,0.));
#15973=DIRECTION('',(0.,0.,1.));
#15974=DIRECTION('',(1.,0.,0.));
#15975=DIRECTION('',(0.,0.,-1.));
#15976=DIRECTION('',(0.,0.,1.));
#15977=DIRECTION('',(1.,0.,0.));
#15978=DIRECTION('',(0.,0.,-1.));
#15979=DIRECTION('',(1.,0.,0.));
#15980=DIRECTION('',(0.,0.,-1.));
#15981=DIRECTION('',(0.,-1.,0.));
#15982=DIRECTION('',(0.,0.,-1.));
#15983=DIRECTION('',(0.,-1.,0.));
#15984=DIRECTION('',(0.,0.,-1.));
#15985=DIRECTION('',(-1.,0.,0.));
#15986=DIRECTION('',(0.,0.,1.));
#15987=DIRECTION('',(1.,0.,0.));
#15988=DIRECTION('',(0.,0.,-1.));
#15989=DIRECTION('',(0.,0.,1.));
#15990=DIRECTION('',(1.,0.,0.));
#15991=DIRECTION('',(0.,1.,0.));
#15992=DIRECTION('',(0.,0.,1.));
#15993=DIRECTION('',(1.,0.,0.));
#15994=DIRECTION('',(0.,0.,-1.));
#15995=DIRECTION('',(1.,0.,0.));
#15996=DIRECTION('',(0.,0.,-1.));
#15997=DIRECTION('',(-1.,0.,0.));
#15998=DIRECTION('',(0.,0.,1.));
#15999=DIRECTION('',(1.,0.,0.));
#16000=DIRECTION('',(0.,0.,-1.));
#16001=DIRECTION('',(0.,0.,1.));
#16002=DIRECTION('',(1.,0.,0.));
#16003=DIRECTION('',(1.,0.,0.));
#16004=DIRECTION('',(0.,0.,-1.));
#16005=DIRECTION('',(0.,-1.,0.));
#16006=DIRECTION('',(0.,0.,-1.));
#16007=DIRECTION('',(0.,-1.,0.));
#16008=DIRECTION('',(0.,0.,-1.));
#16009=DIRECTION('',(-1.,0.,0.));
#16010=DIRECTION('',(0.,0.,1.));
#16011=DIRECTION('',(1.,0.,0.));
#16012=DIRECTION('',(0.,0.,-1.));
#16013=DIRECTION('',(0.,0.,1.));
#16014=DIRECTION('',(1.,0.,0.));
#16015=DIRECTION('',(0.,0.,-1.));
#16016=DIRECTION('',(-1.,0.,0.));
#16017=DIRECTION('',(0.,0.,1.));
#16018=DIRECTION('',(1.,0.,0.));
#16019=DIRECTION('',(0.,0.,-1.));
#16020=DIRECTION('',(0.,0.,1.));
#16021=DIRECTION('',(1.,0.,0.));
#16022=DIRECTION('',(0.,0.,-1.));
#16023=DIRECTION('',(1.,0.,0.));
#16024=DIRECTION('',(0.,0.,-1.));
#16025=DIRECTION('',(0.,-1.,0.));
#16026=DIRECTION('',(0.,0.,-1.));
#16027=DIRECTION('',(0.,-1.,0.));
#16028=DIRECTION('',(0.,0.,-1.));
#16029=DIRECTION('',(-1.,0.,0.));
#16030=DIRECTION('',(0.,0.,1.));
#16031=DIRECTION('',(1.,0.,0.));
#16032=DIRECTION('',(0.,0.,-1.));
#16033=DIRECTION('',(0.,0.,1.));
#16034=DIRECTION('',(1.,0.,0.));
#16035=DIRECTION('',(0.,1.,0.));
#16036=DIRECTION('',(0.,0.,1.));
#16037=DIRECTION('',(1.,0.,0.));
#16038=DIRECTION('',(0.,0.,-1.));
#16039=DIRECTION('',(1.,0.,0.));
#16040=DIRECTION('',(0.,0.,-1.));
#16041=DIRECTION('',(-1.,0.,0.));
#16042=DIRECTION('',(0.,0.,1.));
#16043=DIRECTION('',(1.,0.,0.));
#16044=DIRECTION('',(0.,0.,-1.));
#16045=DIRECTION('',(0.,0.,1.));
#16046=DIRECTION('',(1.,0.,0.));
#16047=DIRECTION('',(1.,0.,0.));
#16048=DIRECTION('',(0.,0.,-1.));
#16049=DIRECTION('',(0.,-1.,0.));
#16050=DIRECTION('',(0.,0.,-1.));
#16051=DIRECTION('',(0.,-1.,0.));
#16052=DIRECTION('',(0.,0.,-1.));
#16053=DIRECTION('',(-1.,0.,0.));
#16054=DIRECTION('',(0.,0.,1.));
#16055=DIRECTION('',(1.,0.,0.));
#16056=DIRECTION('',(0.,0.,-1.));
#16057=DIRECTION('',(0.,0.,1.));
#16058=DIRECTION('',(1.,0.,0.));
#16059=DIRECTION('',(0.,0.,-1.));
#16060=DIRECTION('',(-1.,0.,0.));
#16061=DIRECTION('',(0.,0.,1.));
#16062=DIRECTION('',(1.,0.,0.));
#16063=DIRECTION('',(0.,0.,-1.));
#16064=DIRECTION('',(0.,0.,1.));
#16065=DIRECTION('',(1.,0.,0.));
#16066=DIRECTION('',(0.,0.,-1.));
#16067=DIRECTION('',(1.,0.,0.));
#16068=DIRECTION('',(0.,0.,-1.));
#16069=DIRECTION('',(0.,-1.,0.));
#16070=DIRECTION('',(0.,0.,-1.));
#16071=DIRECTION('',(0.,-1.,0.));
#16072=DIRECTION('',(0.,0.,-1.));
#16073=DIRECTION('',(-1.,0.,0.));
#16074=DIRECTION('',(0.,0.,1.));
#16075=DIRECTION('',(1.,0.,0.));
#16076=DIRECTION('',(0.,0.,-1.));
#16077=DIRECTION('',(0.,0.,1.));
#16078=DIRECTION('',(1.,0.,0.));
#16079=DIRECTION('',(0.,1.,0.));
#16080=DIRECTION('',(0.,0.,1.));
#16081=DIRECTION('',(1.,0.,0.));
#16082=DIRECTION('',(0.,0.,-1.));
#16083=DIRECTION('',(1.,0.,0.));
#16084=DIRECTION('',(0.,0.,-1.));
#16085=DIRECTION('',(-1.,0.,0.));
#16086=DIRECTION('',(0.,0.,1.));
#16087=DIRECTION('',(1.,0.,0.));
#16088=DIRECTION('',(0.,0.,-1.));
#16089=DIRECTION('',(0.,0.,1.));
#16090=DIRECTION('',(1.,0.,0.));
#16091=DIRECTION('',(1.,0.,0.));
#16092=DIRECTION('',(0.,0.,-1.));
#16093=DIRECTION('',(0.,-1.,0.));
#16094=DIRECTION('',(0.,0.,-1.));
#16095=DIRECTION('',(0.,-1.,0.));
#16096=DIRECTION('',(0.,0.,-1.));
#16097=DIRECTION('',(-1.,0.,0.));
#16098=DIRECTION('',(0.,0.,1.));
#16099=DIRECTION('',(1.,0.,0.));
#16100=DIRECTION('',(0.,0.,-1.));
#16101=DIRECTION('',(0.,0.,1.));
#16102=DIRECTION('',(1.,0.,0.));
#16103=DIRECTION('',(0.,0.,-1.));
#16104=DIRECTION('',(-1.,0.,0.));
#16105=DIRECTION('',(0.,0.,1.));
#16106=DIRECTION('',(1.,0.,0.));
#16107=DIRECTION('',(0.,0.,-1.));
#16108=DIRECTION('',(0.,0.,1.));
#16109=DIRECTION('',(1.,0.,0.));
#16110=DIRECTION('',(0.,0.,-1.));
#16111=DIRECTION('',(1.,0.,0.));
#16112=DIRECTION('',(0.,0.,-1.));
#16113=DIRECTION('',(0.,-1.,0.));
#16114=DIRECTION('',(0.,0.,-1.));
#16115=DIRECTION('',(0.,-1.,0.));
#16116=DIRECTION('',(0.,0.,-1.));
#16117=DIRECTION('',(-1.,0.,0.));
#16118=DIRECTION('',(0.,0.,1.));
#16119=DIRECTION('',(1.,0.,0.));
#16120=DIRECTION('',(0.,0.,-1.));
#16121=DIRECTION('',(0.,0.,1.));
#16122=DIRECTION('',(1.,0.,0.));
#16123=DIRECTION('',(0.,1.,0.));
#16124=DIRECTION('',(0.,0.,1.));
#16125=DIRECTION('',(1.,0.,0.));
#16126=DIRECTION('',(0.,0.,-1.));
#16127=DIRECTION('',(1.,0.,0.));
#16128=DIRECTION('',(0.,0.,-1.));
#16129=DIRECTION('',(-1.,0.,0.));
#16130=DIRECTION('',(0.,0.,1.));
#16131=DIRECTION('',(1.,0.,0.));
#16132=DIRECTION('',(0.,0.,-1.));
#16133=DIRECTION('',(0.,0.,1.));
#16134=DIRECTION('',(1.,0.,0.));
#16135=DIRECTION('',(1.,0.,0.));
#16136=DIRECTION('',(0.,0.,-1.));
#16137=DIRECTION('',(0.,-1.,0.));
#16138=DIRECTION('',(0.,0.,-1.));
#16139=DIRECTION('',(0.,-1.,0.));
#16140=DIRECTION('',(0.,0.,-1.));
#16141=DIRECTION('',(-1.,0.,0.));
#16142=DIRECTION('',(0.,0.,1.));
#16143=DIRECTION('',(1.,0.,0.));
#16144=DIRECTION('',(0.,0.,-1.));
#16145=DIRECTION('',(0.,0.,1.));
#16146=DIRECTION('',(1.,0.,0.));
#16147=DIRECTION('',(0.,1.,0.));
#16148=DIRECTION('',(0.,0.,1.));
#16149=DIRECTION('',(1.,0.,0.));
#16150=DIRECTION('',(0.,0.,-1.));
#16151=DIRECTION('',(1.,0.,0.));
#16152=DIRECTION('',(0.,0.,-1.));
#16153=DIRECTION('',(0.,0.,-1.));
#16154=DIRECTION('',(-1.,0.,0.));
#16155=DIRECTION('',(0.,0.,1.));
#16156=DIRECTION('',(1.,0.,0.));
#16157=DIRECTION('',(0.,0.,-1.));
#16158=DIRECTION('',(0.,0.,1.));
#16159=DIRECTION('',(1.,0.,0.));
#16160=DIRECTION('',(1.,0.,0.));
#16161=DIRECTION('',(0.,0.,-1.));
#16162=DIRECTION('',(0.,-1.,0.));
#16163=DIRECTION('',(0.,0.,-1.));
#16164=DIRECTION('',(0.,-1.,0.));
#16165=DIRECTION('',(0.,0.,-1.));
#16166=DIRECTION('',(-1.,0.,0.));
#16167=DIRECTION('',(0.,0.,1.));
#16168=DIRECTION('',(1.,0.,0.));
#16169=DIRECTION('',(0.,0.,-1.));
#16170=DIRECTION('',(0.,0.,1.));
#16171=DIRECTION('',(1.,0.,0.));
#16172=DIRECTION('',(0.,1.,0.));
#16173=DIRECTION('',(0.,0.,1.));
#16174=DIRECTION('',(1.,0.,0.));
#16175=DIRECTION('',(0.,0.,-1.));
#16176=DIRECTION('',(1.,0.,0.));
#16177=DIRECTION('',(0.,0.,-1.));
#16178=DIRECTION('',(-1.,0.,0.));
#16179=DIRECTION('',(0.,0.,1.));
#16180=DIRECTION('',(1.,0.,0.));
#16181=DIRECTION('',(0.,0.,-1.));
#16182=DIRECTION('',(0.,0.,1.));
#16183=DIRECTION('',(1.,0.,0.));
#16184=DIRECTION('',(1.,0.,0.));
#16185=DIRECTION('',(0.,0.,-1.));
#16186=DIRECTION('',(0.,-1.,0.));
#16187=DIRECTION('',(0.,0.,-1.));
#16188=DIRECTION('',(0.,-1.,0.));
#16189=DIRECTION('',(1.,0.,0.));
#16190=DIRECTION('',(0.,0.,-1.));
#16191=DIRECTION('',(0.,-1.,0.));
#16192=DIRECTION('',(0.,0.,-1.));
#16193=DIRECTION('',(0.,-1.,0.));
#16194=DIRECTION('',(0.,0.,-1.));
#16195=DIRECTION('',(1.22464679914735E-16,-1.,0.));
#16196=DIRECTION('',(1.,1.22464679914735E-16,0.));
#16197=DIRECTION('',(-1.,-1.22464679914735E-16,0.));
#16198=DIRECTION('',(0.,0.,-1.));
#16199=DIRECTION('',(-1.,-1.22464679914735E-16,0.));
#16200=DIRECTION('',(-1.,-1.82123199577617E-16,0.));
#16201=DIRECTION('',(1.82123199577617E-16,-1.,0.));
#16202=DIRECTION('',(-1.82123199577617E-16,1.,0.));
#16203=DIRECTION('',(0.,0.,-1.));
#16204=DIRECTION('',(-1.82123199577617E-16,1.,0.));
#16205=DIRECTION('',(0.,-1.,0.));
#16206=DIRECTION('',(0.,0.,-1.));
#16207=DIRECTION('',(-1.,0.,0.));
#16208=DIRECTION('',(0.,0.,-1.));
#16209=DIRECTION('',(-1.,0.,0.));
#16210=DIRECTION('',(-1.,4.84524475501788E-17,0.));
#16211=DIRECTION('',(-4.84524475501788E-17,-1.,0.));
#16212=DIRECTION('',(4.84524475501788E-17,1.,0.));
#16213=DIRECTION('',(0.,0.,-1.));
#16214=DIRECTION('',(4.84524475501788E-17,1.,0.));
#16215=DIRECTION('',(-0.999999999980142,-6.30205891005657E-6,0.));
#16216=DIRECTION('',(6.30205891005657E-6,-0.999999999980142,0.));
#16217=DIRECTION('',(-6.30205891005657E-6,0.999999999980142,0.));
#16218=DIRECTION('',(0.,0.,-1.));
#16219=DIRECTION('',(-6.30205891005657E-6,0.999999999980142,0.));
#16220=DIRECTION('',(0.,-1.,0.));
#16221=DIRECTION('',(0.,0.,-1.));
#16222=DIRECTION('',(-1.,0.,0.));
#16223=DIRECTION('',(0.,0.,-1.));
#16224=DIRECTION('',(-1.,0.,0.));
#16225=DIRECTION('',(-0.999999999980142,-6.3020589097908E-6,0.));
#16226=DIRECTION('',(6.30205890979081E-6,-0.999999999980142,0.));
#16227=DIRECTION('',(-6.30205890979081E-6,0.999999999980142,0.));
#16228=DIRECTION('',(0.,0.,-1.));
#16229=DIRECTION('',(-6.30205890979081E-6,0.999999999980142,0.));
#16230=DIRECTION('',(-6.30205890961757E-6,0.999999999980142,0.));
#16231=DIRECTION('',(-0.999999999980142,-6.30205890961757E-6,0.));
#16232=DIRECTION('',(0.999999999980142,6.30205890961757E-6,0.));
#16233=DIRECTION('',(0.,0.,-1.));
#16234=DIRECTION('',(0.999999999980142,6.30205890961757E-6,0.));
#16235=DIRECTION('',(0.707106781186548,0.707106781186548,0.));
#16236=DIRECTION('',(-0.707106781186548,0.707106781186548,0.));
#16237=DIRECTION('',(0.707106781186548,-0.707106781186548,0.));
#16238=DIRECTION('',(0.,0.,-1.));
#16239=DIRECTION('',(0.707106781186548,-0.707106781186548,0.));
#16240=DIRECTION('',(0.,1.,0.));
#16241=DIRECTION('',(0.,0.,1.));
#16242=DIRECTION('',(1.,0.,0.));
#16243=DIRECTION('',(0.,0.,-1.));
#16244=DIRECTION('',(1.,0.,0.));
#16245=DIRECTION('',(0.,0.,-1.));
#16246=DIRECTION('',(-1.,0.,0.));
#16247=DIRECTION('',(0.,0.,1.));
#16248=DIRECTION('',(1.,0.,0.));
#16249=DIRECTION('',(0.,0.,-1.));
#16250=DIRECTION('',(0.,0.,1.));
#16251=DIRECTION('',(1.,0.,0.));
#16252=DIRECTION('',(0.,0.,-1.));
#16253=DIRECTION('',(-1.,0.,0.));
#16254=DIRECTION('',(0.,0.,1.));
#16255=DIRECTION('',(1.,0.,0.));
#16256=DIRECTION('',(0.,0.,-1.));
#16257=DIRECTION('',(0.,0.,1.));
#16258=DIRECTION('',(1.,0.,0.));
#16259=DIRECTION('',(0.,0.,-1.));
#16260=DIRECTION('',(-1.,0.,0.));
#16261=DIRECTION('',(0.,0.,1.));
#16262=DIRECTION('',(1.,0.,0.));
#16263=DIRECTION('',(0.,0.,-1.));
#16264=DIRECTION('',(0.,0.,1.));
#16265=DIRECTION('',(1.,0.,0.));
#16266=DIRECTION('',(0.,0.,-1.));
#16267=DIRECTION('',(-1.,0.,0.));
#16268=DIRECTION('',(0.,0.,1.));
#16269=DIRECTION('',(1.,0.,0.));
#16270=DIRECTION('',(0.,0.,-1.));
#16271=DIRECTION('',(0.,0.,1.));
#16272=DIRECTION('',(1.,0.,0.));
#16273=DIRECTION('',(0.,1.,0.));
#16274=DIRECTION('',(0.,0.,1.));
#16275=DIRECTION('',(1.,0.,0.));
#16276=DIRECTION('',(0.,0.,-1.));
#16277=DIRECTION('',(1.,0.,0.));
#16278=DIRECTION('',(-0.707106781186556,0.707106781186539,0.));
#16279=DIRECTION('',(-0.707106781186539,-0.707106781186556,0.));
#16280=DIRECTION('',(0.707106781186539,0.707106781186556,0.));
#16281=DIRECTION('',(0.,0.,-1.));
#16282=DIRECTION('',(0.707106781186539,0.707106781186556,0.));
#16283=DIRECTION('',(-6.30205890961342E-6,0.999999999980142,0.));
#16284=DIRECTION('',(-0.999999999980142,-6.30205890961342E-6,0.));
#16285=DIRECTION('',(0.999999999980142,6.30205890961342E-6,0.));
#16286=DIRECTION('',(0.,0.,-1.));
#16287=DIRECTION('',(0.999999999980142,6.30205890961342E-6,0.));
#16288=DIRECTION('',(0.,1.,0.));
#16289=DIRECTION('',(0.,0.,1.));
#16290=DIRECTION('',(1.,0.,0.));
#16291=DIRECTION('',(0.,0.,-1.));
#16292=DIRECTION('',(1.,0.,0.));
#16293=DIRECTION('',(0.,0.,-1.));
#16294=DIRECTION('',(-1.,0.,0.));
#16295=DIRECTION('',(0.,0.,1.));
#16296=DIRECTION('',(1.,0.,0.));
#16297=DIRECTION('',(0.,0.,-1.));
#16298=DIRECTION('',(0.,0.,1.));
#16299=DIRECTION('',(1.,0.,0.));
#16300=DIRECTION('',(-1.,0.,0.));
#16301=DIRECTION('',(0.,0.,1.));
#16302=DIRECTION('',(0.,1.,0.));
#16303=DIRECTION('',(0.,0.,-1.));
#16304=DIRECTION('',(0.,1.,0.));
#16305=DIRECTION('',(0.,0.,-1.));
#16306=DIRECTION('',(-1.,0.,0.));
#16307=DIRECTION('',(0.,0.,1.));
#16308=DIRECTION('',(1.,0.,0.));
#16309=DIRECTION('',(0.,0.,-1.));
#16310=DIRECTION('',(0.,0.,1.));
#16311=DIRECTION('',(1.,0.,0.));
#16312=DIRECTION('',(0.,-1.,0.));
#16313=DIRECTION('',(0.,0.,-1.));
#16314=DIRECTION('',(-1.,0.,0.));
#16315=DIRECTION('',(0.,0.,-1.));
#16316=DIRECTION('',(-1.,0.,0.));
#16317=DIRECTION('',(-1.,0.,0.));
#16318=DIRECTION('',(0.,0.,1.));
#16319=DIRECTION('',(0.,1.,0.));
#16320=DIRECTION('',(0.,0.,-1.));
#16321=DIRECTION('',(0.,1.,0.));
#16322=DIRECTION('',(1.,0.,0.));
#16323=DIRECTION('',(0.,0.,-1.));
#16324=DIRECTION('',(0.,-1.,0.));
#16325=DIRECTION('',(0.,-1.,0.));
#16326=DIRECTION('',(0.,1.,0.));
#16327=DIRECTION('',(0.,0.,1.));
#16328=DIRECTION('',(1.,0.,0.));
#16329=DIRECTION('',(1.,0.,0.));
#16330=DIRECTION('',(1.,0.,0.));
#16331=DIRECTION('',(0.,0.,-1.));
#16332=DIRECTION('',(0.,-1.,0.));
#16333=DIRECTION('',(0.,-1.,0.));
#16334=DIRECTION('',(0.,1.,0.));
#16335=DIRECTION('',(0.,0.,1.));
#16336=DIRECTION('',(1.,0.,0.));
#16337=DIRECTION('',(1.,0.,0.));
#16338=DIRECTION('',(1.,0.,0.));
#16339=DIRECTION('',(0.,0.,-1.));
#16340=DIRECTION('',(0.,-1.,0.));
#16341=DIRECTION('',(0.,-1.,0.));
#16342=DIRECTION('',(0.,1.,0.));
#16343=DIRECTION('',(0.,0.,1.));
#16344=DIRECTION('',(1.,0.,0.));
#16345=DIRECTION('',(1.,0.,0.));
#16346=DIRECTION('',(1.,0.,0.));
#16347=DIRECTION('',(0.,0.,-1.));
#16348=DIRECTION('',(0.,-1.,0.));
#16349=DIRECTION('',(0.,-1.,0.));
#16350=DIRECTION('',(1.,0.,0.));
#16351=DIRECTION('',(0.,0.,-1.));
#16352=DIRECTION('',(0.,-1.,0.));
#16353=DIRECTION('',(0.,-1.,0.));
#16354=DIRECTION('',(0.,1.,0.));
#16355=DIRECTION('',(0.,0.,1.));
#16356=DIRECTION('',(1.,0.,0.));
#16357=DIRECTION('',(1.,0.,0.));
#16358=DIRECTION('',(0.,1.,0.));
#16359=DIRECTION('',(0.,0.,1.));
#16360=DIRECTION('',(1.,0.,0.));
#16361=DIRECTION('',(1.,0.,0.));
#16362=DIRECTION('',(1.,0.,0.));
#16363=DIRECTION('',(0.,0.,-1.));
#16364=DIRECTION('',(0.,-1.,0.));
#16365=DIRECTION('',(0.,-1.,0.));
#16366=DIRECTION('',(0.,-1.,0.));
#16367=DIRECTION('',(0.,0.,-1.));
#16368=DIRECTION('',(-1.,0.,0.));
#16369=DIRECTION('',(-1.,0.,0.));
#16370=DIRECTION('',(1.,0.,0.));
#16371=DIRECTION('',(0.,0.,-1.));
#16372=DIRECTION('',(0.,-1.,0.));
#16373=DIRECTION('',(0.,-1.,0.));
#16374=DIRECTION('',(1.,0.,0.));
#16375=DIRECTION('',(0.,0.,-1.));
#16376=DIRECTION('',(0.,-1.,0.));
#16377=DIRECTION('',(0.,-1.,0.));
#16378=DIRECTION('',(1.,0.,0.));
#16379=DIRECTION('',(0.,0.,-1.));
#16380=DIRECTION('',(0.,-1.,0.));
#16381=DIRECTION('',(0.,-1.,0.));
#16382=DIRECTION('',(0.,1.,0.));
#16383=DIRECTION('',(0.,0.,1.));
#16384=DIRECTION('',(1.,0.,0.));
#16385=DIRECTION('',(1.,0.,0.));
#16386=DIRECTION('',(0.,1.,0.));
#16387=DIRECTION('',(0.,0.,1.));
#16388=DIRECTION('',(1.,0.,0.));
#16389=DIRECTION('',(1.,0.,0.));
#16390=DIRECTION('',(1.,0.,0.));
#16391=DIRECTION('',(0.,0.,-1.));
#16392=DIRECTION('',(0.,-1.,0.));
#16393=DIRECTION('',(0.,-1.,0.));
#16394=DIRECTION('',(1.,0.,0.));
#16395=DIRECTION('',(0.,0.,-1.));
#16396=DIRECTION('',(0.,-1.,0.));
#16397=DIRECTION('',(0.,-1.,0.));
#16398=DIRECTION('',(1.,0.,0.));
#16399=DIRECTION('',(0.,0.,-1.));
#16400=DIRECTION('',(0.,-1.,0.));
#16401=DIRECTION('',(0.,-1.,0.));
#16402=DIRECTION('',(1.,0.,0.));
#16403=DIRECTION('',(0.,0.,-1.));
#16404=DIRECTION('',(0.,-1.,0.));
#16405=DIRECTION('',(0.,-1.,0.));
#16406=DIRECTION('',(1.,0.,0.));
#16407=DIRECTION('',(0.,0.,-1.));
#16408=DIRECTION('',(0.,-1.,0.));
#16409=DIRECTION('',(0.,-1.,0.));
#16410=DIRECTION('',(1.,0.,0.));
#16411=DIRECTION('',(0.,0.,-1.));
#16412=DIRECTION('',(0.,-1.,0.));
#16413=DIRECTION('',(0.,-1.,0.));
#16414=DIRECTION('',(0.,0.,-1.));
#16415=DIRECTION('',(-1.,0.,0.));
#16416=DIRECTION('',(0.,0.,1.));
#16417=DIRECTION('',(1.,0.,0.));
#16418=DIRECTION('',(0.,0.,1.));
#16419=DIRECTION('',(1.,0.,0.));
#16420=DIRECTION('',(0.,0.,-1.));
#16421=DIRECTION('',(-1.,0.,0.));
#16422=DIRECTION('',(0.,0.,1.));
#16423=DIRECTION('',(1.,0.,0.));
#16424=DIRECTION('',(0.,0.,1.));
#16425=DIRECTION('',(1.,0.,0.));
#16426=DIRECTION('',(1.,0.,0.));
#16427=DIRECTION('',(0.,0.,-1.));
#16428=DIRECTION('',(0.,-1.,0.));
#16429=DIRECTION('',(0.,-1.,0.));
#16430=DIRECTION('',(0.,0.,-1.));
#16431=DIRECTION('',(-1.,0.,0.));
#16432=DIRECTION('',(0.,0.,1.));
#16433=DIRECTION('',(1.,0.,0.));
#16434=DIRECTION('',(0.,0.,1.));
#16435=DIRECTION('',(1.,0.,0.));
#16436=DIRECTION('',(0.,1.,0.));
#16437=DIRECTION('',(0.,0.,1.));
#16438=DIRECTION('',(1.,0.,0.));
#16439=DIRECTION('',(1.,0.,0.));
#16440=DIRECTION('',(0.,1.,0.));
#16441=DIRECTION('',(0.,0.,1.));
#16442=DIRECTION('',(1.,0.,0.));
#16443=DIRECTION('',(1.,0.,0.));
#16444=DIRECTION('',(1.,0.,0.));
#16445=DIRECTION('',(0.,0.,-1.));
#16446=DIRECTION('',(0.,-1.,0.));
#16447=DIRECTION('',(0.,-1.,0.));
#16448=DIRECTION('',(1.,0.,0.));
#16449=DIRECTION('',(0.,0.,-1.));
#16450=DIRECTION('',(0.,-1.,0.));
#16451=DIRECTION('',(0.,-1.,0.));
#16452=DIRECTION('',(1.,0.,0.));
#16453=DIRECTION('',(0.,0.,-1.));
#16454=DIRECTION('',(0.,-1.,0.));
#16455=DIRECTION('',(0.,-1.,0.));
#16456=DIRECTION('',(0.,1.,0.));
#16457=DIRECTION('',(0.,0.,1.));
#16458=DIRECTION('',(1.,0.,0.));
#16459=DIRECTION('',(1.,0.,0.));
#16460=DIRECTION('',(0.,1.,0.));
#16461=DIRECTION('',(0.,0.,1.));
#16462=DIRECTION('',(1.,0.,0.));
#16463=DIRECTION('',(1.,0.,0.));
#16464=DIRECTION('',(0.,0.,-1.));
#16465=DIRECTION('',(-1.,0.,0.));
#16466=DIRECTION('',(0.,0.,1.));
#16467=DIRECTION('',(1.,0.,0.));
#16468=DIRECTION('',(0.,0.,1.));
#16469=DIRECTION('',(1.,0.,0.));
#16470=DIRECTION('',(0.,1.,0.));
#16471=DIRECTION('',(0.,0.,1.));
#16472=DIRECTION('',(1.,0.,0.));
#16473=DIRECTION('',(1.,0.,0.));
#16474=DIRECTION('',(0.,0.,-1.));
#16475=DIRECTION('',(-1.,0.,0.));
#16476=DIRECTION('',(0.,0.,1.));
#16477=DIRECTION('',(1.,0.,0.));
#16478=DIRECTION('',(0.,0.,1.));
#16479=DIRECTION('',(1.,0.,0.));
#16480=DIRECTION('',(0.,0.,-1.));
#16481=DIRECTION('',(-1.,0.,0.));
#16482=DIRECTION('',(0.,0.,1.));
#16483=DIRECTION('',(1.,0.,0.));
#16484=DIRECTION('',(0.,0.,1.));
#16485=DIRECTION('',(1.,0.,0.));
#16486=DIRECTION('',(1.,0.,0.));
#16487=DIRECTION('',(0.,0.,-1.));
#16488=DIRECTION('',(0.,-1.,0.));
#16489=DIRECTION('',(0.,-1.,0.));
#16490=DIRECTION('',(1.,0.,0.));
#16491=DIRECTION('',(0.,0.,-1.));
#16492=DIRECTION('',(0.,-1.,0.));
#16493=DIRECTION('',(0.,-1.,0.));
#16494=DIRECTION('',(0.,1.,0.));
#16495=DIRECTION('',(0.,0.,1.));
#16496=DIRECTION('',(1.,0.,0.));
#16497=DIRECTION('',(1.,0.,0.));
#16498=DIRECTION('',(0.,1.,0.));
#16499=DIRECTION('',(0.,0.,1.));
#16500=DIRECTION('',(1.,0.,0.));
#16501=DIRECTION('',(1.,0.,0.));
#16502=DIRECTION('',(0.,1.,0.));
#16503=DIRECTION('',(0.,0.,1.));
#16504=DIRECTION('',(1.,0.,0.));
#16505=DIRECTION('',(1.,0.,0.));
#16506=DIRECTION('',(0.,0.,-1.));
#16507=DIRECTION('',(-1.,0.,0.));
#16508=DIRECTION('',(0.,0.,1.));
#16509=DIRECTION('',(1.,0.,0.));
#16510=DIRECTION('',(0.,0.,1.));
#16511=DIRECTION('',(1.,0.,0.));
#16512=DIRECTION('',(0.,1.,0.));
#16513=DIRECTION('',(0.,0.,1.));
#16514=DIRECTION('',(1.,0.,0.));
#16515=DIRECTION('',(1.,0.,0.));
#16516=DIRECTION('',(1.,0.,0.));
#16517=DIRECTION('',(0.,0.,-1.));
#16518=DIRECTION('',(0.,-1.,0.));
#16519=DIRECTION('',(0.,-1.,0.));
#16520=DIRECTION('',(1.,0.,0.));
#16521=DIRECTION('',(0.,0.,-1.));
#16522=DIRECTION('',(0.,-1.,0.));
#16523=DIRECTION('',(0.,-1.,0.));
#16524=DIRECTION('',(1.,0.,0.));
#16525=DIRECTION('',(0.,0.,-1.));
#16526=DIRECTION('',(0.,-1.,0.));
#16527=DIRECTION('',(0.,-1.,0.));
#16528=DIRECTION('',(1.,0.,0.));
#16529=DIRECTION('',(0.,0.,-1.));
#16530=DIRECTION('',(0.,-1.,0.));
#16531=DIRECTION('',(0.,-1.,0.));
#16532=DIRECTION('',(0.,1.,0.));
#16533=DIRECTION('',(0.,0.,1.));
#16534=DIRECTION('',(1.,0.,0.));
#16535=DIRECTION('',(1.,0.,0.));
#16536=DIRECTION('',(0.,-1.,0.));
#16537=DIRECTION('',(0.,0.,-1.));
#16538=DIRECTION('',(-1.,0.,0.));
#16539=DIRECTION('',(-1.,0.,0.));
#16540=DIRECTION('',(0.,0.,-1.));
#16541=DIRECTION('',(-1.,0.,0.));
#16542=DIRECTION('',(0.,0.,1.));
#16543=DIRECTION('',(1.,0.,0.));
#16544=DIRECTION('',(0.,0.,1.));
#16545=DIRECTION('',(1.,0.,0.));
#16546=DIRECTION('',(0.,0.,-1.));
#16547=DIRECTION('',(-1.,0.,0.));
#16548=DIRECTION('',(0.,0.,1.));
#16549=DIRECTION('',(1.,0.,0.));
#16550=DIRECTION('',(0.,0.,1.));
#16551=DIRECTION('',(1.,0.,0.));
#16552=DIRECTION('',(1.,0.,0.));
#16553=DIRECTION('',(0.,0.,-1.));
#16554=DIRECTION('',(0.,-1.,0.));
#16555=DIRECTION('',(0.,-1.,0.));
#16556=DIRECTION('',(1.,0.,0.));
#16557=DIRECTION('',(0.,0.,-1.));
#16558=DIRECTION('',(0.,-1.,0.));
#16559=DIRECTION('',(0.,-1.,0.));
#16560=DIRECTION('',(1.,0.,0.));
#16561=DIRECTION('',(0.,0.,-1.));
#16562=DIRECTION('',(0.,-1.,0.));
#16563=DIRECTION('',(0.,-1.,0.));
#16564=DIRECTION('',(1.,0.,0.));
#16565=DIRECTION('',(0.,0.,-1.));
#16566=DIRECTION('',(0.,-1.,0.));
#16567=DIRECTION('',(0.,-1.,0.));
#16568=DIRECTION('',(0.,0.,-1.));
#16569=DIRECTION('',(-1.,0.,0.));
#16570=DIRECTION('',(0.,0.,1.));
#16571=DIRECTION('',(1.,0.,0.));
#16572=DIRECTION('',(0.,0.,1.));
#16573=DIRECTION('',(1.,0.,0.));
#16574=DIRECTION('',(1.,0.,0.));
#16575=DIRECTION('',(0.,0.,-1.));
#16576=DIRECTION('',(0.,-1.,0.));
#16577=DIRECTION('',(0.,-1.,0.));
#16578=DIRECTION('',(0.,0.,-1.));
#16579=DIRECTION('',(-1.,0.,0.));
#16580=DIRECTION('',(0.,0.,1.));
#16581=DIRECTION('',(1.,0.,0.));
#16582=DIRECTION('',(0.,0.,1.));
#16583=DIRECTION('',(1.,0.,0.));
#16584=DIRECTION('',(1.,0.,0.));
#16585=DIRECTION('',(0.,0.,-1.));
#16586=DIRECTION('',(0.,-1.,0.));
#16587=DIRECTION('',(0.,-1.,0.));
#16588=DIRECTION('',(0.,1.,0.));
#16589=DIRECTION('',(0.,0.,1.));
#16590=DIRECTION('',(1.,0.,0.));
#16591=DIRECTION('',(1.,0.,0.));
#16592=DIRECTION('',(0.,1.,0.));
#16593=DIRECTION('',(0.,0.,1.));
#16594=DIRECTION('',(1.,0.,0.));
#16595=DIRECTION('',(1.,0.,0.));
#16596=DIRECTION('',(0.,1.,0.));
#16597=DIRECTION('',(0.,0.,1.));
#16598=DIRECTION('',(1.,0.,0.));
#16599=DIRECTION('',(1.,0.,0.));
#16600=DIRECTION('',(0.,1.,0.));
#16601=DIRECTION('',(0.,0.,1.));
#16602=DIRECTION('',(1.,0.,0.));
#16603=DIRECTION('',(1.,0.,0.));
#16604=DIRECTION('',(0.,1.,0.));
#16605=DIRECTION('',(0.,0.,1.));
#16606=DIRECTION('',(1.,0.,0.));
#16607=DIRECTION('',(1.,0.,0.));
#16608=DIRECTION('',(0.,1.,0.));
#16609=DIRECTION('',(0.,0.,1.));
#16610=DIRECTION('',(1.,0.,0.));
#16611=DIRECTION('',(1.,0.,0.));
#16612=DIRECTION('',(0.,0.,-1.));
#16613=DIRECTION('',(-1.,0.,0.));
#16614=DIRECTION('',(0.,0.,1.));
#16615=DIRECTION('',(1.,0.,0.));
#16616=DIRECTION('',(0.,0.,1.));
#16617=DIRECTION('',(1.,0.,0.));
#16618=DIRECTION('',(0.,-1.,0.));
#16619=DIRECTION('',(0.,0.,-1.));
#16620=DIRECTION('',(-1.,0.,0.));
#16621=DIRECTION('',(-1.,0.,0.));
#16622=DIRECTION('',(0.,1.,0.));
#16623=DIRECTION('',(0.,0.,1.));
#16624=DIRECTION('',(1.,0.,0.));
#16625=DIRECTION('',(1.,0.,0.));
#16626=DIRECTION('',(0.,0.,1.));
#16627=DIRECTION('',(1.,0.,0.));
#16628=DIRECTION('',(0.,0.,1.));
#16629=DIRECTION('',(1.,0.,0.));
#16630=CARTESIAN_POINT('',(0.,0.,0.));
#16631=CARTESIAN_POINT('',(0.1541375,0.035075,0.003175));
#16632=CARTESIAN_POINT('',(0.1541375,0.035075,0.0015875));
#16633=CARTESIAN_POINT('',(0.1546375,0.035075,0.0015875));
#16634=CARTESIAN_POINT('',(0.1541375,0.035575,0.0015875));
#16635=CARTESIAN_POINT('',(0.1546375,0.035075,0.003175));
#16636=CARTESIAN_POINT('',(0.1546375,0.035075,0.003175));
#16637=CARTESIAN_POINT('',(0.1541375,0.035075,0.003175));
#16638=CARTESIAN_POINT('',(0.1541375,0.035575,0.003175));
#16639=CARTESIAN_POINT('',(0.1541375,0.035575,0.003175));
#16640=CARTESIAN_POINT('',(0.1546375,0.028575,0.003175));
#16641=CARTESIAN_POINT('',(0.1546375,0.028575,0.0015875));
#16642=CARTESIAN_POINT('',(0.1546375,0.022075,0.0015875));
#16643=CARTESIAN_POINT('',(0.1546375,0.022075,0.003175));
#16644=CARTESIAN_POINT('',(0.1546375,0.022075,0.003175));
#16645=CARTESIAN_POINT('',(0.1546375,0.028575,0.003175));
#16646=CARTESIAN_POINT('',(0.1541375,0.022075,0.003175));
#16647=CARTESIAN_POINT('',(0.1541375,0.022075,0.0015875));
#16648=CARTESIAN_POINT('',(0.1541375,0.021575,0.0015875));
#16649=CARTESIAN_POINT('',(0.1541375,0.021575,0.003175));
#16650=CARTESIAN_POINT('',(0.1541375,0.021575,0.003175));
#16651=CARTESIAN_POINT('',(0.1541375,0.022075,0.003175));
#16652=CARTESIAN_POINT('',(0.1476375,0.021575,0.003175));
#16653=CARTESIAN_POINT('',(0.1476375,0.021575,0.0015875));
#16654=CARTESIAN_POINT('',(0.1411375,0.021575,0.0015875));
#16655=CARTESIAN_POINT('',(0.1411375,0.021575,0.003175));
#16656=CARTESIAN_POINT('',(0.1411375,0.021575,0.003175));
#16657=CARTESIAN_POINT('',(0.1476375,0.021575,0.003175));
#16658=CARTESIAN_POINT('',(0.1411375,0.022075,0.003175));
#16659=CARTESIAN_POINT('',(0.1411375,0.022075,0.0015875));
#16660=CARTESIAN_POINT('',(0.1406375,0.022075,0.0015875));
#16661=CARTESIAN_POINT('',(0.1406375,0.022075,0.003175));
#16662=CARTESIAN_POINT('',(0.1406375,0.022075,0.003175));
#16663=CARTESIAN_POINT('',(0.1411375,0.022075,0.003175));
#16664=CARTESIAN_POINT('',(0.1406375,0.028575,0.003175));
#16665=CARTESIAN_POINT('',(0.1406375,0.028575,0.0015875));
#16666=CARTESIAN_POINT('',(0.1406375,0.035075,0.0015875));
#16667=CARTESIAN_POINT('',(0.1406375,0.035075,0.003175));
#16668=CARTESIAN_POINT('',(0.1406375,0.035075,0.003175));
#16669=CARTESIAN_POINT('',(0.1406375,0.028575,0.003175));
#16670=CARTESIAN_POINT('',(0.1411375,0.035075,0.003175));
#16671=CARTESIAN_POINT('',(0.1411375,0.035075,0.0015875));
#16672=CARTESIAN_POINT('',(0.1411375,0.035575,0.0015875));
#16673=CARTESIAN_POINT('',(0.1411375,0.035575,0.003175));
#16674=CARTESIAN_POINT('',(0.1411375,0.035575,0.003175));
#16675=CARTESIAN_POINT('',(0.1411375,0.035075,0.003175));
#16676=CARTESIAN_POINT('',(0.1601875,0.016025,0.003175));
#16677=CARTESIAN_POINT('',(0.1601875,0.016025,0.0015875));
#16678=CARTESIAN_POINT('',(0.1601875,0.016525,0.0015875));
#16679=CARTESIAN_POINT('',(0.1596875,0.016025,0.0015875));
#16680=CARTESIAN_POINT('',(0.1601875,0.016525,0.003175));
#16681=CARTESIAN_POINT('',(0.1601875,0.016525,0.003175));
#16682=CARTESIAN_POINT('',(0.1601875,0.016025,0.003175));
#16683=CARTESIAN_POINT('',(0.1596875,0.016025,0.003175));
#16684=CARTESIAN_POINT('',(0.1596875,0.016025,0.003175));
#16685=CARTESIAN_POINT('',(0.1666875,0.016525,0.003175));
#16686=CARTESIAN_POINT('',(0.1666875,0.016525,0.0015875));
#16687=CARTESIAN_POINT('',(0.1731875,0.016525,0.0015875));
#16688=CARTESIAN_POINT('',(0.1731875,0.016525,0.003175));
#16689=CARTESIAN_POINT('',(0.1731875,0.016525,0.003175));
#16690=CARTESIAN_POINT('',(0.1666875,0.016525,0.003175));
#16691=CARTESIAN_POINT('',(0.1731875,0.016025,0.003175));
#16692=CARTESIAN_POINT('',(0.1731875,0.016025,0.0015875));
#16693=CARTESIAN_POINT('',(0.1736875,0.016025,0.0015875));
#16694=CARTESIAN_POINT('',(0.1736875,0.016025,0.003175));
#16695=CARTESIAN_POINT('',(0.1736875,0.016025,0.003175));
#16696=CARTESIAN_POINT('',(0.1731875,0.016025,0.003175));
#16697=CARTESIAN_POINT('',(0.1736875,0.009525,0.003175));
#16698=CARTESIAN_POINT('',(0.1736875,0.009525,0.0015875));
#16699=CARTESIAN_POINT('',(0.1736875,0.003025,0.0015875));
#16700=CARTESIAN_POINT('',(0.1736875,0.003025,0.003175));
#16701=CARTESIAN_POINT('',(0.1736875,0.003025,0.003175));
#16702=CARTESIAN_POINT('',(0.1736875,0.009525,0.003175));
#16703=CARTESIAN_POINT('',(0.1731875,0.00302500000000006,0.003175));
#16704=CARTESIAN_POINT('',(0.1731875,0.00302500000000006,0.0015875));
#16705=CARTESIAN_POINT('',(0.1731875,0.002525,0.0015875));
#16706=CARTESIAN_POINT('',(0.1731875,0.002525,0.003175));
#16707=CARTESIAN_POINT('',(0.1731875,0.002525,0.003175));
#16708=CARTESIAN_POINT('',(0.1731875,0.00302500000000006,0.003175));
#16709=CARTESIAN_POINT('',(0.1666875,0.002525,0.003175));
#16710=CARTESIAN_POINT('',(0.1666875,0.002525,0.0015875));
#16711=CARTESIAN_POINT('',(0.1601875,0.002525,0.0015875));
#16712=CARTESIAN_POINT('',(0.1601875,0.002525,0.003175));
#16713=CARTESIAN_POINT('',(0.1601875,0.002525,0.003175));
#16714=CARTESIAN_POINT('',(0.1666875,0.002525,0.003175));
#16715=CARTESIAN_POINT('',(0.1601875,0.003025,0.003175));
#16716=CARTESIAN_POINT('',(0.1601875,0.003025,0.0015875));
#16717=CARTESIAN_POINT('',(0.1596875,0.003025,0.0015875));
#16718=CARTESIAN_POINT('',(0.1596875,0.003025,0.003175));
#16719=CARTESIAN_POINT('',(0.1596875,0.003025,0.003175));
#16720=CARTESIAN_POINT('',(0.1601875,0.003025,0.003175));
#16721=CARTESIAN_POINT('',(0.1541375,-0.022075,0.003175));
#16722=CARTESIAN_POINT('',(0.1541375,-0.022075,0.0015875));
#16723=CARTESIAN_POINT('',(0.1546375,-0.022075,0.0015875));
#16724=CARTESIAN_POINT('',(0.1541375,-0.021575,0.0015875));
#16725=CARTESIAN_POINT('',(0.1546375,-0.022075,0.003175));
#16726=CARTESIAN_POINT('',(0.1546375,-0.022075,0.003175));
#16727=CARTESIAN_POINT('',(0.1541375,-0.022075,0.003175));
#16728=CARTESIAN_POINT('',(0.1541375,-0.021575,0.003175));
#16729=CARTESIAN_POINT('',(0.1541375,-0.021575,0.003175));
#16730=CARTESIAN_POINT('',(0.1546375,-0.028575,0.003175));
#16731=CARTESIAN_POINT('',(0.1546375,-0.028575,0.0015875));
#16732=CARTESIAN_POINT('',(0.1546375,-0.035075,0.0015875));
#16733=CARTESIAN_POINT('',(0.1546375,-0.035075,0.003175));
#16734=CARTESIAN_POINT('',(0.1546375,-0.035075,0.003175));
#16735=CARTESIAN_POINT('',(0.1546375,-0.028575,0.003175));
#16736=CARTESIAN_POINT('',(0.1541375,-0.035075,0.003175));
#16737=CARTESIAN_POINT('',(0.1541375,-0.035075,0.0015875));
#16738=CARTESIAN_POINT('',(0.1541375,-0.035575,0.0015875));
#16739=CARTESIAN_POINT('',(0.1541375,-0.035575,0.003175));
#16740=CARTESIAN_POINT('',(0.1541375,-0.035575,0.003175));
#16741=CARTESIAN_POINT('',(0.1541375,-0.035075,0.003175));
#16742=CARTESIAN_POINT('',(0.1476375,-0.035575,0.003175));
#16743=CARTESIAN_POINT('',(0.1476375,-0.035575,0.0015875));
#16744=CARTESIAN_POINT('',(0.1411375,-0.035575,0.0015875));
#16745=CARTESIAN_POINT('',(0.1411375,-0.035575,0.003175));
#16746=CARTESIAN_POINT('',(0.1411375,-0.035575,0.003175));
#16747=CARTESIAN_POINT('',(0.1476375,-0.035575,0.003175));
#16748=CARTESIAN_POINT('',(0.1411375,-0.035075,0.003175));
#16749=CARTESIAN_POINT('',(0.1411375,-0.035075,0.0015875));
#16750=CARTESIAN_POINT('',(0.1406375,-0.035075,0.0015875));
#16751=CARTESIAN_POINT('',(0.1406375,-0.035075,0.003175));
#16752=CARTESIAN_POINT('',(0.1406375,-0.035075,0.003175));
#16753=CARTESIAN_POINT('',(0.1411375,-0.035075,0.003175));
#16754=CARTESIAN_POINT('',(0.1406375,-0.028575,0.003175));
#16755=CARTESIAN_POINT('',(0.1406375,-0.028575,0.0015875));
#16756=CARTESIAN_POINT('',(0.1406375,-0.022075,0.0015875));
#16757=CARTESIAN_POINT('',(0.1406375,-0.022075,0.003175));
#16758=CARTESIAN_POINT('',(0.1406375,-0.022075,0.003175));
#16759=CARTESIAN_POINT('',(0.1406375,-0.028575,0.003175));
#16760=CARTESIAN_POINT('',(0.1411375,-0.022075,0.003175));
#16761=CARTESIAN_POINT('',(0.1411375,-0.022075,0.0015875));
#16762=CARTESIAN_POINT('',(0.1411375,-0.021575,0.0015875));
#16763=CARTESIAN_POINT('',(0.1411375,-0.021575,0.003175));
#16764=CARTESIAN_POINT('',(0.1411375,-0.021575,0.003175));
#16765=CARTESIAN_POINT('',(0.1411375,-0.022075,0.003175));
#16766=CARTESIAN_POINT('',(0.1601875,0.0588875,0.003175));
#16767=CARTESIAN_POINT('',(0.1601875,0.0588875,0.0015875));
#16768=CARTESIAN_POINT('',(0.1601875,0.0593875,0.0015875));
#16769=CARTESIAN_POINT('',(0.1596875,0.0588875,0.0015875));
#16770=CARTESIAN_POINT('',(0.1601875,0.0593875,0.003175));
#16771=CARTESIAN_POINT('',(0.1601875,0.0593875,0.003175));
#16772=CARTESIAN_POINT('',(0.1601875,0.0588875,0.003175));
#16773=CARTESIAN_POINT('',(0.1596875,0.0588875,0.003175));
#16774=CARTESIAN_POINT('',(0.1596875,0.0588875,0.003175));
#16775=CARTESIAN_POINT('',(0.1666875,0.0593875,0.003175));
#16776=CARTESIAN_POINT('',(0.1666875,0.0593875,0.0015875));
#16777=CARTESIAN_POINT('',(0.1731875,0.0593875,0.0015875));
#16778=CARTESIAN_POINT('',(0.1731875,0.0593875,0.003175));
#16779=CARTESIAN_POINT('',(0.1731875,0.0593875,0.003175));
#16780=CARTESIAN_POINT('',(0.1666875,0.0593875,0.003175));
#16781=CARTESIAN_POINT('',(0.1731875,0.0588875,0.003175));
#16782=CARTESIAN_POINT('',(0.1731875,0.0588875,0.0015875));
#16783=CARTESIAN_POINT('',(0.1736875,0.0588875,0.0015875));
#16784=CARTESIAN_POINT('',(0.1736875,0.0588875,0.003175));
#16785=CARTESIAN_POINT('',(0.1736875,0.0588875,0.003175));
#16786=CARTESIAN_POINT('',(0.1731875,0.0588875,0.003175));
#16787=CARTESIAN_POINT('',(0.1736875,0.0523875,0.003175));
#16788=CARTESIAN_POINT('',(0.1736875,0.0523875,0.0015875));
#16789=CARTESIAN_POINT('',(0.1736875,0.0458875,0.0015875));
#16790=CARTESIAN_POINT('',(0.1736875,0.0458875,0.003175));
#16791=CARTESIAN_POINT('',(0.1736875,0.0458875,0.003175));
#16792=CARTESIAN_POINT('',(0.1736875,0.0523875,0.003175));
#16793=CARTESIAN_POINT('',(0.1731875,0.0458875,0.003175));
#16794=CARTESIAN_POINT('',(0.1731875,0.0458875,0.0015875));
#16795=CARTESIAN_POINT('',(0.1731875,0.0453875,0.0015875));
#16796=CARTESIAN_POINT('',(0.1731875,0.0453875,0.003175));
#16797=CARTESIAN_POINT('',(0.1731875,0.0453875,0.003175));
#16798=CARTESIAN_POINT('',(0.1731875,0.0458875,0.003175));
#16799=CARTESIAN_POINT('',(0.1666875,0.0453875,0.003175));
#16800=CARTESIAN_POINT('',(0.1666875,0.0453875,0.0015875));
#16801=CARTESIAN_POINT('',(0.1601875,0.0453875,0.0015875));
#16802=CARTESIAN_POINT('',(0.1601875,0.0453875,0.003175));
#16803=CARTESIAN_POINT('',(0.1601875,0.0453875,0.003175));
#16804=CARTESIAN_POINT('',(0.1666875,0.0453875,0.003175));
#16805=CARTESIAN_POINT('',(0.1601875,0.0458875,0.003175));
#16806=CARTESIAN_POINT('',(0.1601875,0.0458875,0.0015875));
#16807=CARTESIAN_POINT('',(0.1596875,0.0458875,0.0015875));
#16808=CARTESIAN_POINT('',(0.1596875,0.0458875,0.003175));
#16809=CARTESIAN_POINT('',(0.1596875,0.0458875,0.003175));
#16810=CARTESIAN_POINT('',(0.1601875,0.0458875,0.003175));
#16811=CARTESIAN_POINT('',(0.035075,-0.022075,0.003175));
#16812=CARTESIAN_POINT('',(0.035075,-0.022075,0.0015875));
#16813=CARTESIAN_POINT('',(0.035575,-0.022075,0.0015875));
#16814=CARTESIAN_POINT('',(0.035075,-0.021575,0.0015875));
#16815=CARTESIAN_POINT('',(0.035575,-0.022075,0.003175));
#16816=CARTESIAN_POINT('',(0.035575,-0.022075,0.003175));
#16817=CARTESIAN_POINT('',(0.035075,-0.022075,0.003175));
#16818=CARTESIAN_POINT('',(0.035075,-0.021575,0.003175));
#16819=CARTESIAN_POINT('',(0.035075,-0.021575,0.003175));
#16820=CARTESIAN_POINT('',(0.035575,-0.028575,0.003175));
#16821=CARTESIAN_POINT('',(0.035575,-0.028575,0.0015875));
#16822=CARTESIAN_POINT('',(0.035575,-0.035075,0.0015875));
#16823=CARTESIAN_POINT('',(0.035575,-0.035075,0.003175));
#16824=CARTESIAN_POINT('',(0.035575,-0.035075,0.003175));
#16825=CARTESIAN_POINT('',(0.035575,-0.028575,0.003175));
#16826=CARTESIAN_POINT('',(0.035075,-0.035075,0.003175));
#16827=CARTESIAN_POINT('',(0.035075,-0.035075,0.0015875));
#16828=CARTESIAN_POINT('',(0.035075,-0.035575,0.0015875));
#16829=CARTESIAN_POINT('',(0.035075,-0.035575,0.003175));
#16830=CARTESIAN_POINT('',(0.035075,-0.035575,0.003175));
#16831=CARTESIAN_POINT('',(0.035075,-0.035075,0.003175));
#16832=CARTESIAN_POINT('',(0.028575,-0.035575,0.003175));
#16833=CARTESIAN_POINT('',(0.028575,-0.035575,0.0015875));
#16834=CARTESIAN_POINT('',(0.022075,-0.035575,0.0015875));
#16835=CARTESIAN_POINT('',(0.022075,-0.035575,0.003175));
#16836=CARTESIAN_POINT('',(0.022075,-0.035575,0.003175));
#16837=CARTESIAN_POINT('',(0.028575,-0.035575,0.003175));
#16838=CARTESIAN_POINT('',(0.022075,-0.035075,0.003175));
#16839=CARTESIAN_POINT('',(0.022075,-0.035075,0.0015875));
#16840=CARTESIAN_POINT('',(0.021575,-0.035075,0.0015875));
#16841=CARTESIAN_POINT('',(0.021575,-0.035075,0.003175));
#16842=CARTESIAN_POINT('',(0.021575,-0.035075,0.003175));
#16843=CARTESIAN_POINT('',(0.022075,-0.035075,0.003175));
#16844=CARTESIAN_POINT('',(0.021575,-0.028575,0.003175));
#16845=CARTESIAN_POINT('',(0.021575,-0.028575,0.0015875));
#16846=CARTESIAN_POINT('',(0.021575,-0.022075,0.0015875));
#16847=CARTESIAN_POINT('',(0.021575,-0.022075,0.003175));
#16848=CARTESIAN_POINT('',(0.021575,-0.022075,0.003175));
#16849=CARTESIAN_POINT('',(0.021575,-0.028575,0.003175));
#16850=CARTESIAN_POINT('',(0.022075,-0.022075,0.003175));
#16851=CARTESIAN_POINT('',(0.022075,-0.022075,0.0015875));
#16852=CARTESIAN_POINT('',(0.022075,-0.021575,0.0015875));
#16853=CARTESIAN_POINT('',(0.022075,-0.021575,0.003175));
#16854=CARTESIAN_POINT('',(0.022075,-0.021575,0.003175));
#16855=CARTESIAN_POINT('',(0.022075,-0.022075,0.003175));
#16856=CARTESIAN_POINT('',(0.098275,0.0588875,0.003175));
#16857=CARTESIAN_POINT('',(0.098275,0.0588875,0.0015875));
#16858=CARTESIAN_POINT('',(0.098275,0.0593875,0.0015875));
#16859=CARTESIAN_POINT('',(0.097775,0.0588875,0.0015875));
#16860=CARTESIAN_POINT('',(0.098275,0.0593875,0.003175));
#16861=CARTESIAN_POINT('',(0.098275,0.0593875,0.003175));
#16862=CARTESIAN_POINT('',(0.098275,0.0588875,0.003175));
#16863=CARTESIAN_POINT('',(0.097775,0.0588875,0.003175));
#16864=CARTESIAN_POINT('',(0.097775,0.0588875,0.003175));
#16865=CARTESIAN_POINT('',(0.104775,0.0593875,0.003175));
#16866=CARTESIAN_POINT('',(0.104775,0.0593875,0.0015875));
#16867=CARTESIAN_POINT('',(0.111275,0.0593875,0.0015875));
#16868=CARTESIAN_POINT('',(0.111275,0.0593875,0.003175));
#16869=CARTESIAN_POINT('',(0.111275,0.0593875,0.003175));
#16870=CARTESIAN_POINT('',(0.104775,0.0593875,0.003175));
#16871=CARTESIAN_POINT('',(0.111275,0.0588875,0.003175));
#16872=CARTESIAN_POINT('',(0.111275,0.0588875,0.0015875));
#16873=CARTESIAN_POINT('',(0.111775,0.0588875,0.0015875));
#16874=CARTESIAN_POINT('',(0.111775,0.0588875,0.003175));
#16875=CARTESIAN_POINT('',(0.111775,0.0588875,0.003175));
#16876=CARTESIAN_POINT('',(0.111275,0.0588875,0.003175));
#16877=CARTESIAN_POINT('',(0.111775,0.0523875,0.003175));
#16878=CARTESIAN_POINT('',(0.111775,0.0523875,0.0015875));
#16879=CARTESIAN_POINT('',(0.111775,0.0458875,0.0015875));
#16880=CARTESIAN_POINT('',(0.111775,0.0458875,0.003175));
#16881=CARTESIAN_POINT('',(0.111775,0.0458875,0.003175));
#16882=CARTESIAN_POINT('',(0.111775,0.0523875,0.003175));
#16883=CARTESIAN_POINT('',(0.111275,0.0458875,0.003175));
#16884=CARTESIAN_POINT('',(0.111275,0.0458875,0.0015875));
#16885=CARTESIAN_POINT('',(0.111275,0.0453875,0.0015875));
#16886=CARTESIAN_POINT('',(0.111275,0.0453875,0.003175));
#16887=CARTESIAN_POINT('',(0.111275,0.0453875,0.003175));
#16888=CARTESIAN_POINT('',(0.111275,0.0458875,0.003175));
#16889=CARTESIAN_POINT('',(0.104775,0.0453875,0.003175));
#16890=CARTESIAN_POINT('',(0.104775,0.0453875,0.0015875));
#16891=CARTESIAN_POINT('',(0.098275,0.0453875,0.0015875));
#16892=CARTESIAN_POINT('',(0.098275,0.0453875,0.003175));
#16893=CARTESIAN_POINT('',(0.098275,0.0453875,0.003175));
#16894=CARTESIAN_POINT('',(0.104775,0.0453875,0.003175));
#16895=CARTESIAN_POINT('',(0.098275,0.0458875,0.003175));
#16896=CARTESIAN_POINT('',(0.098275,0.0458875,0.0015875));
#16897=CARTESIAN_POINT('',(0.097775,0.0458875,0.0015875));
#16898=CARTESIAN_POINT('',(0.097775,0.0458875,0.003175));
#16899=CARTESIAN_POINT('',(0.097775,0.0458875,0.003175));
#16900=CARTESIAN_POINT('',(0.098275,0.0458875,0.003175));
#16901=CARTESIAN_POINT('',(0.0398375,0.016025,0.003175));
#16902=CARTESIAN_POINT('',(0.0398375,0.016025,0.0015875));
#16903=CARTESIAN_POINT('',(0.0403375,0.016025,0.0015875));
#16904=CARTESIAN_POINT('',(0.0398375,0.016525,0.0015875));
#16905=CARTESIAN_POINT('',(0.0403375,0.016025,0.003175));
#16906=CARTESIAN_POINT('',(0.0403375,0.016025,0.003175));
#16907=CARTESIAN_POINT('',(0.0398375,0.016025,0.003175));
#16908=CARTESIAN_POINT('',(0.0398375,0.016525,0.003175));
#16909=CARTESIAN_POINT('',(0.0398375,0.016525,0.003175));
#16910=CARTESIAN_POINT('',(0.0403375,0.009525,0.003175));
#16911=CARTESIAN_POINT('',(0.0403375,0.009525,0.0015875));
#16912=CARTESIAN_POINT('',(0.0403375,0.003025,0.0015875));
#16913=CARTESIAN_POINT('',(0.0403375,0.003025,0.003175));
#16914=CARTESIAN_POINT('',(0.0403375,0.003025,0.003175));
#16915=CARTESIAN_POINT('',(0.0403375,0.009525,0.003175));
#16916=CARTESIAN_POINT('',(0.0398375,0.003025,0.003175));
#16917=CARTESIAN_POINT('',(0.0398375,0.003025,0.0015875));
#16918=CARTESIAN_POINT('',(0.0398375,0.002525,0.0015875));
#16919=CARTESIAN_POINT('',(0.0398375,0.002525,0.003175));
#16920=CARTESIAN_POINT('',(0.0398375,0.002525,0.003175));
#16921=CARTESIAN_POINT('',(0.0398375,0.003025,0.003175));
#16922=CARTESIAN_POINT('',(0.0333375,0.002525,0.003175));
#16923=CARTESIAN_POINT('',(0.0333375,0.002525,0.0015875));
#16924=CARTESIAN_POINT('',(0.0268375,0.002525,0.0015875));
#16925=CARTESIAN_POINT('',(0.0268375,0.002525,0.003175));
#16926=CARTESIAN_POINT('',(0.0268375,0.002525,0.003175));
#16927=CARTESIAN_POINT('',(0.0333375,0.002525,0.003175));
#16928=CARTESIAN_POINT('',(0.0268375,0.003025,0.003175));
#16929=CARTESIAN_POINT('',(0.0268375,0.003025,0.0015875));
#16930=CARTESIAN_POINT('',(0.0263375,0.003025,0.0015875));
#16931=CARTESIAN_POINT('',(0.0263375,0.003025,0.003175));
#16932=CARTESIAN_POINT('',(0.0263375,0.003025,0.003175));
#16933=CARTESIAN_POINT('',(0.0268375,0.003025,0.003175));
#16934=CARTESIAN_POINT('',(0.0263375,0.009525,0.003175));
#16935=CARTESIAN_POINT('',(0.0263375,0.009525,0.0015875));
#16936=CARTESIAN_POINT('',(0.0263375,0.016025,0.0015875));
#16937=CARTESIAN_POINT('',(0.0263375,0.016025,0.003175));
#16938=CARTESIAN_POINT('',(0.0263375,0.016025,0.003175));
#16939=CARTESIAN_POINT('',(0.0263375,0.009525,0.003175));
#16940=CARTESIAN_POINT('',(0.0268375,0.016025,0.003175));
#16941=CARTESIAN_POINT('',(0.0268375,0.016025,0.0015875));
#16942=CARTESIAN_POINT('',(0.0268375,0.016525,0.0015875));
#16943=CARTESIAN_POINT('',(0.0268375,0.016525,0.003175));
#16944=CARTESIAN_POINT('',(0.0268375,0.016525,0.003175));
#16945=CARTESIAN_POINT('',(0.0268375,0.016025,0.003175));
#16946=CARTESIAN_POINT('',(0.05411825,-0.004025,0.003175));
#16947=CARTESIAN_POINT('',(0.05411825,-0.004025,0.0015875));
#16948=CARTESIAN_POINT('',(0.05411825,-0.003525,0.0015875));
#16949=CARTESIAN_POINT('',(0.05361825,-0.004025,0.0015875));
#16950=CARTESIAN_POINT('',(0.05411825,-0.003525,0.003175));
#16951=CARTESIAN_POINT('',(0.05411825,-0.003525,0.003175));
#16952=CARTESIAN_POINT('',(0.05411825,-0.004025,0.003175));
#16953=CARTESIAN_POINT('',(0.05361825,-0.004025,0.003175));
#16954=CARTESIAN_POINT('',(0.05361825,-0.004025,0.003175));
#16955=CARTESIAN_POINT('',(0.05711825,-0.003525,0.003175));
#16956=CARTESIAN_POINT('',(0.05711825,-0.003525,0.0015875));
#16957=CARTESIAN_POINT('',(0.06011825,-0.003525,0.0015875));
#16958=CARTESIAN_POINT('',(0.06011825,-0.003525,0.003175));
#16959=CARTESIAN_POINT('',(0.06011825,-0.003525,0.003175));
#16960=CARTESIAN_POINT('',(0.05711825,-0.003525,0.003175));
#16961=CARTESIAN_POINT('',(0.06011825,-0.004025,0.003175));
#16962=CARTESIAN_POINT('',(0.06011825,-0.004025,0.0015875));
#16963=CARTESIAN_POINT('',(0.06061825,-0.004025,0.0015875));
#16964=CARTESIAN_POINT('',(0.06061825,-0.004025,0.003175));
#16965=CARTESIAN_POINT('',(0.06061825,-0.004025,0.003175));
#16966=CARTESIAN_POINT('',(0.06011825,-0.004025,0.003175));
#16967=CARTESIAN_POINT('',(0.06061825,-0.011025,0.003175));
#16968=CARTESIAN_POINT('',(0.06061825,-0.011025,0.0015875));
#16969=CARTESIAN_POINT('',(0.06061825,-0.018025,0.0015875));
#16970=CARTESIAN_POINT('',(0.06061825,-0.018025,0.003175));
#16971=CARTESIAN_POINT('',(0.06061825,-0.018025,0.003175));
#16972=CARTESIAN_POINT('',(0.06061825,-0.011025,0.003175));
#16973=CARTESIAN_POINT('',(0.06011825,-0.018025,0.003175));
#16974=CARTESIAN_POINT('',(0.06011825,-0.018025,0.0015875));
#16975=CARTESIAN_POINT('',(0.06011825,-0.018525,0.0015875));
#16976=CARTESIAN_POINT('',(0.06011825,-0.018525,0.003175));
#16977=CARTESIAN_POINT('',(0.06011825,-0.018525,0.003175));
#16978=CARTESIAN_POINT('',(0.06011825,-0.018025,0.003175));
#16979=CARTESIAN_POINT('',(0.05711825,-0.018525,0.003175));
#16980=CARTESIAN_POINT('',(0.05711825,-0.018525,0.0015875));
#16981=CARTESIAN_POINT('',(0.05411825,-0.018525,0.0015875));
#16982=CARTESIAN_POINT('',(0.05411825,-0.018525,0.003175));
#16983=CARTESIAN_POINT('',(0.05411825,-0.018525,0.003175));
#16984=CARTESIAN_POINT('',(0.05711825,-0.018525,0.003175));
#16985=CARTESIAN_POINT('',(0.05411825,-0.018025,0.003175));
#16986=CARTESIAN_POINT('',(0.05411825,-0.018025,0.0015875));
#16987=CARTESIAN_POINT('',(0.05361825,-0.018025,0.0015875));
#16988=CARTESIAN_POINT('',(0.05361825,-0.018025,0.003175));
#16989=CARTESIAN_POINT('',(0.05361825,-0.018025,0.003175));
#16990=CARTESIAN_POINT('',(0.05411825,-0.018025,0.003175));
#16991=CARTESIAN_POINT('',(0.1912375,0.008938,0.003175));
#16992=CARTESIAN_POINT('',(0.1912375,0.008938,0.0015875));
#16993=CARTESIAN_POINT('',(0.1912375,0.008438,0.0015875));
#16994=CARTESIAN_POINT('',(0.1917375,0.008938,0.0015875));
#16995=CARTESIAN_POINT('',(0.1912375,0.008438,0.003175));
#16996=CARTESIAN_POINT('',(0.1912375,0.008438,0.003175));
#16997=CARTESIAN_POINT('',(0.1912375,0.008938,0.003175));
#16998=CARTESIAN_POINT('',(0.1917375,0.008938,0.003175));
#16999=CARTESIAN_POINT('',(0.1917375,0.008938,0.003175));
#17000=CARTESIAN_POINT('',(0.1842375,0.008438,0.003175));
#17001=CARTESIAN_POINT('',(0.1842375,0.008438,0.0015875));
#17002=CARTESIAN_POINT('',(0.1772375,0.008438,0.0015875));
#17003=CARTESIAN_POINT('',(0.1772375,0.008438,0.003175));
#17004=CARTESIAN_POINT('',(0.1772375,0.008438,0.003175));
#17005=CARTESIAN_POINT('',(0.1842375,0.008438,0.003175));
#17006=CARTESIAN_POINT('',(0.1772375,0.008938,0.003175));
#17007=CARTESIAN_POINT('',(0.1772375,0.008938,0.0015875));
#17008=CARTESIAN_POINT('',(0.1767375,0.008938,0.0015875));
#17009=CARTESIAN_POINT('',(0.1767375,0.008938,0.003175));
#17010=CARTESIAN_POINT('',(0.1767375,0.008938,0.003175));
#17011=CARTESIAN_POINT('',(0.1772375,0.008938,0.003175));
#17012=CARTESIAN_POINT('',(0.1767375,0.011938,0.003175));
#17013=CARTESIAN_POINT('',(0.1767375,0.011938,0.0015875));
#17014=CARTESIAN_POINT('',(0.1767375,0.014938,0.0015875));
#17015=CARTESIAN_POINT('',(0.1767375,0.014938,0.003175));
#17016=CARTESIAN_POINT('',(0.1767375,0.014938,0.003175));
#17017=CARTESIAN_POINT('',(0.1767375,0.011938,0.003175));
#17018=CARTESIAN_POINT('',(0.1772375,0.014938,0.003175));
#17019=CARTESIAN_POINT('',(0.1772375,0.014938,0.0015875));
#17020=CARTESIAN_POINT('',(0.1772375,0.015438,0.0015875));
#17021=CARTESIAN_POINT('',(0.1772375,0.015438,0.003175));
#17022=CARTESIAN_POINT('',(0.1772375,0.015438,0.003175));
#17023=CARTESIAN_POINT('',(0.1772375,0.014938,0.003175));
#17024=CARTESIAN_POINT('',(0.1842375,0.015438,0.003175));
#17025=CARTESIAN_POINT('',(0.1842375,0.015438,0.0015875));
#17026=CARTESIAN_POINT('',(0.1912375,0.015438,0.0015875));
#17027=CARTESIAN_POINT('',(0.1912375,0.015438,0.003175));
#17028=CARTESIAN_POINT('',(0.1912375,0.015438,0.003175));
#17029=CARTESIAN_POINT('',(0.1842375,0.015438,0.003175));
#17030=CARTESIAN_POINT('',(0.1912375,0.014938,0.003175));
#17031=CARTESIAN_POINT('',(0.1912375,0.014938,0.0015875));
#17032=CARTESIAN_POINT('',(0.1917375,0.014938,0.0015875));
#17033=CARTESIAN_POINT('',(0.1917375,0.014938,0.003175));
#17034=CARTESIAN_POINT('',(0.1917375,0.014938,0.003175));
#17035=CARTESIAN_POINT('',(0.1912375,0.014938,0.003175));
#17036=CARTESIAN_POINT('',(0.04451875,-0.022075,0.003175));
#17037=CARTESIAN_POINT('',(0.04451875,-0.022075,0.0015875));
#17038=CARTESIAN_POINT('',(0.04501875,-0.022075,0.0015875));
#17039=CARTESIAN_POINT('',(0.04451875,-0.021575,0.0015875));
#17040=CARTESIAN_POINT('',(0.04501875,-0.022075,0.003175));
#17041=CARTESIAN_POINT('',(0.04501875,-0.022075,0.003175));
#17042=CARTESIAN_POINT('',(0.04451875,-0.022075,0.003175));
#17043=CARTESIAN_POINT('',(0.04451875,-0.021575,0.003175));
#17044=CARTESIAN_POINT('',(0.04451875,-0.021575,0.003175));
#17045=CARTESIAN_POINT('',(0.04501875,-0.028575,0.003175));
#17046=CARTESIAN_POINT('',(0.04501875,-0.028575,0.0015875));
#17047=CARTESIAN_POINT('',(0.04501875,-0.035075,0.0015875));
#17048=CARTESIAN_POINT('',(0.04501875,-0.035075,0.003175));
#17049=CARTESIAN_POINT('',(0.04501875,-0.035075,0.003175));
#17050=CARTESIAN_POINT('',(0.04501875,-0.028575,0.003175));
#17051=CARTESIAN_POINT('',(0.04451875,-0.035075,0.003175));
#17052=CARTESIAN_POINT('',(0.04451875,-0.035075,0.0015875));
#17053=CARTESIAN_POINT('',(0.04451875,-0.035575,0.0015875));
#17054=CARTESIAN_POINT('',(0.04451875,-0.035575,0.003175));
#17055=CARTESIAN_POINT('',(0.04451875,-0.035575,0.003175));
#17056=CARTESIAN_POINT('',(0.04451875,-0.035075,0.003175));
#17057=CARTESIAN_POINT('',(0.04401875,-0.035575,0.003175));
#17058=CARTESIAN_POINT('',(0.04401875,-0.035575,0.0015875));
#17059=CARTESIAN_POINT('',(0.04351875,-0.035575,0.0015875));
#17060=CARTESIAN_POINT('',(0.04351875,-0.035575,0.003175));
#17061=CARTESIAN_POINT('',(0.04351875,-0.035575,0.003175));
#17062=CARTESIAN_POINT('',(0.04401875,-0.035575,0.003175));
#17063=CARTESIAN_POINT('',(0.04351875,-0.035075,0.003175));
#17064=CARTESIAN_POINT('',(0.04351875,-0.035075,0.0015875));
#17065=CARTESIAN_POINT('',(0.04301875,-0.035075,0.0015875));
#17066=CARTESIAN_POINT('',(0.04301875,-0.035075,0.003175));
#17067=CARTESIAN_POINT('',(0.04301875,-0.035075,0.003175));
#17068=CARTESIAN_POINT('',(0.04351875,-0.035075,0.003175));
#17069=CARTESIAN_POINT('',(0.04301875,-0.028575,0.003175));
#17070=CARTESIAN_POINT('',(0.04301875,-0.028575,0.0015875));
#17071=CARTESIAN_POINT('',(0.04301875,-0.022075,0.0015875));
#17072=CARTESIAN_POINT('',(0.04301875,-0.022075,0.003175));
#17073=CARTESIAN_POINT('',(0.04301875,-0.022075,0.003175));
#17074=CARTESIAN_POINT('',(0.04301875,-0.028575,0.003175));
#17075=CARTESIAN_POINT('',(0.04351875,-0.022075,0.003175));
#17076=CARTESIAN_POINT('',(0.04351875,-0.022075,0.0015875));
#17077=CARTESIAN_POINT('',(0.04351875,-0.021575,0.0015875));
#17078=CARTESIAN_POINT('',(0.04351875,-0.021575,0.003175));
#17079=CARTESIAN_POINT('',(0.04351875,-0.021575,0.003175));
#17080=CARTESIAN_POINT('',(0.04351875,-0.022075,0.003175));
#17081=CARTESIAN_POINT('',(0.0446,-0.003025,0.003175));
#17082=CARTESIAN_POINT('',(0.0446,-0.003025,0.0015875));
#17083=CARTESIAN_POINT('',(0.0451,-0.003025,0.0015875));
#17084=CARTESIAN_POINT('',(0.0446,-0.002525,0.0015875));
#17085=CARTESIAN_POINT('',(0.0451,-0.003025,0.003175));
#17086=CARTESIAN_POINT('',(0.0451,-0.003025,0.003175));
#17087=CARTESIAN_POINT('',(0.0446,-0.003025,0.003175));
#17088=CARTESIAN_POINT('',(0.0446,-0.002525,0.003175));
#17089=CARTESIAN_POINT('',(0.0446,-0.002525,0.003175));
#17090=CARTESIAN_POINT('',(0.0451,-0.009525,0.003175));
#17091=CARTESIAN_POINT('',(0.0451,-0.009525,0.0015875));
#17092=CARTESIAN_POINT('',(0.0451,-0.016025,0.0015875));
#17093=CARTESIAN_POINT('',(0.0451,-0.016025,0.003175));
#17094=CARTESIAN_POINT('',(0.0451,-0.016025,0.003175));
#17095=CARTESIAN_POINT('',(0.0451,-0.009525,0.003175));
#17096=CARTESIAN_POINT('',(0.0446,-0.016025,0.003175));
#17097=CARTESIAN_POINT('',(0.0446,-0.016025,0.0015875));
#17098=CARTESIAN_POINT('',(0.0446,-0.016525,0.0015875));
#17099=CARTESIAN_POINT('',(0.0446,-0.016525,0.003175));
#17100=CARTESIAN_POINT('',(0.0446,-0.016525,0.003175));
#17101=CARTESIAN_POINT('',(0.0446,-0.016025,0.003175));
#17102=CARTESIAN_POINT('',(0.0381,-0.016525,0.003175));
#17103=CARTESIAN_POINT('',(0.0381,-0.016525,0.0015875));
#17104=CARTESIAN_POINT('',(0.0316,-0.016525,0.0015875));
#17105=CARTESIAN_POINT('',(0.0316,-0.016525,0.003175));
#17106=CARTESIAN_POINT('',(0.0316,-0.016525,0.003175));
#17107=CARTESIAN_POINT('',(0.0381,-0.016525,0.003175));
#17108=CARTESIAN_POINT('',(0.0316,-0.016025,0.003175));
#17109=CARTESIAN_POINT('',(0.0316,-0.016025,0.0015875));
#17110=CARTESIAN_POINT('',(0.0311,-0.016025,0.0015875));
#17111=CARTESIAN_POINT('',(0.0311,-0.016025,0.003175));
#17112=CARTESIAN_POINT('',(0.0311,-0.016025,0.003175));
#17113=CARTESIAN_POINT('',(0.0316,-0.016025,0.003175));
#17114=CARTESIAN_POINT('',(0.0311,-0.009525,0.003175));
#17115=CARTESIAN_POINT('',(0.0311,-0.009525,0.0015875));
#17116=CARTESIAN_POINT('',(0.0311,-0.003025,0.0015875));
#17117=CARTESIAN_POINT('',(0.0311,-0.003025,0.003175));
#17118=CARTESIAN_POINT('',(0.0311,-0.003025,0.003175));
#17119=CARTESIAN_POINT('',(0.0311,-0.009525,0.003175));
#17120=CARTESIAN_POINT('',(0.0316,-0.003025,0.003175));
#17121=CARTESIAN_POINT('',(0.0316,-0.003025,0.0015875));
#17122=CARTESIAN_POINT('',(0.0316,-0.002525,0.0015875));
#17123=CARTESIAN_POINT('',(0.0316,-0.002525,0.003175));
#17124=CARTESIAN_POINT('',(0.0316,-0.002525,0.003175));
#17125=CARTESIAN_POINT('',(0.0316,-0.003025,0.003175));
#17126=CARTESIAN_POINT('',(0.1558625,-0.041125,0.003175));
#17127=CARTESIAN_POINT('',(0.1558625,-0.041125,0.0015875));
#17128=CARTESIAN_POINT('',(0.1558625,-0.040625,0.0015875));
#17129=CARTESIAN_POINT('',(0.1553625,-0.041125,0.0015875));
#17130=CARTESIAN_POINT('',(0.1558625,-0.040625,0.003175));
#17131=CARTESIAN_POINT('',(0.1558625,-0.040625,0.003175));
#17132=CARTESIAN_POINT('',(0.1558625,-0.041125,0.003175));
#17133=CARTESIAN_POINT('',(0.1553625,-0.041125,0.003175));
#17134=CARTESIAN_POINT('',(0.1553625,-0.041125,0.003175));
#17135=CARTESIAN_POINT('',(0.1563625,-0.040625,0.003175));
#17136=CARTESIAN_POINT('',(0.1563625,-0.040625,0.0015875));
#17137=CARTESIAN_POINT('',(0.1568625,-0.040625,0.0015875));
#17138=CARTESIAN_POINT('',(0.1568625,-0.040625,0.003175));
#17139=CARTESIAN_POINT('',(0.1568625,-0.040625,0.003175));
#17140=CARTESIAN_POINT('',(0.1563625,-0.040625,0.003175));
#17141=CARTESIAN_POINT('',(0.1568625,-0.041125,0.003175));
#17142=CARTESIAN_POINT('',(0.1568625,-0.041125,0.0015875));
#17143=CARTESIAN_POINT('',(0.1573625,-0.041125,0.0015875));
#17144=CARTESIAN_POINT('',(0.1573625,-0.041125,0.003175));
#17145=CARTESIAN_POINT('',(0.1573625,-0.041125,0.003175));
#17146=CARTESIAN_POINT('',(0.1568625,-0.041125,0.003175));
#17147=CARTESIAN_POINT('',(0.1573625,-0.047625,0.003175));
#17148=CARTESIAN_POINT('',(0.1573625,-0.047625,0.0015875));
#17149=CARTESIAN_POINT('',(0.1573625,-0.054125,0.0015875));
#17150=CARTESIAN_POINT('',(0.1573625,-0.054125,0.003175));
#17151=CARTESIAN_POINT('',(0.1573625,-0.054125,0.003175));
#17152=CARTESIAN_POINT('',(0.1573625,-0.047625,0.003175));
#17153=CARTESIAN_POINT('',(0.1568625,-0.054125,0.003175));
#17154=CARTESIAN_POINT('',(0.1568625,-0.054125,0.0015875));
#17155=CARTESIAN_POINT('',(0.1568625,-0.054625,0.0015875));
#17156=CARTESIAN_POINT('',(0.1568625,-0.054625,0.003175));
#17157=CARTESIAN_POINT('',(0.1568625,-0.054625,0.003175));
#17158=CARTESIAN_POINT('',(0.1568625,-0.054125,0.003175));
#17159=CARTESIAN_POINT('',(0.1563625,-0.054625,0.003175));
#17160=CARTESIAN_POINT('',(0.1563625,-0.054625,0.0015875));
#17161=CARTESIAN_POINT('',(0.1558625,-0.054625,0.0015875));
#17162=CARTESIAN_POINT('',(0.1558625,-0.054625,0.003175));
#17163=CARTESIAN_POINT('',(0.1558625,-0.054625,0.003175));
#17164=CARTESIAN_POINT('',(0.1563625,-0.054625,0.003175));
#17165=CARTESIAN_POINT('',(0.1558625,-0.054125,0.003175));
#17166=CARTESIAN_POINT('',(0.1558625,-0.054125,0.0015875));
#17167=CARTESIAN_POINT('',(0.1553625,-0.054125,0.0015875));
#17168=CARTESIAN_POINT('',(0.1553625,-0.054125,0.003175));
#17169=CARTESIAN_POINT('',(0.1553625,-0.054125,0.003175));
#17170=CARTESIAN_POINT('',(0.1558625,-0.054125,0.003175));
#17171=CARTESIAN_POINT('',(0.1922375,-0.05585,0.003175));
#17172=CARTESIAN_POINT('',(0.1922375,-0.05585,0.0015875));
#17173=CARTESIAN_POINT('',(0.1927375,-0.05585,0.0015875));
#17174=CARTESIAN_POINT('',(0.1922375,-0.05535,0.0015875));
#17175=CARTESIAN_POINT('',(0.1927375,-0.05585,0.003175));
#17176=CARTESIAN_POINT('',(0.1927375,-0.05585,0.003175));
#17177=CARTESIAN_POINT('',(0.1922375,-0.05585,0.003175));
#17178=CARTESIAN_POINT('',(0.1922375,-0.05535,0.003175));
#17179=CARTESIAN_POINT('',(0.1922375,-0.05535,0.003175));
#17180=CARTESIAN_POINT('',(0.1927375,-0.05635,0.003175));
#17181=CARTESIAN_POINT('',(0.1927375,-0.05635,0.0015875));
#17182=CARTESIAN_POINT('',(0.1927375,-0.05685,0.0015875));
#17183=CARTESIAN_POINT('',(0.1927375,-0.05685,0.003175));
#17184=CARTESIAN_POINT('',(0.1927375,-0.05685,0.003175));
#17185=CARTESIAN_POINT('',(0.1927375,-0.05635,0.003175));
#17186=CARTESIAN_POINT('',(0.1922375,-0.05685,0.003175));
#17187=CARTESIAN_POINT('',(0.1922375,-0.05685,0.0015875));
#17188=CARTESIAN_POINT('',(0.1922375,-0.05735,0.0015875));
#17189=CARTESIAN_POINT('',(0.1922375,-0.05735,0.003175));
#17190=CARTESIAN_POINT('',(0.1922375,-0.05735,0.003175));
#17191=CARTESIAN_POINT('',(0.1922375,-0.05685,0.003175));
#17192=CARTESIAN_POINT('',(0.1857375,-0.05735,0.003175));
#17193=CARTESIAN_POINT('',(0.1857375,-0.05735,0.0015875));
#17194=CARTESIAN_POINT('',(0.1792375,-0.05735,0.0015875));
#17195=CARTESIAN_POINT('',(0.1792375,-0.05735,0.003175));
#17196=CARTESIAN_POINT('',(0.1792375,-0.05735,0.003175));
#17197=CARTESIAN_POINT('',(0.1857375,-0.05735,0.003175));
#17198=CARTESIAN_POINT('',(0.1792375,-0.05685,0.003175));
#17199=CARTESIAN_POINT('',(0.1792375,-0.05685,0.0015875));
#17200=CARTESIAN_POINT('',(0.1787375,-0.05685,0.0015875));
#17201=CARTESIAN_POINT('',(0.1787375,-0.05685,0.003175));
#17202=CARTESIAN_POINT('',(0.1787375,-0.05685,0.003175));
#17203=CARTESIAN_POINT('',(0.1792375,-0.05685,0.003175));
#17204=CARTESIAN_POINT('',(0.1787375,-0.05635,0.003175));
#17205=CARTESIAN_POINT('',(0.1787375,-0.05635,0.0015875));
#17206=CARTESIAN_POINT('',(0.1787375,-0.05585,0.0015875));
#17207=CARTESIAN_POINT('',(0.1787375,-0.05585,0.003175));
#17208=CARTESIAN_POINT('',(0.1787375,-0.05585,0.003175));
#17209=CARTESIAN_POINT('',(0.1787375,-0.05635,0.003175));
#17210=CARTESIAN_POINT('',(0.1792375,-0.05585,0.003175));
#17211=CARTESIAN_POINT('',(0.1792375,-0.05585,0.0015875));
#17212=CARTESIAN_POINT('',(0.1792375,-0.05535,0.0015875));
#17213=CARTESIAN_POINT('',(0.1792375,-0.05535,0.003175));
#17214=CARTESIAN_POINT('',(0.1792375,-0.05535,0.003175));
#17215=CARTESIAN_POINT('',(0.1792375,-0.05585,0.003175));
#17216=CARTESIAN_POINT('',(0.08680625,-0.003025,0.003175));
#17217=CARTESIAN_POINT('',(0.08680625,-0.003025,0.0015875));
#17218=CARTESIAN_POINT('',(0.08680625,-0.002525,0.0015875));
#17219=CARTESIAN_POINT('',(0.08630625,-0.003025,0.0015875));
#17220=CARTESIAN_POINT('',(0.08680625,-0.002525,0.003175));
#17221=CARTESIAN_POINT('',(0.08680625,-0.002525,0.003175));
#17222=CARTESIAN_POINT('',(0.08680625,-0.003025,0.003175));
#17223=CARTESIAN_POINT('',(0.08630625,-0.003025,0.003175));
#17224=CARTESIAN_POINT('',(0.08630625,-0.003025,0.003175));
#17225=CARTESIAN_POINT('',(0.08730625,-0.002525,0.003175));
#17226=CARTESIAN_POINT('',(0.08730625,-0.002525,0.0015875));
#17227=CARTESIAN_POINT('',(0.08780625,-0.002525,0.0015875));
#17228=CARTESIAN_POINT('',(0.08780625,-0.002525,0.003175));
#17229=CARTESIAN_POINT('',(0.08780625,-0.002525,0.003175));
#17230=CARTESIAN_POINT('',(0.08730625,-0.002525,0.003175));
#17231=CARTESIAN_POINT('',(0.08780625,-0.003025,0.003175));
#17232=CARTESIAN_POINT('',(0.08780625,-0.003025,0.0015875));
#17233=CARTESIAN_POINT('',(0.08830625,-0.003025,0.0015875));
#17234=CARTESIAN_POINT('',(0.08830625,-0.003025,0.003175));
#17235=CARTESIAN_POINT('',(0.08830625,-0.003025,0.003175));
#17236=CARTESIAN_POINT('',(0.08780625,-0.003025,0.003175));
#17237=CARTESIAN_POINT('',(0.08830625,-0.009525,0.003175));
#17238=CARTESIAN_POINT('',(0.08830625,-0.009525,0.0015875));
#17239=CARTESIAN_POINT('',(0.08830625,-0.016025,0.0015875));
#17240=CARTESIAN_POINT('',(0.08830625,-0.016025,0.003175));
#17241=CARTESIAN_POINT('',(0.08830625,-0.016025,0.003175));
#17242=CARTESIAN_POINT('',(0.08830625,-0.009525,0.003175));
#17243=CARTESIAN_POINT('',(0.08780625,-0.016025,0.003175));
#17244=CARTESIAN_POINT('',(0.08780625,-0.016025,0.0015875));
#17245=CARTESIAN_POINT('',(0.08780625,-0.016525,0.0015875));
#17246=CARTESIAN_POINT('',(0.08780625,-0.016525,0.003175));
#17247=CARTESIAN_POINT('',(0.08780625,-0.016525,0.003175));
#17248=CARTESIAN_POINT('',(0.08780625,-0.016025,0.003175));
#17249=CARTESIAN_POINT('',(0.08730625,-0.016525,0.003175));
#17250=CARTESIAN_POINT('',(0.08730625,-0.016525,0.0015875));
#17251=CARTESIAN_POINT('',(0.08680625,-0.016525,0.0015875));
#17252=CARTESIAN_POINT('',(0.08680625,-0.016525,0.003175));
#17253=CARTESIAN_POINT('',(0.08680625,-0.016525,0.003175));
#17254=CARTESIAN_POINT('',(0.08730625,-0.016525,0.003175));
#17255=CARTESIAN_POINT('',(0.08680625,-0.016025,0.003175));
#17256=CARTESIAN_POINT('',(0.08680625,-0.016025,0.0015875));
#17257=CARTESIAN_POINT('',(0.08630625,-0.016025,0.0015875));
#17258=CARTESIAN_POINT('',(0.08630625,-0.016025,0.003175));
#17259=CARTESIAN_POINT('',(0.08630625,-0.016025,0.003175));
#17260=CARTESIAN_POINT('',(0.08680625,-0.016025,0.003175));
#17261=CARTESIAN_POINT('',(0.0458875,0.016025,0.003175));
#17262=CARTESIAN_POINT('',(0.0458875,0.016025,0.0015875));
#17263=CARTESIAN_POINT('',(0.0458875,0.016525,0.0015875));
#17264=CARTESIAN_POINT('',(0.0453875,0.016025,0.0015875));
#17265=CARTESIAN_POINT('',(0.0458875,0.016525,0.003175));
#17266=CARTESIAN_POINT('',(0.0458875,0.016525,0.003175));
#17267=CARTESIAN_POINT('',(0.0458875,0.016025,0.003175));
#17268=CARTESIAN_POINT('',(0.0453875,0.016025,0.003175));
#17269=CARTESIAN_POINT('',(0.0453875,0.016025,0.003175));
#17270=CARTESIAN_POINT('',(0.0523875,0.016525,0.003175));
#17271=CARTESIAN_POINT('',(0.0523875,0.016525,0.0015875));
#17272=CARTESIAN_POINT('',(0.0588875,0.016525,0.0015875));
#17273=CARTESIAN_POINT('',(0.0588875,0.016525,0.003175));
#17274=CARTESIAN_POINT('',(0.0588875,0.016525,0.003175));
#17275=CARTESIAN_POINT('',(0.0523875,0.016525,0.003175));
#17276=CARTESIAN_POINT('',(0.0588875,0.016025,0.003175));
#17277=CARTESIAN_POINT('',(0.0588875,0.016025,0.0015875));
#17278=CARTESIAN_POINT('',(0.0593875,0.016025,0.0015875));
#17279=CARTESIAN_POINT('',(0.0593875,0.016025,0.003175));
#17280=CARTESIAN_POINT('',(0.0593875,0.016025,0.003175));
#17281=CARTESIAN_POINT('',(0.0588875,0.016025,0.003175));
#17282=CARTESIAN_POINT('',(0.0593875,0.009525,0.003175));
#17283=CARTESIAN_POINT('',(0.0593875,0.009525,0.0015875));
#17284=CARTESIAN_POINT('',(0.0593875,0.003025,0.0015875));
#17285=CARTESIAN_POINT('',(0.0593875,0.003025,0.003175));
#17286=CARTESIAN_POINT('',(0.0593875,0.003025,0.003175));
#17287=CARTESIAN_POINT('',(0.0593875,0.009525,0.003175));
#17288=CARTESIAN_POINT('',(0.0588875,0.003025,0.003175));
#17289=CARTESIAN_POINT('',(0.0588875,0.003025,0.0015875));
#17290=CARTESIAN_POINT('',(0.0588875,0.002525,0.0015875));
#17291=CARTESIAN_POINT('',(0.0588875,0.002525,0.003175));
#17292=CARTESIAN_POINT('',(0.0588875,0.002525,0.003175));
#17293=CARTESIAN_POINT('',(0.0588875,0.003025,0.003175));
#17294=CARTESIAN_POINT('',(0.0523875,0.002525,0.003175));
#17295=CARTESIAN_POINT('',(0.0523875,0.002525,0.0015875));
#17296=CARTESIAN_POINT('',(0.0458875,0.002525,0.0015875));
#17297=CARTESIAN_POINT('',(0.0458875,0.002525,0.003175));
#17298=CARTESIAN_POINT('',(0.0458875,0.002525,0.003175));
#17299=CARTESIAN_POINT('',(0.0523875,0.002525,0.003175));
#17300=CARTESIAN_POINT('',(0.0458875,0.003025,0.003175));
#17301=CARTESIAN_POINT('',(0.0458875,0.003025,0.0015875));
#17302=CARTESIAN_POINT('',(0.0453875,0.003025,0.0015875));
#17303=CARTESIAN_POINT('',(0.0453875,0.003025,0.003175));
#17304=CARTESIAN_POINT('',(0.0453875,0.003025,0.003175));
#17305=CARTESIAN_POINT('',(0.0458875,0.003025,0.003175));
#17306=CARTESIAN_POINT('',(0.06501875,-0.022075,0.003175));
#17307=CARTESIAN_POINT('',(0.06501875,-0.022075,0.0015875));
#17308=CARTESIAN_POINT('',(0.06501875,-0.021575,0.0015875));
#17309=CARTESIAN_POINT('',(0.06451875,-0.022075,0.0015875));
#17310=CARTESIAN_POINT('',(0.06501875,-0.021575,0.003175));
#17311=CARTESIAN_POINT('',(0.06501875,-0.021575,0.003175));
#17312=CARTESIAN_POINT('',(0.06501875,-0.022075,0.003175));
#17313=CARTESIAN_POINT('',(0.06451875,-0.022075,0.003175));
#17314=CARTESIAN_POINT('',(0.06451875,-0.022075,0.003175));
#17315=CARTESIAN_POINT('',(0.06551875,-0.021575,0.003175));
#17316=CARTESIAN_POINT('',(0.06551875,-0.021575,0.0015875));
#17317=CARTESIAN_POINT('',(0.06601875,-0.021575,0.0015875));
#17318=CARTESIAN_POINT('',(0.06601875,-0.021575,0.003175));
#17319=CARTESIAN_POINT('',(0.06601875,-0.021575,0.003175));
#17320=CARTESIAN_POINT('',(0.06551875,-0.021575,0.003175));
#17321=CARTESIAN_POINT('',(0.06601875,-0.022075,0.003175));
#17322=CARTESIAN_POINT('',(0.06601875,-0.022075,0.0015875));
#17323=CARTESIAN_POINT('',(0.06651875,-0.022075,0.0015875));
#17324=CARTESIAN_POINT('',(0.06651875,-0.022075,0.003175));
#17325=CARTESIAN_POINT('',(0.06651875,-0.022075,0.003175));
#17326=CARTESIAN_POINT('',(0.06601875,-0.022075,0.003175));
#17327=CARTESIAN_POINT('',(0.06651875,-0.028575,0.003175));
#17328=CARTESIAN_POINT('',(0.06651875,-0.028575,0.0015875));
#17329=CARTESIAN_POINT('',(0.06651875,-0.035075,0.0015875));
#17330=CARTESIAN_POINT('',(0.06651875,-0.035075,0.003175));
#17331=CARTESIAN_POINT('',(0.06651875,-0.035075,0.003175));
#17332=CARTESIAN_POINT('',(0.06651875,-0.028575,0.003175));
#17333=CARTESIAN_POINT('',(0.06601875,-0.035075,0.003175));
#17334=CARTESIAN_POINT('',(0.06601875,-0.035075,0.0015875));
#17335=CARTESIAN_POINT('',(0.06601875,-0.035575,0.0015875));
#17336=CARTESIAN_POINT('',(0.06601875,-0.035575,0.003175));
#17337=CARTESIAN_POINT('',(0.06601875,-0.035575,0.003175));
#17338=CARTESIAN_POINT('',(0.06601875,-0.035075,0.003175));
#17339=CARTESIAN_POINT('',(0.06551875,-0.035575,0.003175));
#17340=CARTESIAN_POINT('',(0.06551875,-0.035575,0.0015875));
#17341=CARTESIAN_POINT('',(0.06501875,-0.035575,0.0015875));
#17342=CARTESIAN_POINT('',(0.06501875,-0.035575,0.003175));
#17343=CARTESIAN_POINT('',(0.06501875,-0.035575,0.003175));
#17344=CARTESIAN_POINT('',(0.06551875,-0.035575,0.003175));
#17345=CARTESIAN_POINT('',(0.06501875,-0.035075,0.003175));
#17346=CARTESIAN_POINT('',(0.06501875,-0.035075,0.0015875));
#17347=CARTESIAN_POINT('',(0.06451875,-0.035075,0.0015875));
#17348=CARTESIAN_POINT('',(0.06451875,-0.035075,0.003175));
#17349=CARTESIAN_POINT('',(0.06451875,-0.035075,0.003175));
#17350=CARTESIAN_POINT('',(0.06501875,-0.035075,0.003175));
#17351=CARTESIAN_POINT('',(0.0901875,0.035075,0.003175));
#17352=CARTESIAN_POINT('',(0.0901875,0.035075,0.0015875));
#17353=CARTESIAN_POINT('',(0.0906875,0.035075,0.0015875));
#17354=CARTESIAN_POINT('',(0.0901875,0.035575,0.0015875));
#17355=CARTESIAN_POINT('',(0.0906875,0.035075,0.003175));
#17356=CARTESIAN_POINT('',(0.0906875,0.035075,0.003175));
#17357=CARTESIAN_POINT('',(0.0901875,0.035075,0.003175));
#17358=CARTESIAN_POINT('',(0.0901875,0.035575,0.003175));
#17359=CARTESIAN_POINT('',(0.0901875,0.035575,0.003175));
#17360=CARTESIAN_POINT('',(0.0906875,0.028575,0.003175));
#17361=CARTESIAN_POINT('',(0.0906875,0.028575,0.0015875));
#17362=CARTESIAN_POINT('',(0.0906875,0.022075,0.0015875));
#17363=CARTESIAN_POINT('',(0.0906875,0.022075,0.003175));
#17364=CARTESIAN_POINT('',(0.0906875,0.022075,0.003175));
#17365=CARTESIAN_POINT('',(0.0906875,0.028575,0.003175));
#17366=CARTESIAN_POINT('',(0.0901875,0.022075,0.003175));
#17367=CARTESIAN_POINT('',(0.0901875,0.022075,0.0015875));
#17368=CARTESIAN_POINT('',(0.0901875,0.021575,0.0015875));
#17369=CARTESIAN_POINT('',(0.0901875,0.021575,0.003175));
#17370=CARTESIAN_POINT('',(0.0901875,0.021575,0.003175));
#17371=CARTESIAN_POINT('',(0.0901875,0.022075,0.003175));
#17372=CARTESIAN_POINT('',(0.0896875,0.021575,0.003175));
#17373=CARTESIAN_POINT('',(0.0896875,0.021575,0.0015875));
#17374=CARTESIAN_POINT('',(0.0891875,0.021575,0.0015875));
#17375=CARTESIAN_POINT('',(0.0891875,0.021575,0.003175));
#17376=CARTESIAN_POINT('',(0.0891875,0.021575,0.003175));
#17377=CARTESIAN_POINT('',(0.0896875,0.021575,0.003175));
#17378=CARTESIAN_POINT('',(0.0891875,0.022075,0.003175));
#17379=CARTESIAN_POINT('',(0.0891875,0.022075,0.0015875));
#17380=CARTESIAN_POINT('',(0.0886875,0.022075,0.0015875));
#17381=CARTESIAN_POINT('',(0.0886875,0.022075,0.003175));
#17382=CARTESIAN_POINT('',(0.0886875,0.022075,0.003175));
#17383=CARTESIAN_POINT('',(0.0891875,0.022075,0.003175));
#17384=CARTESIAN_POINT('',(0.0886875,0.028575,0.003175));
#17385=CARTESIAN_POINT('',(0.0886875,0.028575,0.0015875));
#17386=CARTESIAN_POINT('',(0.0886875,0.035075,0.0015875));
#17387=CARTESIAN_POINT('',(0.0886875,0.035075,0.003175));
#17388=CARTESIAN_POINT('',(0.0886875,0.035075,0.003175));
#17389=CARTESIAN_POINT('',(0.0886875,0.028575,0.003175));
#17390=CARTESIAN_POINT('',(0.0891875,0.035075,0.003175));
#17391=CARTESIAN_POINT('',(0.0891875,0.035075,0.0015875));
#17392=CARTESIAN_POINT('',(0.0891875,0.035575,0.0015875));
#17393=CARTESIAN_POINT('',(0.0891875,0.035575,0.003175));
#17394=CARTESIAN_POINT('',(0.0891875,0.035575,0.003175));
#17395=CARTESIAN_POINT('',(0.0891875,0.035075,0.003175));
#17396=CARTESIAN_POINT('',(0.0863755,0.034075,0.003175));
#17397=CARTESIAN_POINT('',(0.0863755,0.034075,0.0015875));
#17398=CARTESIAN_POINT('',(0.0868755,0.034075,0.0015875));
#17399=CARTESIAN_POINT('',(0.0863755,0.034575,0.0015875));
#17400=CARTESIAN_POINT('',(0.0868755,0.034075,0.003175));
#17401=CARTESIAN_POINT('',(0.0868755,0.034075,0.003175));
#17402=CARTESIAN_POINT('',(0.0863755,0.034075,0.003175));
#17403=CARTESIAN_POINT('',(0.0863755,0.034575,0.003175));
#17404=CARTESIAN_POINT('',(0.0863755,0.034575,0.003175));
#17405=CARTESIAN_POINT('',(0.0868755,0.027075,0.003175));
#17406=CARTESIAN_POINT('',(0.0868755,0.027075,0.0015875));
#17407=CARTESIAN_POINT('',(0.0868755,0.020075,0.0015875));
#17408=CARTESIAN_POINT('',(0.0868755,0.020075,0.003175));
#17409=CARTESIAN_POINT('',(0.0868755,0.020075,0.003175));
#17410=CARTESIAN_POINT('',(0.0868755,0.027075,0.003175));
#17411=CARTESIAN_POINT('',(0.0863755,0.020075,0.003175));
#17412=CARTESIAN_POINT('',(0.0863755,0.020075,0.0015875));
#17413=CARTESIAN_POINT('',(0.0863755,0.019575,0.0015875));
#17414=CARTESIAN_POINT('',(0.0863755,0.019575,0.003175));
#17415=CARTESIAN_POINT('',(0.0863755,0.019575,0.003175));
#17416=CARTESIAN_POINT('',(0.0863755,0.020075,0.003175));
#17417=CARTESIAN_POINT('',(0.0833755,0.019575,0.003175));
#17418=CARTESIAN_POINT('',(0.0833755,0.019575,0.0015875));
#17419=CARTESIAN_POINT('',(0.0803755,0.019575,0.0015875));
#17420=CARTESIAN_POINT('',(0.0803755,0.019575,0.003175));
#17421=CARTESIAN_POINT('',(0.0803755,0.019575,0.003175));
#17422=CARTESIAN_POINT('',(0.0833755,0.019575,0.003175));
#17423=CARTESIAN_POINT('',(0.0803755,0.020075,0.003175));
#17424=CARTESIAN_POINT('',(0.0803755,0.020075,0.0015875));
#17425=CARTESIAN_POINT('',(0.0798755,0.020075,0.0015875));
#17426=CARTESIAN_POINT('',(0.0798755,0.020075,0.003175));
#17427=CARTESIAN_POINT('',(0.0798755,0.020075,0.003175));
#17428=CARTESIAN_POINT('',(0.0803755,0.020075,0.003175));
#17429=CARTESIAN_POINT('',(0.0798755,0.027075,0.003175));
#17430=CARTESIAN_POINT('',(0.0798755,0.027075,0.0015875));
#17431=CARTESIAN_POINT('',(0.0798755,0.034075,0.0015875));
#17432=CARTESIAN_POINT('',(0.0798755,0.034075,0.003175));
#17433=CARTESIAN_POINT('',(0.0798755,0.034075,0.003175));
#17434=CARTESIAN_POINT('',(0.0798755,0.027075,0.003175));
#17435=CARTESIAN_POINT('',(0.0803755,0.034075,0.003175));
#17436=CARTESIAN_POINT('',(0.0803755,0.034075,0.0015875));
#17437=CARTESIAN_POINT('',(0.0803755,0.034575,0.0015875));
#17438=CARTESIAN_POINT('',(0.0803755,0.034575,0.003175));
#17439=CARTESIAN_POINT('',(0.0803755,0.034575,0.003175));
#17440=CARTESIAN_POINT('',(0.0803755,0.034075,0.003175));
#17441=CARTESIAN_POINT('',(0.05030625,-0.003025,0.003175));
#17442=CARTESIAN_POINT('',(0.05030625,-0.003025,0.0015875));
#17443=CARTESIAN_POINT('',(0.05030625,-0.002525,0.0015875));
#17444=CARTESIAN_POINT('',(0.04980625,-0.003025,0.0015875));
#17445=CARTESIAN_POINT('',(0.05030625,-0.002525,0.003175));
#17446=CARTESIAN_POINT('',(0.05030625,-0.002525,0.003175));
#17447=CARTESIAN_POINT('',(0.05030625,-0.003025,0.003175));
#17448=CARTESIAN_POINT('',(0.04980625,-0.003025,0.003175));
#17449=CARTESIAN_POINT('',(0.04980625,-0.003025,0.003175));
#17450=CARTESIAN_POINT('',(0.05080625,-0.002525,0.003175));
#17451=CARTESIAN_POINT('',(0.05080625,-0.002525,0.0015875));
#17452=CARTESIAN_POINT('',(0.05130625,-0.002525,0.0015875));
#17453=CARTESIAN_POINT('',(0.05130625,-0.002525,0.003175));
#17454=CARTESIAN_POINT('',(0.05130625,-0.002525,0.003175));
#17455=CARTESIAN_POINT('',(0.05080625,-0.002525,0.003175));
#17456=CARTESIAN_POINT('',(0.05130625,-0.003025,0.003175));
#17457=CARTESIAN_POINT('',(0.05130625,-0.003025,0.0015875));
#17458=CARTESIAN_POINT('',(0.05180625,-0.003025,0.0015875));
#17459=CARTESIAN_POINT('',(0.05180625,-0.003025,0.003175));
#17460=CARTESIAN_POINT('',(0.05180625,-0.003025,0.003175));
#17461=CARTESIAN_POINT('',(0.05130625,-0.003025,0.003175));
#17462=CARTESIAN_POINT('',(0.05180625,-0.009525,0.003175));
#17463=CARTESIAN_POINT('',(0.05180625,-0.009525,0.0015875));
#17464=CARTESIAN_POINT('',(0.05180625,-0.016025,0.0015875));
#17465=CARTESIAN_POINT('',(0.05180625,-0.016025,0.003175));
#17466=CARTESIAN_POINT('',(0.05180625,-0.016025,0.003175));
#17467=CARTESIAN_POINT('',(0.05180625,-0.009525,0.003175));
#17468=CARTESIAN_POINT('',(0.05130625,-0.016025,0.003175));
#17469=CARTESIAN_POINT('',(0.05130625,-0.016025,0.0015875));
#17470=CARTESIAN_POINT('',(0.05130625,-0.016525,0.0015875));
#17471=CARTESIAN_POINT('',(0.05130625,-0.016525,0.003175));
#17472=CARTESIAN_POINT('',(0.05130625,-0.016525,0.003175));
#17473=CARTESIAN_POINT('',(0.05130625,-0.016025,0.003175));
#17474=CARTESIAN_POINT('',(0.05080625,-0.016525,0.003175));
#17475=CARTESIAN_POINT('',(0.05080625,-0.016525,0.0015875));
#17476=CARTESIAN_POINT('',(0.05030625,-0.016525,0.0015875));
#17477=CARTESIAN_POINT('',(0.05030625,-0.016525,0.003175));
#17478=CARTESIAN_POINT('',(0.05030625,-0.016525,0.003175));
#17479=CARTESIAN_POINT('',(0.05080625,-0.016525,0.003175));
#17480=CARTESIAN_POINT('',(0.05030625,-0.016025,0.003175));
#17481=CARTESIAN_POINT('',(0.05030625,-0.016025,0.0015875));
#17482=CARTESIAN_POINT('',(0.04980625,-0.016025,0.0015875));
#17483=CARTESIAN_POINT('',(0.04980625,-0.016025,0.003175));
#17484=CARTESIAN_POINT('',(0.04980625,-0.016025,0.003175));
#17485=CARTESIAN_POINT('',(0.05030625,-0.016025,0.003175));
#17486=CARTESIAN_POINT('',(0.098275,0.035075,0.003175));
#17487=CARTESIAN_POINT('',(0.098275,0.035075,0.0015875));
#17488=CARTESIAN_POINT('',(0.098275,0.035575,0.0015875));
#17489=CARTESIAN_POINT('',(0.097775,0.035075,0.0015875));
#17490=CARTESIAN_POINT('',(0.098275,0.035575,0.003175));
#17491=CARTESIAN_POINT('',(0.098275,0.035575,0.003175));
#17492=CARTESIAN_POINT('',(0.098275,0.035075,0.003175));
#17493=CARTESIAN_POINT('',(0.097775,0.035075,0.003175));
#17494=CARTESIAN_POINT('',(0.097775,0.035075,0.003175));
#17495=CARTESIAN_POINT('',(0.104775,0.035575,0.003175));
#17496=CARTESIAN_POINT('',(0.104775,0.035575,0.0015875));
#17497=CARTESIAN_POINT('',(0.111275,0.035575,0.0015875));
#17498=CARTESIAN_POINT('',(0.111275,0.035575,0.003175));
#17499=CARTESIAN_POINT('',(0.111275,0.035575,0.003175));
#17500=CARTESIAN_POINT('',(0.104775,0.035575,0.003175));
#17501=CARTESIAN_POINT('',(0.111275,0.035075,0.003175));
#17502=CARTESIAN_POINT('',(0.111275,0.035075,0.0015875));
#17503=CARTESIAN_POINT('',(0.111775,0.035075,0.0015875));
#17504=CARTESIAN_POINT('',(0.111775,0.035075,0.003175));
#17505=CARTESIAN_POINT('',(0.111775,0.035075,0.003175));
#17506=CARTESIAN_POINT('',(0.111275,0.035075,0.003175));
#17507=CARTESIAN_POINT('',(0.111775,0.028575,0.003175));
#17508=CARTESIAN_POINT('',(0.111775,0.028575,0.0015875));
#17509=CARTESIAN_POINT('',(0.111775,0.022075,0.0015875));
#17510=CARTESIAN_POINT('',(0.111775,0.022075,0.003175));
#17511=CARTESIAN_POINT('',(0.111775,0.022075,0.003175));
#17512=CARTESIAN_POINT('',(0.111775,0.028575,0.003175));
#17513=CARTESIAN_POINT('',(0.111275,0.022075,0.003175));
#17514=CARTESIAN_POINT('',(0.111275,0.022075,0.0015875));
#17515=CARTESIAN_POINT('',(0.111275,0.021575,0.0015875));
#17516=CARTESIAN_POINT('',(0.111275,0.021575,0.003175));
#17517=CARTESIAN_POINT('',(0.111275,0.021575,0.003175));
#17518=CARTESIAN_POINT('',(0.111275,0.022075,0.003175));
#17519=CARTESIAN_POINT('',(0.104775,0.021575,0.003175));
#17520=CARTESIAN_POINT('',(0.104775,0.021575,0.0015875));
#17521=CARTESIAN_POINT('',(0.098275,0.021575,0.0015875));
#17522=CARTESIAN_POINT('',(0.098275,0.021575,0.003175));
#17523=CARTESIAN_POINT('',(0.098275,0.021575,0.003175));
#17524=CARTESIAN_POINT('',(0.104775,0.021575,0.003175));
#17525=CARTESIAN_POINT('',(0.098275,0.022075,0.003175));
#17526=CARTESIAN_POINT('',(0.098275,0.022075,0.0015875));
#17527=CARTESIAN_POINT('',(0.097775,0.022075,0.0015875));
#17528=CARTESIAN_POINT('',(0.097775,0.022075,0.003175));
#17529=CARTESIAN_POINT('',(0.097775,0.022075,0.003175));
#17530=CARTESIAN_POINT('',(0.098275,0.022075,0.003175));
#17531=CARTESIAN_POINT('',(0.0554125,0.0588875,0.003175));
#17532=CARTESIAN_POINT('',(0.0554125,0.0588875,0.0015875));
#17533=CARTESIAN_POINT('',(0.0554125,0.0593875,0.0015875));
#17534=CARTESIAN_POINT('',(0.0549125,0.0588875,0.0015875));
#17535=CARTESIAN_POINT('',(0.0554125,0.0593875,0.003175));
#17536=CARTESIAN_POINT('',(0.0554125,0.0593875,0.003175));
#17537=CARTESIAN_POINT('',(0.0554125,0.0588875,0.003175));
#17538=CARTESIAN_POINT('',(0.0549125,0.0588875,0.003175));
#17539=CARTESIAN_POINT('',(0.0549125,0.0588875,0.003175));
#17540=CARTESIAN_POINT('',(0.0619125,0.0593875,0.003175));
#17541=CARTESIAN_POINT('',(0.0619125,0.0593875,0.0015875));
#17542=CARTESIAN_POINT('',(0.0684125,0.0593875,0.0015875));
#17543=CARTESIAN_POINT('',(0.0684125,0.0593875,0.003175));
#17544=CARTESIAN_POINT('',(0.0684125,0.0593875,0.003175));
#17545=CARTESIAN_POINT('',(0.0619125,0.0593875,0.003175));
#17546=CARTESIAN_POINT('',(0.0684125,0.0588875,0.003175));
#17547=CARTESIAN_POINT('',(0.0684125,0.0588875,0.0015875));
#17548=CARTESIAN_POINT('',(0.0689125,0.0588875,0.0015875));
#17549=CARTESIAN_POINT('',(0.0689125,0.0588875,0.003175));
#17550=CARTESIAN_POINT('',(0.0689125,0.0588875,0.003175));
#17551=CARTESIAN_POINT('',(0.0684125,0.0588875,0.003175));
#17552=CARTESIAN_POINT('',(0.0689125,0.0523875,0.003175));
#17553=CARTESIAN_POINT('',(0.0689125,0.0523875,0.0015875));
#17554=CARTESIAN_POINT('',(0.0689125,0.0458875,0.0015875));
#17555=CARTESIAN_POINT('',(0.0689125,0.0458875,0.003175));
#17556=CARTESIAN_POINT('',(0.0689125,0.0458875,0.003175));
#17557=CARTESIAN_POINT('',(0.0689125,0.0523875,0.003175));
#17558=CARTESIAN_POINT('',(0.0684125,0.0458875,0.003175));
#17559=CARTESIAN_POINT('',(0.0684125,0.0458875,0.0015875));
#17560=CARTESIAN_POINT('',(0.0684125,0.0453875,0.0015875));
#17561=CARTESIAN_POINT('',(0.0684125,0.0453875,0.003175));
#17562=CARTESIAN_POINT('',(0.0684125,0.0453875,0.003175));
#17563=CARTESIAN_POINT('',(0.0684125,0.0458875,0.003175));
#17564=CARTESIAN_POINT('',(0.0619125,0.0453875,0.003175));
#17565=CARTESIAN_POINT('',(0.0619125,0.0453875,0.0015875));
#17566=CARTESIAN_POINT('',(0.0554125,0.0453875,0.0015875));
#17567=CARTESIAN_POINT('',(0.0554125,0.0453875,0.003175));
#17568=CARTESIAN_POINT('',(0.0554125,0.0453875,0.003175));
#17569=CARTESIAN_POINT('',(0.0619125,0.0453875,0.003175));
#17570=CARTESIAN_POINT('',(0.0554125,0.0458875,0.003175));
#17571=CARTESIAN_POINT('',(0.0554125,0.0458875,0.0015875));
#17572=CARTESIAN_POINT('',(0.0549125,0.0458875,0.0015875));
#17573=CARTESIAN_POINT('',(0.0549125,0.0458875,0.003175));
#17574=CARTESIAN_POINT('',(0.0549125,0.0458875,0.003175));
#17575=CARTESIAN_POINT('',(0.0554125,0.0458875,0.003175));
#17576=CARTESIAN_POINT('',(0.0744625,0.0588875,0.003175));
#17577=CARTESIAN_POINT('',(0.0744625,0.0588875,0.0015875));
#17578=CARTESIAN_POINT('',(0.0744625,0.0593875,0.0015875));
#17579=CARTESIAN_POINT('',(0.0739625,0.0588875,0.0015875));
#17580=CARTESIAN_POINT('',(0.0744625,0.0593875,0.003175));
#17581=CARTESIAN_POINT('',(0.0744625,0.0593875,0.003175));
#17582=CARTESIAN_POINT('',(0.0744625,0.0588875,0.003175));
#17583=CARTESIAN_POINT('',(0.0739625,0.0588875,0.003175));
#17584=CARTESIAN_POINT('',(0.0739625,0.0588875,0.003175));
#17585=CARTESIAN_POINT('',(0.0809625,0.0593875,0.003175));
#17586=CARTESIAN_POINT('',(0.0809625,0.0593875,0.0015875));
#17587=CARTESIAN_POINT('',(0.0874625,0.0593875,0.0015875));
#17588=CARTESIAN_POINT('',(0.0874625,0.0593875,0.003175));
#17589=CARTESIAN_POINT('',(0.0874625,0.0593875,0.003175));
#17590=CARTESIAN_POINT('',(0.0809625,0.0593875,0.003175));
#17591=CARTESIAN_POINT('',(0.0874625,0.0588875,0.003175));
#17592=CARTESIAN_POINT('',(0.0874625,0.0588875,0.0015875));
#17593=CARTESIAN_POINT('',(0.0879625,0.0588875,0.0015875));
#17594=CARTESIAN_POINT('',(0.0879625,0.0588875,0.003175));
#17595=CARTESIAN_POINT('',(0.0879625,0.0588875,0.003175));
#17596=CARTESIAN_POINT('',(0.0874625,0.0588875,0.003175));
#17597=CARTESIAN_POINT('',(0.0879625,0.0523875,0.003175));
#17598=CARTESIAN_POINT('',(0.0879625,0.0523875,0.0015875));
#17599=CARTESIAN_POINT('',(0.0879625,0.0458875,0.0015875));
#17600=CARTESIAN_POINT('',(0.0879625,0.0458875,0.003175));
#17601=CARTESIAN_POINT('',(0.0879625,0.0458875,0.003175));
#17602=CARTESIAN_POINT('',(0.0879625,0.0523875,0.003175));
#17603=CARTESIAN_POINT('',(0.0874625,0.0458875,0.003175));
#17604=CARTESIAN_POINT('',(0.0874625,0.0458875,0.0015875));
#17605=CARTESIAN_POINT('',(0.0874625,0.0453875,0.0015875));
#17606=CARTESIAN_POINT('',(0.0874625,0.0453875,0.003175));
#17607=CARTESIAN_POINT('',(0.0874625,0.0453875,0.003175));
#17608=CARTESIAN_POINT('',(0.0874625,0.0458875,0.003175));
#17609=CARTESIAN_POINT('',(0.0809625,0.0453875,0.003175));
#17610=CARTESIAN_POINT('',(0.0809625,0.0453875,0.0015875));
#17611=CARTESIAN_POINT('',(0.0744625,0.0453875,0.0015875));
#17612=CARTESIAN_POINT('',(0.0744625,0.0453875,0.003175));
#17613=CARTESIAN_POINT('',(0.0744625,0.0453875,0.003175));
#17614=CARTESIAN_POINT('',(0.0809625,0.0453875,0.003175));
#17615=CARTESIAN_POINT('',(0.0744625,0.0458875,0.003175));
#17616=CARTESIAN_POINT('',(0.0744625,0.0458875,0.0015875));
#17617=CARTESIAN_POINT('',(0.0739625,0.0458875,0.0015875));
#17618=CARTESIAN_POINT('',(0.0739625,0.0458875,0.003175));
#17619=CARTESIAN_POINT('',(0.0739625,0.0458875,0.003175));
#17620=CARTESIAN_POINT('',(0.0744625,0.0458875,0.003175));
#17621=CARTESIAN_POINT('',(0.0779375,0.022075,0.003175));
#17622=CARTESIAN_POINT('',(0.0779375,0.022075,0.0015875));
#17623=CARTESIAN_POINT('',(0.0779375,0.021575,0.0015875));
#17624=CARTESIAN_POINT('',(0.0784375,0.022075,0.0015875));
#17625=CARTESIAN_POINT('',(0.0779375,0.021575,0.003175));
#17626=CARTESIAN_POINT('',(0.0779375,0.021575,0.003175));
#17627=CARTESIAN_POINT('',(0.0779375,0.022075,0.003175));
#17628=CARTESIAN_POINT('',(0.0784375,0.022075,0.003175));
#17629=CARTESIAN_POINT('',(0.0784375,0.022075,0.003175));
#17630=CARTESIAN_POINT('',(0.0714375,0.021575,0.003175));
#17631=CARTESIAN_POINT('',(0.0714375,0.021575,0.0015875));
#17632=CARTESIAN_POINT('',(0.0649375,0.021575,0.0015875));
#17633=CARTESIAN_POINT('',(0.0649375,0.021575,0.003175));
#17634=CARTESIAN_POINT('',(0.0649375,0.021575,0.003175));
#17635=CARTESIAN_POINT('',(0.0714375,0.021575,0.003175));
#17636=CARTESIAN_POINT('',(0.0649375,0.022075,0.003175));
#17637=CARTESIAN_POINT('',(0.0649375,0.022075,0.0015875));
#17638=CARTESIAN_POINT('',(0.0644375,0.022075,0.0015875));
#17639=CARTESIAN_POINT('',(0.0644375,0.022075,0.003175));
#17640=CARTESIAN_POINT('',(0.0644375,0.022075,0.003175));
#17641=CARTESIAN_POINT('',(0.0649375,0.022075,0.003175));
#17642=CARTESIAN_POINT('',(0.0644375,0.028575,0.003175));
#17643=CARTESIAN_POINT('',(0.0644375,0.028575,0.0015875));
#17644=CARTESIAN_POINT('',(0.0644375,0.035075,0.0015875));
#17645=CARTESIAN_POINT('',(0.0644375,0.035075,0.003175));
#17646=CARTESIAN_POINT('',(0.0644375,0.035075,0.003175));
#17647=CARTESIAN_POINT('',(0.0644375,0.028575,0.003175));
#17648=CARTESIAN_POINT('',(0.0649375,0.035075,0.003175));
#17649=CARTESIAN_POINT('',(0.0649375,0.035075,0.0015875));
#17650=CARTESIAN_POINT('',(0.0649375,0.035575,0.0015875));
#17651=CARTESIAN_POINT('',(0.0649375,0.035575,0.003175));
#17652=CARTESIAN_POINT('',(0.0649375,0.035575,0.003175));
#17653=CARTESIAN_POINT('',(0.0649375,0.035075,0.003175));
#17654=CARTESIAN_POINT('',(0.0714375,0.035575,0.003175));
#17655=CARTESIAN_POINT('',(0.0714375,0.035575,0.0015875));
#17656=CARTESIAN_POINT('',(0.0779375,0.035575,0.0015875));
#17657=CARTESIAN_POINT('',(0.0779375,0.035575,0.003175));
#17658=CARTESIAN_POINT('',(0.0779375,0.035575,0.003175));
#17659=CARTESIAN_POINT('',(0.0714375,0.035575,0.003175));
#17660=CARTESIAN_POINT('',(0.0779375,0.035075,0.003175));
#17661=CARTESIAN_POINT('',(0.0779375,0.035075,0.0015875));
#17662=CARTESIAN_POINT('',(0.0784375,0.035075,0.0015875));
#17663=CARTESIAN_POINT('',(0.0784375,0.035075,0.003175));
#17664=CARTESIAN_POINT('',(0.0784375,0.035075,0.003175));
#17665=CARTESIAN_POINT('',(0.0779375,0.035075,0.003175));
#17666=CARTESIAN_POINT('',(0.098275,0.016025,0.003175));
#17667=CARTESIAN_POINT('',(0.098275,0.016025,0.0015875));
#17668=CARTESIAN_POINT('',(0.098275,0.016525,0.0015875));
#17669=CARTESIAN_POINT('',(0.097775,0.016025,0.0015875));
#17670=CARTESIAN_POINT('',(0.098275,0.016525,0.003175));
#17671=CARTESIAN_POINT('',(0.098275,0.016525,0.003175));
#17672=CARTESIAN_POINT('',(0.098275,0.016025,0.003175));
#17673=CARTESIAN_POINT('',(0.097775,0.016025,0.003175));
#17674=CARTESIAN_POINT('',(0.097775,0.016025,0.003175));
#17675=CARTESIAN_POINT('',(0.104775,0.016525,0.003175));
#17676=CARTESIAN_POINT('',(0.104775,0.016525,0.0015875));
#17677=CARTESIAN_POINT('',(0.111275,0.016525,0.0015875));
#17678=CARTESIAN_POINT('',(0.111275,0.016525,0.003175));
#17679=CARTESIAN_POINT('',(0.111275,0.016525,0.003175));
#17680=CARTESIAN_POINT('',(0.104775,0.016525,0.003175));
#17681=CARTESIAN_POINT('',(0.111275,0.016025,0.003175));
#17682=CARTESIAN_POINT('',(0.111275,0.016025,0.0015875));
#17683=CARTESIAN_POINT('',(0.111775,0.016025,0.0015875));
#17684=CARTESIAN_POINT('',(0.111775,0.016025,0.003175));
#17685=CARTESIAN_POINT('',(0.111775,0.016025,0.003175));
#17686=CARTESIAN_POINT('',(0.111275,0.016025,0.003175));
#17687=CARTESIAN_POINT('',(0.111775,0.009525,0.003175));
#17688=CARTESIAN_POINT('',(0.111775,0.009525,0.0015875));
#17689=CARTESIAN_POINT('',(0.111775,0.003025,0.0015875));
#17690=CARTESIAN_POINT('',(0.111775,0.003025,0.003175));
#17691=CARTESIAN_POINT('',(0.111775,0.003025,0.003175));
#17692=CARTESIAN_POINT('',(0.111775,0.009525,0.003175));
#17693=CARTESIAN_POINT('',(0.111275,0.003025,0.003175));
#17694=CARTESIAN_POINT('',(0.111275,0.003025,0.0015875));
#17695=CARTESIAN_POINT('',(0.111275,0.002525,0.0015875));
#17696=CARTESIAN_POINT('',(0.111275,0.002525,0.003175));
#17697=CARTESIAN_POINT('',(0.111275,0.002525,0.003175));
#17698=CARTESIAN_POINT('',(0.111275,0.003025,0.003175));
#17699=CARTESIAN_POINT('',(0.104775,0.002525,0.003175));
#17700=CARTESIAN_POINT('',(0.104775,0.002525,0.0015875));
#17701=CARTESIAN_POINT('',(0.098275,0.002525,0.0015875));
#17702=CARTESIAN_POINT('',(0.098275,0.002525,0.003175));
#17703=CARTESIAN_POINT('',(0.098275,0.002525,0.003175));
#17704=CARTESIAN_POINT('',(0.104775,0.002525,0.003175));
#17705=CARTESIAN_POINT('',(0.098275,0.00302499999999996,0.003175));
#17706=CARTESIAN_POINT('',(0.098275,0.00302499999999996,0.0015875));
#17707=CARTESIAN_POINT('',(0.097775,0.003025,0.0015875));
#17708=CARTESIAN_POINT('',(0.097775,0.003025,0.003175));
#17709=CARTESIAN_POINT('',(0.097775,0.003025,0.003175));
#17710=CARTESIAN_POINT('',(0.098275,0.00302499999999996,0.003175));
#17711=CARTESIAN_POINT('',(0.1857375,0.007,0.003175));
#17712=CARTESIAN_POINT('',(0.1857375,0.007,0.0015875));
#17713=CARTESIAN_POINT('',(0.1922375,0.007,0.0015875));
#17714=CARTESIAN_POINT('',(0.1792375,0.007,0.0015875));
#17715=CARTESIAN_POINT('',(0.1922375,0.007,0.003175));
#17716=CARTESIAN_POINT('',(0.1922375,0.007,0.003175));
#17717=CARTESIAN_POINT('',(0.1857375,0.007,0.003175));
#17718=CARTESIAN_POINT('',(0.1792375,0.007,0.003175));
#17719=CARTESIAN_POINT('',(0.1792375,0.007,0.003175));
#17720=CARTESIAN_POINT('',(0.1922375,0.0065,0.003175));
#17721=CARTESIAN_POINT('',(0.1922375,0.0065,0.0015875));
#17722=CARTESIAN_POINT('',(0.1927375,0.0065,0.0015875));
#17723=CARTESIAN_POINT('',(0.1927375,0.0065,0.003175));
#17724=CARTESIAN_POINT('',(0.1927375,0.0065,0.003175));
#17725=CARTESIAN_POINT('',(0.1922375,0.0065,0.003175));
#17726=CARTESIAN_POINT('',(0.1927375,1.38777878078145E-17,0.003175));
#17727=CARTESIAN_POINT('',(0.1927375,1.38777878078145E-17,0.0015875));
#17728=CARTESIAN_POINT('',(0.1927375,-0.0065,0.0015875));
#17729=CARTESIAN_POINT('',(0.1927375,-0.0065,0.003175));
#17730=CARTESIAN_POINT('',(0.1927375,-0.0065,0.003175));
#17731=CARTESIAN_POINT('',(0.1927375,1.38777878078145E-17,0.003175));
#17732=CARTESIAN_POINT('',(0.1922375,-0.0065,0.003175));
#17733=CARTESIAN_POINT('',(0.1922375,-0.0065,0.0015875));
#17734=CARTESIAN_POINT('',(0.1922375,-0.007,0.0015875));
#17735=CARTESIAN_POINT('',(0.1922375,-0.007,0.003175));
#17736=CARTESIAN_POINT('',(0.1922375,-0.007,0.003175));
#17737=CARTESIAN_POINT('',(0.1922375,-0.0065,0.003175));
#17738=CARTESIAN_POINT('',(0.1857375,-0.007,0.003175));
#17739=CARTESIAN_POINT('',(0.1857375,-0.007,0.0015875));
#17740=CARTESIAN_POINT('',(0.1792375,-0.007,0.0015875));
#17741=CARTESIAN_POINT('',(0.1792375,-0.007,0.003175));
#17742=CARTESIAN_POINT('',(0.1792375,-0.007,0.003175));
#17743=CARTESIAN_POINT('',(0.1857375,-0.007,0.003175));
#17744=CARTESIAN_POINT('',(0.1792375,-0.0065,0.003175));
#17745=CARTESIAN_POINT('',(0.1792375,-0.0065,0.0015875));
#17746=CARTESIAN_POINT('',(0.1787375,-0.0065,0.0015875));
#17747=CARTESIAN_POINT('',(0.1787375,-0.0065,0.003175));
#17748=CARTESIAN_POINT('',(0.1787375,-0.0065,0.003175));
#17749=CARTESIAN_POINT('',(0.1792375,-0.0065,0.003175));
#17750=CARTESIAN_POINT('',(0.1787375,1.38777878078145E-17,0.003175));
#17751=CARTESIAN_POINT('',(0.1787375,1.38777878078145E-17,0.0015875));
#17752=CARTESIAN_POINT('',(0.1787375,0.0065,0.0015875));
#17753=CARTESIAN_POINT('',(0.1787375,0.0065,0.003175));
#17754=CARTESIAN_POINT('',(0.1787375,0.0065,0.003175));
#17755=CARTESIAN_POINT('',(0.1787375,1.38777878078145E-17,0.003175));
#17756=CARTESIAN_POINT('',(0.06205625,-0.009525,0.003175));
#17757=CARTESIAN_POINT('',(0.06205625,-0.009525,0.0015875));
#17758=CARTESIAN_POINT('',(0.06205625,-0.003025,0.0015875));
#17759=CARTESIAN_POINT('',(0.06205625,-0.016025,0.0015875));
#17760=CARTESIAN_POINT('',(0.06205625,-0.003025,0.003175));
#17761=CARTESIAN_POINT('',(0.06205625,-0.003025,0.003175));
#17762=CARTESIAN_POINT('',(0.06205625,-0.009525,0.003175));
#17763=CARTESIAN_POINT('',(0.06205625,-0.016025,0.003175));
#17764=CARTESIAN_POINT('',(0.06205625,-0.016025,0.003175));
#17765=CARTESIAN_POINT('',(0.06255625,-0.003025,0.003175));
#17766=CARTESIAN_POINT('',(0.06255625,-0.003025,0.0015875));
#17767=CARTESIAN_POINT('',(0.06255625,-0.002525,0.0015875));
#17768=CARTESIAN_POINT('',(0.06255625,-0.002525,0.003175));
#17769=CARTESIAN_POINT('',(0.06255625,-0.002525,0.003175));
#17770=CARTESIAN_POINT('',(0.06255625,-0.003025,0.003175));
#17771=CARTESIAN_POINT('',(0.06905625,-0.002525,0.003175));
#17772=CARTESIAN_POINT('',(0.06905625,-0.002525,0.0015875));
#17773=CARTESIAN_POINT('',(0.07555625,-0.002525,0.0015875));
#17774=CARTESIAN_POINT('',(0.07555625,-0.002525,0.003175));
#17775=CARTESIAN_POINT('',(0.07555625,-0.002525,0.003175));
#17776=CARTESIAN_POINT('',(0.06905625,-0.002525,0.003175));
#17777=CARTESIAN_POINT('',(0.07555625,-0.003025,0.003175));
#17778=CARTESIAN_POINT('',(0.07555625,-0.003025,0.0015875));
#17779=CARTESIAN_POINT('',(0.07605625,-0.003025,0.0015875));
#17780=CARTESIAN_POINT('',(0.07605625,-0.003025,0.003175));
#17781=CARTESIAN_POINT('',(0.07605625,-0.003025,0.003175));
#17782=CARTESIAN_POINT('',(0.07555625,-0.003025,0.003175));
#17783=CARTESIAN_POINT('',(0.07605625,-0.009525,0.003175));
#17784=CARTESIAN_POINT('',(0.07605625,-0.009525,0.0015875));
#17785=CARTESIAN_POINT('',(0.07605625,-0.016025,0.0015875));
#17786=CARTESIAN_POINT('',(0.07605625,-0.016025,0.003175));
#17787=CARTESIAN_POINT('',(0.07605625,-0.016025,0.003175));
#17788=CARTESIAN_POINT('',(0.07605625,-0.009525,0.003175));
#17789=CARTESIAN_POINT('',(0.07555625,-0.016025,0.003175));
#17790=CARTESIAN_POINT('',(0.07555625,-0.016025,0.0015875));
#17791=CARTESIAN_POINT('',(0.07555625,-0.016525,0.0015875));
#17792=CARTESIAN_POINT('',(0.07555625,-0.016525,0.003175));
#17793=CARTESIAN_POINT('',(0.07555625,-0.016525,0.003175));
#17794=CARTESIAN_POINT('',(0.07555625,-0.016025,0.003175));
#17795=CARTESIAN_POINT('',(0.06905625,-0.016525,0.003175));
#17796=CARTESIAN_POINT('',(0.06905625,-0.016525,0.0015875));
#17797=CARTESIAN_POINT('',(0.06255625,-0.016525,0.0015875));
#17798=CARTESIAN_POINT('',(0.06255625,-0.016525,0.003175));
#17799=CARTESIAN_POINT('',(0.06255625,-0.016525,0.003175));
#17800=CARTESIAN_POINT('',(0.06905625,-0.016525,0.003175));
#17801=CARTESIAN_POINT('',(0.1220875,0.0588875,0.003175));
#17802=CARTESIAN_POINT('',(0.1220875,0.0588875,0.0015875));
#17803=CARTESIAN_POINT('',(0.1220875,0.0593875,0.0015875));
#17804=CARTESIAN_POINT('',(0.1215875,0.0588875,0.0015875));
#17805=CARTESIAN_POINT('',(0.1220875,0.0593875,0.003175));
#17806=CARTESIAN_POINT('',(0.1220875,0.0593875,0.003175));
#17807=CARTESIAN_POINT('',(0.1220875,0.0588875,0.003175));
#17808=CARTESIAN_POINT('',(0.1215875,0.0588875,0.003175));
#17809=CARTESIAN_POINT('',(0.1215875,0.0588875,0.003175));
#17810=CARTESIAN_POINT('',(0.1285875,0.0593875,0.003175));
#17811=CARTESIAN_POINT('',(0.1285875,0.0593875,0.0015875));
#17812=CARTESIAN_POINT('',(0.1350875,0.0593875,0.0015875));
#17813=CARTESIAN_POINT('',(0.1350875,0.0593875,0.003175));
#17814=CARTESIAN_POINT('',(0.1350875,0.0593875,0.003175));
#17815=CARTESIAN_POINT('',(0.1285875,0.0593875,0.003175));
#17816=CARTESIAN_POINT('',(0.1350875,0.0588875,0.003175));
#17817=CARTESIAN_POINT('',(0.1350875,0.0588875,0.0015875));
#17818=CARTESIAN_POINT('',(0.1355875,0.0588875,0.0015875));
#17819=CARTESIAN_POINT('',(0.1355875,0.0588875,0.003175));
#17820=CARTESIAN_POINT('',(0.1355875,0.0588875,0.003175));
#17821=CARTESIAN_POINT('',(0.1350875,0.0588875,0.003175));
#17822=CARTESIAN_POINT('',(0.1355875,0.0523875,0.003175));
#17823=CARTESIAN_POINT('',(0.1355875,0.0523875,0.0015875));
#17824=CARTESIAN_POINT('',(0.1355875,0.0458875,0.0015875));
#17825=CARTESIAN_POINT('',(0.1355875,0.0458875,0.003175));
#17826=CARTESIAN_POINT('',(0.1355875,0.0458875,0.003175));
#17827=CARTESIAN_POINT('',(0.1355875,0.0523875,0.003175));
#17828=CARTESIAN_POINT('',(0.1350875,0.0458875,0.003175));
#17829=CARTESIAN_POINT('',(0.1350875,0.0458875,0.0015875));
#17830=CARTESIAN_POINT('',(0.1350875,0.0453875,0.0015875));
#17831=CARTESIAN_POINT('',(0.1350875,0.0453875,0.003175));
#17832=CARTESIAN_POINT('',(0.1350875,0.0453875,0.003175));
#17833=CARTESIAN_POINT('',(0.1350875,0.0458875,0.003175));
#17834=CARTESIAN_POINT('',(0.1285875,0.0453875,0.003175));
#17835=CARTESIAN_POINT('',(0.1285875,0.0453875,0.0015875));
#17836=CARTESIAN_POINT('',(0.1220875,0.0453875,0.0015875));
#17837=CARTESIAN_POINT('',(0.1220875,0.0453875,0.003175));
#17838=CARTESIAN_POINT('',(0.1220875,0.0453875,0.003175));
#17839=CARTESIAN_POINT('',(0.1285875,0.0453875,0.003175));
#17840=CARTESIAN_POINT('',(0.1220875,0.0458875,0.003175));
#17841=CARTESIAN_POINT('',(0.1220875,0.0458875,0.0015875));
#17842=CARTESIAN_POINT('',(0.1215875,0.0458875,0.0015875));
#17843=CARTESIAN_POINT('',(0.1215875,0.0458875,0.003175));
#17844=CARTESIAN_POINT('',(0.1215875,0.0458875,0.003175));
#17845=CARTESIAN_POINT('',(0.1220875,0.0458875,0.003175));
#17846=CARTESIAN_POINT('',(0.05476875,-0.035575,0.003175));
#17847=CARTESIAN_POINT('',(0.05476875,-0.035575,0.0015875));
#17848=CARTESIAN_POINT('',(0.04826875,-0.035575,0.0015875));
#17849=CARTESIAN_POINT('',(0.06126875,-0.035575,0.0015875));
#17850=CARTESIAN_POINT('',(0.04826875,-0.035575,0.003175));
#17851=CARTESIAN_POINT('',(0.04826875,-0.035575,0.003175));
#17852=CARTESIAN_POINT('',(0.05476875,-0.035575,0.003175));
#17853=CARTESIAN_POINT('',(0.06126875,-0.035575,0.003175));
#17854=CARTESIAN_POINT('',(0.06126875,-0.035575,0.003175));
#17855=CARTESIAN_POINT('',(0.04826875,-0.035075,0.003175));
#17856=CARTESIAN_POINT('',(0.04826875,-0.035075,0.0015875));
#17857=CARTESIAN_POINT('',(0.04776875,-0.035075,0.0015875));
#17858=CARTESIAN_POINT('',(0.04776875,-0.035075,0.003175));
#17859=CARTESIAN_POINT('',(0.04776875,-0.035075,0.003175));
#17860=CARTESIAN_POINT('',(0.04826875,-0.035075,0.003175));
#17861=CARTESIAN_POINT('',(0.04776875,-0.028575,0.003175));
#17862=CARTESIAN_POINT('',(0.04776875,-0.028575,0.0015875));
#17863=CARTESIAN_POINT('',(0.04776875,-0.022075,0.0015875));
#17864=CARTESIAN_POINT('',(0.04776875,-0.022075,0.003175));
#17865=CARTESIAN_POINT('',(0.04776875,-0.022075,0.003175));
#17866=CARTESIAN_POINT('',(0.04776875,-0.028575,0.003175));
#17867=CARTESIAN_POINT('',(0.04826875,-0.022075,0.003175));
#17868=CARTESIAN_POINT('',(0.04826875,-0.022075,0.0015875));
#17869=CARTESIAN_POINT('',(0.04826875,-0.021575,0.0015875));
#17870=CARTESIAN_POINT('',(0.04826875,-0.021575,0.003175));
#17871=CARTESIAN_POINT('',(0.04826875,-0.021575,0.003175));
#17872=CARTESIAN_POINT('',(0.04826875,-0.022075,0.003175));
#17873=CARTESIAN_POINT('',(0.05476875,-0.021575,0.003175));
#17874=CARTESIAN_POINT('',(0.05476875,-0.021575,0.0015875));
#17875=CARTESIAN_POINT('',(0.06126875,-0.021575,0.0015875));
#17876=CARTESIAN_POINT('',(0.06126875,-0.021575,0.003175));
#17877=CARTESIAN_POINT('',(0.06126875,-0.021575,0.003175));
#17878=CARTESIAN_POINT('',(0.05476875,-0.021575,0.003175));
#17879=CARTESIAN_POINT('',(0.06126875,-0.022075,0.003175));
#17880=CARTESIAN_POINT('',(0.06126875,-0.022075,0.0015875));
#17881=CARTESIAN_POINT('',(0.06176875,-0.022075,0.0015875));
#17882=CARTESIAN_POINT('',(0.06176875,-0.022075,0.003175));
#17883=CARTESIAN_POINT('',(0.06176875,-0.022075,0.003175));
#17884=CARTESIAN_POINT('',(0.06126875,-0.022075,0.003175));
#17885=CARTESIAN_POINT('',(0.06176875,-0.028575,0.003175));
#17886=CARTESIAN_POINT('',(0.06176875,-0.028575,0.0015875));
#17887=CARTESIAN_POINT('',(0.06176875,-0.035075,0.0015875));
#17888=CARTESIAN_POINT('',(0.06176875,-0.035075,0.003175));
#17889=CARTESIAN_POINT('',(0.06176875,-0.035075,0.003175));
#17890=CARTESIAN_POINT('',(0.06176875,-0.028575,0.003175));
#17891=CARTESIAN_POINT('',(0.07799425,-0.018025,0.003175));
#17892=CARTESIAN_POINT('',(0.07799425,-0.018025,0.0015875));
#17893=CARTESIAN_POINT('',(0.07749425,-0.018025,0.0015875));
#17894=CARTESIAN_POINT('',(0.07799425,-0.018525,0.0015875));
#17895=CARTESIAN_POINT('',(0.07749425,-0.018025,0.003175));
#17896=CARTESIAN_POINT('',(0.07749425,-0.018025,0.003175));
#17897=CARTESIAN_POINT('',(0.07799425,-0.018025,0.003175));
#17898=CARTESIAN_POINT('',(0.07799425,-0.018525,0.003175));
#17899=CARTESIAN_POINT('',(0.07799425,-0.018525,0.003175));
#17900=CARTESIAN_POINT('',(0.07749425,-0.011025,0.003175));
#17901=CARTESIAN_POINT('',(0.07749425,-0.011025,0.0015875));
#17902=CARTESIAN_POINT('',(0.07749425,-0.004025,0.0015875));
#17903=CARTESIAN_POINT('',(0.07749425,-0.004025,0.003175));
#17904=CARTESIAN_POINT('',(0.07749425,-0.004025,0.003175));
#17905=CARTESIAN_POINT('',(0.07749425,-0.011025,0.003175));
#17906=CARTESIAN_POINT('',(0.07799425,-0.004025,0.003175));
#17907=CARTESIAN_POINT('',(0.07799425,-0.004025,0.0015875));
#17908=CARTESIAN_POINT('',(0.07799425,-0.003525,0.0015875));
#17909=CARTESIAN_POINT('',(0.07799425,-0.003525,0.003175));
#17910=CARTESIAN_POINT('',(0.07799425,-0.003525,0.003175));
#17911=CARTESIAN_POINT('',(0.07799425,-0.004025,0.003175));
#17912=CARTESIAN_POINT('',(0.08099425,-0.003525,0.003175));
#17913=CARTESIAN_POINT('',(0.08099425,-0.003525,0.0015875));
#17914=CARTESIAN_POINT('',(0.08399425,-0.003525,0.0015875));
#17915=CARTESIAN_POINT('',(0.08399425,-0.003525,0.003175));
#17916=CARTESIAN_POINT('',(0.08399425,-0.003525,0.003175));
#17917=CARTESIAN_POINT('',(0.08099425,-0.003525,0.003175));
#17918=CARTESIAN_POINT('',(0.08399425,-0.004025,0.003175));
#17919=CARTESIAN_POINT('',(0.08399425,-0.004025,0.0015875));
#17920=CARTESIAN_POINT('',(0.08449425,-0.004025,0.0015875));
#17921=CARTESIAN_POINT('',(0.08449425,-0.004025,0.003175));
#17922=CARTESIAN_POINT('',(0.08449425,-0.004025,0.003175));
#17923=CARTESIAN_POINT('',(0.08399425,-0.004025,0.003175));
#17924=CARTESIAN_POINT('',(0.08449425,-0.011025,0.003175));
#17925=CARTESIAN_POINT('',(0.08449425,-0.011025,0.0015875));
#17926=CARTESIAN_POINT('',(0.08449425,-0.018025,0.0015875));
#17927=CARTESIAN_POINT('',(0.08449425,-0.018025,0.003175));
#17928=CARTESIAN_POINT('',(0.08449425,-0.018025,0.003175));
#17929=CARTESIAN_POINT('',(0.08449425,-0.011025,0.003175));
#17930=CARTESIAN_POINT('',(0.08399425,-0.018025,0.003175));
#17931=CARTESIAN_POINT('',(0.08399425,-0.018025,0.0015875));
#17932=CARTESIAN_POINT('',(0.08399425,-0.018525,0.0015875));
#17933=CARTESIAN_POINT('',(0.08399425,-0.018525,0.003175));
#17934=CARTESIAN_POINT('',(0.08399425,-0.018525,0.003175));
#17935=CARTESIAN_POINT('',(0.08399425,-0.018025,0.003175));
#17936=CARTESIAN_POINT('',(0.1350875,0.035075,0.003175));
#17937=CARTESIAN_POINT('',(0.1350875,0.035075,0.0015875));
#17938=CARTESIAN_POINT('',(0.1355875,0.035075,0.0015875));
#17939=CARTESIAN_POINT('',(0.1350875,0.035575,0.0015875));
#17940=CARTESIAN_POINT('',(0.1355875,0.035075,0.003175));
#17941=CARTESIAN_POINT('',(0.1355875,0.035075,0.003175));
#17942=CARTESIAN_POINT('',(0.1350875,0.035075,0.003175));
#17943=CARTESIAN_POINT('',(0.1350875,0.035575,0.003175));
#17944=CARTESIAN_POINT('',(0.1350875,0.035575,0.003175));
#17945=CARTESIAN_POINT('',(0.1355875,0.028575,0.003175));
#17946=CARTESIAN_POINT('',(0.1355875,0.028575,0.0015875));
#17947=CARTESIAN_POINT('',(0.1355875,0.022075,0.0015875));
#17948=CARTESIAN_POINT('',(0.1355875,0.022075,0.003175));
#17949=CARTESIAN_POINT('',(0.1355875,0.022075,0.003175));
#17950=CARTESIAN_POINT('',(0.1355875,0.028575,0.003175));
#17951=CARTESIAN_POINT('',(0.1350875,0.022075,0.003175));
#17952=CARTESIAN_POINT('',(0.1350875,0.022075,0.0015875));
#17953=CARTESIAN_POINT('',(0.1350875,0.021575,0.0015875));
#17954=CARTESIAN_POINT('',(0.1350875,0.021575,0.003175));
#17955=CARTESIAN_POINT('',(0.1350875,0.021575,0.003175));
#17956=CARTESIAN_POINT('',(0.1350875,0.022075,0.003175));
#17957=CARTESIAN_POINT('',(0.1285875,0.021575,0.003175));
#17958=CARTESIAN_POINT('',(0.1285875,0.021575,0.0015875));
#17959=CARTESIAN_POINT('',(0.1220875,0.021575,0.0015875));
#17960=CARTESIAN_POINT('',(0.1220875,0.021575,0.003175));
#17961=CARTESIAN_POINT('',(0.1220875,0.021575,0.003175));
#17962=CARTESIAN_POINT('',(0.1285875,0.021575,0.003175));
#17963=CARTESIAN_POINT('',(0.1220875,0.022075,0.003175));
#17964=CARTESIAN_POINT('',(0.1220875,0.022075,0.0015875));
#17965=CARTESIAN_POINT('',(0.1215875,0.022075,0.0015875));
#17966=CARTESIAN_POINT('',(0.1215875,0.022075,0.003175));
#17967=CARTESIAN_POINT('',(0.1215875,0.022075,0.003175));
#17968=CARTESIAN_POINT('',(0.1220875,0.022075,0.003175));
#17969=CARTESIAN_POINT('',(0.1215875,0.028575,0.003175));
#17970=CARTESIAN_POINT('',(0.1215875,0.028575,0.0015875));
#17971=CARTESIAN_POINT('',(0.1215875,0.035075,0.0015875));
#17972=CARTESIAN_POINT('',(0.1215875,0.035075,0.003175));
#17973=CARTESIAN_POINT('',(0.1215875,0.035075,0.003175));
#17974=CARTESIAN_POINT('',(0.1215875,0.028575,0.003175));
#17975=CARTESIAN_POINT('',(0.1220875,0.035075,0.003175));
#17976=CARTESIAN_POINT('',(0.1220875,0.035075,0.0015875));
#17977=CARTESIAN_POINT('',(0.1220875,0.035575,0.0015875));
#17978=CARTESIAN_POINT('',(0.1220875,0.035575,0.003175));
#17979=CARTESIAN_POINT('',(0.1220875,0.035575,0.003175));
#17980=CARTESIAN_POINT('',(0.1220875,0.035075,0.003175));
#17981=CARTESIAN_POINT('',(0.01255,-0.003025,0.003175));
#17982=CARTESIAN_POINT('',(0.01255,-0.003025,0.0015875));
#17983=CARTESIAN_POINT('',(0.01255,-0.002525,0.0015875));
#17984=CARTESIAN_POINT('',(0.01205,-0.003025,0.0015875));
#17985=CARTESIAN_POINT('',(0.01255,-0.002525,0.003175));
#17986=CARTESIAN_POINT('',(0.01255,-0.002525,0.003175));
#17987=CARTESIAN_POINT('',(0.01255,-0.003025,0.003175));
#17988=CARTESIAN_POINT('',(0.01205,-0.003025,0.003175));
#17989=CARTESIAN_POINT('',(0.01205,-0.003025,0.003175));
#17990=CARTESIAN_POINT('',(0.01905,-0.002525,0.003175));
#17991=CARTESIAN_POINT('',(0.01905,-0.002525,0.0015875));
#17992=CARTESIAN_POINT('',(0.02555,-0.002525,0.0015875));
#17993=CARTESIAN_POINT('',(0.02555,-0.002525,0.003175));
#17994=CARTESIAN_POINT('',(0.02555,-0.002525,0.003175));
#17995=CARTESIAN_POINT('',(0.01905,-0.002525,0.003175));
#17996=CARTESIAN_POINT('',(0.02555,-0.003025,0.003175));
#17997=CARTESIAN_POINT('',(0.02555,-0.003025,0.0015875));
#17998=CARTESIAN_POINT('',(0.02605,-0.003025,0.0015875));
#17999=CARTESIAN_POINT('',(0.02605,-0.003025,0.003175));
#18000=CARTESIAN_POINT('',(0.02605,-0.003025,0.003175));
#18001=CARTESIAN_POINT('',(0.02555,-0.003025,0.003175));
#18002=CARTESIAN_POINT('',(0.02605,-0.009525,0.003175));
#18003=CARTESIAN_POINT('',(0.02605,-0.009525,0.0015875));
#18004=CARTESIAN_POINT('',(0.02605,-0.016025,0.0015875));
#18005=CARTESIAN_POINT('',(0.02605,-0.016025,0.003175));
#18006=CARTESIAN_POINT('',(0.02605,-0.016025,0.003175));
#18007=CARTESIAN_POINT('',(0.02605,-0.009525,0.003175));
#18008=CARTESIAN_POINT('',(0.02555,-0.016025,0.003175));
#18009=CARTESIAN_POINT('',(0.02555,-0.016025,0.0015875));
#18010=CARTESIAN_POINT('',(0.02555,-0.016525,0.0015875));
#18011=CARTESIAN_POINT('',(0.02555,-0.016525,0.003175));
#18012=CARTESIAN_POINT('',(0.02555,-0.016525,0.003175));
#18013=CARTESIAN_POINT('',(0.02555,-0.016025,0.003175));
#18014=CARTESIAN_POINT('',(0.01905,-0.016525,0.003175));
#18015=CARTESIAN_POINT('',(0.01905,-0.016525,0.0015875));
#18016=CARTESIAN_POINT('',(0.01255,-0.016525,0.0015875));
#18017=CARTESIAN_POINT('',(0.01255,-0.016525,0.003175));
#18018=CARTESIAN_POINT('',(0.01255,-0.016525,0.003175));
#18019=CARTESIAN_POINT('',(0.01905,-0.016525,0.003175));
#18020=CARTESIAN_POINT('',(0.01255,-0.016025,0.003175));
#18021=CARTESIAN_POINT('',(0.01255,-0.016025,0.0015875));
#18022=CARTESIAN_POINT('',(0.01205,-0.016025,0.0015875));
#18023=CARTESIAN_POINT('',(0.01205,-0.016025,0.003175));
#18024=CARTESIAN_POINT('',(0.01205,-0.016025,0.003175));
#18025=CARTESIAN_POINT('',(0.01255,-0.016025,0.003175));
#18026=CARTESIAN_POINT('',(0.1220875,-0.022075,0.003175));
#18027=CARTESIAN_POINT('',(0.1220875,-0.022075,0.0015875));
#18028=CARTESIAN_POINT('',(0.1220875,-0.021575,0.0015875));
#18029=CARTESIAN_POINT('',(0.1215875,-0.022075,0.0015875));
#18030=CARTESIAN_POINT('',(0.1220875,-0.021575,0.003175));
#18031=CARTESIAN_POINT('',(0.1220875,-0.021575,0.003175));
#18032=CARTESIAN_POINT('',(0.1220875,-0.022075,0.003175));
#18033=CARTESIAN_POINT('',(0.1215875,-0.022075,0.003175));
#18034=CARTESIAN_POINT('',(0.1215875,-0.022075,0.003175));
#18035=CARTESIAN_POINT('',(0.1285875,-0.021575,0.003175));
#18036=CARTESIAN_POINT('',(0.1285875,-0.021575,0.0015875));
#18037=CARTESIAN_POINT('',(0.1350875,-0.021575,0.0015875));
#18038=CARTESIAN_POINT('',(0.1350875,-0.021575,0.003175));
#18039=CARTESIAN_POINT('',(0.1350875,-0.021575,0.003175));
#18040=CARTESIAN_POINT('',(0.1285875,-0.021575,0.003175));
#18041=CARTESIAN_POINT('',(0.1350875,-0.022075,0.003175));
#18042=CARTESIAN_POINT('',(0.1350875,-0.022075,0.0015875));
#18043=CARTESIAN_POINT('',(0.1355875,-0.022075,0.0015875));
#18044=CARTESIAN_POINT('',(0.1355875,-0.022075,0.003175));
#18045=CARTESIAN_POINT('',(0.1355875,-0.022075,0.003175));
#18046=CARTESIAN_POINT('',(0.1350875,-0.022075,0.003175));
#18047=CARTESIAN_POINT('',(0.1355875,-0.028575,0.003175));
#18048=CARTESIAN_POINT('',(0.1355875,-0.028575,0.0015875));
#18049=CARTESIAN_POINT('',(0.1355875,-0.035075,0.0015875));
#18050=CARTESIAN_POINT('',(0.1355875,-0.035075,0.003175));
#18051=CARTESIAN_POINT('',(0.1355875,-0.035075,0.003175));
#18052=CARTESIAN_POINT('',(0.1355875,-0.028575,0.003175));
#18053=CARTESIAN_POINT('',(0.1350875,-0.035075,0.003175));
#18054=CARTESIAN_POINT('',(0.1350875,-0.035075,0.0015875));
#18055=CARTESIAN_POINT('',(0.1350875,-0.035575,0.0015875));
#18056=CARTESIAN_POINT('',(0.1350875,-0.035575,0.003175));
#18057=CARTESIAN_POINT('',(0.1350875,-0.035575,0.003175));
#18058=CARTESIAN_POINT('',(0.1350875,-0.035075,0.003175));
#18059=CARTESIAN_POINT('',(0.1285875,-0.035575,0.003175));
#18060=CARTESIAN_POINT('',(0.1285875,-0.035575,0.0015875));
#18061=CARTESIAN_POINT('',(0.1220875,-0.035575,0.0015875));
#18062=CARTESIAN_POINT('',(0.1220875,-0.035575,0.003175));
#18063=CARTESIAN_POINT('',(0.1220875,-0.035575,0.003175));
#18064=CARTESIAN_POINT('',(0.1285875,-0.035575,0.003175));
#18065=CARTESIAN_POINT('',(0.1220875,-0.035075,0.003175));
#18066=CARTESIAN_POINT('',(0.1220875,-0.035075,0.0015875));
#18067=CARTESIAN_POINT('',(0.1215875,-0.035075,0.0015875));
#18068=CARTESIAN_POINT('',(0.1215875,-0.035075,0.003175));
#18069=CARTESIAN_POINT('',(0.1215875,-0.035075,0.003175));
#18070=CARTESIAN_POINT('',(0.1220875,-0.035075,0.003175));
#18071=CARTESIAN_POINT('',(0.1220875,-0.00302499999999994,0.003175));
#18072=CARTESIAN_POINT('',(0.1220875,-0.00302499999999994,0.0015875));
#18073=CARTESIAN_POINT('',(0.1220875,-0.002525,0.0015875));
#18074=CARTESIAN_POINT('',(0.1215875,-0.003025,0.0015875));
#18075=CARTESIAN_POINT('',(0.1220875,-0.002525,0.003175));
#18076=CARTESIAN_POINT('',(0.1220875,-0.002525,0.003175));
#18077=CARTESIAN_POINT('',(0.1220875,-0.00302499999999994,0.003175));
#18078=CARTESIAN_POINT('',(0.1215875,-0.003025,0.003175));
#18079=CARTESIAN_POINT('',(0.1215875,-0.003025,0.003175));
#18080=CARTESIAN_POINT('',(0.1285875,-0.002525,0.003175));
#18081=CARTESIAN_POINT('',(0.1285875,-0.002525,0.0015875));
#18082=CARTESIAN_POINT('',(0.1350875,-0.002525,0.0015875));
#18083=CARTESIAN_POINT('',(0.1350875,-0.002525,0.003175));
#18084=CARTESIAN_POINT('',(0.1350875,-0.002525,0.003175));
#18085=CARTESIAN_POINT('',(0.1285875,-0.002525,0.003175));
#18086=CARTESIAN_POINT('',(0.1350875,-0.003025,0.003175));
#18087=CARTESIAN_POINT('',(0.1350875,-0.003025,0.0015875));
#18088=CARTESIAN_POINT('',(0.1355875,-0.003025,0.0015875));
#18089=CARTESIAN_POINT('',(0.1355875,-0.003025,0.003175));
#18090=CARTESIAN_POINT('',(0.1355875,-0.003025,0.003175));
#18091=CARTESIAN_POINT('',(0.1350875,-0.003025,0.003175));
#18092=CARTESIAN_POINT('',(0.1355875,-0.009525,0.003175));
#18093=CARTESIAN_POINT('',(0.1355875,-0.009525,0.0015875));
#18094=CARTESIAN_POINT('',(0.1355875,-0.016025,0.0015875));
#18095=CARTESIAN_POINT('',(0.1355875,-0.016025,0.003175));
#18096=CARTESIAN_POINT('',(0.1355875,-0.016025,0.003175));
#18097=CARTESIAN_POINT('',(0.1355875,-0.009525,0.003175));
#18098=CARTESIAN_POINT('',(0.1350875,-0.016025,0.003175));
#18099=CARTESIAN_POINT('',(0.1350875,-0.016025,0.0015875));
#18100=CARTESIAN_POINT('',(0.1350875,-0.016525,0.0015875));
#18101=CARTESIAN_POINT('',(0.1350875,-0.016525,0.003175));
#18102=CARTESIAN_POINT('',(0.1350875,-0.016525,0.003175));
#18103=CARTESIAN_POINT('',(0.1350875,-0.016025,0.003175));
#18104=CARTESIAN_POINT('',(0.1285875,-0.016525,0.003175));
#18105=CARTESIAN_POINT('',(0.1285875,-0.016525,0.0015875));
#18106=CARTESIAN_POINT('',(0.1220875,-0.016525,0.0015875));
#18107=CARTESIAN_POINT('',(0.1220875,-0.016525,0.003175));
#18108=CARTESIAN_POINT('',(0.1220875,-0.016525,0.003175));
#18109=CARTESIAN_POINT('',(0.1285875,-0.016525,0.003175));
#18110=CARTESIAN_POINT('',(0.1220875,-0.016025,0.003175));
#18111=CARTESIAN_POINT('',(0.1220875,-0.016025,0.0015875));
#18112=CARTESIAN_POINT('',(0.1215875,-0.016025,0.0015875));
#18113=CARTESIAN_POINT('',(0.1215875,-0.016025,0.003175));
#18114=CARTESIAN_POINT('',(0.1215875,-0.016025,0.003175));
#18115=CARTESIAN_POINT('',(0.1220875,-0.016025,0.003175));
#18116=CARTESIAN_POINT('',(0.0493625,-0.041125,0.003175));
#18117=CARTESIAN_POINT('',(0.0493625,-0.041125,0.0015875));
#18118=CARTESIAN_POINT('',(0.0498625,-0.041125,0.0015875));
#18119=CARTESIAN_POINT('',(0.0493625,-0.040625,0.0015875));
#18120=CARTESIAN_POINT('',(0.0498625,-0.041125,0.003175));
#18121=CARTESIAN_POINT('',(0.0498625,-0.041125,0.003175));
#18122=CARTESIAN_POINT('',(0.0493625,-0.041125,0.003175));
#18123=CARTESIAN_POINT('',(0.0493625,-0.040625,0.003175));
#18124=CARTESIAN_POINT('',(0.0493625,-0.040625,0.003175));
#18125=CARTESIAN_POINT('',(0.0498625,-0.047625,0.003175));
#18126=CARTESIAN_POINT('',(0.0498625,-0.047625,0.0015875));
#18127=CARTESIAN_POINT('',(0.0498625,-0.054125,0.0015875));
#18128=CARTESIAN_POINT('',(0.0498625,-0.054125,0.003175));
#18129=CARTESIAN_POINT('',(0.0498625,-0.054125,0.003175));
#18130=CARTESIAN_POINT('',(0.0498625,-0.047625,0.003175));
#18131=CARTESIAN_POINT('',(0.0493625,-0.054125,0.003175));
#18132=CARTESIAN_POINT('',(0.0493625,-0.054125,0.0015875));
#18133=CARTESIAN_POINT('',(0.0493625,-0.054625,0.0015875));
#18134=CARTESIAN_POINT('',(0.0493625,-0.054625,0.003175));
#18135=CARTESIAN_POINT('',(0.0493625,-0.054625,0.003175));
#18136=CARTESIAN_POINT('',(0.0493625,-0.054125,0.003175));
#18137=CARTESIAN_POINT('',(0.0428625,-0.054625,0.003175));
#18138=CARTESIAN_POINT('',(0.0428625,-0.054625,0.0015875));
#18139=CARTESIAN_POINT('',(0.0363625,-0.054625,0.0015875));
#18140=CARTESIAN_POINT('',(0.0363625,-0.054625,0.003175));
#18141=CARTESIAN_POINT('',(0.0363625,-0.054625,0.003175));
#18142=CARTESIAN_POINT('',(0.0428625,-0.054625,0.003175));
#18143=CARTESIAN_POINT('',(0.0363625,-0.054125,0.003175));
#18144=CARTESIAN_POINT('',(0.0363625,-0.054125,0.0015875));
#18145=CARTESIAN_POINT('',(0.0358625,-0.054125,0.0015875));
#18146=CARTESIAN_POINT('',(0.0358625,-0.054125,0.003175));
#18147=CARTESIAN_POINT('',(0.0358625,-0.054125,0.003175));
#18148=CARTESIAN_POINT('',(0.0363625,-0.054125,0.003175));
#18149=CARTESIAN_POINT('',(0.0358625,-0.047625,0.003175));
#18150=CARTESIAN_POINT('',(0.0358625,-0.047625,0.0015875));
#18151=CARTESIAN_POINT('',(0.0358625,-0.041125,0.0015875));
#18152=CARTESIAN_POINT('',(0.0358625,-0.041125,0.003175));
#18153=CARTESIAN_POINT('',(0.0358625,-0.041125,0.003175));
#18154=CARTESIAN_POINT('',(0.0358625,-0.047625,0.003175));
#18155=CARTESIAN_POINT('',(0.0363625,-0.041125,0.003175));
#18156=CARTESIAN_POINT('',(0.0363625,-0.041125,0.0015875));
#18157=CARTESIAN_POINT('',(0.0363625,-0.040625,0.0015875));
#18158=CARTESIAN_POINT('',(0.0363625,-0.040625,0.003175));
#18159=CARTESIAN_POINT('',(0.0363625,-0.040625,0.003175));
#18160=CARTESIAN_POINT('',(0.0363625,-0.041125,0.003175));
#18161=CARTESIAN_POINT('',(0.1411375,-0.016025,0.003175));
#18162=CARTESIAN_POINT('',(0.1411375,-0.016025,0.0015875));
#18163=CARTESIAN_POINT('',(0.1406375,-0.016025,0.0015875));
#18164=CARTESIAN_POINT('',(0.1411375,-0.016525,0.0015875));
#18165=CARTESIAN_POINT('',(0.1406375,-0.016025,0.003175));
#18166=CARTESIAN_POINT('',(0.1406375,-0.016025,0.003175));
#18167=CARTESIAN_POINT('',(0.1411375,-0.016025,0.003175));
#18168=CARTESIAN_POINT('',(0.1411375,-0.016525,0.003175));
#18169=CARTESIAN_POINT('',(0.1411375,-0.016525,0.003175));
#18170=CARTESIAN_POINT('',(0.1406375,-0.009525,0.003175));
#18171=CARTESIAN_POINT('',(0.1406375,-0.009525,0.0015875));
#18172=CARTESIAN_POINT('',(0.1406375,-0.003025,0.0015875));
#18173=CARTESIAN_POINT('',(0.1406375,-0.003025,0.003175));
#18174=CARTESIAN_POINT('',(0.1406375,-0.003025,0.003175));
#18175=CARTESIAN_POINT('',(0.1406375,-0.009525,0.003175));
#18176=CARTESIAN_POINT('',(0.1411375,-0.003025,0.003175));
#18177=CARTESIAN_POINT('',(0.1411375,-0.003025,0.0015875));
#18178=CARTESIAN_POINT('',(0.1411375,-0.002525,0.0015875));
#18179=CARTESIAN_POINT('',(0.1411375,-0.002525,0.003175));
#18180=CARTESIAN_POINT('',(0.1411375,-0.002525,0.003175));
#18181=CARTESIAN_POINT('',(0.1411375,-0.003025,0.003175));
#18182=CARTESIAN_POINT('',(0.1476375,-0.002525,0.003175));
#18183=CARTESIAN_POINT('',(0.1476375,-0.002525,0.0015875));
#18184=CARTESIAN_POINT('',(0.1541375,-0.002525,0.0015875));
#18185=CARTESIAN_POINT('',(0.1541375,-0.002525,0.003175));
#18186=CARTESIAN_POINT('',(0.1541375,-0.002525,0.003175));
#18187=CARTESIAN_POINT('',(0.1476375,-0.002525,0.003175));
#18188=CARTESIAN_POINT('',(0.1541375,-0.003025,0.003175));
#18189=CARTESIAN_POINT('',(0.1541375,-0.003025,0.0015875));
#18190=CARTESIAN_POINT('',(0.1546375,-0.003025,0.0015875));
#18191=CARTESIAN_POINT('',(0.1546375,-0.003025,0.003175));
#18192=CARTESIAN_POINT('',(0.1546375,-0.003025,0.003175));
#18193=CARTESIAN_POINT('',(0.1541375,-0.003025,0.003175));
#18194=CARTESIAN_POINT('',(0.1546375,-0.009525,0.003175));
#18195=CARTESIAN_POINT('',(0.1546375,-0.009525,0.0015875));
#18196=CARTESIAN_POINT('',(0.1546375,-0.016025,0.0015875));
#18197=CARTESIAN_POINT('',(0.1546375,-0.016025,0.003175));
#18198=CARTESIAN_POINT('',(0.1546375,-0.016025,0.003175));
#18199=CARTESIAN_POINT('',(0.1546375,-0.009525,0.003175));
#18200=CARTESIAN_POINT('',(0.1541375,-0.016025,0.003175));
#18201=CARTESIAN_POINT('',(0.1541375,-0.016025,0.0015875));
#18202=CARTESIAN_POINT('',(0.1541375,-0.016525,0.0015875));
#18203=CARTESIAN_POINT('',(0.1541375,-0.016525,0.003175));
#18204=CARTESIAN_POINT('',(0.1541375,-0.016525,0.003175));
#18205=CARTESIAN_POINT('',(0.1541375,-0.016025,0.003175));
#18206=CARTESIAN_POINT('',(0.0168125,-0.047625,0.003175));
#18207=CARTESIAN_POINT('',(0.0168125,-0.047625,0.0015875));
#18208=CARTESIAN_POINT('',(0.0168125,-0.041125,0.0015875));
#18209=CARTESIAN_POINT('',(0.0168125,-0.054125,0.0015875));
#18210=CARTESIAN_POINT('',(0.0168125,-0.041125,0.003175));
#18211=CARTESIAN_POINT('',(0.0168125,-0.041125,0.003175));
#18212=CARTESIAN_POINT('',(0.0168125,-0.047625,0.003175));
#18213=CARTESIAN_POINT('',(0.0168125,-0.054125,0.003175));
#18214=CARTESIAN_POINT('',(0.0168125,-0.054125,0.003175));
#18215=CARTESIAN_POINT('',(0.0173125,-0.041125,0.003175));
#18216=CARTESIAN_POINT('',(0.0173125,-0.041125,0.0015875));
#18217=CARTESIAN_POINT('',(0.0173125,-0.040625,0.0015875));
#18218=CARTESIAN_POINT('',(0.0173125,-0.040625,0.003175));
#18219=CARTESIAN_POINT('',(0.0173125,-0.040625,0.003175));
#18220=CARTESIAN_POINT('',(0.0173125,-0.041125,0.003175));
#18221=CARTESIAN_POINT('',(0.0238125,-0.040625,0.003175));
#18222=CARTESIAN_POINT('',(0.0238125,-0.040625,0.0015875));
#18223=CARTESIAN_POINT('',(0.0303125,-0.040625,0.0015875));
#18224=CARTESIAN_POINT('',(0.0303125,-0.040625,0.003175));
#18225=CARTESIAN_POINT('',(0.0303125,-0.040625,0.003175));
#18226=CARTESIAN_POINT('',(0.0238125,-0.040625,0.003175));
#18227=CARTESIAN_POINT('',(0.0303125,-0.041125,0.003175));
#18228=CARTESIAN_POINT('',(0.0303125,-0.041125,0.0015875));
#18229=CARTESIAN_POINT('',(0.0308125,-0.041125,0.0015875));
#18230=CARTESIAN_POINT('',(0.0308125,-0.041125,0.003175));
#18231=CARTESIAN_POINT('',(0.0308125,-0.041125,0.003175));
#18232=CARTESIAN_POINT('',(0.0303125,-0.041125,0.003175));
#18233=CARTESIAN_POINT('',(0.0308125,-0.047625,0.003175));
#18234=CARTESIAN_POINT('',(0.0308125,-0.047625,0.0015875));
#18235=CARTESIAN_POINT('',(0.0308125,-0.054125,0.0015875));
#18236=CARTESIAN_POINT('',(0.0308125,-0.054125,0.003175));
#18237=CARTESIAN_POINT('',(0.0308125,-0.054125,0.003175));
#18238=CARTESIAN_POINT('',(0.0308125,-0.047625,0.003175));
#18239=CARTESIAN_POINT('',(0.0303125,-0.054125,0.003175));
#18240=CARTESIAN_POINT('',(0.0303125,-0.054125,0.0015875));
#18241=CARTESIAN_POINT('',(0.0303125,-0.054625,0.0015875));
#18242=CARTESIAN_POINT('',(0.0303125,-0.054625,0.003175));
#18243=CARTESIAN_POINT('',(0.0303125,-0.054625,0.003175));
#18244=CARTESIAN_POINT('',(0.0303125,-0.054125,0.003175));
#18245=CARTESIAN_POINT('',(0.0238125,-0.054625,0.003175));
#18246=CARTESIAN_POINT('',(0.0238125,-0.054625,0.0015875));
#18247=CARTESIAN_POINT('',(0.0173125,-0.054625,0.0015875));
#18248=CARTESIAN_POINT('',(0.0173125,-0.054625,0.003175));
#18249=CARTESIAN_POINT('',(0.0173125,-0.054625,0.003175));
#18250=CARTESIAN_POINT('',(0.0238125,-0.054625,0.003175));
#18251=CARTESIAN_POINT('',(0.1530505,-0.042125,0.003175));
#18252=CARTESIAN_POINT('',(0.1530505,-0.042125,0.0015875));
#18253=CARTESIAN_POINT('',(0.1535505,-0.042125,0.0015875));
#18254=CARTESIAN_POINT('',(0.1530505,-0.041625,0.0015875));
#18255=CARTESIAN_POINT('',(0.1535505,-0.042125,0.003175));
#18256=CARTESIAN_POINT('',(0.1535505,-0.042125,0.003175));
#18257=CARTESIAN_POINT('',(0.1530505,-0.042125,0.003175));
#18258=CARTESIAN_POINT('',(0.1530505,-0.041625,0.003175));
#18259=CARTESIAN_POINT('',(0.1530505,-0.041625,0.003175));
#18260=CARTESIAN_POINT('',(0.1535505,-0.049125,0.003175));
#18261=CARTESIAN_POINT('',(0.1535505,-0.049125,0.0015875));
#18262=CARTESIAN_POINT('',(0.1535505,-0.056125,0.0015875));
#18263=CARTESIAN_POINT('',(0.1535505,-0.056125,0.003175));
#18264=CARTESIAN_POINT('',(0.1535505,-0.056125,0.003175));
#18265=CARTESIAN_POINT('',(0.1535505,-0.049125,0.003175));
#18266=CARTESIAN_POINT('',(0.1530505,-0.056125,0.003175));
#18267=CARTESIAN_POINT('',(0.1530505,-0.056125,0.0015875));
#18268=CARTESIAN_POINT('',(0.1530505,-0.056625,0.0015875));
#18269=CARTESIAN_POINT('',(0.1530505,-0.056625,0.003175));
#18270=CARTESIAN_POINT('',(0.1530505,-0.056625,0.003175));
#18271=CARTESIAN_POINT('',(0.1530505,-0.056125,0.003175));
#18272=CARTESIAN_POINT('',(0.1500505,-0.056625,0.003175));
#18273=CARTESIAN_POINT('',(0.1500505,-0.056625,0.0015875));
#18274=CARTESIAN_POINT('',(0.1470505,-0.056625,0.0015875));
#18275=CARTESIAN_POINT('',(0.1470505,-0.056625,0.003175));
#18276=CARTESIAN_POINT('',(0.1470505,-0.056625,0.003175));
#18277=CARTESIAN_POINT('',(0.1500505,-0.056625,0.003175));
#18278=CARTESIAN_POINT('',(0.1470505,-0.056125,0.003175));
#18279=CARTESIAN_POINT('',(0.1470505,-0.056125,0.0015875));
#18280=CARTESIAN_POINT('',(0.1465505,-0.056125,0.0015875));
#18281=CARTESIAN_POINT('',(0.1465505,-0.056125,0.003175));
#18282=CARTESIAN_POINT('',(0.1465505,-0.056125,0.003175));
#18283=CARTESIAN_POINT('',(0.1470505,-0.056125,0.003175));
#18284=CARTESIAN_POINT('',(0.1465505,-0.049125,0.003175));
#18285=CARTESIAN_POINT('',(0.1465505,-0.049125,0.0015875));
#18286=CARTESIAN_POINT('',(0.1465505,-0.042125,0.0015875));
#18287=CARTESIAN_POINT('',(0.1465505,-0.042125,0.003175));
#18288=CARTESIAN_POINT('',(0.1465505,-0.042125,0.003175));
#18289=CARTESIAN_POINT('',(0.1465505,-0.049125,0.003175));
#18290=CARTESIAN_POINT('',(0.1470505,-0.042125,0.003175));
#18291=CARTESIAN_POINT('',(0.1470505,-0.042125,0.0015875));
#18292=CARTESIAN_POINT('',(0.1470505,-0.041625,0.0015875));
#18293=CARTESIAN_POINT('',(0.1470505,-0.041625,0.003175));
#18294=CARTESIAN_POINT('',(0.1470505,-0.041625,0.003175));
#18295=CARTESIAN_POINT('',(0.1470505,-0.042125,0.003175));
#18296=CARTESIAN_POINT('',(0.1787375,-0.0381,0.003175));
#18297=CARTESIAN_POINT('',(0.1787375,-0.0381,0.0015875));
#18298=CARTESIAN_POINT('',(0.1787375,-0.0316,0.0015875));
#18299=CARTESIAN_POINT('',(0.1787375,-0.0446,0.0015875));
#18300=CARTESIAN_POINT('',(0.1787375,-0.0316,0.003175));
#18301=CARTESIAN_POINT('',(0.1787375,-0.0316,0.003175));
#18302=CARTESIAN_POINT('',(0.1787375,-0.0381,0.003175));
#18303=CARTESIAN_POINT('',(0.1787375,-0.0446,0.003175));
#18304=CARTESIAN_POINT('',(0.1787375,-0.0446,0.003175));
#18305=CARTESIAN_POINT('',(0.1792375,-0.0316,0.003175));
#18306=CARTESIAN_POINT('',(0.1792375,-0.0316,0.0015875));
#18307=CARTESIAN_POINT('',(0.1792375,-0.0311,0.0015875));
#18308=CARTESIAN_POINT('',(0.1792375,-0.0311,0.003175));
#18309=CARTESIAN_POINT('',(0.1792375,-0.0311,0.003175));
#18310=CARTESIAN_POINT('',(0.1792375,-0.0316,0.003175));
#18311=CARTESIAN_POINT('',(0.1857375,-0.0311,0.003175));
#18312=CARTESIAN_POINT('',(0.1857375,-0.0311,0.0015875));
#18313=CARTESIAN_POINT('',(0.1922375,-0.0311,0.0015875));
#18314=CARTESIAN_POINT('',(0.1922375,-0.0311,0.003175));
#18315=CARTESIAN_POINT('',(0.1922375,-0.0311,0.003175));
#18316=CARTESIAN_POINT('',(0.1857375,-0.0311,0.003175));
#18317=CARTESIAN_POINT('',(0.1922375,-0.0316,0.003175));
#18318=CARTESIAN_POINT('',(0.1922375,-0.0316,0.0015875));
#18319=CARTESIAN_POINT('',(0.1927375,-0.0316,0.0015875));
#18320=CARTESIAN_POINT('',(0.1927375,-0.0316,0.003175));
#18321=CARTESIAN_POINT('',(0.1927375,-0.0316,0.003175));
#18322=CARTESIAN_POINT('',(0.1922375,-0.0316,0.003175));
#18323=CARTESIAN_POINT('',(0.1927375,-0.0381,0.003175));
#18324=CARTESIAN_POINT('',(0.1927375,-0.0381,0.0015875));
#18325=CARTESIAN_POINT('',(0.1927375,-0.0446,0.0015875));
#18326=CARTESIAN_POINT('',(0.1927375,-0.0446,0.003175));
#18327=CARTESIAN_POINT('',(0.1927375,-0.0446,0.003175));
#18328=CARTESIAN_POINT('',(0.1927375,-0.0381,0.003175));
#18329=CARTESIAN_POINT('',(0.1922375,-0.0446,0.003175));
#18330=CARTESIAN_POINT('',(0.1922375,-0.0446,0.0015875));
#18331=CARTESIAN_POINT('',(0.1922375,-0.0451,0.0015875));
#18332=CARTESIAN_POINT('',(0.1922375,-0.0451,0.003175));
#18333=CARTESIAN_POINT('',(0.1922375,-0.0451,0.003175));
#18334=CARTESIAN_POINT('',(0.1922375,-0.0446,0.003175));
#18335=CARTESIAN_POINT('',(0.1857375,-0.0451,0.003175));
#18336=CARTESIAN_POINT('',(0.1857375,-0.0451,0.0015875));
#18337=CARTESIAN_POINT('',(0.1792375,-0.0451,0.0015875));
#18338=CARTESIAN_POINT('',(0.1792375,-0.0451,0.003175));
#18339=CARTESIAN_POINT('',(0.1792375,-0.0451,0.003175));
#18340=CARTESIAN_POINT('',(0.1857375,-0.0451,0.003175));
#18341=CARTESIAN_POINT('',(0.06445,0.009525,0.003175));
#18342=CARTESIAN_POINT('',(0.06445,0.009525,0.0015875));
#18343=CARTESIAN_POINT('',(0.06445,0.016025,0.0015875));
#18344=CARTESIAN_POINT('',(0.06445,0.003025,0.0015875));
#18345=CARTESIAN_POINT('',(0.06445,0.016025,0.003175));
#18346=CARTESIAN_POINT('',(0.06445,0.016025,0.003175));
#18347=CARTESIAN_POINT('',(0.06445,0.009525,0.003175));
#18348=CARTESIAN_POINT('',(0.06445,0.003025,0.003175));
#18349=CARTESIAN_POINT('',(0.06445,0.003025,0.003175));
#18350=CARTESIAN_POINT('',(0.06495,0.016025,0.003175));
#18351=CARTESIAN_POINT('',(0.06495,0.016025,0.0015875));
#18352=CARTESIAN_POINT('',(0.06495,0.016525,0.0015875));
#18353=CARTESIAN_POINT('',(0.06495,0.016525,0.003175));
#18354=CARTESIAN_POINT('',(0.06495,0.016525,0.003175));
#18355=CARTESIAN_POINT('',(0.06495,0.016025,0.003175));
#18356=CARTESIAN_POINT('',(0.06545,0.016525,0.003175));
#18357=CARTESIAN_POINT('',(0.06545,0.016525,0.0015875));
#18358=CARTESIAN_POINT('',(0.06595,0.016525,0.0015875));
#18359=CARTESIAN_POINT('',(0.06595,0.016525,0.003175));
#18360=CARTESIAN_POINT('',(0.06595,0.016525,0.003175));
#18361=CARTESIAN_POINT('',(0.06545,0.016525,0.003175));
#18362=CARTESIAN_POINT('',(0.06595,0.016025,0.003175));
#18363=CARTESIAN_POINT('',(0.06595,0.016025,0.0015875));
#18364=CARTESIAN_POINT('',(0.06645,0.016025,0.0015875));
#18365=CARTESIAN_POINT('',(0.06645,0.016025,0.003175));
#18366=CARTESIAN_POINT('',(0.06645,0.016025,0.003175));
#18367=CARTESIAN_POINT('',(0.06595,0.016025,0.003175));
#18368=CARTESIAN_POINT('',(0.06645,0.009525,0.003175));
#18369=CARTESIAN_POINT('',(0.06645,0.009525,0.0015875));
#18370=CARTESIAN_POINT('',(0.06645,0.003025,0.0015875));
#18371=CARTESIAN_POINT('',(0.06645,0.003025,0.003175));
#18372=CARTESIAN_POINT('',(0.06645,0.003025,0.003175));
#18373=CARTESIAN_POINT('',(0.06645,0.009525,0.003175));
#18374=CARTESIAN_POINT('',(0.06595,0.003025,0.003175));
#18375=CARTESIAN_POINT('',(0.06595,0.003025,0.0015875));
#18376=CARTESIAN_POINT('',(0.06595,0.002525,0.0015875));
#18377=CARTESIAN_POINT('',(0.06595,0.002525,0.003175));
#18378=CARTESIAN_POINT('',(0.06595,0.002525,0.003175));
#18379=CARTESIAN_POINT('',(0.06595,0.003025,0.003175));
#18380=CARTESIAN_POINT('',(0.06545,0.002525,0.003175));
#18381=CARTESIAN_POINT('',(0.06545,0.002525,0.0015875));
#18382=CARTESIAN_POINT('',(0.06495,0.002525,0.0015875));
#18383=CARTESIAN_POINT('',(0.06495,0.002525,0.003175));
#18384=CARTESIAN_POINT('',(0.06495,0.002525,0.003175));
#18385=CARTESIAN_POINT('',(0.06545,0.002525,0.003175));
#18386=CARTESIAN_POINT('',(0.1912375,-0.053038,0.003175));
#18387=CARTESIAN_POINT('',(0.1912375,-0.053038,0.0015875));
#18388=CARTESIAN_POINT('',(0.1912375,-0.053538,0.0015875));
#18389=CARTESIAN_POINT('',(0.1917375,-0.053038,0.0015875));
#18390=CARTESIAN_POINT('',(0.1912375,-0.053538,0.003175));
#18391=CARTESIAN_POINT('',(0.1912375,-0.053538,0.003175));
#18392=CARTESIAN_POINT('',(0.1912375,-0.053038,0.003175));
#18393=CARTESIAN_POINT('',(0.1917375,-0.053038,0.003175));
#18394=CARTESIAN_POINT('',(0.1917375,-0.053038,0.003175));
#18395=CARTESIAN_POINT('',(0.1842375,-0.053538,0.003175));
#18396=CARTESIAN_POINT('',(0.1842375,-0.053538,0.0015875));
#18397=CARTESIAN_POINT('',(0.1772375,-0.053538,0.0015875));
#18398=CARTESIAN_POINT('',(0.1772375,-0.053538,0.003175));
#18399=CARTESIAN_POINT('',(0.1772375,-0.053538,0.003175));
#18400=CARTESIAN_POINT('',(0.1842375,-0.053538,0.003175));
#18401=CARTESIAN_POINT('',(0.1772375,-0.053038,0.003175));
#18402=CARTESIAN_POINT('',(0.1772375,-0.053038,0.0015875));
#18403=CARTESIAN_POINT('',(0.1767375,-0.053038,0.0015875));
#18404=CARTESIAN_POINT('',(0.1767375,-0.053038,0.003175));
#18405=CARTESIAN_POINT('',(0.1767375,-0.053038,0.003175));
#18406=CARTESIAN_POINT('',(0.1772375,-0.053038,0.003175));
#18407=CARTESIAN_POINT('',(0.1767375,-0.050038,0.003175));
#18408=CARTESIAN_POINT('',(0.1767375,-0.050038,0.0015875));
#18409=CARTESIAN_POINT('',(0.1767375,-0.047038,0.0015875));
#18410=CARTESIAN_POINT('',(0.1767375,-0.047038,0.003175));
#18411=CARTESIAN_POINT('',(0.1767375,-0.047038,0.003175));
#18412=CARTESIAN_POINT('',(0.1767375,-0.050038,0.003175));
#18413=CARTESIAN_POINT('',(0.1772375,-0.047038,0.003175));
#18414=CARTESIAN_POINT('',(0.1772375,-0.047038,0.0015875));
#18415=CARTESIAN_POINT('',(0.1772375,-0.046538,0.0015875));
#18416=CARTESIAN_POINT('',(0.1772375,-0.046538,0.003175));
#18417=CARTESIAN_POINT('',(0.1772375,-0.046538,0.003175));
#18418=CARTESIAN_POINT('',(0.1772375,-0.047038,0.003175));
#18419=CARTESIAN_POINT('',(0.1842375,-0.046538,0.003175));
#18420=CARTESIAN_POINT('',(0.1842375,-0.046538,0.0015875));
#18421=CARTESIAN_POINT('',(0.1912375,-0.046538,0.0015875));
#18422=CARTESIAN_POINT('',(0.1912375,-0.046538,0.003175));
#18423=CARTESIAN_POINT('',(0.1912375,-0.046538,0.003175));
#18424=CARTESIAN_POINT('',(0.1842375,-0.046538,0.003175));
#18425=CARTESIAN_POINT('',(0.1912375,-0.047038,0.003175));
#18426=CARTESIAN_POINT('',(0.1912375,-0.047038,0.0015875));
#18427=CARTESIAN_POINT('',(0.1917375,-0.047038,0.0015875));
#18428=CARTESIAN_POINT('',(0.1917375,-0.047038,0.003175));
#18429=CARTESIAN_POINT('',(0.1917375,-0.047038,0.003175));
#18430=CARTESIAN_POINT('',(0.1912375,-0.047038,0.003175));
#18431=CARTESIAN_POINT('',(0.1792375,-0.01775,0.003175));
#18432=CARTESIAN_POINT('',(0.1792375,-0.01775,0.0015875));
#18433=CARTESIAN_POINT('',(0.1792375,-0.01725,0.0015875));
#18434=CARTESIAN_POINT('',(0.1787375,-0.01775,0.0015875));
#18435=CARTESIAN_POINT('',(0.1792375,-0.01725,0.003175));
#18436=CARTESIAN_POINT('',(0.1792375,-0.01725,0.003175));
#18437=CARTESIAN_POINT('',(0.1792375,-0.01775,0.003175));
#18438=CARTESIAN_POINT('',(0.1787375,-0.01775,0.003175));
#18439=CARTESIAN_POINT('',(0.1787375,-0.01775,0.003175));
#18440=CARTESIAN_POINT('',(0.1857375,-0.01725,0.003175));
#18441=CARTESIAN_POINT('',(0.1857375,-0.01725,0.0015875));
#18442=CARTESIAN_POINT('',(0.1922375,-0.01725,0.0015875));
#18443=CARTESIAN_POINT('',(0.1922375,-0.01725,0.003175));
#18444=CARTESIAN_POINT('',(0.1922375,-0.01725,0.003175));
#18445=CARTESIAN_POINT('',(0.1857375,-0.01725,0.003175));
#18446=CARTESIAN_POINT('',(0.1922375,-0.01775,0.003175));
#18447=CARTESIAN_POINT('',(0.1922375,-0.01775,0.0015875));
#18448=CARTESIAN_POINT('',(0.1927375,-0.01775,0.0015875));
#18449=CARTESIAN_POINT('',(0.1927375,-0.01775,0.003175));
#18450=CARTESIAN_POINT('',(0.1927375,-0.01775,0.003175));
#18451=CARTESIAN_POINT('',(0.1922375,-0.01775,0.003175));
#18452=CARTESIAN_POINT('',(0.1927375,-0.01825,0.003175));
#18453=CARTESIAN_POINT('',(0.1927375,-0.01825,0.0015875));
#18454=CARTESIAN_POINT('',(0.1927375,-0.01875,0.0015875));
#18455=CARTESIAN_POINT('',(0.1927375,-0.01875,0.003175));
#18456=CARTESIAN_POINT('',(0.1927375,-0.01875,0.003175));
#18457=CARTESIAN_POINT('',(0.1927375,-0.01825,0.003175));
#18458=CARTESIAN_POINT('',(0.1922375,-0.01875,0.003175));
#18459=CARTESIAN_POINT('',(0.1922375,-0.01875,0.0015875));
#18460=CARTESIAN_POINT('',(0.1926375,-0.01905,0.0015875));
#18461=CARTESIAN_POINT('',(0.1926375,-0.01905,0.003175));
#18462=CARTESIAN_POINT('',(0.1926375,-0.01905,0.003175));
#18463=CARTESIAN_POINT('',(0.1922375,-0.01875,0.003175));
#18464=CARTESIAN_POINT('',(0.1922375,-0.01935,0.003175));
#18465=CARTESIAN_POINT('',(0.1922375,-0.01935,0.0015875));
#18466=CARTESIAN_POINT('',(0.1927375,-0.01935,0.0015875));
#18467=CARTESIAN_POINT('',(0.1927375,-0.01935,0.003175));
#18468=CARTESIAN_POINT('',(0.1927375,-0.01935,0.003175));
#18469=CARTESIAN_POINT('',(0.1922375,-0.01935,0.003175));
#18470=CARTESIAN_POINT('',(0.1927375,-0.01985,0.003175));
#18471=CARTESIAN_POINT('',(0.1927375,-0.01985,0.0015875));
#18472=CARTESIAN_POINT('',(0.1927375,-0.02035,0.0015875));
#18473=CARTESIAN_POINT('',(0.1927375,-0.02035,0.003175));
#18474=CARTESIAN_POINT('',(0.1927375,-0.02035,0.003175));
#18475=CARTESIAN_POINT('',(0.1927375,-0.01985,0.003175));
#18476=CARTESIAN_POINT('',(0.1922375,-0.02035,0.003175));
#18477=CARTESIAN_POINT('',(0.1922375,-0.02035,0.0015875));
#18478=CARTESIAN_POINT('',(0.1922375,-0.02085,0.0015875));
#18479=CARTESIAN_POINT('',(0.1922375,-0.02085,0.003175));
#18480=CARTESIAN_POINT('',(0.1922375,-0.02085,0.003175));
#18481=CARTESIAN_POINT('',(0.1922375,-0.02035,0.003175));
#18482=CARTESIAN_POINT('',(0.1857375,-0.02085,0.003175));
#18483=CARTESIAN_POINT('',(0.1857375,-0.02085,0.0015875));
#18484=CARTESIAN_POINT('',(0.1792375,-0.02085,0.0015875));
#18485=CARTESIAN_POINT('',(0.1792375,-0.02085,0.003175));
#18486=CARTESIAN_POINT('',(0.1792375,-0.02085,0.003175));
#18487=CARTESIAN_POINT('',(0.1857375,-0.02085,0.003175));
#18488=CARTESIAN_POINT('',(0.1792375,-0.02035,0.003175));
#18489=CARTESIAN_POINT('',(0.1792375,-0.02035,0.0015875));
#18490=CARTESIAN_POINT('',(0.1787375,-0.02035,0.0015875));
#18491=CARTESIAN_POINT('',(0.1787375,-0.02035,0.003175));
#18492=CARTESIAN_POINT('',(0.1787375,-0.02035,0.003175));
#18493=CARTESIAN_POINT('',(0.1792375,-0.02035,0.003175));
#18494=CARTESIAN_POINT('',(0.1787375,-0.01985,0.003175));
#18495=CARTESIAN_POINT('',(0.1787375,-0.01985,0.0015875));
#18496=CARTESIAN_POINT('',(0.1787375,-0.01935,0.0015875));
#18497=CARTESIAN_POINT('',(0.1787375,-0.01935,0.003175));
#18498=CARTESIAN_POINT('',(0.1787375,-0.01935,0.003175));
#18499=CARTESIAN_POINT('',(0.1787375,-0.01985,0.003175));
#18500=CARTESIAN_POINT('',(0.1792375,-0.01935,0.003175));
#18501=CARTESIAN_POINT('',(0.1792375,-0.01935,0.0015875));
#18502=CARTESIAN_POINT('',(0.1788375,-0.01905,0.0015875));
#18503=CARTESIAN_POINT('',(0.1788375,-0.01905,0.003175));
#18504=CARTESIAN_POINT('',(0.1788375,-0.01905,0.003175));
#18505=CARTESIAN_POINT('',(0.1792375,-0.01935,0.003175));
#18506=CARTESIAN_POINT('',(0.1792375,-0.01875,0.003175));
#18507=CARTESIAN_POINT('',(0.1792375,-0.01875,0.0015875));
#18508=CARTESIAN_POINT('',(0.1787375,-0.01875,0.0015875));
#18509=CARTESIAN_POINT('',(0.1787375,-0.01875,0.003175));
#18510=CARTESIAN_POINT('',(0.1787375,-0.01875,0.003175));
#18511=CARTESIAN_POINT('',(0.1792375,-0.01875,0.003175));
#18512=CARTESIAN_POINT('',(0.1193625,-0.054125,0.003175));
#18513=CARTESIAN_POINT('',(0.1193625,-0.054125,0.0015875));
#18514=CARTESIAN_POINT('',(0.1188625,-0.054125,0.0015875));
#18515=CARTESIAN_POINT('',(0.1193625,-0.054625,0.0015875));
#18516=CARTESIAN_POINT('',(0.1188625,-0.054125,0.003175));
#18517=CARTESIAN_POINT('',(0.1188625,-0.054125,0.003175));
#18518=CARTESIAN_POINT('',(0.1193625,-0.054125,0.003175));
#18519=CARTESIAN_POINT('',(0.1193625,-0.054625,0.003175));
#18520=CARTESIAN_POINT('',(0.1193625,-0.054625,0.003175));
#18521=CARTESIAN_POINT('',(0.1188625,-0.047625,0.003175));
#18522=CARTESIAN_POINT('',(0.1188625,-0.047625,0.0015875));
#18523=CARTESIAN_POINT('',(0.1188625,-0.041125,0.0015875));
#18524=CARTESIAN_POINT('',(0.1188625,-0.041125,0.003175));
#18525=CARTESIAN_POINT('',(0.1188625,-0.041125,0.003175));
#18526=CARTESIAN_POINT('',(0.1188625,-0.047625,0.003175));
#18527=CARTESIAN_POINT('',(0.1193625,-0.041125,0.003175));
#18528=CARTESIAN_POINT('',(0.1193625,-0.041125,0.0015875));
#18529=CARTESIAN_POINT('',(0.1193625,-0.040625,0.0015875));
#18530=CARTESIAN_POINT('',(0.1193625,-0.040625,0.003175));
#18531=CARTESIAN_POINT('',(0.1193625,-0.040625,0.003175));
#18532=CARTESIAN_POINT('',(0.1193625,-0.041125,0.003175));
#18533=CARTESIAN_POINT('',(0.1198625,-0.040625,0.003175));
#18534=CARTESIAN_POINT('',(0.1198625,-0.040625,0.0015875));
#18535=CARTESIAN_POINT('',(0.1203625,-0.040625,0.0015875));
#18536=CARTESIAN_POINT('',(0.1203625,-0.040625,0.003175));
#18537=CARTESIAN_POINT('',(0.1203625,-0.040625,0.003175));
#18538=CARTESIAN_POINT('',(0.1198625,-0.040625,0.003175));
#18539=CARTESIAN_POINT('',(0.1203625,-0.041125,0.003175));
#18540=CARTESIAN_POINT('',(0.1203625,-0.041125,0.0015875));
#18541=CARTESIAN_POINT('',(0.1208625,-0.041125,0.0015875));
#18542=CARTESIAN_POINT('',(0.1208625,-0.041125,0.003175));
#18543=CARTESIAN_POINT('',(0.1208625,-0.041125,0.003175));
#18544=CARTESIAN_POINT('',(0.1203625,-0.041125,0.003175));
#18545=CARTESIAN_POINT('',(0.1208625,-0.047625,0.003175));
#18546=CARTESIAN_POINT('',(0.1208625,-0.047625,0.0015875));
#18547=CARTESIAN_POINT('',(0.1208625,-0.054125,0.0015875));
#18548=CARTESIAN_POINT('',(0.1208625,-0.054125,0.003175));
#18549=CARTESIAN_POINT('',(0.1208625,-0.054125,0.003175));
#18550=CARTESIAN_POINT('',(0.1208625,-0.047625,0.003175));
#18551=CARTESIAN_POINT('',(0.1203625,-0.054125,0.003175));
#18552=CARTESIAN_POINT('',(0.1203625,-0.054125,0.0015875));
#18553=CARTESIAN_POINT('',(0.1203625,-0.054625,0.0015875));
#18554=CARTESIAN_POINT('',(0.1203625,-0.054625,0.003175));
#18555=CARTESIAN_POINT('',(0.1203625,-0.054625,0.003175));
#18556=CARTESIAN_POINT('',(0.1203625,-0.054125,0.003175));
#18557=CARTESIAN_POINT('',(0.1601875,-0.054125,0.003175));
#18558=CARTESIAN_POINT('',(0.1601875,-0.054125,0.0015875));
#18559=CARTESIAN_POINT('',(0.1596875,-0.054125,0.0015875));
#18560=CARTESIAN_POINT('',(0.1601875,-0.054625,0.0015875));
#18561=CARTESIAN_POINT('',(0.1596875,-0.054125,0.003175));
#18562=CARTESIAN_POINT('',(0.1596875,-0.054125,0.003175));
#18563=CARTESIAN_POINT('',(0.1601875,-0.054125,0.003175));
#18564=CARTESIAN_POINT('',(0.1601875,-0.054625,0.003175));
#18565=CARTESIAN_POINT('',(0.1601875,-0.054625,0.003175));
#18566=CARTESIAN_POINT('',(0.1596875,-0.047625,0.003175));
#18567=CARTESIAN_POINT('',(0.1596875,-0.047625,0.0015875));
#18568=CARTESIAN_POINT('',(0.1596875,-0.041125,0.0015875));
#18569=CARTESIAN_POINT('',(0.1596875,-0.041125,0.003175));
#18570=CARTESIAN_POINT('',(0.1596875,-0.041125,0.003175));
#18571=CARTESIAN_POINT('',(0.1596875,-0.047625,0.003175));
#18572=CARTESIAN_POINT('',(0.1601875,-0.041125,0.003175));
#18573=CARTESIAN_POINT('',(0.1601875,-0.041125,0.0015875));
#18574=CARTESIAN_POINT('',(0.1601875,-0.040625,0.0015875));
#18575=CARTESIAN_POINT('',(0.1601875,-0.040625,0.003175));
#18576=CARTESIAN_POINT('',(0.1601875,-0.040625,0.003175));
#18577=CARTESIAN_POINT('',(0.1601875,-0.041125,0.003175));
#18578=CARTESIAN_POINT('',(0.1666875,-0.040625,0.003175));
#18579=CARTESIAN_POINT('',(0.1666875,-0.040625,0.0015875));
#18580=CARTESIAN_POINT('',(0.1731875,-0.040625,0.0015875));
#18581=CARTESIAN_POINT('',(0.1731875,-0.040625,0.003175));
#18582=CARTESIAN_POINT('',(0.1731875,-0.040625,0.003175));
#18583=CARTESIAN_POINT('',(0.1666875,-0.040625,0.003175));
#18584=CARTESIAN_POINT('',(0.1731875,-0.041125,0.003175));
#18585=CARTESIAN_POINT('',(0.1731875,-0.041125,0.0015875));
#18586=CARTESIAN_POINT('',(0.1736875,-0.041125,0.0015875));
#18587=CARTESIAN_POINT('',(0.1736875,-0.041125,0.003175));
#18588=CARTESIAN_POINT('',(0.1736875,-0.041125,0.003175));
#18589=CARTESIAN_POINT('',(0.1731875,-0.041125,0.003175));
#18590=CARTESIAN_POINT('',(0.1736875,-0.047625,0.003175));
#18591=CARTESIAN_POINT('',(0.1736875,-0.047625,0.0015875));
#18592=CARTESIAN_POINT('',(0.1736875,-0.054125,0.0015875));
#18593=CARTESIAN_POINT('',(0.1736875,-0.054125,0.003175));
#18594=CARTESIAN_POINT('',(0.1736875,-0.054125,0.003175));
#18595=CARTESIAN_POINT('',(0.1736875,-0.047625,0.003175));
#18596=CARTESIAN_POINT('',(0.1731875,-0.054125,0.003175));
#18597=CARTESIAN_POINT('',(0.1731875,-0.054125,0.0015875));
#18598=CARTESIAN_POINT('',(0.1731875,-0.054625,0.0015875));
#18599=CARTESIAN_POINT('',(0.1731875,-0.054625,0.003175));
#18600=CARTESIAN_POINT('',(0.1731875,-0.054625,0.003175));
#18601=CARTESIAN_POINT('',(0.1731875,-0.054125,0.003175));
#18602=CARTESIAN_POINT('',(0.003025,-0.035075,0.003175));
#18603=CARTESIAN_POINT('',(0.003025,-0.035075,0.0015875));
#18604=CARTESIAN_POINT('',(0.002525,-0.035075,0.0015875));
#18605=CARTESIAN_POINT('',(0.003025,-0.035575,0.0015875));
#18606=CARTESIAN_POINT('',(0.002525,-0.035075,0.003175));
#18607=CARTESIAN_POINT('',(0.002525,-0.035075,0.003175));
#18608=CARTESIAN_POINT('',(0.003025,-0.035075,0.003175));
#18609=CARTESIAN_POINT('',(0.003025,-0.035575,0.003175));
#18610=CARTESIAN_POINT('',(0.003025,-0.035575,0.003175));
#18611=CARTESIAN_POINT('',(0.002525,-0.028575,0.003175));
#18612=CARTESIAN_POINT('',(0.002525,-0.028575,0.0015875));
#18613=CARTESIAN_POINT('',(0.002525,-0.022075,0.0015875));
#18614=CARTESIAN_POINT('',(0.002525,-0.022075,0.003175));
#18615=CARTESIAN_POINT('',(0.002525,-0.022075,0.003175));
#18616=CARTESIAN_POINT('',(0.002525,-0.028575,0.003175));
#18617=CARTESIAN_POINT('',(0.003025,-0.022075,0.003175));
#18618=CARTESIAN_POINT('',(0.003025,-0.022075,0.0015875));
#18619=CARTESIAN_POINT('',(0.003025,-0.021575,0.0015875));
#18620=CARTESIAN_POINT('',(0.003025,-0.021575,0.003175));
#18621=CARTESIAN_POINT('',(0.003025,-0.021575,0.003175));
#18622=CARTESIAN_POINT('',(0.003025,-0.022075,0.003175));
#18623=CARTESIAN_POINT('',(0.009525,-0.021575,0.003175));
#18624=CARTESIAN_POINT('',(0.009525,-0.021575,0.0015875));
#18625=CARTESIAN_POINT('',(0.016025,-0.021575,0.0015875));
#18626=CARTESIAN_POINT('',(0.016025,-0.021575,0.003175));
#18627=CARTESIAN_POINT('',(0.016025,-0.021575,0.003175));
#18628=CARTESIAN_POINT('',(0.009525,-0.021575,0.003175));
#18629=CARTESIAN_POINT('',(0.016025,-0.022075,0.003175));
#18630=CARTESIAN_POINT('',(0.016025,-0.022075,0.0015875));
#18631=CARTESIAN_POINT('',(0.016525,-0.022075,0.0015875));
#18632=CARTESIAN_POINT('',(0.016525,-0.022075,0.003175));
#18633=CARTESIAN_POINT('',(0.016525,-0.022075,0.003175));
#18634=CARTESIAN_POINT('',(0.016025,-0.022075,0.003175));
#18635=CARTESIAN_POINT('',(0.016525,-0.028575,0.003175));
#18636=CARTESIAN_POINT('',(0.016525,-0.028575,0.0015875));
#18637=CARTESIAN_POINT('',(0.016525,-0.035075,0.0015875));
#18638=CARTESIAN_POINT('',(0.016525,-0.035075,0.003175));
#18639=CARTESIAN_POINT('',(0.016525,-0.035075,0.003175));
#18640=CARTESIAN_POINT('',(0.016525,-0.028575,0.003175));
#18641=CARTESIAN_POINT('',(0.016025,-0.035075,0.003175));
#18642=CARTESIAN_POINT('',(0.016025,-0.035075,0.0015875));
#18643=CARTESIAN_POINT('',(0.016025,-0.035575,0.0015875));
#18644=CARTESIAN_POINT('',(0.016025,-0.035575,0.003175));
#18645=CARTESIAN_POINT('',(0.016025,-0.035575,0.003175));
#18646=CARTESIAN_POINT('',(0.016025,-0.035075,0.003175));
#18647=CARTESIAN_POINT('',(0.08695,0.002525,0.003175));
#18648=CARTESIAN_POINT('',(0.08695,0.002525,0.0015875));
#18649=CARTESIAN_POINT('',(0.08645,0.002525,0.0015875));
#18650=CARTESIAN_POINT('',(0.08745,0.002525,0.0015875));
#18651=CARTESIAN_POINT('',(0.08645,0.002525,0.003175));
#18652=CARTESIAN_POINT('',(0.08645,0.002525,0.003175));
#18653=CARTESIAN_POINT('',(0.08695,0.002525,0.003175));
#18654=CARTESIAN_POINT('',(0.08745,0.002525,0.003175));
#18655=CARTESIAN_POINT('',(0.08745,0.002525,0.003175));
#18656=CARTESIAN_POINT('',(0.08645,0.003025,0.003175));
#18657=CARTESIAN_POINT('',(0.08645,0.003025,0.0015875));
#18658=CARTESIAN_POINT('',(0.08595,0.003025,0.0015875));
#18659=CARTESIAN_POINT('',(0.08595,0.003025,0.003175));
#18660=CARTESIAN_POINT('',(0.08595,0.003025,0.003175));
#18661=CARTESIAN_POINT('',(0.08645,0.003025,0.003175));
#18662=CARTESIAN_POINT('',(0.08595,0.009525,0.003175));
#18663=CARTESIAN_POINT('',(0.08595,0.009525,0.0015875));
#18664=CARTESIAN_POINT('',(0.08595,0.016025,0.0015875));
#18665=CARTESIAN_POINT('',(0.08595,0.016025,0.003175));
#18666=CARTESIAN_POINT('',(0.08595,0.016025,0.003175));
#18667=CARTESIAN_POINT('',(0.08595,0.009525,0.003175));
#18668=CARTESIAN_POINT('',(0.08645,0.016025,0.003175));
#18669=CARTESIAN_POINT('',(0.08645,0.016025,0.0015875));
#18670=CARTESIAN_POINT('',(0.08645,0.016525,0.0015875));
#18671=CARTESIAN_POINT('',(0.08645,0.016525,0.003175));
#18672=CARTESIAN_POINT('',(0.08645,0.016525,0.003175));
#18673=CARTESIAN_POINT('',(0.08645,0.016025,0.003175));
#18674=CARTESIAN_POINT('',(0.08695,0.016525,0.003175));
#18675=CARTESIAN_POINT('',(0.08695,0.016525,0.0015875));
#18676=CARTESIAN_POINT('',(0.08745,0.016525,0.0015875));
#18677=CARTESIAN_POINT('',(0.08745,0.016525,0.003175));
#18678=CARTESIAN_POINT('',(0.08745,0.016525,0.003175));
#18679=CARTESIAN_POINT('',(0.08695,0.016525,0.003175));
#18680=CARTESIAN_POINT('',(0.08745,0.016025,0.003175));
#18681=CARTESIAN_POINT('',(0.08745,0.016025,0.0015875));
#18682=CARTESIAN_POINT('',(0.08795,0.016025,0.0015875));
#18683=CARTESIAN_POINT('',(0.08795,0.016025,0.003175));
#18684=CARTESIAN_POINT('',(0.08795,0.016025,0.003175));
#18685=CARTESIAN_POINT('',(0.08745,0.016025,0.003175));
#18686=CARTESIAN_POINT('',(0.08795,0.009525,0.003175));
#18687=CARTESIAN_POINT('',(0.08795,0.009525,0.0015875));
#18688=CARTESIAN_POINT('',(0.08795,0.003025,0.0015875));
#18689=CARTESIAN_POINT('',(0.08795,0.003025,0.003175));
#18690=CARTESIAN_POINT('',(0.08795,0.003025,0.003175));
#18691=CARTESIAN_POINT('',(0.08795,0.009525,0.003175));
#18692=CARTESIAN_POINT('',(0.0827,0.016025,0.003175));
#18693=CARTESIAN_POINT('',(0.0827,0.016025,0.0015875));
#18694=CARTESIAN_POINT('',(0.0832,0.016025,0.0015875));
#18695=CARTESIAN_POINT('',(0.0827,0.016525,0.0015875));
#18696=CARTESIAN_POINT('',(0.0832,0.016025,0.003175));
#18697=CARTESIAN_POINT('',(0.0832,0.016025,0.003175));
#18698=CARTESIAN_POINT('',(0.0827,0.016025,0.003175));
#18699=CARTESIAN_POINT('',(0.0827,0.016525,0.003175));
#18700=CARTESIAN_POINT('',(0.0827,0.016525,0.003175));
#18701=CARTESIAN_POINT('',(0.0832,0.009525,0.003175));
#18702=CARTESIAN_POINT('',(0.0832,0.009525,0.0015875));
#18703=CARTESIAN_POINT('',(0.0832,0.003025,0.0015875));
#18704=CARTESIAN_POINT('',(0.0832,0.003025,0.003175));
#18705=CARTESIAN_POINT('',(0.0832,0.003025,0.003175));
#18706=CARTESIAN_POINT('',(0.0832,0.009525,0.003175));
#18707=CARTESIAN_POINT('',(0.0827,0.00302500000000006,0.003175));
#18708=CARTESIAN_POINT('',(0.0827,0.00302500000000006,0.0015875));
#18709=CARTESIAN_POINT('',(0.0827,0.002525,0.0015875));
#18710=CARTESIAN_POINT('',(0.0827,0.002525,0.003175));
#18711=CARTESIAN_POINT('',(0.0827,0.002525,0.003175));
#18712=CARTESIAN_POINT('',(0.0827,0.00302500000000006,0.003175));
#18713=CARTESIAN_POINT('',(0.0762,0.002525,0.003175));
#18714=CARTESIAN_POINT('',(0.0762,0.002525,0.0015875));
#18715=CARTESIAN_POINT('',(0.0697,0.002525,0.0015875));
#18716=CARTESIAN_POINT('',(0.0697,0.002525,0.003175));
#18717=CARTESIAN_POINT('',(0.0697,0.002525,0.003175));
#18718=CARTESIAN_POINT('',(0.0762,0.002525,0.003175));
#18719=CARTESIAN_POINT('',(0.0697,0.003025,0.003175));
#18720=CARTESIAN_POINT('',(0.0697,0.003025,0.0015875));
#18721=CARTESIAN_POINT('',(0.0692,0.003025,0.0015875));
#18722=CARTESIAN_POINT('',(0.0692,0.003025,0.003175));
#18723=CARTESIAN_POINT('',(0.0692,0.003025,0.003175));
#18724=CARTESIAN_POINT('',(0.0697,0.003025,0.003175));
#18725=CARTESIAN_POINT('',(0.0692,0.009525,0.003175));
#18726=CARTESIAN_POINT('',(0.0692,0.009525,0.0015875));
#18727=CARTESIAN_POINT('',(0.0692,0.016025,0.0015875));
#18728=CARTESIAN_POINT('',(0.0692,0.016025,0.003175));
#18729=CARTESIAN_POINT('',(0.0692,0.016025,0.003175));
#18730=CARTESIAN_POINT('',(0.0692,0.009525,0.003175));
#18731=CARTESIAN_POINT('',(0.0697,0.016025,0.003175));
#18732=CARTESIAN_POINT('',(0.0697,0.016025,0.0015875));
#18733=CARTESIAN_POINT('',(0.0697,0.016525,0.0015875));
#18734=CARTESIAN_POINT('',(0.0697,0.016525,0.003175));
#18735=CARTESIAN_POINT('',(0.0697,0.016525,0.003175));
#18736=CARTESIAN_POINT('',(0.0697,0.016025,0.003175));
#18737=CARTESIAN_POINT('',(0.0526875,0.035075,0.003175));
#18738=CARTESIAN_POINT('',(0.0526875,0.035075,0.0015875));
#18739=CARTESIAN_POINT('',(0.0526875,0.035575,0.0015875));
#18740=CARTESIAN_POINT('',(0.0521875,0.035075,0.0015875));
#18741=CARTESIAN_POINT('',(0.0526875,0.035575,0.003175));
#18742=CARTESIAN_POINT('',(0.0526875,0.035575,0.003175));
#18743=CARTESIAN_POINT('',(0.0526875,0.035075,0.003175));
#18744=CARTESIAN_POINT('',(0.0521875,0.035075,0.003175));
#18745=CARTESIAN_POINT('',(0.0521875,0.035075,0.003175));
#18746=CARTESIAN_POINT('',(0.0531875,0.035575,0.003175));
#18747=CARTESIAN_POINT('',(0.0531875,0.035575,0.0015875));
#18748=CARTESIAN_POINT('',(0.0536875,0.035575,0.0015875));
#18749=CARTESIAN_POINT('',(0.0536875,0.035575,0.003175));
#18750=CARTESIAN_POINT('',(0.0536875,0.035575,0.003175));
#18751=CARTESIAN_POINT('',(0.0531875,0.035575,0.003175));
#18752=CARTESIAN_POINT('',(0.0536875,0.035075,0.003175));
#18753=CARTESIAN_POINT('',(0.0536875,0.035075,0.0015875));
#18754=CARTESIAN_POINT('',(0.0541875,0.035075,0.0015875));
#18755=CARTESIAN_POINT('',(0.0541875,0.035075,0.003175));
#18756=CARTESIAN_POINT('',(0.0541875,0.035075,0.003175));
#18757=CARTESIAN_POINT('',(0.0536875,0.035075,0.003175));
#18758=CARTESIAN_POINT('',(0.0541875,0.028575,0.003175));
#18759=CARTESIAN_POINT('',(0.0541875,0.028575,0.0015875));
#18760=CARTESIAN_POINT('',(0.0541875,0.022075,0.0015875));
#18761=CARTESIAN_POINT('',(0.0541875,0.022075,0.003175));
#18762=CARTESIAN_POINT('',(0.0541875,0.022075,0.003175));
#18763=CARTESIAN_POINT('',(0.0541875,0.028575,0.003175));
#18764=CARTESIAN_POINT('',(0.0536875,0.022075,0.003175));
#18765=CARTESIAN_POINT('',(0.0536875,0.022075,0.0015875));
#18766=CARTESIAN_POINT('',(0.0536875,0.021575,0.0015875));
#18767=CARTESIAN_POINT('',(0.0536875,0.021575,0.003175));
#18768=CARTESIAN_POINT('',(0.0536875,0.021575,0.003175));
#18769=CARTESIAN_POINT('',(0.0536875,0.022075,0.003175));
#18770=CARTESIAN_POINT('',(0.0531875,0.021575,0.003175));
#18771=CARTESIAN_POINT('',(0.0531875,0.021575,0.0015875));
#18772=CARTESIAN_POINT('',(0.0526875,0.021575,0.0015875));
#18773=CARTESIAN_POINT('',(0.0526875,0.021575,0.003175));
#18774=CARTESIAN_POINT('',(0.0526875,0.021575,0.003175));
#18775=CARTESIAN_POINT('',(0.0531875,0.021575,0.003175));
#18776=CARTESIAN_POINT('',(0.0526875,0.022075,0.003175));
#18777=CARTESIAN_POINT('',(0.0526875,0.022075,0.0015875));
#18778=CARTESIAN_POINT('',(0.0521875,0.022075,0.0015875));
#18779=CARTESIAN_POINT('',(0.0521875,0.022075,0.003175));
#18780=CARTESIAN_POINT('',(0.0521875,0.022075,0.003175));
#18781=CARTESIAN_POINT('',(0.0526875,0.022075,0.003175));
#18782=CARTESIAN_POINT('',(0.0363625,0.035075,0.003175));
#18783=CARTESIAN_POINT('',(0.0363625,0.035075,0.0015875));
#18784=CARTESIAN_POINT('',(0.0363625,0.035575,0.0015875));
#18785=CARTESIAN_POINT('',(0.0358625,0.035075,0.0015875));
#18786=CARTESIAN_POINT('',(0.0363625,0.035575,0.003175));
#18787=CARTESIAN_POINT('',(0.0363625,0.035575,0.003175));
#18788=CARTESIAN_POINT('',(0.0363625,0.035075,0.003175));
#18789=CARTESIAN_POINT('',(0.0358625,0.035075,0.003175));
#18790=CARTESIAN_POINT('',(0.0358625,0.035075,0.003175));
#18791=CARTESIAN_POINT('',(0.0428625,0.035575,0.003175));
#18792=CARTESIAN_POINT('',(0.0428625,0.035575,0.0015875));
#18793=CARTESIAN_POINT('',(0.0493625,0.035575,0.0015875));
#18794=CARTESIAN_POINT('',(0.0493625,0.035575,0.003175));
#18795=CARTESIAN_POINT('',(0.0493625,0.035575,0.003175));
#18796=CARTESIAN_POINT('',(0.0428625,0.035575,0.003175));
#18797=CARTESIAN_POINT('',(0.0493625,0.035075,0.003175));
#18798=CARTESIAN_POINT('',(0.0493625,0.035075,0.0015875));
#18799=CARTESIAN_POINT('',(0.0498625,0.035075,0.0015875));
#18800=CARTESIAN_POINT('',(0.0498625,0.035075,0.003175));
#18801=CARTESIAN_POINT('',(0.0498625,0.035075,0.003175));
#18802=CARTESIAN_POINT('',(0.0493625,0.035075,0.003175));
#18803=CARTESIAN_POINT('',(0.0498625,0.028575,0.003175));
#18804=CARTESIAN_POINT('',(0.0498625,0.028575,0.0015875));
#18805=CARTESIAN_POINT('',(0.0498625,0.022075,0.0015875));
#18806=CARTESIAN_POINT('',(0.0498625,0.022075,0.003175));
#18807=CARTESIAN_POINT('',(0.0498625,0.022075,0.003175));
#18808=CARTESIAN_POINT('',(0.0498625,0.028575,0.003175));
#18809=CARTESIAN_POINT('',(0.0493625,0.022075,0.003175));
#18810=CARTESIAN_POINT('',(0.0493625,0.022075,0.0015875));
#18811=CARTESIAN_POINT('',(0.0493625,0.021575,0.0015875));
#18812=CARTESIAN_POINT('',(0.0493625,0.021575,0.003175));
#18813=CARTESIAN_POINT('',(0.0493625,0.021575,0.003175));
#18814=CARTESIAN_POINT('',(0.0493625,0.022075,0.003175));
#18815=CARTESIAN_POINT('',(0.0428625,0.021575,0.003175));
#18816=CARTESIAN_POINT('',(0.0428625,0.021575,0.0015875));
#18817=CARTESIAN_POINT('',(0.0363625,0.021575,0.0015875));
#18818=CARTESIAN_POINT('',(0.0363625,0.021575,0.003175));
#18819=CARTESIAN_POINT('',(0.0363625,0.021575,0.003175));
#18820=CARTESIAN_POINT('',(0.0428625,0.021575,0.003175));
#18821=CARTESIAN_POINT('',(0.0363625,0.022075,0.003175));
#18822=CARTESIAN_POINT('',(0.0363625,0.022075,0.0015875));
#18823=CARTESIAN_POINT('',(0.0358625,0.022075,0.0015875));
#18824=CARTESIAN_POINT('',(0.0358625,0.022075,0.003175));
#18825=CARTESIAN_POINT('',(0.0358625,0.022075,0.003175));
#18826=CARTESIAN_POINT('',(0.0363625,0.022075,0.003175));
#18827=CARTESIAN_POINT('',(0.079225,-0.0458875,0.003175));
#18828=CARTESIAN_POINT('',(0.079225,-0.0458875,0.0015875));
#18829=CARTESIAN_POINT('',(0.079225,-0.0453875,0.0015875));
#18830=CARTESIAN_POINT('',(0.078725,-0.0458875,0.0015875));
#18831=CARTESIAN_POINT('',(0.079225,-0.0453875,0.003175));
#18832=CARTESIAN_POINT('',(0.079225,-0.0453875,0.003175));
#18833=CARTESIAN_POINT('',(0.079225,-0.0458875,0.003175));
#18834=CARTESIAN_POINT('',(0.078725,-0.0458875,0.003175));
#18835=CARTESIAN_POINT('',(0.078725,-0.0458875,0.003175));
#18836=CARTESIAN_POINT('',(0.085725,-0.0453875,0.003175));
#18837=CARTESIAN_POINT('',(0.085725,-0.0453875,0.0015875));
#18838=CARTESIAN_POINT('',(0.092225,-0.0453875,0.0015875));
#18839=CARTESIAN_POINT('',(0.092225,-0.0453875,0.003175));
#18840=CARTESIAN_POINT('',(0.092225,-0.0453875,0.003175));
#18841=CARTESIAN_POINT('',(0.085725,-0.0453875,0.003175));
#18842=CARTESIAN_POINT('',(0.092225,-0.0458875,0.003175));
#18843=CARTESIAN_POINT('',(0.092225,-0.0458875,0.0015875));
#18844=CARTESIAN_POINT('',(0.092725,-0.0458875,0.0015875));
#18845=CARTESIAN_POINT('',(0.092725,-0.0458875,0.003175));
#18846=CARTESIAN_POINT('',(0.092725,-0.0458875,0.003175));
#18847=CARTESIAN_POINT('',(0.092225,-0.0458875,0.003175));
#18848=CARTESIAN_POINT('',(0.092725,-0.0523875,0.003175));
#18849=CARTESIAN_POINT('',(0.092725,-0.0523875,0.0015875));
#18850=CARTESIAN_POINT('',(0.092725,-0.0588875,0.0015875));
#18851=CARTESIAN_POINT('',(0.092725,-0.0588875,0.003175));
#18852=CARTESIAN_POINT('',(0.092725,-0.0588875,0.003175));
#18853=CARTESIAN_POINT('',(0.092725,-0.0523875,0.003175));
#18854=CARTESIAN_POINT('',(0.092225,-0.0588875,0.003175));
#18855=CARTESIAN_POINT('',(0.092225,-0.0588875,0.0015875));
#18856=CARTESIAN_POINT('',(0.092225,-0.0593875,0.0015875));
#18857=CARTESIAN_POINT('',(0.092225,-0.0593875,0.003175));
#18858=CARTESIAN_POINT('',(0.092225,-0.0593875,0.003175));
#18859=CARTESIAN_POINT('',(0.092225,-0.0588875,0.003175));
#18860=CARTESIAN_POINT('',(0.085725,-0.0593875,0.003175));
#18861=CARTESIAN_POINT('',(0.085725,-0.0593875,0.0015875));
#18862=CARTESIAN_POINT('',(0.079225,-0.0593875,0.0015875));
#18863=CARTESIAN_POINT('',(0.079225,-0.0593875,0.003175));
#18864=CARTESIAN_POINT('',(0.079225,-0.0593875,0.003175));
#18865=CARTESIAN_POINT('',(0.085725,-0.0593875,0.003175));
#18866=CARTESIAN_POINT('',(0.079225,-0.0588875,0.003175));
#18867=CARTESIAN_POINT('',(0.079225,-0.0588875,0.0015875));
#18868=CARTESIAN_POINT('',(0.078725,-0.0588875,0.0015875));
#18869=CARTESIAN_POINT('',(0.078725,-0.0588875,0.003175));
#18870=CARTESIAN_POINT('',(0.078725,-0.0588875,0.003175));
#18871=CARTESIAN_POINT('',(0.079225,-0.0588875,0.003175));
#18872=CARTESIAN_POINT('',(0.1291745,-0.056125,0.003175));
#18873=CARTESIAN_POINT('',(0.1291745,-0.056125,0.0015875));
#18874=CARTESIAN_POINT('',(0.1291745,-0.056625,0.0015875));
#18875=CARTESIAN_POINT('',(0.1296745,-0.056125,0.0015875));
#18876=CARTESIAN_POINT('',(0.1291745,-0.056625,0.003175));
#18877=CARTESIAN_POINT('',(0.1291745,-0.056625,0.003175));
#18878=CARTESIAN_POINT('',(0.1291745,-0.056125,0.003175));
#18879=CARTESIAN_POINT('',(0.1296745,-0.056125,0.003175));
#18880=CARTESIAN_POINT('',(0.1296745,-0.056125,0.003175));
#18881=CARTESIAN_POINT('',(0.1261745,-0.056625,0.003175));
#18882=CARTESIAN_POINT('',(0.1261745,-0.056625,0.0015875));
#18883=CARTESIAN_POINT('',(0.1231745,-0.056625,0.0015875));
#18884=CARTESIAN_POINT('',(0.1231745,-0.056625,0.003175));
#18885=CARTESIAN_POINT('',(0.1231745,-0.056625,0.003175));
#18886=CARTESIAN_POINT('',(0.1261745,-0.056625,0.003175));
#18887=CARTESIAN_POINT('',(0.1231745,-0.056125,0.003175));
#18888=CARTESIAN_POINT('',(0.1231745,-0.056125,0.0015875));
#18889=CARTESIAN_POINT('',(0.1226745,-0.056125,0.0015875));
#18890=CARTESIAN_POINT('',(0.1226745,-0.056125,0.003175));
#18891=CARTESIAN_POINT('',(0.1226745,-0.056125,0.003175));
#18892=CARTESIAN_POINT('',(0.1231745,-0.056125,0.003175));
#18893=CARTESIAN_POINT('',(0.1226745,-0.049125,0.003175));
#18894=CARTESIAN_POINT('',(0.1226745,-0.049125,0.0015875));
#18895=CARTESIAN_POINT('',(0.1226745,-0.042125,0.0015875));
#18896=CARTESIAN_POINT('',(0.1226745,-0.042125,0.003175));
#18897=CARTESIAN_POINT('',(0.1226745,-0.042125,0.003175));
#18898=CARTESIAN_POINT('',(0.1226745,-0.049125,0.003175));
#18899=CARTESIAN_POINT('',(0.1231745,-0.042125,0.003175));
#18900=CARTESIAN_POINT('',(0.1231745,-0.042125,0.0015875));
#18901=CARTESIAN_POINT('',(0.1231745,-0.041625,0.0015875));
#18902=CARTESIAN_POINT('',(0.1231745,-0.041625,0.003175));
#18903=CARTESIAN_POINT('',(0.1231745,-0.041625,0.003175));
#18904=CARTESIAN_POINT('',(0.1231745,-0.042125,0.003175));
#18905=CARTESIAN_POINT('',(0.1261745,-0.041625,0.003175));
#18906=CARTESIAN_POINT('',(0.1261745,-0.041625,0.0015875));
#18907=CARTESIAN_POINT('',(0.1291745,-0.041625,0.0015875));
#18908=CARTESIAN_POINT('',(0.1291745,-0.041625,0.003175));
#18909=CARTESIAN_POINT('',(0.1291745,-0.041625,0.003175));
#18910=CARTESIAN_POINT('',(0.1261745,-0.041625,0.003175));
#18911=CARTESIAN_POINT('',(0.1291745,-0.042125,0.003175));
#18912=CARTESIAN_POINT('',(0.1291745,-0.042125,0.0015875));
#18913=CARTESIAN_POINT('',(0.1296745,-0.042125,0.0015875));
#18914=CARTESIAN_POINT('',(0.1296745,-0.042125,0.003175));
#18915=CARTESIAN_POINT('',(0.1296745,-0.042125,0.003175));
#18916=CARTESIAN_POINT('',(0.1291745,-0.042125,0.003175));
#18917=CARTESIAN_POINT('',(0.1922375,0.035075,0.003175));
#18918=CARTESIAN_POINT('',(0.1922375,0.035075,0.0015875));
#18919=CARTESIAN_POINT('',(0.1927375,0.035075,0.0015875));
#18920=CARTESIAN_POINT('',(0.1922375,0.035575,0.0015875));
#18921=CARTESIAN_POINT('',(0.1927375,0.035075,0.003175));
#18922=CARTESIAN_POINT('',(0.1927375,0.035075,0.003175));
#18923=CARTESIAN_POINT('',(0.1922375,0.035075,0.003175));
#18924=CARTESIAN_POINT('',(0.1922375,0.035575,0.003175));
#18925=CARTESIAN_POINT('',(0.1922375,0.035575,0.003175));
#18926=CARTESIAN_POINT('',(0.1927375,0.028575,0.003175));
#18927=CARTESIAN_POINT('',(0.1927375,0.028575,0.0015875));
#18928=CARTESIAN_POINT('',(0.1927375,0.022075,0.0015875));
#18929=CARTESIAN_POINT('',(0.1927375,0.022075,0.003175));
#18930=CARTESIAN_POINT('',(0.1927375,0.022075,0.003175));
#18931=CARTESIAN_POINT('',(0.1927375,0.028575,0.003175));
#18932=CARTESIAN_POINT('',(0.1922375,0.022075,0.003175));
#18933=CARTESIAN_POINT('',(0.1922375,0.022075,0.0015875));
#18934=CARTESIAN_POINT('',(0.1922375,0.021575,0.0015875));
#18935=CARTESIAN_POINT('',(0.1922375,0.021575,0.003175));
#18936=CARTESIAN_POINT('',(0.1922375,0.021575,0.003175));
#18937=CARTESIAN_POINT('',(0.1922375,0.022075,0.003175));
#18938=CARTESIAN_POINT('',(0.1857375,0.021575,0.003175));
#18939=CARTESIAN_POINT('',(0.1857375,0.021575,0.0015875));
#18940=CARTESIAN_POINT('',(0.1792375,0.021575,0.0015875));
#18941=CARTESIAN_POINT('',(0.1792375,0.021575,0.003175));
#18942=CARTESIAN_POINT('',(0.1792375,0.021575,0.003175));
#18943=CARTESIAN_POINT('',(0.1857375,0.021575,0.003175));
#18944=CARTESIAN_POINT('',(0.1792375,0.022075,0.003175));
#18945=CARTESIAN_POINT('',(0.1792375,0.022075,0.0015875));
#18946=CARTESIAN_POINT('',(0.1787375,0.022075,0.0015875));
#18947=CARTESIAN_POINT('',(0.1787375,0.022075,0.003175));
#18948=CARTESIAN_POINT('',(0.1787375,0.022075,0.003175));
#18949=CARTESIAN_POINT('',(0.1792375,0.022075,0.003175));
#18950=CARTESIAN_POINT('',(0.1787375,0.028575,0.003175));
#18951=CARTESIAN_POINT('',(0.1787375,0.028575,0.0015875));
#18952=CARTESIAN_POINT('',(0.1787375,0.035075,0.0015875));
#18953=CARTESIAN_POINT('',(0.1787375,0.035075,0.003175));
#18954=CARTESIAN_POINT('',(0.1787375,0.035075,0.003175));
#18955=CARTESIAN_POINT('',(0.1787375,0.028575,0.003175));
#18956=CARTESIAN_POINT('',(0.1792375,0.035075,0.003175));
#18957=CARTESIAN_POINT('',(0.1792375,0.035075,0.0015875));
#18958=CARTESIAN_POINT('',(0.1792375,0.035575,0.0015875));
#18959=CARTESIAN_POINT('',(0.1792375,0.035575,0.003175));
#18960=CARTESIAN_POINT('',(0.1792375,0.035575,0.003175));
#18961=CARTESIAN_POINT('',(0.1792375,0.035075,0.003175));
#18962=CARTESIAN_POINT('',(0.1792375,0.01775,0.003175));
#18963=CARTESIAN_POINT('',(0.1792375,0.01775,0.0015875));
#18964=CARTESIAN_POINT('',(0.1787375,0.01775,0.0015875));
#18965=CARTESIAN_POINT('',(0.1792375,0.01725,0.0015875));
#18966=CARTESIAN_POINT('',(0.1787375,0.01775,0.003175));
#18967=CARTESIAN_POINT('',(0.1787375,0.01775,0.003175));
#18968=CARTESIAN_POINT('',(0.1792375,0.01775,0.003175));
#18969=CARTESIAN_POINT('',(0.1792375,0.01725,0.003175));
#18970=CARTESIAN_POINT('',(0.1792375,0.01725,0.003175));
#18971=CARTESIAN_POINT('',(0.1787375,0.01825,0.003175));
#18972=CARTESIAN_POINT('',(0.1787375,0.01825,0.0015875));
#18973=CARTESIAN_POINT('',(0.1787375,0.01875,0.0015875));
#18974=CARTESIAN_POINT('',(0.1787375,0.01875,0.003175));
#18975=CARTESIAN_POINT('',(0.1787375,0.01875,0.003175));
#18976=CARTESIAN_POINT('',(0.1787375,0.01825,0.003175));
#18977=CARTESIAN_POINT('',(0.1792375,0.01875,0.003175));
#18978=CARTESIAN_POINT('',(0.1792375,0.01875,0.0015875));
#18979=CARTESIAN_POINT('',(0.1792375,0.01925,0.0015875));
#18980=CARTESIAN_POINT('',(0.1792375,0.01925,0.003175));
#18981=CARTESIAN_POINT('',(0.1792375,0.01925,0.003175));
#18982=CARTESIAN_POINT('',(0.1792375,0.01875,0.003175));
#18983=CARTESIAN_POINT('',(0.1857375,0.01925,0.003175));
#18984=CARTESIAN_POINT('',(0.1857375,0.01925,0.0015875));
#18985=CARTESIAN_POINT('',(0.1922375,0.01925,0.0015875));
#18986=CARTESIAN_POINT('',(0.1922375,0.01925,0.003175));
#18987=CARTESIAN_POINT('',(0.1922375,0.01925,0.003175));
#18988=CARTESIAN_POINT('',(0.1857375,0.01925,0.003175));
#18989=CARTESIAN_POINT('',(0.1922375,0.01875,0.003175));
#18990=CARTESIAN_POINT('',(0.1922375,0.01875,0.0015875));
#18991=CARTESIAN_POINT('',(0.1927375,0.01875,0.0015875));
#18992=CARTESIAN_POINT('',(0.1927375,0.01875,0.003175));
#18993=CARTESIAN_POINT('',(0.1927375,0.01875,0.003175));
#18994=CARTESIAN_POINT('',(0.1922375,0.01875,0.003175));
#18995=CARTESIAN_POINT('',(0.1927375,0.01825,0.003175));
#18996=CARTESIAN_POINT('',(0.1927375,0.01825,0.0015875));
#18997=CARTESIAN_POINT('',(0.1927375,0.01775,0.0015875));
#18998=CARTESIAN_POINT('',(0.1927375,0.01775,0.003175));
#18999=CARTESIAN_POINT('',(0.1927375,0.01775,0.003175));
#19000=CARTESIAN_POINT('',(0.1927375,0.01825,0.003175));
#19001=CARTESIAN_POINT('',(0.1922375,0.01775,0.003175));
#19002=CARTESIAN_POINT('',(0.1922375,0.01775,0.0015875));
#19003=CARTESIAN_POINT('',(0.1922375,0.01725,0.0015875));
#19004=CARTESIAN_POINT('',(0.1922375,0.01725,0.003175));
#19005=CARTESIAN_POINT('',(0.1922375,0.01725,0.003175));
#19006=CARTESIAN_POINT('',(0.1922375,0.01775,0.003175));
#19007=CARTESIAN_POINT('',(0.1787375,0.0523875,0.003175));
#19008=CARTESIAN_POINT('',(0.1787375,0.0523875,0.0015875));
#19009=CARTESIAN_POINT('',(0.1787375,0.0588875,0.0015875));
#19010=CARTESIAN_POINT('',(0.1787375,0.0458875,0.0015875));
#19011=CARTESIAN_POINT('',(0.1787375,0.0588875,0.003175));
#19012=CARTESIAN_POINT('',(0.1787375,0.0588875,0.003175));
#19013=CARTESIAN_POINT('',(0.1787375,0.0523875,0.003175));
#19014=CARTESIAN_POINT('',(0.1787375,0.0458875,0.003175));
#19015=CARTESIAN_POINT('',(0.1787375,0.0458875,0.003175));
#19016=CARTESIAN_POINT('',(0.1792375,0.0588875,0.003175));
#19017=CARTESIAN_POINT('',(0.1792375,0.0588875,0.0015875));
#19018=CARTESIAN_POINT('',(0.1792375,0.0593875,0.0015875));
#19019=CARTESIAN_POINT('',(0.1792375,0.0593875,0.003175));
#19020=CARTESIAN_POINT('',(0.1792375,0.0593875,0.003175));
#19021=CARTESIAN_POINT('',(0.1792375,0.0588875,0.003175));
#19022=CARTESIAN_POINT('',(0.1857375,0.0593875,0.003175));
#19023=CARTESIAN_POINT('',(0.1857375,0.0593875,0.0015875));
#19024=CARTESIAN_POINT('',(0.1922375,0.0593875,0.0015875));
#19025=CARTESIAN_POINT('',(0.1922375,0.0593875,0.003175));
#19026=CARTESIAN_POINT('',(0.1922375,0.0593875,0.003175));
#19027=CARTESIAN_POINT('',(0.1857375,0.0593875,0.003175));
#19028=CARTESIAN_POINT('',(0.1922375,0.0588875,0.003175));
#19029=CARTESIAN_POINT('',(0.1922375,0.0588875,0.0015875));
#19030=CARTESIAN_POINT('',(0.1927375,0.0588875,0.0015875));
#19031=CARTESIAN_POINT('',(0.1927375,0.0588875,0.003175));
#19032=CARTESIAN_POINT('',(0.1927375,0.0588875,0.003175));
#19033=CARTESIAN_POINT('',(0.1922375,0.0588875,0.003175));
#19034=CARTESIAN_POINT('',(0.1927375,0.0523875,0.003175));
#19035=CARTESIAN_POINT('',(0.1927375,0.0523875,0.0015875));
#19036=CARTESIAN_POINT('',(0.1927375,0.0458875,0.0015875));
#19037=CARTESIAN_POINT('',(0.1927375,0.0458875,0.003175));
#19038=CARTESIAN_POINT('',(0.1927375,0.0458875,0.003175));
#19039=CARTESIAN_POINT('',(0.1927375,0.0523875,0.003175));
#19040=CARTESIAN_POINT('',(0.1922375,0.0458875,0.003175));
#19041=CARTESIAN_POINT('',(0.1922375,0.0458875,0.0015875));
#19042=CARTESIAN_POINT('',(0.1922375,0.0453875,0.0015875));
#19043=CARTESIAN_POINT('',(0.1922375,0.0453875,0.003175));
#19044=CARTESIAN_POINT('',(0.1922375,0.0453875,0.003175));
#19045=CARTESIAN_POINT('',(0.1922375,0.0458875,0.003175));
#19046=CARTESIAN_POINT('',(0.1857375,0.0453875,0.003175));
#19047=CARTESIAN_POINT('',(0.1857375,0.0453875,0.0015875));
#19048=CARTESIAN_POINT('',(0.1792375,0.0453875,0.0015875));
#19049=CARTESIAN_POINT('',(0.1792375,0.0453875,0.003175));
#19050=CARTESIAN_POINT('',(0.1792375,0.0453875,0.003175));
#19051=CARTESIAN_POINT('',(0.1857375,0.0453875,0.003175));
#19052=CARTESIAN_POINT('',(0.097775,-0.009525,0.003175));
#19053=CARTESIAN_POINT('',(0.097775,-0.009525,0.0015875));
#19054=CARTESIAN_POINT('',(0.097775,-0.003025,0.0015875));
#19055=CARTESIAN_POINT('',(0.097775,-0.016025,0.0015875));
#19056=CARTESIAN_POINT('',(0.097775,-0.003025,0.003175));
#19057=CARTESIAN_POINT('',(0.097775,-0.003025,0.003175));
#19058=CARTESIAN_POINT('',(0.097775,-0.009525,0.003175));
#19059=CARTESIAN_POINT('',(0.097775,-0.016025,0.003175));
#19060=CARTESIAN_POINT('',(0.097775,-0.016025,0.003175));
#19061=CARTESIAN_POINT('',(0.098275,-0.00302499999999994,0.003175));
#19062=CARTESIAN_POINT('',(0.098275,-0.00302499999999994,0.0015875));
#19063=CARTESIAN_POINT('',(0.098275,-0.002525,0.0015875));
#19064=CARTESIAN_POINT('',(0.098275,-0.002525,0.003175));
#19065=CARTESIAN_POINT('',(0.098275,-0.002525,0.003175));
#19066=CARTESIAN_POINT('',(0.098275,-0.00302499999999994,0.003175));
#19067=CARTESIAN_POINT('',(0.104775,-0.002525,0.003175));
#19068=CARTESIAN_POINT('',(0.104775,-0.002525,0.0015875));
#19069=CARTESIAN_POINT('',(0.111275,-0.002525,0.0015875));
#19070=CARTESIAN_POINT('',(0.111275,-0.002525,0.003175));
#19071=CARTESIAN_POINT('',(0.111275,-0.002525,0.003175));
#19072=CARTESIAN_POINT('',(0.104775,-0.002525,0.003175));
#19073=CARTESIAN_POINT('',(0.111275,-0.003025,0.003175));
#19074=CARTESIAN_POINT('',(0.111275,-0.003025,0.0015875));
#19075=CARTESIAN_POINT('',(0.111775,-0.003025,0.0015875));
#19076=CARTESIAN_POINT('',(0.111775,-0.003025,0.003175));
#19077=CARTESIAN_POINT('',(0.111775,-0.003025,0.003175));
#19078=CARTESIAN_POINT('',(0.111275,-0.003025,0.003175));
#19079=CARTESIAN_POINT('',(0.111775,-0.009525,0.003175));
#19080=CARTESIAN_POINT('',(0.111775,-0.009525,0.0015875));
#19081=CARTESIAN_POINT('',(0.111775,-0.016025,0.0015875));
#19082=CARTESIAN_POINT('',(0.111775,-0.016025,0.003175));
#19083=CARTESIAN_POINT('',(0.111775,-0.016025,0.003175));
#19084=CARTESIAN_POINT('',(0.111775,-0.009525,0.003175));
#19085=CARTESIAN_POINT('',(0.111275,-0.016025,0.003175));
#19086=CARTESIAN_POINT('',(0.111275,-0.016025,0.0015875));
#19087=CARTESIAN_POINT('',(0.111275,-0.016525,0.0015875));
#19088=CARTESIAN_POINT('',(0.111275,-0.016525,0.003175));
#19089=CARTESIAN_POINT('',(0.111275,-0.016525,0.003175));
#19090=CARTESIAN_POINT('',(0.111275,-0.016025,0.003175));
#19091=CARTESIAN_POINT('',(0.104775,-0.016525,0.003175));
#19092=CARTESIAN_POINT('',(0.104775,-0.016525,0.0015875));
#19093=CARTESIAN_POINT('',(0.098275,-0.016525,0.0015875));
#19094=CARTESIAN_POINT('',(0.098275,-0.016525,0.003175));
#19095=CARTESIAN_POINT('',(0.098275,-0.016525,0.003175));
#19096=CARTESIAN_POINT('',(0.104775,-0.016525,0.003175));
#19097=CARTESIAN_POINT('',(0.1772375,-0.008938,0.003175));
#19098=CARTESIAN_POINT('',(0.1772375,-0.008938,0.0015875));
#19099=CARTESIAN_POINT('',(0.1772375,-0.008438,0.0015875));
#19100=CARTESIAN_POINT('',(0.1767375,-0.008938,0.0015875));
#19101=CARTESIAN_POINT('',(0.1772375,-0.008438,0.003175));
#19102=CARTESIAN_POINT('',(0.1772375,-0.008438,0.003175));
#19103=CARTESIAN_POINT('',(0.1772375,-0.008938,0.003175));
#19104=CARTESIAN_POINT('',(0.1767375,-0.008938,0.003175));
#19105=CARTESIAN_POINT('',(0.1767375,-0.008938,0.003175));
#19106=CARTESIAN_POINT('',(0.1842375,-0.008438,0.003175));
#19107=CARTESIAN_POINT('',(0.1842375,-0.008438,0.0015875));
#19108=CARTESIAN_POINT('',(0.1912375,-0.008438,0.0015875));
#19109=CARTESIAN_POINT('',(0.1912375,-0.008438,0.003175));
#19110=CARTESIAN_POINT('',(0.1912375,-0.008438,0.003175));
#19111=CARTESIAN_POINT('',(0.1842375,-0.008438,0.003175));
#19112=CARTESIAN_POINT('',(0.1912375,-0.008938,0.003175));
#19113=CARTESIAN_POINT('',(0.1912375,-0.008938,0.0015875));
#19114=CARTESIAN_POINT('',(0.1917375,-0.008938,0.0015875));
#19115=CARTESIAN_POINT('',(0.1917375,-0.008938,0.003175));
#19116=CARTESIAN_POINT('',(0.1917375,-0.008938,0.003175));
#19117=CARTESIAN_POINT('',(0.1912375,-0.008938,0.003175));
#19118=CARTESIAN_POINT('',(0.1917375,-0.011938,0.003175));
#19119=CARTESIAN_POINT('',(0.1917375,-0.011938,0.0015875));
#19120=CARTESIAN_POINT('',(0.1917375,-0.014938,0.0015875));
#19121=CARTESIAN_POINT('',(0.1917375,-0.014938,0.003175));
#19122=CARTESIAN_POINT('',(0.1917375,-0.014938,0.003175));
#19123=CARTESIAN_POINT('',(0.1917375,-0.011938,0.003175));
#19124=CARTESIAN_POINT('',(0.1912375,-0.014938,0.003175));
#19125=CARTESIAN_POINT('',(0.1912375,-0.014938,0.0015875));
#19126=CARTESIAN_POINT('',(0.1912375,-0.015438,0.0015875));
#19127=CARTESIAN_POINT('',(0.1912375,-0.015438,0.003175));
#19128=CARTESIAN_POINT('',(0.1912375,-0.015438,0.003175));
#19129=CARTESIAN_POINT('',(0.1912375,-0.014938,0.003175));
#19130=CARTESIAN_POINT('',(0.1842375,-0.015438,0.003175));
#19131=CARTESIAN_POINT('',(0.1842375,-0.015438,0.0015875));
#19132=CARTESIAN_POINT('',(0.1772375,-0.015438,0.0015875));
#19133=CARTESIAN_POINT('',(0.1772375,-0.015438,0.003175));
#19134=CARTESIAN_POINT('',(0.1772375,-0.015438,0.003175));
#19135=CARTESIAN_POINT('',(0.1842375,-0.015438,0.003175));
#19136=CARTESIAN_POINT('',(0.1772375,-0.014938,0.003175));
#19137=CARTESIAN_POINT('',(0.1772375,-0.014938,0.0015875));
#19138=CARTESIAN_POINT('',(0.1767375,-0.014938,0.0015875));
#19139=CARTESIAN_POINT('',(0.1767375,-0.014938,0.003175));
#19140=CARTESIAN_POINT('',(0.1767375,-0.014938,0.003175));
#19141=CARTESIAN_POINT('',(0.1772375,-0.014938,0.003175));
#19142=CARTESIAN_POINT('',(0.1912375,-0.029162,0.003175));
#19143=CARTESIAN_POINT('',(0.1912375,-0.029162,0.0015875));
#19144=CARTESIAN_POINT('',(0.1912375,-0.029662,0.0015875));
#19145=CARTESIAN_POINT('',(0.1917375,-0.029162,0.0015875));
#19146=CARTESIAN_POINT('',(0.1912375,-0.029662,0.003175));
#19147=CARTESIAN_POINT('',(0.1912375,-0.029662,0.003175));
#19148=CARTESIAN_POINT('',(0.1912375,-0.029162,0.003175));
#19149=CARTESIAN_POINT('',(0.1917375,-0.029162,0.003175));
#19150=CARTESIAN_POINT('',(0.1917375,-0.029162,0.003175));
#19151=CARTESIAN_POINT('',(0.1842375,-0.029662,0.003175));
#19152=CARTESIAN_POINT('',(0.1842375,-0.029662,0.0015875));
#19153=CARTESIAN_POINT('',(0.1772375,-0.029662,0.0015875));
#19154=CARTESIAN_POINT('',(0.1772375,-0.029662,0.003175));
#19155=CARTESIAN_POINT('',(0.1772375,-0.029662,0.003175));
#19156=CARTESIAN_POINT('',(0.1842375,-0.029662,0.003175));
#19157=CARTESIAN_POINT('',(0.1772375,-0.029162,0.003175));
#19158=CARTESIAN_POINT('',(0.1772375,-0.029162,0.0015875));
#19159=CARTESIAN_POINT('',(0.1767375,-0.029162,0.0015875));
#19160=CARTESIAN_POINT('',(0.1767375,-0.029162,0.003175));
#19161=CARTESIAN_POINT('',(0.1767375,-0.029162,0.003175));
#19162=CARTESIAN_POINT('',(0.1772375,-0.029162,0.003175));
#19163=CARTESIAN_POINT('',(0.1767375,-0.026162,0.003175));
#19164=CARTESIAN_POINT('',(0.1767375,-0.026162,0.0015875));
#19165=CARTESIAN_POINT('',(0.1767375,-0.023162,0.0015875));
#19166=CARTESIAN_POINT('',(0.1767375,-0.023162,0.003175));
#19167=CARTESIAN_POINT('',(0.1767375,-0.023162,0.003175));
#19168=CARTESIAN_POINT('',(0.1767375,-0.026162,0.003175));
#19169=CARTESIAN_POINT('',(0.1772375,-0.023162,0.003175));
#19170=CARTESIAN_POINT('',(0.1772375,-0.023162,0.0015875));
#19171=CARTESIAN_POINT('',(0.1772375,-0.022662,0.0015875));
#19172=CARTESIAN_POINT('',(0.1772375,-0.022662,0.003175));
#19173=CARTESIAN_POINT('',(0.1772375,-0.022662,0.003175));
#19174=CARTESIAN_POINT('',(0.1772375,-0.023162,0.003175));
#19175=CARTESIAN_POINT('',(0.1842375,-0.022662,0.003175));
#19176=CARTESIAN_POINT('',(0.1842375,-0.022662,0.0015875));
#19177=CARTESIAN_POINT('',(0.1912375,-0.022662,0.0015875));
#19178=CARTESIAN_POINT('',(0.1912375,-0.022662,0.003175));
#19179=CARTESIAN_POINT('',(0.1912375,-0.022662,0.003175));
#19180=CARTESIAN_POINT('',(0.1842375,-0.022662,0.003175));
#19181=CARTESIAN_POINT('',(0.1912375,-0.023162,0.003175));
#19182=CARTESIAN_POINT('',(0.1912375,-0.023162,0.0015875));
#19183=CARTESIAN_POINT('',(0.1917375,-0.023162,0.0015875));
#19184=CARTESIAN_POINT('',(0.1917375,-0.023162,0.003175));
#19185=CARTESIAN_POINT('',(0.1917375,-0.023162,0.003175));
#19186=CARTESIAN_POINT('',(0.1912375,-0.023162,0.003175));
#19187=CARTESIAN_POINT('',(0.079225,-0.0268375,0.003175));
#19188=CARTESIAN_POINT('',(0.079225,-0.0268375,0.0015875));
#19189=CARTESIAN_POINT('',(0.079225,-0.0263375,0.0015875));
#19190=CARTESIAN_POINT('',(0.078725,-0.0268375,0.0015875));
#19191=CARTESIAN_POINT('',(0.079225,-0.0263375,0.003175));
#19192=CARTESIAN_POINT('',(0.079225,-0.0263375,0.003175));
#19193=CARTESIAN_POINT('',(0.079225,-0.0268375,0.003175));
#19194=CARTESIAN_POINT('',(0.078725,-0.0268375,0.003175));
#19195=CARTESIAN_POINT('',(0.078725,-0.0268375,0.003175));
#19196=CARTESIAN_POINT('',(0.085725,-0.0263375,0.003175));
#19197=CARTESIAN_POINT('',(0.085725,-0.0263375,0.0015875));
#19198=CARTESIAN_POINT('',(0.092225,-0.0263375,0.0015875));
#19199=CARTESIAN_POINT('',(0.092225,-0.0263375,0.003175));
#19200=CARTESIAN_POINT('',(0.092225,-0.0263375,0.003175));
#19201=CARTESIAN_POINT('',(0.085725,-0.0263375,0.003175));
#19202=CARTESIAN_POINT('',(0.092225,-0.0268375,0.003175));
#19203=CARTESIAN_POINT('',(0.092225,-0.0268375,0.0015875));
#19204=CARTESIAN_POINT('',(0.092725,-0.0268375,0.0015875));
#19205=CARTESIAN_POINT('',(0.092725,-0.0268375,0.003175));
#19206=CARTESIAN_POINT('',(0.092725,-0.0268375,0.003175));
#19207=CARTESIAN_POINT('',(0.092225,-0.0268375,0.003175));
#19208=CARTESIAN_POINT('',(0.092725,-0.0333375,0.003175));
#19209=CARTESIAN_POINT('',(0.092725,-0.0333375,0.0015875));
#19210=CARTESIAN_POINT('',(0.092725,-0.0398375,0.0015875));
#19211=CARTESIAN_POINT('',(0.092725,-0.0398375,0.003175));
#19212=CARTESIAN_POINT('',(0.092725,-0.0398375,0.003175));
#19213=CARTESIAN_POINT('',(0.092725,-0.0333375,0.003175));
#19214=CARTESIAN_POINT('',(0.092225,-0.0398375,0.003175));
#19215=CARTESIAN_POINT('',(0.092225,-0.0398375,0.0015875));
#19216=CARTESIAN_POINT('',(0.092225,-0.0403375,0.0015875));
#19217=CARTESIAN_POINT('',(0.092225,-0.0403375,0.003175));
#19218=CARTESIAN_POINT('',(0.092225,-0.0403375,0.003175));
#19219=CARTESIAN_POINT('',(0.092225,-0.0398375,0.003175));
#19220=CARTESIAN_POINT('',(0.085725,-0.0403375,0.003175));
#19221=CARTESIAN_POINT('',(0.085725,-0.0403375,0.0015875));
#19222=CARTESIAN_POINT('',(0.079225,-0.0403375,0.0015875));
#19223=CARTESIAN_POINT('',(0.079225,-0.0403375,0.003175));
#19224=CARTESIAN_POINT('',(0.079225,-0.0403375,0.003175));
#19225=CARTESIAN_POINT('',(0.085725,-0.0403375,0.003175));
#19226=CARTESIAN_POINT('',(0.079225,-0.0398375,0.003175));
#19227=CARTESIAN_POINT('',(0.079225,-0.0398375,0.0015875));
#19228=CARTESIAN_POINT('',(0.078725,-0.0398375,0.0015875));
#19229=CARTESIAN_POINT('',(0.078725,-0.0398375,0.003175));
#19230=CARTESIAN_POINT('',(0.078725,-0.0398375,0.003175));
#19231=CARTESIAN_POINT('',(0.079225,-0.0398375,0.003175));
#19232=CARTESIAN_POINT('',(0.1316125,-0.041125,0.003175));
#19233=CARTESIAN_POINT('',(0.1316125,-0.041125,0.0015875));
#19234=CARTESIAN_POINT('',(0.1316125,-0.040625,0.0015875));
#19235=CARTESIAN_POINT('',(0.1311125,-0.041125,0.0015875));
#19236=CARTESIAN_POINT('',(0.1316125,-0.040625,0.003175));
#19237=CARTESIAN_POINT('',(0.1316125,-0.040625,0.003175));
#19238=CARTESIAN_POINT('',(0.1316125,-0.041125,0.003175));
#19239=CARTESIAN_POINT('',(0.1311125,-0.041125,0.003175));
#19240=CARTESIAN_POINT('',(0.1311125,-0.041125,0.003175));
#19241=CARTESIAN_POINT('',(0.1381125,-0.040625,0.003175));
#19242=CARTESIAN_POINT('',(0.1381125,-0.040625,0.0015875));
#19243=CARTESIAN_POINT('',(0.1446125,-0.040625,0.0015875));
#19244=CARTESIAN_POINT('',(0.1446125,-0.040625,0.003175));
#19245=CARTESIAN_POINT('',(0.1446125,-0.040625,0.003175));
#19246=CARTESIAN_POINT('',(0.1381125,-0.040625,0.003175));
#19247=CARTESIAN_POINT('',(0.1446125,-0.041125,0.003175));
#19248=CARTESIAN_POINT('',(0.1446125,-0.041125,0.0015875));
#19249=CARTESIAN_POINT('',(0.1451125,-0.041125,0.0015875));
#19250=CARTESIAN_POINT('',(0.1451125,-0.041125,0.003175));
#19251=CARTESIAN_POINT('',(0.1451125,-0.041125,0.003175));
#19252=CARTESIAN_POINT('',(0.1446125,-0.041125,0.003175));
#19253=CARTESIAN_POINT('',(0.1451125,-0.047625,0.003175));
#19254=CARTESIAN_POINT('',(0.1451125,-0.047625,0.0015875));
#19255=CARTESIAN_POINT('',(0.1451125,-0.054125,0.0015875));
#19256=CARTESIAN_POINT('',(0.1451125,-0.054125,0.003175));
#19257=CARTESIAN_POINT('',(0.1451125,-0.054125,0.003175));
#19258=CARTESIAN_POINT('',(0.1451125,-0.047625,0.003175));
#19259=CARTESIAN_POINT('',(0.1446125,-0.054125,0.003175));
#19260=CARTESIAN_POINT('',(0.1446125,-0.054125,0.0015875));
#19261=CARTESIAN_POINT('',(0.1446125,-0.054625,0.0015875));
#19262=CARTESIAN_POINT('',(0.1446125,-0.054625,0.003175));
#19263=CARTESIAN_POINT('',(0.1446125,-0.054625,0.003175));
#19264=CARTESIAN_POINT('',(0.1446125,-0.054125,0.003175));
#19265=CARTESIAN_POINT('',(0.1381125,-0.054625,0.003175));
#19266=CARTESIAN_POINT('',(0.1381125,-0.054625,0.0015875));
#19267=CARTESIAN_POINT('',(0.1316125,-0.054625,0.0015875));
#19268=CARTESIAN_POINT('',(0.1316125,-0.054625,0.003175));
#19269=CARTESIAN_POINT('',(0.1316125,-0.054625,0.003175));
#19270=CARTESIAN_POINT('',(0.1381125,-0.054625,0.003175));
#19271=CARTESIAN_POINT('',(0.1316125,-0.054125,0.003175));
#19272=CARTESIAN_POINT('',(0.1316125,-0.054125,0.0015875));
#19273=CARTESIAN_POINT('',(0.1311125,-0.054125,0.0015875));
#19274=CARTESIAN_POINT('',(0.1311125,-0.054125,0.003175));
#19275=CARTESIAN_POINT('',(0.1311125,-0.054125,0.003175));
#19276=CARTESIAN_POINT('',(0.1316125,-0.054125,0.003175));
#19277=CARTESIAN_POINT('',(0.1666875,-0.035575,0.003175));
#19278=CARTESIAN_POINT('',(0.1666875,-0.035575,0.0015875));
#19279=CARTESIAN_POINT('',(0.1601875,-0.035575,0.0015875));
#19280=CARTESIAN_POINT('',(0.1731875,-0.035575,0.0015875));
#19281=CARTESIAN_POINT('',(0.1601875,-0.035575,0.003175));
#19282=CARTESIAN_POINT('',(0.1601875,-0.035575,0.003175));
#19283=CARTESIAN_POINT('',(0.1666875,-0.035575,0.003175));
#19284=CARTESIAN_POINT('',(0.1731875,-0.035575,0.003175));
#19285=CARTESIAN_POINT('',(0.1731875,-0.035575,0.003175));
#19286=CARTESIAN_POINT('',(0.1601875,-0.035075,0.003175));
#19287=CARTESIAN_POINT('',(0.1601875,-0.035075,0.0015875));
#19288=CARTESIAN_POINT('',(0.1596875,-0.035075,0.0015875));
#19289=CARTESIAN_POINT('',(0.1596875,-0.035075,0.003175));
#19290=CARTESIAN_POINT('',(0.1596875,-0.035075,0.003175));
#19291=CARTESIAN_POINT('',(0.1601875,-0.035075,0.003175));
#19292=CARTESIAN_POINT('',(0.1596875,-0.028575,0.003175));
#19293=CARTESIAN_POINT('',(0.1596875,-0.028575,0.0015875));
#19294=CARTESIAN_POINT('',(0.1596875,-0.022075,0.0015875));
#19295=CARTESIAN_POINT('',(0.1596875,-0.022075,0.003175));
#19296=CARTESIAN_POINT('',(0.1596875,-0.022075,0.003175));
#19297=CARTESIAN_POINT('',(0.1596875,-0.028575,0.003175));
#19298=CARTESIAN_POINT('',(0.1601875,-0.022075,0.003175));
#19299=CARTESIAN_POINT('',(0.1601875,-0.022075,0.0015875));
#19300=CARTESIAN_POINT('',(0.1601875,-0.021575,0.0015875));
#19301=CARTESIAN_POINT('',(0.1601875,-0.021575,0.003175));
#19302=CARTESIAN_POINT('',(0.1601875,-0.021575,0.003175));
#19303=CARTESIAN_POINT('',(0.1601875,-0.022075,0.003175));
#19304=CARTESIAN_POINT('',(0.1666875,-0.021575,0.003175));
#19305=CARTESIAN_POINT('',(0.1666875,-0.021575,0.0015875));
#19306=CARTESIAN_POINT('',(0.1731875,-0.021575,0.0015875));
#19307=CARTESIAN_POINT('',(0.1731875,-0.021575,0.003175));
#19308=CARTESIAN_POINT('',(0.1731875,-0.021575,0.003175));
#19309=CARTESIAN_POINT('',(0.1666875,-0.021575,0.003175));
#19310=CARTESIAN_POINT('',(0.1731875,-0.022075,0.003175));
#19311=CARTESIAN_POINT('',(0.1731875,-0.022075,0.0015875));
#19312=CARTESIAN_POINT('',(0.1736875,-0.022075,0.0015875));
#19313=CARTESIAN_POINT('',(0.1736875,-0.022075,0.003175));
#19314=CARTESIAN_POINT('',(0.1736875,-0.022075,0.003175));
#19315=CARTESIAN_POINT('',(0.1731875,-0.022075,0.003175));
#19316=CARTESIAN_POINT('',(0.1736875,-0.028575,0.003175));
#19317=CARTESIAN_POINT('',(0.1736875,-0.028575,0.0015875));
#19318=CARTESIAN_POINT('',(0.1736875,-0.035075,0.0015875));
#19319=CARTESIAN_POINT('',(0.1736875,-0.035075,0.003175));
#19320=CARTESIAN_POINT('',(0.1736875,-0.035075,0.003175));
#19321=CARTESIAN_POINT('',(0.1736875,-0.028575,0.003175));
#19322=CARTESIAN_POINT('',(0.0112625,-0.054125,0.003175));
#19323=CARTESIAN_POINT('',(0.0112625,-0.054125,0.0015875));
#19324=CARTESIAN_POINT('',(0.0112625,-0.054625,0.0015875));
#19325=CARTESIAN_POINT('',(0.0117625,-0.054125,0.0015875));
#19326=CARTESIAN_POINT('',(0.0112625,-0.054625,0.003175));
#19327=CARTESIAN_POINT('',(0.0112625,-0.054625,0.003175));
#19328=CARTESIAN_POINT('',(0.0112625,-0.054125,0.003175));
#19329=CARTESIAN_POINT('',(0.0117625,-0.054125,0.003175));
#19330=CARTESIAN_POINT('',(0.0117625,-0.054125,0.003175));
#19331=CARTESIAN_POINT('',(0.0047625,-0.054625,0.003175));
#19332=CARTESIAN_POINT('',(0.0047625,-0.054625,0.0015875));
#19333=CARTESIAN_POINT('',(-0.0017375,-0.054625,0.0015875));
#19334=CARTESIAN_POINT('',(-0.0017375,-0.054625,0.003175));
#19335=CARTESIAN_POINT('',(-0.0017375,-0.054625,0.003175));
#19336=CARTESIAN_POINT('',(0.0047625,-0.054625,0.003175));
#19337=CARTESIAN_POINT('',(-0.0017375,-0.054125,0.003175));
#19338=CARTESIAN_POINT('',(-0.0017375,-0.054125,0.0015875));
#19339=CARTESIAN_POINT('',(-0.0022375,-0.054125,0.0015875));
#19340=CARTESIAN_POINT('',(-0.0022375,-0.054125,0.003175));
#19341=CARTESIAN_POINT('',(-0.0022375,-0.054125,0.003175));
#19342=CARTESIAN_POINT('',(-0.0017375,-0.054125,0.003175));
#19343=CARTESIAN_POINT('',(-0.0022375,-0.047625,0.003175));
#19344=CARTESIAN_POINT('',(-0.0022375,-0.047625,0.0015875));
#19345=CARTESIAN_POINT('',(-0.0022375,-0.041125,0.0015875));
#19346=CARTESIAN_POINT('',(-0.0022375,-0.041125,0.003175));
#19347=CARTESIAN_POINT('',(-0.0022375,-0.041125,0.003175));
#19348=CARTESIAN_POINT('',(-0.0022375,-0.047625,0.003175));
#19349=CARTESIAN_POINT('',(-0.0017375,-0.041125,0.003175));
#19350=CARTESIAN_POINT('',(-0.0017375,-0.041125,0.0015875));
#19351=CARTESIAN_POINT('',(-0.0017375,-0.040625,0.0015875));
#19352=CARTESIAN_POINT('',(-0.0017375,-0.040625,0.003175));
#19353=CARTESIAN_POINT('',(-0.0017375,-0.040625,0.003175));
#19354=CARTESIAN_POINT('',(-0.0017375,-0.041125,0.003175));
#19355=CARTESIAN_POINT('',(0.0047625,-0.040625,0.003175));
#19356=CARTESIAN_POINT('',(0.0047625,-0.040625,0.0015875));
#19357=CARTESIAN_POINT('',(0.0112625,-0.040625,0.0015875));
#19358=CARTESIAN_POINT('',(0.0112625,-0.040625,0.003175));
#19359=CARTESIAN_POINT('',(0.0112625,-0.040625,0.003175));
#19360=CARTESIAN_POINT('',(0.0047625,-0.040625,0.003175));
#19361=CARTESIAN_POINT('',(0.0112625,-0.041125,0.003175));
#19362=CARTESIAN_POINT('',(0.0112625,-0.041125,0.0015875));
#19363=CARTESIAN_POINT('',(0.0117625,-0.041125,0.0015875));
#19364=CARTESIAN_POINT('',(0.0117625,-0.041125,0.003175));
#19365=CARTESIAN_POINT('',(0.0117625,-0.041125,0.003175));
#19366=CARTESIAN_POINT('',(0.0112625,-0.041125,0.003175));
#19367=CARTESIAN_POINT('',(0.104775,-0.0593875,0.003175));
#19368=CARTESIAN_POINT('',(0.104775,-0.0593875,0.0015875));
#19369=CARTESIAN_POINT('',(0.098275,-0.0593875,0.0015875));
#19370=CARTESIAN_POINT('',(0.111275,-0.0593875,0.0015875));
#19371=CARTESIAN_POINT('',(0.098275,-0.0593875,0.003175));
#19372=CARTESIAN_POINT('',(0.098275,-0.0593875,0.003175));
#19373=CARTESIAN_POINT('',(0.104775,-0.0593875,0.003175));
#19374=CARTESIAN_POINT('',(0.111275,-0.0593875,0.003175));
#19375=CARTESIAN_POINT('',(0.111275,-0.0593875,0.003175));
#19376=CARTESIAN_POINT('',(0.098275,-0.0588875,0.003175));
#19377=CARTESIAN_POINT('',(0.098275,-0.0588875,0.0015875));
#19378=CARTESIAN_POINT('',(0.097775,-0.0588875,0.0015875));
#19379=CARTESIAN_POINT('',(0.097775,-0.0588875,0.003175));
#19380=CARTESIAN_POINT('',(0.097775,-0.0588875,0.003175));
#19381=CARTESIAN_POINT('',(0.098275,-0.0588875,0.003175));
#19382=CARTESIAN_POINT('',(0.097775,-0.0523875,0.003175));
#19383=CARTESIAN_POINT('',(0.097775,-0.0523875,0.0015875));
#19384=CARTESIAN_POINT('',(0.097775,-0.0458875,0.0015875));
#19385=CARTESIAN_POINT('',(0.097775,-0.0458875,0.003175));
#19386=CARTESIAN_POINT('',(0.097775,-0.0458875,0.003175));
#19387=CARTESIAN_POINT('',(0.097775,-0.0523875,0.003175));
#19388=CARTESIAN_POINT('',(0.098275,-0.0458875,0.003175));
#19389=CARTESIAN_POINT('',(0.098275,-0.0458875,0.0015875));
#19390=CARTESIAN_POINT('',(0.098275,-0.0453875,0.0015875));
#19391=CARTESIAN_POINT('',(0.098275,-0.0453875,0.003175));
#19392=CARTESIAN_POINT('',(0.098275,-0.0453875,0.003175));
#19393=CARTESIAN_POINT('',(0.098275,-0.0458875,0.003175));
#19394=CARTESIAN_POINT('',(0.104775,-0.0453875,0.003175));
#19395=CARTESIAN_POINT('',(0.104775,-0.0453875,0.0015875));
#19396=CARTESIAN_POINT('',(0.111275,-0.0453875,0.0015875));
#19397=CARTESIAN_POINT('',(0.111275,-0.0453875,0.003175));
#19398=CARTESIAN_POINT('',(0.111275,-0.0453875,0.003175));
#19399=CARTESIAN_POINT('',(0.104775,-0.0453875,0.003175));
#19400=CARTESIAN_POINT('',(0.111275,-0.0458875,0.003175));
#19401=CARTESIAN_POINT('',(0.111275,-0.0458875,0.0015875));
#19402=CARTESIAN_POINT('',(0.111775,-0.0458875,0.0015875));
#19403=CARTESIAN_POINT('',(0.111775,-0.0458875,0.003175));
#19404=CARTESIAN_POINT('',(0.111775,-0.0458875,0.003175));
#19405=CARTESIAN_POINT('',(0.111275,-0.0458875,0.003175));
#19406=CARTESIAN_POINT('',(0.111775,-0.0523875,0.003175));
#19407=CARTESIAN_POINT('',(0.111775,-0.0523875,0.0015875));
#19408=CARTESIAN_POINT('',(0.111775,-0.0588875,0.0015875));
#19409=CARTESIAN_POINT('',(0.111775,-0.0588875,0.003175));
#19410=CARTESIAN_POINT('',(0.111775,-0.0588875,0.003175));
#19411=CARTESIAN_POINT('',(0.111775,-0.0523875,0.003175));
#19412=CARTESIAN_POINT('',(0.073175,-0.0588875,0.003175));
#19413=CARTESIAN_POINT('',(0.073175,-0.0588875,0.0015875));
#19414=CARTESIAN_POINT('',(0.073175,-0.0593875,0.0015875));
#19415=CARTESIAN_POINT('',(0.073675,-0.0588875,0.0015875));
#19416=CARTESIAN_POINT('',(0.073175,-0.0593875,0.003175));
#19417=CARTESIAN_POINT('',(0.073175,-0.0593875,0.003175));
#19418=CARTESIAN_POINT('',(0.073175,-0.0588875,0.003175));
#19419=CARTESIAN_POINT('',(0.073675,-0.0588875,0.003175));
#19420=CARTESIAN_POINT('',(0.073675,-0.0588875,0.003175));
#19421=CARTESIAN_POINT('',(0.066675,-0.0593875,0.003175));
#19422=CARTESIAN_POINT('',(0.066675,-0.0593875,0.0015875));
#19423=CARTESIAN_POINT('',(0.060175,-0.0593875,0.0015875));
#19424=CARTESIAN_POINT('',(0.060175,-0.0593875,0.003175));
#19425=CARTESIAN_POINT('',(0.060175,-0.0593875,0.003175));
#19426=CARTESIAN_POINT('',(0.066675,-0.0593875,0.003175));
#19427=CARTESIAN_POINT('',(0.060175,-0.0588875,0.003175));
#19428=CARTESIAN_POINT('',(0.060175,-0.0588875,0.0015875));
#19429=CARTESIAN_POINT('',(0.059675,-0.0588875,0.0015875));
#19430=CARTESIAN_POINT('',(0.059675,-0.0588875,0.003175));
#19431=CARTESIAN_POINT('',(0.059675,-0.0588875,0.003175));
#19432=CARTESIAN_POINT('',(0.060175,-0.0588875,0.003175));
#19433=CARTESIAN_POINT('',(0.059675,-0.0523875,0.003175));
#19434=CARTESIAN_POINT('',(0.059675,-0.0523875,0.0015875));
#19435=CARTESIAN_POINT('',(0.059675,-0.0458875,0.0015875));
#19436=CARTESIAN_POINT('',(0.059675,-0.0458875,0.003175));
#19437=CARTESIAN_POINT('',(0.059675,-0.0458875,0.003175));
#19438=CARTESIAN_POINT('',(0.059675,-0.0523875,0.003175));
#19439=CARTESIAN_POINT('',(0.060175,-0.0458875,0.003175));
#19440=CARTESIAN_POINT('',(0.060175,-0.0458875,0.0015875));
#19441=CARTESIAN_POINT('',(0.060175,-0.0453875,0.0015875));
#19442=CARTESIAN_POINT('',(0.060175,-0.0453875,0.003175));
#19443=CARTESIAN_POINT('',(0.060175,-0.0453875,0.003175));
#19444=CARTESIAN_POINT('',(0.060175,-0.0458875,0.003175));
#19445=CARTESIAN_POINT('',(0.066675,-0.0453875,0.003175));
#19446=CARTESIAN_POINT('',(0.066675,-0.0453875,0.0015875));
#19447=CARTESIAN_POINT('',(0.073175,-0.0453875,0.0015875));
#19448=CARTESIAN_POINT('',(0.073175,-0.0453875,0.003175));
#19449=CARTESIAN_POINT('',(0.073175,-0.0453875,0.003175));
#19450=CARTESIAN_POINT('',(0.066675,-0.0453875,0.003175));
#19451=CARTESIAN_POINT('',(0.073175,-0.0458875,0.003175));
#19452=CARTESIAN_POINT('',(0.073175,-0.0458875,0.0015875));
#19453=CARTESIAN_POINT('',(0.073675,-0.0458875,0.0015875));
#19454=CARTESIAN_POINT('',(0.073675,-0.0458875,0.003175));
#19455=CARTESIAN_POINT('',(0.073675,-0.0458875,0.003175));
#19456=CARTESIAN_POINT('',(0.073175,-0.0458875,0.003175));
#19457=CARTESIAN_POINT('',(0.0624995,0.034075,0.003175));
#19458=CARTESIAN_POINT('',(0.0624995,0.034075,0.0015875));
#19459=CARTESIAN_POINT('',(0.0629995,0.034075,0.0015875));
#19460=CARTESIAN_POINT('',(0.0624995,0.034575,0.0015875));
#19461=CARTESIAN_POINT('',(0.0629995,0.034075,0.003175));
#19462=CARTESIAN_POINT('',(0.0629995,0.034075,0.003175));
#19463=CARTESIAN_POINT('',(0.0624995,0.034075,0.003175));
#19464=CARTESIAN_POINT('',(0.0624995,0.034575,0.003175));
#19465=CARTESIAN_POINT('',(0.0624995,0.034575,0.003175));
#19466=CARTESIAN_POINT('',(0.0629995,0.027075,0.003175));
#19467=CARTESIAN_POINT('',(0.0629995,0.027075,0.0015875));
#19468=CARTESIAN_POINT('',(0.0629995,0.020075,0.0015875));
#19469=CARTESIAN_POINT('',(0.0629995,0.020075,0.003175));
#19470=CARTESIAN_POINT('',(0.0629995,0.020075,0.003175));
#19471=CARTESIAN_POINT('',(0.0629995,0.027075,0.003175));
#19472=CARTESIAN_POINT('',(0.0624995,0.020075,0.003175));
#19473=CARTESIAN_POINT('',(0.0624995,0.020075,0.0015875));
#19474=CARTESIAN_POINT('',(0.0624995,0.019575,0.0015875));
#19475=CARTESIAN_POINT('',(0.0624995,0.019575,0.003175));
#19476=CARTESIAN_POINT('',(0.0624995,0.019575,0.003175));
#19477=CARTESIAN_POINT('',(0.0624995,0.020075,0.003175));
#19478=CARTESIAN_POINT('',(0.0594995,0.019575,0.003175));
#19479=CARTESIAN_POINT('',(0.0594995,0.019575,0.0015875));
#19480=CARTESIAN_POINT('',(0.0564995,0.019575,0.0015875));
#19481=CARTESIAN_POINT('',(0.0564995,0.019575,0.003175));
#19482=CARTESIAN_POINT('',(0.0564995,0.019575,0.003175));
#19483=CARTESIAN_POINT('',(0.0594995,0.019575,0.003175));
#19484=CARTESIAN_POINT('',(0.0564995,0.020075,0.003175));
#19485=CARTESIAN_POINT('',(0.0564995,0.020075,0.0015875));
#19486=CARTESIAN_POINT('',(0.0559995,0.020075,0.0015875));
#19487=CARTESIAN_POINT('',(0.0559995,0.020075,0.003175));
#19488=CARTESIAN_POINT('',(0.0559995,0.020075,0.003175));
#19489=CARTESIAN_POINT('',(0.0564995,0.020075,0.003175));
#19490=CARTESIAN_POINT('',(0.0559995,0.027075,0.003175));
#19491=CARTESIAN_POINT('',(0.0559995,0.027075,0.0015875));
#19492=CARTESIAN_POINT('',(0.0559995,0.034075,0.0015875));
#19493=CARTESIAN_POINT('',(0.0559995,0.034075,0.003175));
#19494=CARTESIAN_POINT('',(0.0559995,0.034075,0.003175));
#19495=CARTESIAN_POINT('',(0.0559995,0.027075,0.003175));
#19496=CARTESIAN_POINT('',(0.0564995,0.034075,0.003175));
#19497=CARTESIAN_POINT('',(0.0564995,0.034075,0.0015875));
#19498=CARTESIAN_POINT('',(0.0564995,0.034575,0.0015875));
#19499=CARTESIAN_POINT('',(0.0564995,0.034575,0.003175));
#19500=CARTESIAN_POINT('',(0.0564995,0.034575,0.003175));
#19501=CARTESIAN_POINT('',(0.0564995,0.034075,0.003175));
#19502=CARTESIAN_POINT('',(0.1350875,0.016025,0.003175));
#19503=CARTESIAN_POINT('',(0.1350875,0.016025,0.0015875));
#19504=CARTESIAN_POINT('',(0.1355875,0.016025,0.0015875));
#19505=CARTESIAN_POINT('',(0.1350875,0.016525,0.0015875));
#19506=CARTESIAN_POINT('',(0.1355875,0.016025,0.003175));
#19507=CARTESIAN_POINT('',(0.1355875,0.016025,0.003175));
#19508=CARTESIAN_POINT('',(0.1350875,0.016025,0.003175));
#19509=CARTESIAN_POINT('',(0.1350875,0.016525,0.003175));
#19510=CARTESIAN_POINT('',(0.1350875,0.016525,0.003175));
#19511=CARTESIAN_POINT('',(0.1355875,0.009525,0.003175));
#19512=CARTESIAN_POINT('',(0.1355875,0.009525,0.0015875));
#19513=CARTESIAN_POINT('',(0.1355875,0.003025,0.0015875));
#19514=CARTESIAN_POINT('',(0.1355875,0.003025,0.003175));
#19515=CARTESIAN_POINT('',(0.1355875,0.003025,0.003175));
#19516=CARTESIAN_POINT('',(0.1355875,0.009525,0.003175));
#19517=CARTESIAN_POINT('',(0.1350875,0.003025,0.003175));
#19518=CARTESIAN_POINT('',(0.1350875,0.003025,0.0015875));
#19519=CARTESIAN_POINT('',(0.1350875,0.002525,0.0015875));
#19520=CARTESIAN_POINT('',(0.1350875,0.002525,0.003175));
#19521=CARTESIAN_POINT('',(0.1350875,0.002525,0.003175));
#19522=CARTESIAN_POINT('',(0.1350875,0.003025,0.003175));
#19523=CARTESIAN_POINT('',(0.1285875,0.002525,0.003175));
#19524=CARTESIAN_POINT('',(0.1285875,0.002525,0.0015875));
#19525=CARTESIAN_POINT('',(0.1220875,0.002525,0.0015875));
#19526=CARTESIAN_POINT('',(0.1220875,0.002525,0.003175));
#19527=CARTESIAN_POINT('',(0.1220875,0.002525,0.003175));
#19528=CARTESIAN_POINT('',(0.1285875,0.002525,0.003175));
#19529=CARTESIAN_POINT('',(0.1220875,0.00302499999999996,0.003175));
#19530=CARTESIAN_POINT('',(0.1220875,0.00302499999999996,0.0015875));
#19531=CARTESIAN_POINT('',(0.1215875,0.003025,0.0015875));
#19532=CARTESIAN_POINT('',(0.1215875,0.003025,0.003175));
#19533=CARTESIAN_POINT('',(0.1215875,0.003025,0.003175));
#19534=CARTESIAN_POINT('',(0.1220875,0.00302499999999996,0.003175));
#19535=CARTESIAN_POINT('',(0.1215875,0.009525,0.003175));
#19536=CARTESIAN_POINT('',(0.1215875,0.009525,0.0015875));
#19537=CARTESIAN_POINT('',(0.1215875,0.016025,0.0015875));
#19538=CARTESIAN_POINT('',(0.1215875,0.016025,0.003175));
#19539=CARTESIAN_POINT('',(0.1215875,0.016025,0.003175));
#19540=CARTESIAN_POINT('',(0.1215875,0.009525,0.003175));
#19541=CARTESIAN_POINT('',(0.1220875,0.016025,0.003175));
#19542=CARTESIAN_POINT('',(0.1220875,0.016025,0.0015875));
#19543=CARTESIAN_POINT('',(0.1220875,0.016525,0.0015875));
#19544=CARTESIAN_POINT('',(0.1220875,0.016525,0.003175));
#19545=CARTESIAN_POINT('',(0.1220875,0.016525,0.003175));
#19546=CARTESIAN_POINT('',(0.1220875,0.016025,0.003175));
#19547=CARTESIAN_POINT('',(0.1541375,0.0588875,0.003175));
#19548=CARTESIAN_POINT('',(0.1541375,0.0588875,0.0015875));
#19549=CARTESIAN_POINT('',(0.1546375,0.0588875,0.0015875));
#19550=CARTESIAN_POINT('',(0.1541375,0.0593875,0.0015875));
#19551=CARTESIAN_POINT('',(0.1546375,0.0588875,0.003175));
#19552=CARTESIAN_POINT('',(0.1546375,0.0588875,0.003175));
#19553=CARTESIAN_POINT('',(0.1541375,0.0588875,0.003175));
#19554=CARTESIAN_POINT('',(0.1541375,0.0593875,0.003175));
#19555=CARTESIAN_POINT('',(0.1541375,0.0593875,0.003175));
#19556=CARTESIAN_POINT('',(0.1546375,0.0523875,0.003175));
#19557=CARTESIAN_POINT('',(0.1546375,0.0523875,0.0015875));
#19558=CARTESIAN_POINT('',(0.1546375,0.0458875,0.0015875));
#19559=CARTESIAN_POINT('',(0.1546375,0.0458875,0.003175));
#19560=CARTESIAN_POINT('',(0.1546375,0.0458875,0.003175));
#19561=CARTESIAN_POINT('',(0.1546375,0.0523875,0.003175));
#19562=CARTESIAN_POINT('',(0.1541375,0.0458875,0.003175));
#19563=CARTESIAN_POINT('',(0.1541375,0.0458875,0.0015875));
#19564=CARTESIAN_POINT('',(0.1541375,0.0453875,0.0015875));
#19565=CARTESIAN_POINT('',(0.1541375,0.0453875,0.003175));
#19566=CARTESIAN_POINT('',(0.1541375,0.0453875,0.003175));
#19567=CARTESIAN_POINT('',(0.1541375,0.0458875,0.003175));
#19568=CARTESIAN_POINT('',(0.1476375,0.0453875,0.003175));
#19569=CARTESIAN_POINT('',(0.1476375,0.0453875,0.0015875));
#19570=CARTESIAN_POINT('',(0.1411375,0.0453875,0.0015875));
#19571=CARTESIAN_POINT('',(0.1411375,0.0453875,0.003175));
#19572=CARTESIAN_POINT('',(0.1411375,0.0453875,0.003175));
#19573=CARTESIAN_POINT('',(0.1476375,0.0453875,0.003175));
#19574=CARTESIAN_POINT('',(0.1411375,0.0458875,0.003175));
#19575=CARTESIAN_POINT('',(0.1411375,0.0458875,0.0015875));
#19576=CARTESIAN_POINT('',(0.1406375,0.0458875,0.0015875));
#19577=CARTESIAN_POINT('',(0.1406375,0.0458875,0.003175));
#19578=CARTESIAN_POINT('',(0.1406375,0.0458875,0.003175));
#19579=CARTESIAN_POINT('',(0.1411375,0.0458875,0.003175));
#19580=CARTESIAN_POINT('',(0.1406375,0.0523875,0.003175));
#19581=CARTESIAN_POINT('',(0.1406375,0.0523875,0.0015875));
#19582=CARTESIAN_POINT('',(0.1406375,0.0588875,0.0015875));
#19583=CARTESIAN_POINT('',(0.1406375,0.0588875,0.003175));
#19584=CARTESIAN_POINT('',(0.1406375,0.0588875,0.003175));
#19585=CARTESIAN_POINT('',(0.1406375,0.0523875,0.003175));
#19586=CARTESIAN_POINT('',(0.1411375,0.0588875,0.003175));
#19587=CARTESIAN_POINT('',(0.1411375,0.0588875,0.0015875));
#19588=CARTESIAN_POINT('',(0.1411375,0.0593875,0.0015875));
#19589=CARTESIAN_POINT('',(0.1411375,0.0593875,0.003175));
#19590=CARTESIAN_POINT('',(0.1411375,0.0593875,0.003175));
#19591=CARTESIAN_POINT('',(0.1411375,0.0588875,0.003175));
#19592=CARTESIAN_POINT('',(0.1601875,0.022075,0.003175));
#19593=CARTESIAN_POINT('',(0.1601875,0.022075,0.0015875));
#19594=CARTESIAN_POINT('',(0.1596875,0.022075,0.0015875));
#19595=CARTESIAN_POINT('',(0.1601875,0.021575,0.0015875));
#19596=CARTESIAN_POINT('',(0.1596875,0.022075,0.003175));
#19597=CARTESIAN_POINT('',(0.1596875,0.022075,0.003175));
#19598=CARTESIAN_POINT('',(0.1601875,0.022075,0.003175));
#19599=CARTESIAN_POINT('',(0.1601875,0.021575,0.003175));
#19600=CARTESIAN_POINT('',(0.1601875,0.021575,0.003175));
#19601=CARTESIAN_POINT('',(0.1596875,0.028575,0.003175));
#19602=CARTESIAN_POINT('',(0.1596875,0.028575,0.0015875));
#19603=CARTESIAN_POINT('',(0.1596875,0.035075,0.0015875));
#19604=CARTESIAN_POINT('',(0.1596875,0.035075,0.003175));
#19605=CARTESIAN_POINT('',(0.1596875,0.035075,0.003175));
#19606=CARTESIAN_POINT('',(0.1596875,0.028575,0.003175));
#19607=CARTESIAN_POINT('',(0.1601875,0.035075,0.003175));
#19608=CARTESIAN_POINT('',(0.1601875,0.035075,0.0015875));
#19609=CARTESIAN_POINT('',(0.1601875,0.035575,0.0015875));
#19610=CARTESIAN_POINT('',(0.1601875,0.035575,0.003175));
#19611=CARTESIAN_POINT('',(0.1601875,0.035575,0.003175));
#19612=CARTESIAN_POINT('',(0.1601875,0.035075,0.003175));
#19613=CARTESIAN_POINT('',(0.1666875,0.035575,0.003175));
#19614=CARTESIAN_POINT('',(0.1666875,0.035575,0.0015875));
#19615=CARTESIAN_POINT('',(0.1731875,0.035575,0.0015875));
#19616=CARTESIAN_POINT('',(0.1731875,0.035575,0.003175));
#19617=CARTESIAN_POINT('',(0.1731875,0.035575,0.003175));
#19618=CARTESIAN_POINT('',(0.1666875,0.035575,0.003175));
#19619=CARTESIAN_POINT('',(0.1731875,0.035075,0.003175));
#19620=CARTESIAN_POINT('',(0.1731875,0.035075,0.0015875));
#19621=CARTESIAN_POINT('',(0.1736875,0.035075,0.0015875));
#19622=CARTESIAN_POINT('',(0.1736875,0.035075,0.003175));
#19623=CARTESIAN_POINT('',(0.1736875,0.035075,0.003175));
#19624=CARTESIAN_POINT('',(0.1731875,0.035075,0.003175));
#19625=CARTESIAN_POINT('',(0.1736875,0.028575,0.003175));
#19626=CARTESIAN_POINT('',(0.1736875,0.028575,0.0015875));
#19627=CARTESIAN_POINT('',(0.1736875,0.022075,0.0015875));
#19628=CARTESIAN_POINT('',(0.1736875,0.022075,0.003175));
#19629=CARTESIAN_POINT('',(0.1736875,0.022075,0.003175));
#19630=CARTESIAN_POINT('',(0.1736875,0.028575,0.003175));
#19631=CARTESIAN_POINT('',(0.1731875,0.022075,0.003175));
#19632=CARTESIAN_POINT('',(0.1731875,0.022075,0.0015875));
#19633=CARTESIAN_POINT('',(0.1731875,0.021575,0.0015875));
#19634=CARTESIAN_POINT('',(0.1731875,0.021575,0.003175));
#19635=CARTESIAN_POINT('',(0.1731875,0.021575,0.003175));
#19636=CARTESIAN_POINT('',(0.1731875,0.022075,0.003175));
#19637=CARTESIAN_POINT('',(0.0493625,0.0588875,0.003175));
#19638=CARTESIAN_POINT('',(0.0493625,0.0588875,0.0015875));
#19639=CARTESIAN_POINT('',(0.0498625,0.0588875,0.0015875));
#19640=CARTESIAN_POINT('',(0.0493625,0.0593875,0.0015875));
#19641=CARTESIAN_POINT('',(0.0498625,0.0588875,0.003175));
#19642=CARTESIAN_POINT('',(0.0498625,0.0588875,0.003175));
#19643=CARTESIAN_POINT('',(0.0493625,0.0588875,0.003175));
#19644=CARTESIAN_POINT('',(0.0493625,0.0593875,0.003175));
#19645=CARTESIAN_POINT('',(0.0493625,0.0593875,0.003175));
#19646=CARTESIAN_POINT('',(0.0498625,0.0523875,0.003175));
#19647=CARTESIAN_POINT('',(0.0498625,0.0523875,0.0015875));
#19648=CARTESIAN_POINT('',(0.0498625,0.0458875,0.0015875));
#19649=CARTESIAN_POINT('',(0.0498625,0.0458875,0.003175));
#19650=CARTESIAN_POINT('',(0.0498625,0.0458875,0.003175));
#19651=CARTESIAN_POINT('',(0.0498625,0.0523875,0.003175));
#19652=CARTESIAN_POINT('',(0.0493625,0.0458875,0.003175));
#19653=CARTESIAN_POINT('',(0.0493625,0.0458875,0.0015875));
#19654=CARTESIAN_POINT('',(0.0493625,0.0453875,0.0015875));
#19655=CARTESIAN_POINT('',(0.0493625,0.0453875,0.003175));
#19656=CARTESIAN_POINT('',(0.0493625,0.0453875,0.003175));
#19657=CARTESIAN_POINT('',(0.0493625,0.0458875,0.003175));
#19658=CARTESIAN_POINT('',(0.0428625,0.0453875,0.003175));
#19659=CARTESIAN_POINT('',(0.0428625,0.0453875,0.0015875));
#19660=CARTESIAN_POINT('',(0.0363625,0.0453875,0.0015875));
#19661=CARTESIAN_POINT('',(0.0363625,0.0453875,0.003175));
#19662=CARTESIAN_POINT('',(0.0363625,0.0453875,0.003175));
#19663=CARTESIAN_POINT('',(0.0428625,0.0453875,0.003175));
#19664=CARTESIAN_POINT('',(0.0363625,0.0458875,0.003175));
#19665=CARTESIAN_POINT('',(0.0363625,0.0458875,0.0015875));
#19666=CARTESIAN_POINT('',(0.0358625,0.0458875,0.0015875));
#19667=CARTESIAN_POINT('',(0.0358625,0.0458875,0.003175));
#19668=CARTESIAN_POINT('',(0.0358625,0.0458875,0.003175));
#19669=CARTESIAN_POINT('',(0.0363625,0.0458875,0.003175));
#19670=CARTESIAN_POINT('',(0.0358625,0.0523875,0.003175));
#19671=CARTESIAN_POINT('',(0.0358625,0.0523875,0.0015875));
#19672=CARTESIAN_POINT('',(0.0358625,0.0588875,0.0015875));
#19673=CARTESIAN_POINT('',(0.0358625,0.0588875,0.003175));
#19674=CARTESIAN_POINT('',(0.0358625,0.0588875,0.003175));
#19675=CARTESIAN_POINT('',(0.0358625,0.0523875,0.003175));
#19676=CARTESIAN_POINT('',(0.0363625,0.0588875,0.003175));
#19677=CARTESIAN_POINT('',(0.0363625,0.0588875,0.0015875));
#19678=CARTESIAN_POINT('',(0.0363625,0.0593875,0.0015875));
#19679=CARTESIAN_POINT('',(0.0363625,0.0593875,0.003175));
#19680=CARTESIAN_POINT('',(0.0363625,0.0593875,0.003175));
#19681=CARTESIAN_POINT('',(0.0363625,0.0588875,0.003175));
#19682=CARTESIAN_POINT('',(0.1541375,0.016025,0.003175));
#19683=CARTESIAN_POINT('',(0.1541375,0.016025,0.0015875));
#19684=CARTESIAN_POINT('',(0.1546375,0.016025,0.0015875));
#19685=CARTESIAN_POINT('',(0.1541375,0.016525,0.0015875));
#19686=CARTESIAN_POINT('',(0.1546375,0.016025,0.003175));
#19687=CARTESIAN_POINT('',(0.1546375,0.016025,0.003175));
#19688=CARTESIAN_POINT('',(0.1541375,0.016025,0.003175));
#19689=CARTESIAN_POINT('',(0.1541375,0.016525,0.003175));
#19690=CARTESIAN_POINT('',(0.1541375,0.016525,0.003175));
#19691=CARTESIAN_POINT('',(0.1546375,0.009525,0.003175));
#19692=CARTESIAN_POINT('',(0.1546375,0.009525,0.0015875));
#19693=CARTESIAN_POINT('',(0.1546375,0.003025,0.0015875));
#19694=CARTESIAN_POINT('',(0.1546375,0.003025,0.003175));
#19695=CARTESIAN_POINT('',(0.1546375,0.003025,0.003175));
#19696=CARTESIAN_POINT('',(0.1546375,0.009525,0.003175));
#19697=CARTESIAN_POINT('',(0.1541375,0.003025,0.003175));
#19698=CARTESIAN_POINT('',(0.1541375,0.003025,0.0015875));
#19699=CARTESIAN_POINT('',(0.1541375,0.002525,0.0015875));
#19700=CARTESIAN_POINT('',(0.1541375,0.002525,0.003175));
#19701=CARTESIAN_POINT('',(0.1541375,0.002525,0.003175));
#19702=CARTESIAN_POINT('',(0.1541375,0.003025,0.003175));
#19703=CARTESIAN_POINT('',(0.1476375,0.002525,0.003175));
#19704=CARTESIAN_POINT('',(0.1476375,0.002525,0.0015875));
#19705=CARTESIAN_POINT('',(0.1411375,0.002525,0.0015875));
#19706=CARTESIAN_POINT('',(0.1411375,0.002525,0.003175));
#19707=CARTESIAN_POINT('',(0.1411375,0.002525,0.003175));
#19708=CARTESIAN_POINT('',(0.1476375,0.002525,0.003175));
#19709=CARTESIAN_POINT('',(0.1411375,0.003025,0.003175));
#19710=CARTESIAN_POINT('',(0.1411375,0.003025,0.0015875));
#19711=CARTESIAN_POINT('',(0.1406375,0.003025,0.0015875));
#19712=CARTESIAN_POINT('',(0.1406375,0.003025,0.003175));
#19713=CARTESIAN_POINT('',(0.1406375,0.003025,0.003175));
#19714=CARTESIAN_POINT('',(0.1411375,0.003025,0.003175));
#19715=CARTESIAN_POINT('',(0.1406375,0.009525,0.003175));
#19716=CARTESIAN_POINT('',(0.1406375,0.009525,0.0015875));
#19717=CARTESIAN_POINT('',(0.1406375,0.016025,0.0015875));
#19718=CARTESIAN_POINT('',(0.1406375,0.016025,0.003175));
#19719=CARTESIAN_POINT('',(0.1406375,0.016025,0.003175));
#19720=CARTESIAN_POINT('',(0.1406375,0.009525,0.003175));
#19721=CARTESIAN_POINT('',(0.1411375,0.016025,0.003175));
#19722=CARTESIAN_POINT('',(0.1411375,0.016025,0.0015875));
#19723=CARTESIAN_POINT('',(0.1411375,0.016525,0.0015875));
#19724=CARTESIAN_POINT('',(0.1411375,0.016525,0.003175));
#19725=CARTESIAN_POINT('',(0.1411375,0.016525,0.003175));
#19726=CARTESIAN_POINT('',(0.1411375,0.016025,0.003175));
#19727=CARTESIAN_POINT('',(0.1666875,-0.016525,0.003175));
#19728=CARTESIAN_POINT('',(0.1666875,-0.016525,0.0015875));
#19729=CARTESIAN_POINT('',(0.1601875,-0.016525,0.0015875));
#19730=CARTESIAN_POINT('',(0.1731875,-0.016525,0.0015875));
#19731=CARTESIAN_POINT('',(0.1601875,-0.016525,0.003175));
#19732=CARTESIAN_POINT('',(0.1601875,-0.016525,0.003175));
#19733=CARTESIAN_POINT('',(0.1666875,-0.016525,0.003175));
#19734=CARTESIAN_POINT('',(0.1731875,-0.016525,0.003175));
#19735=CARTESIAN_POINT('',(0.1731875,-0.016525,0.003175));
#19736=CARTESIAN_POINT('',(0.1601875,-0.016025,0.003175));
#19737=CARTESIAN_POINT('',(0.1601875,-0.016025,0.0015875));
#19738=CARTESIAN_POINT('',(0.1596875,-0.016025,0.0015875));
#19739=CARTESIAN_POINT('',(0.1596875,-0.016025,0.003175));
#19740=CARTESIAN_POINT('',(0.1596875,-0.016025,0.003175));
#19741=CARTESIAN_POINT('',(0.1601875,-0.016025,0.003175));
#19742=CARTESIAN_POINT('',(0.1596875,-0.009525,0.003175));
#19743=CARTESIAN_POINT('',(0.1596875,-0.009525,0.0015875));
#19744=CARTESIAN_POINT('',(0.1596875,-0.003025,0.0015875));
#19745=CARTESIAN_POINT('',(0.1596875,-0.003025,0.003175));
#19746=CARTESIAN_POINT('',(0.1596875,-0.003025,0.003175));
#19747=CARTESIAN_POINT('',(0.1596875,-0.009525,0.003175));
#19748=CARTESIAN_POINT('',(0.1601875,-0.003025,0.003175));
#19749=CARTESIAN_POINT('',(0.1601875,-0.003025,0.0015875));
#19750=CARTESIAN_POINT('',(0.1601875,-0.002525,0.0015875));
#19751=CARTESIAN_POINT('',(0.1601875,-0.002525,0.003175));
#19752=CARTESIAN_POINT('',(0.1601875,-0.002525,0.003175));
#19753=CARTESIAN_POINT('',(0.1601875,-0.003025,0.003175));
#19754=CARTESIAN_POINT('',(0.1666875,-0.002525,0.003175));
#19755=CARTESIAN_POINT('',(0.1666875,-0.002525,0.0015875));
#19756=CARTESIAN_POINT('',(0.1731875,-0.002525,0.0015875));
#19757=CARTESIAN_POINT('',(0.1731875,-0.002525,0.003175));
#19758=CARTESIAN_POINT('',(0.1731875,-0.002525,0.003175));
#19759=CARTESIAN_POINT('',(0.1666875,-0.002525,0.003175));
#19760=CARTESIAN_POINT('',(0.1731875,-0.00302500000000004,0.003175));
#19761=CARTESIAN_POINT('',(0.1731875,-0.00302500000000004,0.0015875));
#19762=CARTESIAN_POINT('',(0.1736875,-0.003025,0.0015875));
#19763=CARTESIAN_POINT('',(0.1736875,-0.003025,0.003175));
#19764=CARTESIAN_POINT('',(0.1736875,-0.003025,0.003175));
#19765=CARTESIAN_POINT('',(0.1731875,-0.00302500000000004,0.003175));
#19766=CARTESIAN_POINT('',(0.1736875,-0.009525,0.003175));
#19767=CARTESIAN_POINT('',(0.1736875,-0.009525,0.0015875));
#19768=CARTESIAN_POINT('',(0.1736875,-0.016025,0.0015875));
#19769=CARTESIAN_POINT('',(0.1736875,-0.016025,0.003175));
#19770=CARTESIAN_POINT('',(0.1736875,-0.016025,0.003175));
#19771=CARTESIAN_POINT('',(0.1736875,-0.009525,0.003175));
#19772=CARTESIAN_POINT('',(0.0238125,0.000416816358776673,0.003175));
#19773=CARTESIAN_POINT('',(0.0238125,0.000416816358776673,0.0015875));
#19774=CARTESIAN_POINT('',(0.0238125,0.01905,0.0015875));
#19775=CARTESIAN_POINT('',(0.0238125,0.,0.0015875));
#19776=CARTESIAN_POINT('',(0.0238125,0.,0.003175));
#19777=CARTESIAN_POINT('',(0.0238125,0.,0.003175));
#19778=CARTESIAN_POINT('',(0.0238125,0.000416816358776673,0.003175));
#19779=CARTESIAN_POINT('',(0.0238125,0.01905,0.003175));
#19780=CARTESIAN_POINT('',(0.0238125,0.01905,0.003175));
#19781=CARTESIAN_POINT('',(0.01666875,7.82844157291374E-18,0.003175));
#19782=CARTESIAN_POINT('',(0.01666875,7.82844157291374E-18,0.0015875));
#19783=CARTESIAN_POINT('',(0.009525,0.,0.0015875));
#19784=CARTESIAN_POINT('',(0.009525,0.,0.003175));
#19785=CARTESIAN_POINT('',(0.009525,0.,0.003175));
#19786=CARTESIAN_POINT('',(0.01666875,7.82844157291374E-18,0.003175));
#19787=CARTESIAN_POINT('',(0.009525,-0.009525,0.003175));
#19788=CARTESIAN_POINT('',(0.009525,-0.009525,0.0015875));
#19789=CARTESIAN_POINT('',(0.009525,-0.01905,0.0015875));
#19790=CARTESIAN_POINT('',(0.009525,-0.01905,0.003175));
#19791=CARTESIAN_POINT('',(0.009525,-0.01905,0.003175));
#19792=CARTESIAN_POINT('',(0.009525,-0.009525,0.003175));
#19793=CARTESIAN_POINT('',(0.00476245592820996,-0.01905,0.003175));
#19794=CARTESIAN_POINT('',(0.00476245592820996,-0.01905,0.0015875));
#19795=CARTESIAN_POINT('',(-8.81435800979824E-8,-0.01905,0.0015875));
#19796=CARTESIAN_POINT('',(-8.81435800979824E-8,-0.01905,0.003175));
#19797=CARTESIAN_POINT('',(-8.81435800979824E-8,-0.01905,0.003175));
#19798=CARTESIAN_POINT('',(0.00476245592820996,-0.01905,0.003175));
#19799=CARTESIAN_POINT('',(-8.81435800981306E-8,-0.0200692672153604,0.003175));
#19800=CARTESIAN_POINT('',(-8.81435800981306E-8,-0.0200692672153604,0.0015875));
#19801=CARTESIAN_POINT('',(-8.814358009818E-8,-0.0210885344307207,0.0015875));
#19802=CARTESIAN_POINT('',(-8.814358009818E-8,-0.0210885344307207,0.003175));
#19803=CARTESIAN_POINT('',(-8.814358009818E-8,-0.0210885344307207,0.003175));
#19804=CARTESIAN_POINT('',(-8.81435800981306E-8,-0.0200692672153604,0.003175));
#19805=CARTESIAN_POINT('',(-4.407179004909E-8,-0.0280817711930568,0.003175));
#19806=CARTESIAN_POINT('',(-4.407179004909E-8,-0.0280817711930568,0.0015875));
#19807=CARTESIAN_POINT('',(1.90636780676953E-8,-0.0381,0.0015875));
#19808=CARTESIAN_POINT('',(1.90636780676953E-8,-0.0381,0.003175));
#19809=CARTESIAN_POINT('',(1.90636780676953E-8,-0.0381,0.003175));
#19810=CARTESIAN_POINT('',(-4.407179004909E-8,-0.0280817711930568,0.003175));
#19811=CARTESIAN_POINT('',(-0.00213723162280462,-0.0381,0.003175));
#19812=CARTESIAN_POINT('',(-0.00213723162280462,-0.0381,0.0015875));
#19813=CARTESIAN_POINT('',(-0.00651577149250391,-0.0381,0.0015875));
#19814=CARTESIAN_POINT('',(-0.00651577149250391,-0.0381,0.003175));
#19815=CARTESIAN_POINT('',(-0.00651577149250391,-0.0381,0.003175));
#19816=CARTESIAN_POINT('',(-0.00213723162280462,-0.0381,0.003175));
#19817=CARTESIAN_POINT('',(-0.00651569824625195,-0.0497225908088158,0.003175));
#19818=CARTESIAN_POINT('',(-0.00651569824625195,-0.0497225908088158,0.0015875));
#19819=CARTESIAN_POINT('',(-0.006515625,-0.0613451816176317,0.0015875));
#19820=CARTESIAN_POINT('',(-0.006515625,-0.0613451816176317,0.003175));
#19821=CARTESIAN_POINT('',(-0.006515625,-0.0613451816176317,0.003175));
#19822=CARTESIAN_POINT('',(-0.00651569824625195,-0.0497225908088158,0.003175));
#19823=CARTESIAN_POINT('',(0.0203615190992501,-0.0613450122362862,0.003175));
#19824=CARTESIAN_POINT('',(0.0203615190992501,-0.0613450122362862,0.0015875));
#19825=CARTESIAN_POINT('',(0.0472386631985001,-0.0613448428549407,0.0015875));
#19826=CARTESIAN_POINT('',(0.0472386631985001,-0.0613448428549407,0.003175));
#19827=CARTESIAN_POINT('',(0.0472386631985001,-0.0613448428549407,0.003175));
#19828=CARTESIAN_POINT('',(0.0203615190992501,-0.0613450122362862,0.003175));
#19829=CARTESIAN_POINT('',(0.0496126287443613,-0.0637188084008019,0.003175));
#19830=CARTESIAN_POINT('',(0.0496126287443613,-0.0637188084008019,0.0015875));
#19831=CARTESIAN_POINT('',(0.0519865942902224,-0.066092773946663,0.0015875));
#19832=CARTESIAN_POINT('',(0.0519865942902224,-0.066092773946663,0.003175));
#19833=CARTESIAN_POINT('',(0.0519865942902224,-0.066092773946663,0.003175));
#19834=CARTESIAN_POINT('',(0.0496126287443613,-0.0637188084008019,0.003175));
#19835=CARTESIAN_POINT('',(0.0675414727495522,-0.066092773946663,0.003175));
#19836=CARTESIAN_POINT('',(0.0675414727495522,-0.066092773946663,0.0015875));
#19837=CARTESIAN_POINT('',(0.0830963512088819,-0.066092773946663,0.0015875));
#19838=CARTESIAN_POINT('',(0.0830963512088819,-0.066092773946663,0.003175));
#19839=CARTESIAN_POINT('',(0.0830963512088819,-0.066092773946663,0.003175));
#19840=CARTESIAN_POINT('',(0.0675414727495522,-0.066092773946663,0.003175));
#19841=CARTESIAN_POINT('',(0.0830963512088819,-0.062925193946663,0.003175));
#19842=CARTESIAN_POINT('',(0.0830963512088819,-0.062925193946663,0.0015875));
#19843=CARTESIAN_POINT('',(0.0855038600895481,-0.0649837040986695,0.0015875));
#19844=CARTESIAN_POINT('',(0.0855038600895481,-0.0649837040986695,0.003175));
#19845=CARTESIAN_POINT('',(0.0855038600895481,-0.0649837040986695,0.003175));
#19846=CARTESIAN_POINT('',(0.0830963512088819,-0.062925193946663,0.003175));
#19847=CARTESIAN_POINT('',(0.0876185559289166,-0.0661338841147775,0.003175));
#19848=CARTESIAN_POINT('',(0.0876185559289166,-0.0661338841147775,0.0015875));
#19849=CARTESIAN_POINT('',(0.0858344874654815,-0.0645177305700077,0.0015875));
#19850=CARTESIAN_POINT('',(0.0858344874654815,-0.0645177305700077,0.003175));
#19851=CARTESIAN_POINT('',(0.0858344874654815,-0.0645177305700077,0.003175));
#19852=CARTESIAN_POINT('',(0.0876185559289166,-0.0661338841147775,0.003175));
#19853=CARTESIAN_POINT('',(0.0905257869325311,-0.0687674891519464,0.003175));
#19854=CARTESIAN_POINT('',(0.0905257869325311,-0.0687674891519464,0.0015875));
#19855=CARTESIAN_POINT('',(0.0955164827274015,-0.0648736871311234,0.0015875));
#19856=CARTESIAN_POINT('',(0.0955164827274015,-0.0648736871311234,0.003175));
#19857=CARTESIAN_POINT('',(0.0955164827274015,-0.0648736871311234,0.003175));
#19858=CARTESIAN_POINT('',(0.0905257869325311,-0.0687674891519464,0.003175));
#19859=CARTESIAN_POINT('',(0.0980138673061678,-0.062925197076978,0.003175));
#19860=CARTESIAN_POINT('',(0.0980138673061678,-0.062925197076978,0.0015875));
#19861=CARTESIAN_POINT('',(0.0980138673061678,-0.066092773946663,0.0015875));
#19862=CARTESIAN_POINT('',(0.0980138673061678,-0.066092773946663,0.003175));
#19863=CARTESIAN_POINT('',(0.0980138673061678,-0.066092773946663,0.003175));
#19864=CARTESIAN_POINT('',(0.0980138673061678,-0.062925197076978,0.003175));
#19865=CARTESIAN_POINT('',(0.108723636507972,-0.066092773946663,0.003175));
#19866=CARTESIAN_POINT('',(0.108723636507972,-0.066092773946663,0.0015875));
#19867=CARTESIAN_POINT('',(0.119433405709777,-0.066092773946663,0.0015875));
#19868=CARTESIAN_POINT('',(0.119433405709777,-0.066092773946663,0.003175));
#19869=CARTESIAN_POINT('',(0.119433405709777,-0.066092773946663,0.003175));
#19870=CARTESIAN_POINT('',(0.108723636507972,-0.066092773946663,0.003175));
#19871=CARTESIAN_POINT('',(0.121807613705797,-0.0637185659506431,0.003175));
#19872=CARTESIAN_POINT('',(0.121807613705797,-0.0637185659506431,0.0015875));
#19873=CARTESIAN_POINT('',(0.124181821701817,-0.0613443579546232,0.0015875));
#19874=CARTESIAN_POINT('',(0.124181821701817,-0.0613443579546232,0.003175));
#19875=CARTESIAN_POINT('',(0.124181821701817,-0.0613443579546232,0.003175));
#19876=CARTESIAN_POINT('',(0.121807613705797,-0.0637185659506431,0.003175));
#19877=CARTESIAN_POINT('',(0.159722160850909,-0.0613441339773122,0.003175));
#19878=CARTESIAN_POINT('',(0.159722160850909,-0.0613441339773122,0.0015875));
#19879=CARTESIAN_POINT('',(0.1952625,-0.06134391,0.0015875));
#19880=CARTESIAN_POINT('',(0.1952625,-0.06134391,0.003175));
#19881=CARTESIAN_POINT('',(0.1952625,-0.06134391,0.003175));
#19882=CARTESIAN_POINT('',(0.159722160850909,-0.0613441339773122,0.003175));
#19883=CARTESIAN_POINT('',(0.195391826450579,-0.06134391,0.003175));
#19884=CARTESIAN_POINT('',(0.195391826450579,-0.06134391,0.0015875));
#19885=CARTESIAN_POINT('',(0.195521152901158,-0.06134391,0.0015875));
#19886=CARTESIAN_POINT('',(0.195521152901158,-0.06134391,0.003175));
#19887=CARTESIAN_POINT('',(0.195521152901158,-0.06134391,0.003175));
#19888=CARTESIAN_POINT('',(0.195391826450579,-0.06134391,0.003175));
#19889=CARTESIAN_POINT('',(0.195521152901158,-0.05984391,0.003175));
#19890=CARTESIAN_POINT('',(0.195521152901158,-0.05984391,0.0015875));
#19891=CARTESIAN_POINT('',(0.197021152901158,-0.05984391,0.0015875));
#19892=CARTESIAN_POINT('',(0.197021152901158,-0.05984391,0.003175));
#19893=CARTESIAN_POINT('',(0.197021152901158,-0.05984391,0.003175));
#19894=CARTESIAN_POINT('',(0.195521152901158,-0.05984391,0.003175));
#19895=CARTESIAN_POINT('',(0.197021152901158,0.00156483150000007,0.003175));
#19896=CARTESIAN_POINT('',(0.197021152901158,0.00156483150000007,0.0015875));
#19897=CARTESIAN_POINT('',(0.197021152901158,0.0629735730000001,0.0015875));
#19898=CARTESIAN_POINT('',(0.197021152901158,0.0629735730000001,0.003175));
#19899=CARTESIAN_POINT('',(0.197021152901158,0.0629735730000001,0.003175));
#19900=CARTESIAN_POINT('',(0.197021152901158,0.00156483150000007,0.003175));
#19901=CARTESIAN_POINT('',(0.195521152901158,0.0629735730000002,0.003175));
#19902=CARTESIAN_POINT('',(0.195521152901158,0.0629735730000002,0.0015875));
#19903=CARTESIAN_POINT('',(0.195521152901158,0.0644735730000001,0.0015875));
#19904=CARTESIAN_POINT('',(0.195521152901158,0.0644735730000001,0.003175));
#19905=CARTESIAN_POINT('',(0.195521152901158,0.0644735730000001,0.003175));
#19906=CARTESIAN_POINT('',(0.195521152901158,0.0629735730000002,0.003175));
#19907=CARTESIAN_POINT('',(0.114429326450579,0.0644735730000001,0.003175));
#19908=CARTESIAN_POINT('',(0.114429326450579,0.0644735730000001,0.0015875));
#19909=CARTESIAN_POINT('',(0.0333375,0.0644735730000001,0.0015875));
#19910=CARTESIAN_POINT('',(0.0333375,0.0644735730000001,0.003175));
#19911=CARTESIAN_POINT('',(0.0333375,0.0644735730000001,0.003175));
#19912=CARTESIAN_POINT('',(0.114429326450579,0.0644735730000001,0.003175));
#19913=CARTESIAN_POINT('',(0.0333375,0.0516621022814555,0.003175));
#19914=CARTESIAN_POINT('',(0.0333375,0.0516621022814555,0.0015875));
#19915=CARTESIAN_POINT('',(0.0333375,0.01905,0.0015875));
#19916=CARTESIAN_POINT('',(0.0333375,0.01905,0.003175));
#19917=CARTESIAN_POINT('',(0.0333375,0.01905,0.003175));
#19918=CARTESIAN_POINT('',(0.0333375,0.0516621022814555,0.003175));
#19919=CARTESIAN_POINT('',(0.1596875,0.009525,0.003175));
#19920=CARTESIAN_POINT('',(0.1596875,0.009525,0.0015875));
#19921=CARTESIAN_POINT('',(0.1596875,0.009525,0.003175));
#19922=CARTESIAN_POINT('',(0.1476375,-0.021575,0.003175));
#19923=CARTESIAN_POINT('',(0.1476375,-0.021575,0.0015875));
#19924=CARTESIAN_POINT('',(0.1476375,-0.021575,0.003175));
#19925=CARTESIAN_POINT('',(0.1596875,0.0523875,0.003175));
#19926=CARTESIAN_POINT('',(0.1596875,0.0523875,0.0015875));
#19927=CARTESIAN_POINT('',(0.1596875,0.0523875,0.003175));
#19928=CARTESIAN_POINT('',(0.028575,-0.021575,0.003175));
#19929=CARTESIAN_POINT('',(0.028575,-0.021575,0.0015875));
#19930=CARTESIAN_POINT('',(0.028575,-0.021575,0.003175));
#19931=CARTESIAN_POINT('',(0.097775,0.0523875,0.003175));
#19932=CARTESIAN_POINT('',(0.097775,0.0523875,0.0015875));
#19933=CARTESIAN_POINT('',(0.097775,0.0523875,0.003175));
#19934=CARTESIAN_POINT('',(0.0333375,0.016525,0.003175));
#19935=CARTESIAN_POINT('',(0.0333375,0.016525,0.0015875));
#19936=CARTESIAN_POINT('',(0.0333375,0.016525,0.003175));
#19937=CARTESIAN_POINT('',(0.05361825,-0.011025,0.003175));
#19938=CARTESIAN_POINT('',(0.05361825,-0.011025,0.0015875));
#19939=CARTESIAN_POINT('',(0.05361825,-0.011025,0.003175));
#19940=CARTESIAN_POINT('',(0.1917375,0.011938,0.003175));
#19941=CARTESIAN_POINT('',(0.1917375,0.011938,0.0015875));
#19942=CARTESIAN_POINT('',(0.1917375,0.011938,0.003175));
#19943=CARTESIAN_POINT('',(0.04401875,-0.021575,0.003175));
#19944=CARTESIAN_POINT('',(0.04401875,-0.021575,0.0015875));
#19945=CARTESIAN_POINT('',(0.04401875,-0.021575,0.003175));
#19946=CARTESIAN_POINT('',(0.0381,-0.002525,0.003175));
#19947=CARTESIAN_POINT('',(0.0381,-0.002525,0.0015875));
#19948=CARTESIAN_POINT('',(0.0381,-0.002525,0.003175));
#19949=CARTESIAN_POINT('',(0.1553625,-0.047625,0.003175));
#19950=CARTESIAN_POINT('',(0.1553625,-0.047625,0.0015875));
#19951=CARTESIAN_POINT('',(0.1553625,-0.047625,0.003175));
#19952=CARTESIAN_POINT('',(0.1857375,-0.05535,0.003175));
#19953=CARTESIAN_POINT('',(0.1857375,-0.05535,0.0015875));
#19954=CARTESIAN_POINT('',(0.1857375,-0.05535,0.003175));
#19955=CARTESIAN_POINT('',(0.08630625,-0.009525,0.003175));
#19956=CARTESIAN_POINT('',(0.08630625,-0.009525,0.0015875));
#19957=CARTESIAN_POINT('',(0.08630625,-0.009525,0.003175));
#19958=CARTESIAN_POINT('',(0.0453875,0.009525,0.003175));
#19959=CARTESIAN_POINT('',(0.0453875,0.009525,0.0015875));
#19960=CARTESIAN_POINT('',(0.0453875,0.009525,0.003175));
#19961=CARTESIAN_POINT('',(0.06451875,-0.028575,0.003175));
#19962=CARTESIAN_POINT('',(0.06451875,-0.028575,0.0015875));
#19963=CARTESIAN_POINT('',(0.06451875,-0.028575,0.003175));
#19964=CARTESIAN_POINT('',(0.0896875,0.035575,0.003175));
#19965=CARTESIAN_POINT('',(0.0896875,0.035575,0.0015875));
#19966=CARTESIAN_POINT('',(0.0896875,0.035575,0.003175));
#19967=CARTESIAN_POINT('',(0.0833755,0.034575,0.003175));
#19968=CARTESIAN_POINT('',(0.0833755,0.034575,0.0015875));
#19969=CARTESIAN_POINT('',(0.0833755,0.034575,0.003175));
#19970=CARTESIAN_POINT('',(0.04980625,-0.009525,0.003175));
#19971=CARTESIAN_POINT('',(0.04980625,-0.009525,0.0015875));
#19972=CARTESIAN_POINT('',(0.04980625,-0.009525,0.003175));
#19973=CARTESIAN_POINT('',(0.097775,0.028575,0.003175));
#19974=CARTESIAN_POINT('',(0.097775,0.028575,0.0015875));
#19975=CARTESIAN_POINT('',(0.097775,0.028575,0.003175));
#19976=CARTESIAN_POINT('',(0.0549125,0.0523875,0.003175));
#19977=CARTESIAN_POINT('',(0.0549125,0.0523875,0.0015875));
#19978=CARTESIAN_POINT('',(0.0549125,0.0523875,0.003175));
#19979=CARTESIAN_POINT('',(0.0739625,0.0523875,0.003175));
#19980=CARTESIAN_POINT('',(0.0739625,0.0523875,0.0015875));
#19981=CARTESIAN_POINT('',(0.0739625,0.0523875,0.003175));
#19982=CARTESIAN_POINT('',(0.0784375,0.028575,0.003175));
#19983=CARTESIAN_POINT('',(0.0784375,0.028575,0.0015875));
#19984=CARTESIAN_POINT('',(0.0784375,0.028575,0.003175));
#19985=CARTESIAN_POINT('',(0.097775,0.009525,0.003175));
#19986=CARTESIAN_POINT('',(0.097775,0.009525,0.0015875));
#19987=CARTESIAN_POINT('',(0.097775,0.009525,0.003175));
#19988=CARTESIAN_POINT('',(0.1792375,0.0065,0.003175));
#19989=CARTESIAN_POINT('',(0.1792375,0.0065,0.0015875));
#19990=CARTESIAN_POINT('',(0.1792375,0.0065,0.003175));
#19991=CARTESIAN_POINT('',(0.06255625,-0.016025,0.003175));
#19992=CARTESIAN_POINT('',(0.06255625,-0.016025,0.0015875));
#19993=CARTESIAN_POINT('',(0.06255625,-0.016025,0.003175));
#19994=CARTESIAN_POINT('',(0.1215875,0.0523875,0.003175));
#19995=CARTESIAN_POINT('',(0.1215875,0.0523875,0.0015875));
#19996=CARTESIAN_POINT('',(0.1215875,0.0523875,0.003175));
#19997=CARTESIAN_POINT('',(0.06126875,-0.035075,0.003175));
#19998=CARTESIAN_POINT('',(0.06126875,-0.035075,0.0015875));
#19999=CARTESIAN_POINT('',(0.06126875,-0.035075,0.003175));
#20000=CARTESIAN_POINT('',(0.08099425,-0.018525,0.003175));
#20001=CARTESIAN_POINT('',(0.08099425,-0.018525,0.0015875));
#20002=CARTESIAN_POINT('',(0.08099425,-0.018525,0.003175));
#20003=CARTESIAN_POINT('',(0.1285875,0.035575,0.003175));
#20004=CARTESIAN_POINT('',(0.1285875,0.035575,0.0015875));
#20005=CARTESIAN_POINT('',(0.1285875,0.035575,0.003175));
#20006=CARTESIAN_POINT('',(0.01205,-0.009525,0.003175));
#20007=CARTESIAN_POINT('',(0.01205,-0.009525,0.0015875));
#20008=CARTESIAN_POINT('',(0.01205,-0.009525,0.003175));
#20009=CARTESIAN_POINT('',(0.1215875,-0.028575,0.003175));
#20010=CARTESIAN_POINT('',(0.1215875,-0.028575,0.0015875));
#20011=CARTESIAN_POINT('',(0.1215875,-0.028575,0.003175));
#20012=CARTESIAN_POINT('',(0.1215875,-0.009525,0.003175));
#20013=CARTESIAN_POINT('',(0.1215875,-0.009525,0.0015875));
#20014=CARTESIAN_POINT('',(0.1215875,-0.009525,0.003175));
#20015=CARTESIAN_POINT('',(0.0428625,-0.040625,0.003175));
#20016=CARTESIAN_POINT('',(0.0428625,-0.040625,0.0015875));
#20017=CARTESIAN_POINT('',(0.0428625,-0.040625,0.003175));
#20018=CARTESIAN_POINT('',(0.1476375,-0.016525,0.003175));
#20019=CARTESIAN_POINT('',(0.1476375,-0.016525,0.0015875));
#20020=CARTESIAN_POINT('',(0.1476375,-0.016525,0.003175));
#20021=CARTESIAN_POINT('',(0.0173125,-0.054125,0.003175));
#20022=CARTESIAN_POINT('',(0.0173125,-0.054125,0.0015875));
#20023=CARTESIAN_POINT('',(0.0173125,-0.054125,0.003175));
#20024=CARTESIAN_POINT('',(0.1500505,-0.041625,0.003175));
#20025=CARTESIAN_POINT('',(0.1500505,-0.041625,0.0015875));
#20026=CARTESIAN_POINT('',(0.1500505,-0.041625,0.003175));
#20027=CARTESIAN_POINT('',(0.1792375,-0.0446,0.003175));
#20028=CARTESIAN_POINT('',(0.1792375,-0.0446,0.0015875));
#20029=CARTESIAN_POINT('',(0.1792375,-0.0446,0.003175));
#20030=CARTESIAN_POINT('',(0.06495,0.003025,0.003175));
#20031=CARTESIAN_POINT('',(0.06495,0.003025,0.0015875));
#20032=CARTESIAN_POINT('',(0.06495,0.003025,0.003175));
#20033=CARTESIAN_POINT('',(0.1917375,-0.050038,0.003175));
#20034=CARTESIAN_POINT('',(0.1917375,-0.050038,0.0015875));
#20035=CARTESIAN_POINT('',(0.1917375,-0.050038,0.003175));
#20036=CARTESIAN_POINT('',(0.1787375,-0.01825,0.003175));
#20037=CARTESIAN_POINT('',(0.1787375,-0.01825,0.0015875));
#20038=CARTESIAN_POINT('',(0.1787375,-0.01825,0.003175));
#20039=CARTESIAN_POINT('',(0.1198625,-0.054625,0.003175));
#20040=CARTESIAN_POINT('',(0.1198625,-0.054625,0.0015875));
#20041=CARTESIAN_POINT('',(0.1198625,-0.054625,0.003175));
#20042=CARTESIAN_POINT('',(0.1666875,-0.054625,0.003175));
#20043=CARTESIAN_POINT('',(0.1666875,-0.054625,0.0015875));
#20044=CARTESIAN_POINT('',(0.1666875,-0.054625,0.003175));
#20045=CARTESIAN_POINT('',(0.009525,-0.035575,0.003175));
#20046=CARTESIAN_POINT('',(0.009525,-0.035575,0.0015875));
#20047=CARTESIAN_POINT('',(0.009525,-0.035575,0.003175));
#20048=CARTESIAN_POINT('',(0.08745,0.003025,0.003175));
#20049=CARTESIAN_POINT('',(0.08745,0.003025,0.0015875));
#20050=CARTESIAN_POINT('',(0.08745,0.003025,0.003175));
#20051=CARTESIAN_POINT('',(0.0762,0.016525,0.003175));
#20052=CARTESIAN_POINT('',(0.0762,0.016525,0.0015875));
#20053=CARTESIAN_POINT('',(0.0762,0.016525,0.003175));
#20054=CARTESIAN_POINT('',(0.0521875,0.028575,0.003175));
#20055=CARTESIAN_POINT('',(0.0521875,0.028575,0.0015875));
#20056=CARTESIAN_POINT('',(0.0521875,0.028575,0.003175));
#20057=CARTESIAN_POINT('',(0.0358625,0.028575,0.003175));
#20058=CARTESIAN_POINT('',(0.0358625,0.028575,0.0015875));
#20059=CARTESIAN_POINT('',(0.0358625,0.028575,0.003175));
#20060=CARTESIAN_POINT('',(0.078725,-0.0523875,0.003175));
#20061=CARTESIAN_POINT('',(0.078725,-0.0523875,0.0015875));
#20062=CARTESIAN_POINT('',(0.078725,-0.0523875,0.003175));
#20063=CARTESIAN_POINT('',(0.1296745,-0.049125,0.003175));
#20064=CARTESIAN_POINT('',(0.1296745,-0.049125,0.0015875));
#20065=CARTESIAN_POINT('',(0.1296745,-0.049125,0.003175));
#20066=CARTESIAN_POINT('',(0.1857375,0.035575,0.003175));
#20067=CARTESIAN_POINT('',(0.1857375,0.035575,0.0015875));
#20068=CARTESIAN_POINT('',(0.1857375,0.035575,0.003175));
#20069=CARTESIAN_POINT('',(0.1857375,0.01725,0.003175));
#20070=CARTESIAN_POINT('',(0.1857375,0.01725,0.0015875));
#20071=CARTESIAN_POINT('',(0.1857375,0.01725,0.003175));
#20072=CARTESIAN_POINT('',(0.1792375,0.0458875,0.003175));
#20073=CARTESIAN_POINT('',(0.1792375,0.0458875,0.0015875));
#20074=CARTESIAN_POINT('',(0.1792375,0.0458875,0.003175));
#20075=CARTESIAN_POINT('',(0.098275,-0.016025,0.003175));
#20076=CARTESIAN_POINT('',(0.098275,-0.016025,0.0015875));
#20077=CARTESIAN_POINT('',(0.098275,-0.016025,0.003175));
#20078=CARTESIAN_POINT('',(0.1767375,-0.011938,0.003175));
#20079=CARTESIAN_POINT('',(0.1767375,-0.011938,0.0015875));
#20080=CARTESIAN_POINT('',(0.1767375,-0.011938,0.003175));
#20081=CARTESIAN_POINT('',(0.1917375,-0.026162,0.003175));
#20082=CARTESIAN_POINT('',(0.1917375,-0.026162,0.0015875));
#20083=CARTESIAN_POINT('',(0.1917375,-0.026162,0.003175));
#20084=CARTESIAN_POINT('',(0.078725,-0.0333375,0.003175));
#20085=CARTESIAN_POINT('',(0.078725,-0.0333375,0.0015875));
#20086=CARTESIAN_POINT('',(0.078725,-0.0333375,0.003175));
#20087=CARTESIAN_POINT('',(0.1311125,-0.047625,0.003175));
#20088=CARTESIAN_POINT('',(0.1311125,-0.047625,0.0015875));
#20089=CARTESIAN_POINT('',(0.1311125,-0.047625,0.003175));
#20090=CARTESIAN_POINT('',(0.1731875,-0.035075,0.003175));
#20091=CARTESIAN_POINT('',(0.1731875,-0.035075,0.0015875));
#20092=CARTESIAN_POINT('',(0.1731875,-0.035075,0.003175));
#20093=CARTESIAN_POINT('',(0.0117625,-0.047625,0.003175));
#20094=CARTESIAN_POINT('',(0.0117625,-0.047625,0.0015875));
#20095=CARTESIAN_POINT('',(0.0117625,-0.047625,0.003175));
#20096=CARTESIAN_POINT('',(0.111275,-0.0588875,0.003175));
#20097=CARTESIAN_POINT('',(0.111275,-0.0588875,0.0015875));
#20098=CARTESIAN_POINT('',(0.111275,-0.0588875,0.003175));
#20099=CARTESIAN_POINT('',(0.073675,-0.0523875,0.003175));
#20100=CARTESIAN_POINT('',(0.073675,-0.0523875,0.0015875));
#20101=CARTESIAN_POINT('',(0.073675,-0.0523875,0.003175));
#20102=CARTESIAN_POINT('',(0.0594995,0.034575,0.003175));
#20103=CARTESIAN_POINT('',(0.0594995,0.034575,0.0015875));
#20104=CARTESIAN_POINT('',(0.0594995,0.034575,0.003175));
#20105=CARTESIAN_POINT('',(0.1285875,0.016525,0.003175));
#20106=CARTESIAN_POINT('',(0.1285875,0.016525,0.0015875));
#20107=CARTESIAN_POINT('',(0.1285875,0.016525,0.003175));
#20108=CARTESIAN_POINT('',(0.1476375,0.0593875,0.003175));
#20109=CARTESIAN_POINT('',(0.1476375,0.0593875,0.0015875));
#20110=CARTESIAN_POINT('',(0.1476375,0.0593875,0.003175));
#20111=CARTESIAN_POINT('',(0.1666875,0.021575,0.003175));
#20112=CARTESIAN_POINT('',(0.1666875,0.021575,0.0015875));
#20113=CARTESIAN_POINT('',(0.1666875,0.021575,0.003175));
#20114=CARTESIAN_POINT('',(0.0428625,0.0593875,0.003175));
#20115=CARTESIAN_POINT('',(0.0428625,0.0593875,0.0015875));
#20116=CARTESIAN_POINT('',(0.0428625,0.0593875,0.003175));
#20117=CARTESIAN_POINT('',(0.1476375,0.016525,0.003175));
#20118=CARTESIAN_POINT('',(0.1476375,0.016525,0.0015875));
#20119=CARTESIAN_POINT('',(0.1476375,0.016525,0.003175));
#20120=CARTESIAN_POINT('',(0.1731875,-0.016025,0.003175));
#20121=CARTESIAN_POINT('',(0.1731875,-0.016025,0.0015875));
#20122=CARTESIAN_POINT('',(0.1731875,-0.016025,0.003175));
#20123=CARTESIAN_POINT('',(0.0298189530918034,0.01905,0.003175));
#20124=CARTESIAN_POINT('',(0.0298189530918034,0.01905,0.0015875));
#20125=CARTESIAN_POINT('',(0.0298189530918034,0.01905,0.003175));
#20126=CARTESIAN_POINT('',(0.1476375,0.035575,0.003175));
#20127=CARTESIAN_POINT('',(0.1476375,0.035575,0.0015875));
#20128=CARTESIAN_POINT('',(0.1476375,0.035575,0.003175));
#20129=CARTESIAN_POINT('',(-3.14444244207679E-5,0.000836833030907647,0.003175));
#20130=CARTESIAN_POINT('',(-3.14444244207679E-5,0.000836833030907647,0.0015875));
#20131=MECHANICAL_DESIGN_GEOMETRIC_PRESENTATION_REPRESENTATION('',(#11968),
#20132);
#20132=(
GEOMETRIC_REPRESENTATION_CONTEXT(3)
GLOBAL_UNCERTAINTY_ASSIGNED_CONTEXT((#20133))
GLOBAL_UNIT_ASSIGNED_CONTEXT((#20136,#20135,#20134))
REPRESENTATION_CONTEXT('Part 3','TOP_LEVEL_ASSEMBLY_PART')
);
#20133=UNCERTAINTY_MEASURE_WITH_UNIT(LENGTH_MEASURE(1.E-8),#20136,
'DISTANCE_ACCURACY_VALUE','Maximum Tolerance applied to model');
#20134=(
NAMED_UNIT(*)
SI_UNIT($,.STERADIAN.)
SOLID_ANGLE_UNIT()
);
#20135=(
NAMED_UNIT(*)
PLANE_ANGLE_UNIT()
SI_UNIT($,.RADIAN.)
);
#20136=(
LENGTH_UNIT()
NAMED_UNIT(*)
SI_UNIT($,.METRE.)
);
#20137=PRODUCT_DEFINITION_SHAPE('','',#20138);
#20138=PRODUCT_DEFINITION('','',#20140,#20139);
#20139=PRODUCT_DEFINITION_CONTEXT('',#20146,'design');
#20140=PRODUCT_DEFINITION_FORMATION_WITH_SPECIFIED_SOURCE('','',#20142,
 .NOT_KNOWN.);
#20141=PRODUCT_RELATED_PRODUCT_CATEGORY('','',(#20142));
#20142=PRODUCT('Part 3','Part 3','Part 3',(#20144));
#20143=PRODUCT_CATEGORY('','');
#20144=PRODUCT_CONTEXT('',#20146,'mechanical');
#20145=APPLICATION_PROTOCOL_DEFINITION('international standard',
'ap242_managed_model_based_3d_engineering',2020,#20146);
#20146=APPLICATION_CONTEXT('managed model based 3d engineering');
ENDSEC;
END-ISO-10303-21;
