ISO-10303-21;
HEADER;
/* Generated by software containing ST-Developer
 * from STEP Tools, Inc. (www.steptools.com) 
 */
/* OPTION: using custom renumber hook */

FILE_DESCRIPTION(
/* description */ ('STEP AP242 Edition 2',
'CAx-IF Rec.Pracs.---Representation and Presentation of Product Manufa
cturing Information (PMI)---4.0---2014-10-13',
'CAx-IF Rec.Pracs.---3D Tessellated Geometry---0.4---2014-09-14','2;1',
'CAx-IF Rec.Pracs.---User Defined Attributes---1.5---2016-08-15'),
/* implementation_level */ '2;1');

FILE_NAME(
/* name */ 'KEYPLATE - Part 2',
/* time_stamp */ '2026-08-18T01:24:18Z',
/* author */ (''),
/* organization */ (''),
/* preprocessor_version */ 'ST-DEVELOPER v20',
/* originating_system */ 'ONSHAPE BY PTC INC, 1.219',
/* authorisation */ '  ');

FILE_SCHEMA (('AP242_MANAGED_MODEL_BASED_3D_ENGINEERING_MIM_LF { 1 0 10303 442 3 1 4 }'));
ENDSEC;

DATA;
#10=SHAPE_REPRESENTATION_RELATIONSHIP('','',#11166,#11);
#11=ADVANCED_BREP_SHAPE_REPRESENTATION('',(#11164),#18760);
#12=PLANE('',#11171);
#13=PLANE('',#11175);
#14=PLANE('',#11179);
#15=PLANE('',#11186);
#16=PLANE('',#11190);
#17=PLANE('',#11194);
#18=PLANE('',#11201);
#19=PLANE('',#11205);
#20=PLANE('',#11209);
#21=PLANE('',#11216);
#22=PLANE('',#11220);
#23=PLANE('',#11224);
#24=PLANE('',#11231);
#25=PLANE('',#11235);
#26=PLANE('',#11239);
#27=PLANE('',#11246);
#28=PLANE('',#11250);
#29=PLANE('',#11254);
#30=PLANE('',#11261);
#31=PLANE('',#11265);
#32=PLANE('',#11269);
#33=PLANE('',#11276);
#34=PLANE('',#11280);
#35=PLANE('',#11284);
#36=PLANE('',#11291);
#37=PLANE('',#11295);
#38=PLANE('',#11299);
#39=PLANE('',#11306);
#40=PLANE('',#11310);
#41=PLANE('',#11314);
#42=PLANE('',#11321);
#43=PLANE('',#11325);
#44=PLANE('',#11329);
#45=PLANE('',#11336);
#46=PLANE('',#11340);
#47=PLANE('',#11344);
#48=PLANE('',#11351);
#49=PLANE('',#11355);
#50=PLANE('',#11359);
#51=PLANE('',#11366);
#52=PLANE('',#11370);
#53=PLANE('',#11374);
#54=PLANE('',#11381);
#55=PLANE('',#11385);
#56=PLANE('',#11389);
#57=PLANE('',#11396);
#58=PLANE('',#11400);
#59=PLANE('',#11404);
#60=PLANE('',#11411);
#61=PLANE('',#11415);
#62=PLANE('',#11419);
#63=PLANE('',#11426);
#64=PLANE('',#11430);
#65=PLANE('',#11434);
#66=PLANE('',#11441);
#67=PLANE('',#11445);
#68=PLANE('',#11449);
#69=PLANE('',#11456);
#70=PLANE('',#11460);
#71=PLANE('',#11464);
#72=PLANE('',#11468);
#73=PLANE('',#11469);
#74=PLANE('',#11473);
#75=PLANE('',#11477);
#76=PLANE('',#11478);
#77=PLANE('',#11479);
#78=PLANE('',#11480);
#79=PLANE('',#11481);
#80=PLANE('',#11482);
#81=PLANE('',#11483);
#82=PLANE('',#11484);
#83=PLANE('',#11485);
#84=PLANE('',#11489);
#85=PLANE('',#11493);
#86=PLANE('',#11497);
#87=PLANE('',#11504);
#88=PLANE('',#11508);
#89=PLANE('',#11512);
#90=PLANE('',#11519);
#91=PLANE('',#11523);
#92=PLANE('',#11527);
#93=PLANE('',#11534);
#94=PLANE('',#11538);
#95=PLANE('',#11542);
#96=PLANE('',#11549);
#97=PLANE('',#11553);
#98=PLANE('',#11557);
#99=PLANE('',#11564);
#100=PLANE('',#11568);
#101=PLANE('',#11572);
#102=PLANE('',#11579);
#103=PLANE('',#11583);
#104=PLANE('',#11587);
#105=PLANE('',#11594);
#106=PLANE('',#11598);
#107=PLANE('',#11602);
#108=PLANE('',#11609);
#109=PLANE('',#11613);
#110=PLANE('',#11617);
#111=PLANE('',#11624);
#112=PLANE('',#11628);
#113=PLANE('',#11632);
#114=PLANE('',#11639);
#115=PLANE('',#11643);
#116=PLANE('',#11647);
#117=PLANE('',#11654);
#118=PLANE('',#11658);
#119=PLANE('',#11662);
#120=PLANE('',#11669);
#121=PLANE('',#11673);
#122=PLANE('',#11677);
#123=PLANE('',#11684);
#124=PLANE('',#11688);
#125=PLANE('',#11692);
#126=PLANE('',#11696);
#127=PLANE('',#11700);
#128=PLANE('',#11704);
#129=PLANE('',#11708);
#130=PLANE('',#11712);
#131=PLANE('',#11716);
#132=PLANE('',#11720);
#133=PLANE('',#11727);
#134=PLANE('',#11731);
#135=PLANE('',#11735);
#136=PLANE('',#11742);
#137=PLANE('',#11746);
#138=PLANE('',#11750);
#139=PLANE('',#11757);
#140=PLANE('',#11761);
#141=PLANE('',#11765);
#142=PLANE('',#11772);
#143=PLANE('',#11776);
#144=PLANE('',#11780);
#145=PLANE('',#11787);
#146=PLANE('',#11791);
#147=PLANE('',#11795);
#148=PLANE('',#11802);
#149=PLANE('',#11806);
#150=PLANE('',#11810);
#151=PLANE('',#11817);
#152=PLANE('',#11821);
#153=PLANE('',#11825);
#154=PLANE('',#11832);
#155=PLANE('',#11836);
#156=PLANE('',#11840);
#157=PLANE('',#11847);
#158=PLANE('',#11851);
#159=PLANE('',#11855);
#160=PLANE('',#11859);
#161=PLANE('',#11863);
#162=PLANE('',#11867);
#163=PLANE('',#11871);
#164=PLANE('',#11875);
#165=PLANE('',#11879);
#166=PLANE('',#11883);
#167=PLANE('',#11890);
#168=PLANE('',#11894);
#169=PLANE('',#11898);
#170=PLANE('',#11905);
#171=PLANE('',#11909);
#172=PLANE('',#11913);
#173=PLANE('',#11917);
#174=PLANE('',#11921);
#175=PLANE('',#11925);
#176=PLANE('',#11929);
#177=PLANE('',#11930);
#178=PLANE('',#11934);
#179=PLANE('',#11938);
#180=PLANE('',#11942);
#181=PLANE('',#11946);
#182=PLANE('',#11950);
#183=PLANE('',#11954);
#184=PLANE('',#11961);
#185=PLANE('',#11965);
#186=PLANE('',#11969);
#187=PLANE('',#11976);
#188=PLANE('',#11980);
#189=PLANE('',#11984);
#190=PLANE('',#11991);
#191=PLANE('',#11995);
#192=PLANE('',#11999);
#193=PLANE('',#12006);
#194=PLANE('',#12010);
#195=PLANE('',#12014);
#196=PLANE('',#12021);
#197=PLANE('',#12025);
#198=PLANE('',#12029);
#199=PLANE('',#12036);
#200=PLANE('',#12040);
#201=PLANE('',#12044);
#202=PLANE('',#12051);
#203=PLANE('',#12055);
#204=PLANE('',#12059);
#205=PLANE('',#12066);
#206=PLANE('',#12070);
#207=PLANE('',#12074);
#208=PLANE('',#12081);
#209=PLANE('',#12085);
#210=PLANE('',#12089);
#211=PLANE('',#12096);
#212=PLANE('',#12100);
#213=PLANE('',#12104);
#214=PLANE('',#12111);
#215=PLANE('',#12115);
#216=PLANE('',#12119);
#217=PLANE('',#12126);
#218=PLANE('',#12130);
#219=PLANE('',#12134);
#220=PLANE('',#12141);
#221=PLANE('',#12145);
#222=PLANE('',#12149);
#223=PLANE('',#12153);
#224=PLANE('',#12157);
#225=PLANE('',#12161);
#226=PLANE('',#12165);
#227=PLANE('',#12166);
#228=PLANE('',#12167);
#229=PLANE('',#12168);
#230=PLANE('',#12169);
#231=PLANE('',#12170);
#232=PLANE('',#12171);
#233=PLANE('',#12172);
#234=PLANE('',#12173);
#235=PLANE('',#12174);
#236=PLANE('',#12175);
#237=PLANE('',#12176);
#238=PLANE('',#12177);
#239=PLANE('',#12178);
#240=PLANE('',#12179);
#241=PLANE('',#12180);
#242=PLANE('',#12181);
#243=PLANE('',#12182);
#244=PLANE('',#12183);
#245=PLANE('',#12184);
#246=PLANE('',#12185);
#247=PLANE('',#12186);
#248=PLANE('',#12187);
#249=PLANE('',#12188);
#250=PLANE('',#12189);
#251=PLANE('',#12190);
#252=PLANE('',#12191);
#253=PLANE('',#12192);
#254=PLANE('',#12193);
#255=PLANE('',#12194);
#256=PLANE('',#12195);
#257=PLANE('',#12196);
#258=PLANE('',#12197);
#259=PLANE('',#12198);
#260=PLANE('',#12199);
#261=PLANE('',#12203);
#262=PLANE('',#12204);
#263=PLANE('',#12205);
#264=PLANE('',#12206);
#265=PLANE('',#12207);
#266=PLANE('',#12208);
#267=PLANE('',#12209);
#268=PLANE('',#12210);
#269=PLANE('',#12211);
#270=PLANE('',#12212);
#271=PLANE('',#12216);
#272=PLANE('',#12217);
#273=PLANE('',#12218);
#274=PLANE('',#12225);
#275=PLANE('',#12226);
#276=PLANE('',#12227);
#277=PLANE('',#12228);
#278=PLANE('',#12229);
#279=PLANE('',#12230);
#280=PLANE('',#12231);
#281=PLANE('',#12232);
#282=PLANE('',#12233);
#283=PLANE('',#12234);
#284=PLANE('',#12235);
#285=PLANE('',#12236);
#286=PLANE('',#12237);
#287=PLANE('',#12238);
#288=PLANE('',#12242);
#289=PLANE('',#12243);
#290=PLANE('',#12244);
#291=LINE('',#15503,#1388);
#292=LINE('',#15507,#1389);
#293=LINE('',#15509,#1390);
#294=LINE('',#15511,#1391);
#295=LINE('',#15513,#1392);
#296=LINE('',#15517,#1393);
#297=LINE('',#15521,#1394);
#298=LINE('',#15523,#1395);
#299=LINE('',#15525,#1396);
#300=LINE('',#15529,#1397);
#301=LINE('',#15533,#1398);
#302=LINE('',#15535,#1399);
#303=LINE('',#15537,#1400);
#304=LINE('',#15541,#1401);
#305=LINE('',#15548,#1402);
#306=LINE('',#15552,#1403);
#307=LINE('',#15554,#1404);
#308=LINE('',#15556,#1405);
#309=LINE('',#15558,#1406);
#310=LINE('',#15562,#1407);
#311=LINE('',#15566,#1408);
#312=LINE('',#15568,#1409);
#313=LINE('',#15570,#1410);
#314=LINE('',#15574,#1411);
#315=LINE('',#15578,#1412);
#316=LINE('',#15580,#1413);
#317=LINE('',#15582,#1414);
#318=LINE('',#15586,#1415);
#319=LINE('',#15593,#1416);
#320=LINE('',#15597,#1417);
#321=LINE('',#15599,#1418);
#322=LINE('',#15601,#1419);
#323=LINE('',#15603,#1420);
#324=LINE('',#15607,#1421);
#325=LINE('',#15611,#1422);
#326=LINE('',#15613,#1423);
#327=LINE('',#15615,#1424);
#328=LINE('',#15619,#1425);
#329=LINE('',#15623,#1426);
#330=LINE('',#15625,#1427);
#331=LINE('',#15627,#1428);
#332=LINE('',#15631,#1429);
#333=LINE('',#15638,#1430);
#334=LINE('',#15642,#1431);
#335=LINE('',#15644,#1432);
#336=LINE('',#15646,#1433);
#337=LINE('',#15648,#1434);
#338=LINE('',#15652,#1435);
#339=LINE('',#15656,#1436);
#340=LINE('',#15658,#1437);
#341=LINE('',#15660,#1438);
#342=LINE('',#15664,#1439);
#343=LINE('',#15668,#1440);
#344=LINE('',#15670,#1441);
#345=LINE('',#15672,#1442);
#346=LINE('',#15676,#1443);
#347=LINE('',#15683,#1444);
#348=LINE('',#15687,#1445);
#349=LINE('',#15689,#1446);
#350=LINE('',#15691,#1447);
#351=LINE('',#15693,#1448);
#352=LINE('',#15697,#1449);
#353=LINE('',#15701,#1450);
#354=LINE('',#15703,#1451);
#355=LINE('',#15705,#1452);
#356=LINE('',#15709,#1453);
#357=LINE('',#15713,#1454);
#358=LINE('',#15715,#1455);
#359=LINE('',#15717,#1456);
#360=LINE('',#15721,#1457);
#361=LINE('',#15728,#1458);
#362=LINE('',#15732,#1459);
#363=LINE('',#15734,#1460);
#364=LINE('',#15736,#1461);
#365=LINE('',#15738,#1462);
#366=LINE('',#15742,#1463);
#367=LINE('',#15746,#1464);
#368=LINE('',#15748,#1465);
#369=LINE('',#15750,#1466);
#370=LINE('',#15754,#1467);
#371=LINE('',#15758,#1468);
#372=LINE('',#15760,#1469);
#373=LINE('',#15762,#1470);
#374=LINE('',#15766,#1471);
#375=LINE('',#15773,#1472);
#376=LINE('',#15777,#1473);
#377=LINE('',#15779,#1474);
#378=LINE('',#15781,#1475);
#379=LINE('',#15783,#1476);
#380=LINE('',#15787,#1477);
#381=LINE('',#15791,#1478);
#382=LINE('',#15793,#1479);
#383=LINE('',#15795,#1480);
#384=LINE('',#15799,#1481);
#385=LINE('',#15803,#1482);
#386=LINE('',#15805,#1483);
#387=LINE('',#15807,#1484);
#388=LINE('',#15811,#1485);
#389=LINE('',#15818,#1486);
#390=LINE('',#15822,#1487);
#391=LINE('',#15824,#1488);
#392=LINE('',#15826,#1489);
#393=LINE('',#15828,#1490);
#394=LINE('',#15832,#1491);
#395=LINE('',#15836,#1492);
#396=LINE('',#15838,#1493);
#397=LINE('',#15840,#1494);
#398=LINE('',#15844,#1495);
#399=LINE('',#15848,#1496);
#400=LINE('',#15850,#1497);
#401=LINE('',#15852,#1498);
#402=LINE('',#15856,#1499);
#403=LINE('',#15863,#1500);
#404=LINE('',#15867,#1501);
#405=LINE('',#15869,#1502);
#406=LINE('',#15871,#1503);
#407=LINE('',#15873,#1504);
#408=LINE('',#15877,#1505);
#409=LINE('',#15881,#1506);
#410=LINE('',#15883,#1507);
#411=LINE('',#15885,#1508);
#412=LINE('',#15889,#1509);
#413=LINE('',#15893,#1510);
#414=LINE('',#15895,#1511);
#415=LINE('',#15897,#1512);
#416=LINE('',#15901,#1513);
#417=LINE('',#15908,#1514);
#418=LINE('',#15912,#1515);
#419=LINE('',#15914,#1516);
#420=LINE('',#15916,#1517);
#421=LINE('',#15918,#1518);
#422=LINE('',#15922,#1519);
#423=LINE('',#15926,#1520);
#424=LINE('',#15928,#1521);
#425=LINE('',#15930,#1522);
#426=LINE('',#15934,#1523);
#427=LINE('',#15938,#1524);
#428=LINE('',#15940,#1525);
#429=LINE('',#15942,#1526);
#430=LINE('',#15946,#1527);
#431=LINE('',#15953,#1528);
#432=LINE('',#15957,#1529);
#433=LINE('',#15959,#1530);
#434=LINE('',#15961,#1531);
#435=LINE('',#15963,#1532);
#436=LINE('',#15967,#1533);
#437=LINE('',#15971,#1534);
#438=LINE('',#15973,#1535);
#439=LINE('',#15975,#1536);
#440=LINE('',#15979,#1537);
#441=LINE('',#15983,#1538);
#442=LINE('',#15985,#1539);
#443=LINE('',#15987,#1540);
#444=LINE('',#15991,#1541);
#445=LINE('',#15998,#1542);
#446=LINE('',#16002,#1543);
#447=LINE('',#16004,#1544);
#448=LINE('',#16006,#1545);
#449=LINE('',#16008,#1546);
#450=LINE('',#16012,#1547);
#451=LINE('',#16016,#1548);
#452=LINE('',#16018,#1549);
#453=LINE('',#16020,#1550);
#454=LINE('',#16024,#1551);
#455=LINE('',#16028,#1552);
#456=LINE('',#16030,#1553);
#457=LINE('',#16032,#1554);
#458=LINE('',#16036,#1555);
#459=LINE('',#16043,#1556);
#460=LINE('',#16047,#1557);
#461=LINE('',#16049,#1558);
#462=LINE('',#16051,#1559);
#463=LINE('',#16053,#1560);
#464=LINE('',#16057,#1561);
#465=LINE('',#16061,#1562);
#466=LINE('',#16063,#1563);
#467=LINE('',#16065,#1564);
#468=LINE('',#16069,#1565);
#469=LINE('',#16073,#1566);
#470=LINE('',#16075,#1567);
#471=LINE('',#16077,#1568);
#472=LINE('',#16081,#1569);
#473=LINE('',#16088,#1570);
#474=LINE('',#16092,#1571);
#475=LINE('',#16094,#1572);
#476=LINE('',#16096,#1573);
#477=LINE('',#16098,#1574);
#478=LINE('',#16102,#1575);
#479=LINE('',#16106,#1576);
#480=LINE('',#16108,#1577);
#481=LINE('',#16110,#1578);
#482=LINE('',#16114,#1579);
#483=LINE('',#16118,#1580);
#484=LINE('',#16120,#1581);
#485=LINE('',#16122,#1582);
#486=LINE('',#16126,#1583);
#487=LINE('',#16133,#1584);
#488=LINE('',#16137,#1585);
#489=LINE('',#16139,#1586);
#490=LINE('',#16141,#1587);
#491=LINE('',#16143,#1588);
#492=LINE('',#16147,#1589);
#493=LINE('',#16151,#1590);
#494=LINE('',#16153,#1591);
#495=LINE('',#16155,#1592);
#496=LINE('',#16159,#1593);
#497=LINE('',#16163,#1594);
#498=LINE('',#16165,#1595);
#499=LINE('',#16167,#1596);
#500=LINE('',#16171,#1597);
#501=LINE('',#16178,#1598);
#502=LINE('',#16182,#1599);
#503=LINE('',#16184,#1600);
#504=LINE('',#16186,#1601);
#505=LINE('',#16188,#1602);
#506=LINE('',#16192,#1603);
#507=LINE('',#16196,#1604);
#508=LINE('',#16198,#1605);
#509=LINE('',#16200,#1606);
#510=LINE('',#16204,#1607);
#511=LINE('',#16208,#1608);
#512=LINE('',#16210,#1609);
#513=LINE('',#16212,#1610);
#514=LINE('',#16216,#1611);
#515=LINE('',#16223,#1612);
#516=LINE('',#16227,#1613);
#517=LINE('',#16229,#1614);
#518=LINE('',#16231,#1615);
#519=LINE('',#16233,#1616);
#520=LINE('',#16237,#1617);
#521=LINE('',#16241,#1618);
#522=LINE('',#16243,#1619);
#523=LINE('',#16245,#1620);
#524=LINE('',#16249,#1621);
#525=LINE('',#16253,#1622);
#526=LINE('',#16255,#1623);
#527=LINE('',#16257,#1624);
#528=LINE('',#16261,#1625);
#529=LINE('',#16268,#1626);
#530=LINE('',#16272,#1627);
#531=LINE('',#16274,#1628);
#532=LINE('',#16276,#1629);
#533=LINE('',#16278,#1630);
#534=LINE('',#16282,#1631);
#535=LINE('',#16286,#1632);
#536=LINE('',#16288,#1633);
#537=LINE('',#16290,#1634);
#538=LINE('',#16294,#1635);
#539=LINE('',#16298,#1636);
#540=LINE('',#16300,#1637);
#541=LINE('',#16302,#1638);
#542=LINE('',#16306,#1639);
#543=LINE('',#16313,#1640);
#544=LINE('',#16317,#1641);
#545=LINE('',#16319,#1642);
#546=LINE('',#16321,#1643);
#547=LINE('',#16323,#1644);
#548=LINE('',#16327,#1645);
#549=LINE('',#16331,#1646);
#550=LINE('',#16333,#1647);
#551=LINE('',#16335,#1648);
#552=LINE('',#16339,#1649);
#553=LINE('',#16343,#1650);
#554=LINE('',#16345,#1651);
#555=LINE('',#16347,#1652);
#556=LINE('',#16351,#1653);
#557=LINE('',#16358,#1654);
#558=LINE('',#16362,#1655);
#559=LINE('',#16364,#1656);
#560=LINE('',#16366,#1657);
#561=LINE('',#16368,#1658);
#562=LINE('',#16372,#1659);
#563=LINE('',#16376,#1660);
#564=LINE('',#16378,#1661);
#565=LINE('',#16380,#1662);
#566=LINE('',#16384,#1663);
#567=LINE('',#16388,#1664);
#568=LINE('',#16390,#1665);
#569=LINE('',#16392,#1666);
#570=LINE('',#16396,#1667);
#571=LINE('',#16400,#1668);
#572=LINE('',#16403,#1669);
#573=LINE('',#16405,#1670);
#574=LINE('',#16407,#1671);
#575=LINE('',#16409,#1672);
#576=LINE('',#16411,#1673);
#577=LINE('',#16413,#1674);
#578=LINE('',#16417,#1675);
#579=LINE('',#16421,#1676);
#580=LINE('',#16423,#1677);
#581=LINE('',#16425,#1678);
#582=LINE('',#16429,#1679);
#583=LINE('',#16433,#1680);
#584=LINE('',#16435,#1681);
#585=LINE('',#16437,#1682);
#586=LINE('',#16439,#1683);
#587=LINE('',#16441,#1684);
#588=LINE('',#16443,#1685);
#589=LINE('',#16445,#1686);
#590=LINE('',#16447,#1687);
#591=LINE('',#16449,#1688);
#592=LINE('',#16451,#1689);
#593=LINE('',#16453,#1690);
#594=LINE('',#16455,#1691);
#595=LINE('',#16457,#1692);
#596=LINE('',#16459,#1693);
#597=LINE('',#16461,#1694);
#598=LINE('',#16463,#1695);
#599=LINE('',#16465,#1696);
#600=LINE('',#16467,#1697);
#601=LINE('',#16469,#1698);
#602=LINE('',#16471,#1699);
#603=LINE('',#16473,#1700);
#604=LINE('',#16475,#1701);
#605=LINE('',#16477,#1702);
#606=LINE('',#16479,#1703);
#607=LINE('',#16481,#1704);
#608=LINE('',#16483,#1705);
#609=LINE('',#16485,#1706);
#610=LINE('',#16490,#1707);
#611=LINE('',#16494,#1708);
#612=LINE('',#16496,#1709);
#613=LINE('',#16498,#1710);
#614=LINE('',#16500,#1711);
#615=LINE('',#16504,#1712);
#616=LINE('',#16508,#1713);
#617=LINE('',#16510,#1714);
#618=LINE('',#16512,#1715);
#619=LINE('',#16516,#1716);
#620=LINE('',#16520,#1717);
#621=LINE('',#16522,#1718);
#622=LINE('',#16524,#1719);
#623=LINE('',#16528,#1720);
#624=LINE('',#16535,#1721);
#625=LINE('',#16539,#1722);
#626=LINE('',#16541,#1723);
#627=LINE('',#16543,#1724);
#628=LINE('',#16545,#1725);
#629=LINE('',#16549,#1726);
#630=LINE('',#16553,#1727);
#631=LINE('',#16555,#1728);
#632=LINE('',#16557,#1729);
#633=LINE('',#16561,#1730);
#634=LINE('',#16565,#1731);
#635=LINE('',#16567,#1732);
#636=LINE('',#16569,#1733);
#637=LINE('',#16573,#1734);
#638=LINE('',#16580,#1735);
#639=LINE('',#16584,#1736);
#640=LINE('',#16586,#1737);
#641=LINE('',#16588,#1738);
#642=LINE('',#16590,#1739);
#643=LINE('',#16594,#1740);
#644=LINE('',#16598,#1741);
#645=LINE('',#16600,#1742);
#646=LINE('',#16602,#1743);
#647=LINE('',#16606,#1744);
#648=LINE('',#16610,#1745);
#649=LINE('',#16612,#1746);
#650=LINE('',#16614,#1747);
#651=LINE('',#16618,#1748);
#652=LINE('',#16625,#1749);
#653=LINE('',#16629,#1750);
#654=LINE('',#16631,#1751);
#655=LINE('',#16633,#1752);
#656=LINE('',#16635,#1753);
#657=LINE('',#16639,#1754);
#658=LINE('',#16643,#1755);
#659=LINE('',#16645,#1756);
#660=LINE('',#16647,#1757);
#661=LINE('',#16651,#1758);
#662=LINE('',#16655,#1759);
#663=LINE('',#16657,#1760);
#664=LINE('',#16659,#1761);
#665=LINE('',#16663,#1762);
#666=LINE('',#16670,#1763);
#667=LINE('',#16674,#1764);
#668=LINE('',#16676,#1765);
#669=LINE('',#16678,#1766);
#670=LINE('',#16680,#1767);
#671=LINE('',#16684,#1768);
#672=LINE('',#16688,#1769);
#673=LINE('',#16690,#1770);
#674=LINE('',#16692,#1771);
#675=LINE('',#16696,#1772);
#676=LINE('',#16700,#1773);
#677=LINE('',#16702,#1774);
#678=LINE('',#16704,#1775);
#679=LINE('',#16708,#1776);
#680=LINE('',#16715,#1777);
#681=LINE('',#16719,#1778);
#682=LINE('',#16721,#1779);
#683=LINE('',#16723,#1780);
#684=LINE('',#16725,#1781);
#685=LINE('',#16729,#1782);
#686=LINE('',#16733,#1783);
#687=LINE('',#16735,#1784);
#688=LINE('',#16737,#1785);
#689=LINE('',#16741,#1786);
#690=LINE('',#16745,#1787);
#691=LINE('',#16747,#1788);
#692=LINE('',#16749,#1789);
#693=LINE('',#16753,#1790);
#694=LINE('',#16760,#1791);
#695=LINE('',#16764,#1792);
#696=LINE('',#16766,#1793);
#697=LINE('',#16768,#1794);
#698=LINE('',#16770,#1795);
#699=LINE('',#16774,#1796);
#700=LINE('',#16778,#1797);
#701=LINE('',#16780,#1798);
#702=LINE('',#16782,#1799);
#703=LINE('',#16786,#1800);
#704=LINE('',#16790,#1801);
#705=LINE('',#16792,#1802);
#706=LINE('',#16794,#1803);
#707=LINE('',#16798,#1804);
#708=LINE('',#16805,#1805);
#709=LINE('',#16809,#1806);
#710=LINE('',#16811,#1807);
#711=LINE('',#16813,#1808);
#712=LINE('',#16815,#1809);
#713=LINE('',#16819,#1810);
#714=LINE('',#16823,#1811);
#715=LINE('',#16825,#1812);
#716=LINE('',#16827,#1813);
#717=LINE('',#16831,#1814);
#718=LINE('',#16835,#1815);
#719=LINE('',#16837,#1816);
#720=LINE('',#16839,#1817);
#721=LINE('',#16843,#1818);
#722=LINE('',#16850,#1819);
#723=LINE('',#16854,#1820);
#724=LINE('',#16856,#1821);
#725=LINE('',#16858,#1822);
#726=LINE('',#16860,#1823);
#727=LINE('',#16864,#1824);
#728=LINE('',#16868,#1825);
#729=LINE('',#16870,#1826);
#730=LINE('',#16872,#1827);
#731=LINE('',#16876,#1828);
#732=LINE('',#16880,#1829);
#733=LINE('',#16882,#1830);
#734=LINE('',#16884,#1831);
#735=LINE('',#16888,#1832);
#736=LINE('',#16895,#1833);
#737=LINE('',#16899,#1834);
#738=LINE('',#16901,#1835);
#739=LINE('',#16903,#1836);
#740=LINE('',#16905,#1837);
#741=LINE('',#16909,#1838);
#742=LINE('',#16913,#1839);
#743=LINE('',#16915,#1840);
#744=LINE('',#16917,#1841);
#745=LINE('',#16921,#1842);
#746=LINE('',#16925,#1843);
#747=LINE('',#16927,#1844);
#748=LINE('',#16929,#1845);
#749=LINE('',#16933,#1846);
#750=LINE('',#16940,#1847);
#751=LINE('',#16944,#1848);
#752=LINE('',#16946,#1849);
#753=LINE('',#16948,#1850);
#754=LINE('',#16950,#1851);
#755=LINE('',#16954,#1852);
#756=LINE('',#16958,#1853);
#757=LINE('',#16960,#1854);
#758=LINE('',#16962,#1855);
#759=LINE('',#16966,#1856);
#760=LINE('',#16970,#1857);
#761=LINE('',#16972,#1858);
#762=LINE('',#16974,#1859);
#763=LINE('',#16978,#1860);
#764=LINE('',#16985,#1861);
#765=LINE('',#16989,#1862);
#766=LINE('',#16991,#1863);
#767=LINE('',#16993,#1864);
#768=LINE('',#16995,#1865);
#769=LINE('',#16999,#1866);
#770=LINE('',#17003,#1867);
#771=LINE('',#17005,#1868);
#772=LINE('',#17007,#1869);
#773=LINE('',#17011,#1870);
#774=LINE('',#17015,#1871);
#775=LINE('',#17017,#1872);
#776=LINE('',#17019,#1873);
#777=LINE('',#17023,#1874);
#778=LINE('',#17030,#1875);
#779=LINE('',#17034,#1876);
#780=LINE('',#17036,#1877);
#781=LINE('',#17038,#1878);
#782=LINE('',#17040,#1879);
#783=LINE('',#17044,#1880);
#784=LINE('',#17048,#1881);
#785=LINE('',#17050,#1882);
#786=LINE('',#17052,#1883);
#787=LINE('',#17056,#1884);
#788=LINE('',#17060,#1885);
#789=LINE('',#17062,#1886);
#790=LINE('',#17064,#1887);
#791=LINE('',#17068,#1888);
#792=LINE('',#17075,#1889);
#793=LINE('',#17079,#1890);
#794=LINE('',#17081,#1891);
#795=LINE('',#17083,#1892);
#796=LINE('',#17085,#1893);
#797=LINE('',#17089,#1894);
#798=LINE('',#17093,#1895);
#799=LINE('',#17095,#1896);
#800=LINE('',#17097,#1897);
#801=LINE('',#17101,#1898);
#802=LINE('',#17105,#1899);
#803=LINE('',#17107,#1900);
#804=LINE('',#17109,#1901);
#805=LINE('',#17113,#1902);
#806=LINE('',#17117,#1903);
#807=LINE('',#17120,#1904);
#808=LINE('',#17122,#1905);
#809=LINE('',#17124,#1906);
#810=LINE('',#17128,#1907);
#811=LINE('',#17132,#1908);
#812=LINE('',#17134,#1909);
#813=LINE('',#17136,#1910);
#814=LINE('',#17140,#1911);
#815=LINE('',#17144,#1912);
#816=LINE('',#17146,#1913);
#817=LINE('',#17148,#1914);
#818=LINE('',#17152,#1915);
#819=LINE('',#17156,#1916);
#820=LINE('',#17158,#1917);
#821=LINE('',#17160,#1918);
#822=LINE('',#17165,#1919);
#823=LINE('',#17169,#1920);
#824=LINE('',#17171,#1921);
#825=LINE('',#17173,#1922);
#826=LINE('',#17175,#1923);
#827=LINE('',#17179,#1924);
#828=LINE('',#17183,#1925);
#829=LINE('',#17185,#1926);
#830=LINE('',#17187,#1927);
#831=LINE('',#17191,#1928);
#832=LINE('',#17195,#1929);
#833=LINE('',#17197,#1930);
#834=LINE('',#17199,#1931);
#835=LINE('',#17203,#1932);
#836=LINE('',#17210,#1933);
#837=LINE('',#17214,#1934);
#838=LINE('',#17216,#1935);
#839=LINE('',#17218,#1936);
#840=LINE('',#17220,#1937);
#841=LINE('',#17224,#1938);
#842=LINE('',#17228,#1939);
#843=LINE('',#17230,#1940);
#844=LINE('',#17232,#1941);
#845=LINE('',#17236,#1942);
#846=LINE('',#17240,#1943);
#847=LINE('',#17242,#1944);
#848=LINE('',#17244,#1945);
#849=LINE('',#17248,#1946);
#850=LINE('',#17255,#1947);
#851=LINE('',#17259,#1948);
#852=LINE('',#17261,#1949);
#853=LINE('',#17263,#1950);
#854=LINE('',#17265,#1951);
#855=LINE('',#17269,#1952);
#856=LINE('',#17273,#1953);
#857=LINE('',#17275,#1954);
#858=LINE('',#17277,#1955);
#859=LINE('',#17281,#1956);
#860=LINE('',#17285,#1957);
#861=LINE('',#17287,#1958);
#862=LINE('',#17289,#1959);
#863=LINE('',#17293,#1960);
#864=LINE('',#17300,#1961);
#865=LINE('',#17304,#1962);
#866=LINE('',#17306,#1963);
#867=LINE('',#17308,#1964);
#868=LINE('',#17310,#1965);
#869=LINE('',#17314,#1966);
#870=LINE('',#17318,#1967);
#871=LINE('',#17320,#1968);
#872=LINE('',#17322,#1969);
#873=LINE('',#17326,#1970);
#874=LINE('',#17330,#1971);
#875=LINE('',#17332,#1972);
#876=LINE('',#17334,#1973);
#877=LINE('',#17338,#1974);
#878=LINE('',#17345,#1975);
#879=LINE('',#17349,#1976);
#880=LINE('',#17351,#1977);
#881=LINE('',#17353,#1978);
#882=LINE('',#17355,#1979);
#883=LINE('',#17359,#1980);
#884=LINE('',#17363,#1981);
#885=LINE('',#17365,#1982);
#886=LINE('',#17367,#1983);
#887=LINE('',#17371,#1984);
#888=LINE('',#17375,#1985);
#889=LINE('',#17377,#1986);
#890=LINE('',#17379,#1987);
#891=LINE('',#17383,#1988);
#892=LINE('',#17390,#1989);
#893=LINE('',#17394,#1990);
#894=LINE('',#17396,#1991);
#895=LINE('',#17398,#1992);
#896=LINE('',#17400,#1993);
#897=LINE('',#17404,#1994);
#898=LINE('',#17408,#1995);
#899=LINE('',#17410,#1996);
#900=LINE('',#17412,#1997);
#901=LINE('',#17416,#1998);
#902=LINE('',#17420,#1999);
#903=LINE('',#17422,#2000);
#904=LINE('',#17424,#2001);
#905=LINE('',#17428,#2002);
#906=LINE('',#17435,#2003);
#907=LINE('',#17439,#2004);
#908=LINE('',#17441,#2005);
#909=LINE('',#17443,#2006);
#910=LINE('',#17445,#2007);
#911=LINE('',#17449,#2008);
#912=LINE('',#17453,#2009);
#913=LINE('',#17455,#2010);
#914=LINE('',#17457,#2011);
#915=LINE('',#17461,#2012);
#916=LINE('',#17465,#2013);
#917=LINE('',#17467,#2014);
#918=LINE('',#17469,#2015);
#919=LINE('',#17473,#2016);
#920=LINE('',#17480,#2017);
#921=LINE('',#17484,#2018);
#922=LINE('',#17486,#2019);
#923=LINE('',#17488,#2020);
#924=LINE('',#17490,#2021);
#925=LINE('',#17494,#2022);
#926=LINE('',#17498,#2023);
#927=LINE('',#17500,#2024);
#928=LINE('',#17502,#2025);
#929=LINE('',#17506,#2026);
#930=LINE('',#17510,#2027);
#931=LINE('',#17512,#2028);
#932=LINE('',#17514,#2029);
#933=LINE('',#17518,#2030);
#934=LINE('',#17525,#2031);
#935=LINE('',#17529,#2032);
#936=LINE('',#17531,#2033);
#937=LINE('',#17533,#2034);
#938=LINE('',#17535,#2035);
#939=LINE('',#17539,#2036);
#940=LINE('',#17543,#2037);
#941=LINE('',#17545,#2038);
#942=LINE('',#17547,#2039);
#943=LINE('',#17551,#2040);
#944=LINE('',#17555,#2041);
#945=LINE('',#17557,#2042);
#946=LINE('',#17559,#2043);
#947=LINE('',#17563,#2044);
#948=LINE('',#17570,#2045);
#949=LINE('',#17574,#2046);
#950=LINE('',#17576,#2047);
#951=LINE('',#17578,#2048);
#952=LINE('',#17580,#2049);
#953=LINE('',#17584,#2050);
#954=LINE('',#17588,#2051);
#955=LINE('',#17590,#2052);
#956=LINE('',#17592,#2053);
#957=LINE('',#17596,#2054);
#958=LINE('',#17600,#2055);
#959=LINE('',#17602,#2056);
#960=LINE('',#17604,#2057);
#961=LINE('',#17608,#2058);
#962=LINE('',#17612,#2059);
#963=LINE('',#17615,#2060);
#964=LINE('',#17617,#2061);
#965=LINE('',#17619,#2062);
#966=LINE('',#17623,#2063);
#967=LINE('',#17627,#2064);
#968=LINE('',#17629,#2065);
#969=LINE('',#17631,#2066);
#970=LINE('',#17635,#2067);
#971=LINE('',#17639,#2068);
#972=LINE('',#17641,#2069);
#973=LINE('',#17643,#2070);
#974=LINE('',#17647,#2071);
#975=LINE('',#17651,#2072);
#976=LINE('',#17653,#2073);
#977=LINE('',#17655,#2074);
#978=LINE('',#17660,#2075);
#979=LINE('',#17664,#2076);
#980=LINE('',#17666,#2077);
#981=LINE('',#17668,#2078);
#982=LINE('',#17670,#2079);
#983=LINE('',#17674,#2080);
#984=LINE('',#17678,#2081);
#985=LINE('',#17680,#2082);
#986=LINE('',#17682,#2083);
#987=LINE('',#17686,#2084);
#988=LINE('',#17690,#2085);
#989=LINE('',#17692,#2086);
#990=LINE('',#17694,#2087);
#991=LINE('',#17698,#2088);
#992=LINE('',#17705,#2089);
#993=LINE('',#17709,#2090);
#994=LINE('',#17711,#2091);
#995=LINE('',#17713,#2092);
#996=LINE('',#17715,#2093);
#997=LINE('',#17719,#2094);
#998=LINE('',#17723,#2095);
#999=LINE('',#17725,#2096);
#1000=LINE('',#17727,#2097);
#1001=LINE('',#17731,#2098);
#1002=LINE('',#17735,#2099);
#1003=LINE('',#17737,#2100);
#1004=LINE('',#17739,#2101);
#1005=LINE('',#17743,#2102);
#1006=LINE('',#17750,#2103);
#1007=LINE('',#17754,#2104);
#1008=LINE('',#17756,#2105);
#1009=LINE('',#17758,#2106);
#1010=LINE('',#17760,#2107);
#1011=LINE('',#17764,#2108);
#1012=LINE('',#17768,#2109);
#1013=LINE('',#17770,#2110);
#1014=LINE('',#17772,#2111);
#1015=LINE('',#17776,#2112);
#1016=LINE('',#17780,#2113);
#1017=LINE('',#17782,#2114);
#1018=LINE('',#17784,#2115);
#1019=LINE('',#17788,#2116);
#1020=LINE('',#17792,#2117);
#1021=LINE('',#17795,#2118);
#1022=LINE('',#17797,#2119);
#1023=LINE('',#17799,#2120);
#1024=LINE('',#17803,#2121);
#1025=LINE('',#17807,#2122);
#1026=LINE('',#17809,#2123);
#1027=LINE('',#17811,#2124);
#1028=LINE('',#17815,#2125);
#1029=LINE('',#17819,#2126);
#1030=LINE('',#17821,#2127);
#1031=LINE('',#17823,#2128);
#1032=LINE('',#17827,#2129);
#1033=LINE('',#17831,#2130);
#1034=LINE('',#17833,#2131);
#1035=LINE('',#17835,#2132);
#1036=LINE('',#17837,#2133);
#1037=LINE('',#17840,#2134);
#1038=LINE('',#17842,#2135);
#1039=LINE('',#17844,#2136);
#1040=LINE('',#17848,#2137);
#1041=LINE('',#17852,#2138);
#1042=LINE('',#17854,#2139);
#1043=LINE('',#17856,#2140);
#1044=LINE('',#17860,#2141);
#1045=LINE('',#17864,#2142);
#1046=LINE('',#17866,#2143);
#1047=LINE('',#17868,#2144);
#1048=LINE('',#17872,#2145);
#1049=LINE('',#17876,#2146);
#1050=LINE('',#17878,#2147);
#1051=LINE('',#17880,#2148);
#1052=LINE('',#17885,#2149);
#1053=LINE('',#17889,#2150);
#1054=LINE('',#17891,#2151);
#1055=LINE('',#17893,#2152);
#1056=LINE('',#17895,#2153);
#1057=LINE('',#17899,#2154);
#1058=LINE('',#17903,#2155);
#1059=LINE('',#17905,#2156);
#1060=LINE('',#17907,#2157);
#1061=LINE('',#17911,#2158);
#1062=LINE('',#17915,#2159);
#1063=LINE('',#17917,#2160);
#1064=LINE('',#17919,#2161);
#1065=LINE('',#17923,#2162);
#1066=LINE('',#17930,#2163);
#1067=LINE('',#17934,#2164);
#1068=LINE('',#17936,#2165);
#1069=LINE('',#17938,#2166);
#1070=LINE('',#17940,#2167);
#1071=LINE('',#17944,#2168);
#1072=LINE('',#17948,#2169);
#1073=LINE('',#17950,#2170);
#1074=LINE('',#17952,#2171);
#1075=LINE('',#17956,#2172);
#1076=LINE('',#17960,#2173);
#1077=LINE('',#17962,#2174);
#1078=LINE('',#17964,#2175);
#1079=LINE('',#17968,#2176);
#1080=LINE('',#17975,#2177);
#1081=LINE('',#17979,#2178);
#1082=LINE('',#17981,#2179);
#1083=LINE('',#17983,#2180);
#1084=LINE('',#17985,#2181);
#1085=LINE('',#17989,#2182);
#1086=LINE('',#17993,#2183);
#1087=LINE('',#17995,#2184);
#1088=LINE('',#17997,#2185);
#1089=LINE('',#18001,#2186);
#1090=LINE('',#18005,#2187);
#1091=LINE('',#18007,#2188);
#1092=LINE('',#18009,#2189);
#1093=LINE('',#18013,#2190);
#1094=LINE('',#18020,#2191);
#1095=LINE('',#18024,#2192);
#1096=LINE('',#18026,#2193);
#1097=LINE('',#18028,#2194);
#1098=LINE('',#18030,#2195);
#1099=LINE('',#18034,#2196);
#1100=LINE('',#18038,#2197);
#1101=LINE('',#18040,#2198);
#1102=LINE('',#18042,#2199);
#1103=LINE('',#18046,#2200);
#1104=LINE('',#18050,#2201);
#1105=LINE('',#18052,#2202);
#1106=LINE('',#18054,#2203);
#1107=LINE('',#18058,#2204);
#1108=LINE('',#18065,#2205);
#1109=LINE('',#18069,#2206);
#1110=LINE('',#18071,#2207);
#1111=LINE('',#18073,#2208);
#1112=LINE('',#18075,#2209);
#1113=LINE('',#18079,#2210);
#1114=LINE('',#18083,#2211);
#1115=LINE('',#18085,#2212);
#1116=LINE('',#18087,#2213);
#1117=LINE('',#18091,#2214);
#1118=LINE('',#18095,#2215);
#1119=LINE('',#18097,#2216);
#1120=LINE('',#18099,#2217);
#1121=LINE('',#18103,#2218);
#1122=LINE('',#18110,#2219);
#1123=LINE('',#18114,#2220);
#1124=LINE('',#18116,#2221);
#1125=LINE('',#18118,#2222);
#1126=LINE('',#18120,#2223);
#1127=LINE('',#18124,#2224);
#1128=LINE('',#18128,#2225);
#1129=LINE('',#18130,#2226);
#1130=LINE('',#18132,#2227);
#1131=LINE('',#18136,#2228);
#1132=LINE('',#18140,#2229);
#1133=LINE('',#18142,#2230);
#1134=LINE('',#18144,#2231);
#1135=LINE('',#18148,#2232);
#1136=LINE('',#18155,#2233);
#1137=LINE('',#18159,#2234);
#1138=LINE('',#18161,#2235);
#1139=LINE('',#18163,#2236);
#1140=LINE('',#18165,#2237);
#1141=LINE('',#18169,#2238);
#1142=LINE('',#18173,#2239);
#1143=LINE('',#18175,#2240);
#1144=LINE('',#18177,#2241);
#1145=LINE('',#18181,#2242);
#1146=LINE('',#18185,#2243);
#1147=LINE('',#18187,#2244);
#1148=LINE('',#18189,#2245);
#1149=LINE('',#18193,#2246);
#1150=LINE('',#18200,#2247);
#1151=LINE('',#18204,#2248);
#1152=LINE('',#18206,#2249);
#1153=LINE('',#18208,#2250);
#1154=LINE('',#18210,#2251);
#1155=LINE('',#18214,#2252);
#1156=LINE('',#18218,#2253);
#1157=LINE('',#18220,#2254);
#1158=LINE('',#18222,#2255);
#1159=LINE('',#18226,#2256);
#1160=LINE('',#18230,#2257);
#1161=LINE('',#18232,#2258);
#1162=LINE('',#18234,#2259);
#1163=LINE('',#18238,#2260);
#1164=LINE('',#18245,#2261);
#1165=LINE('',#18249,#2262);
#1166=LINE('',#18251,#2263);
#1167=LINE('',#18253,#2264);
#1168=LINE('',#18255,#2265);
#1169=LINE('',#18259,#2266);
#1170=LINE('',#18263,#2267);
#1171=LINE('',#18265,#2268);
#1172=LINE('',#18267,#2269);
#1173=LINE('',#18271,#2270);
#1174=LINE('',#18275,#2271);
#1175=LINE('',#18277,#2272);
#1176=LINE('',#18279,#2273);
#1177=LINE('',#18283,#2274);
#1178=LINE('',#18290,#2275);
#1179=LINE('',#18294,#2276);
#1180=LINE('',#18296,#2277);
#1181=LINE('',#18298,#2278);
#1182=LINE('',#18300,#2279);
#1183=LINE('',#18304,#2280);
#1184=LINE('',#18308,#2281);
#1185=LINE('',#18310,#2282);
#1186=LINE('',#18312,#2283);
#1187=LINE('',#18316,#2284);
#1188=LINE('',#18320,#2285);
#1189=LINE('',#18322,#2286);
#1190=LINE('',#18324,#2287);
#1191=LINE('',#18328,#2288);
#1192=LINE('',#18335,#2289);
#1193=LINE('',#18339,#2290);
#1194=LINE('',#18341,#2291);
#1195=LINE('',#18343,#2292);
#1196=LINE('',#18345,#2293);
#1197=LINE('',#18349,#2294);
#1198=LINE('',#18353,#2295);
#1199=LINE('',#18355,#2296);
#1200=LINE('',#18357,#2297);
#1201=LINE('',#18361,#2298);
#1202=LINE('',#18365,#2299);
#1203=LINE('',#18367,#2300);
#1204=LINE('',#18369,#2301);
#1205=LINE('',#18373,#2302);
#1206=LINE('',#18380,#2303);
#1207=LINE('',#18384,#2304);
#1208=LINE('',#18386,#2305);
#1209=LINE('',#18388,#2306);
#1210=LINE('',#18390,#2307);
#1211=LINE('',#18394,#2308);
#1212=LINE('',#18398,#2309);
#1213=LINE('',#18400,#2310);
#1214=LINE('',#18402,#2311);
#1215=LINE('',#18406,#2312);
#1216=LINE('',#18410,#2313);
#1217=LINE('',#18412,#2314);
#1218=LINE('',#18414,#2315);
#1219=LINE('',#18418,#2316);
#1220=LINE('',#18425,#2317);
#1221=LINE('',#18429,#2318);
#1222=LINE('',#18431,#2319);
#1223=LINE('',#18433,#2320);
#1224=LINE('',#18435,#2321);
#1225=LINE('',#18439,#2322);
#1226=LINE('',#18443,#2323);
#1227=LINE('',#18445,#2324);
#1228=LINE('',#18447,#2325);
#1229=LINE('',#18451,#2326);
#1230=LINE('',#18455,#2327);
#1231=LINE('',#18457,#2328);
#1232=LINE('',#18459,#2329);
#1233=LINE('',#18463,#2330);
#1234=LINE('',#18470,#2331);
#1235=LINE('',#18474,#2332);
#1236=LINE('',#18476,#2333);
#1237=LINE('',#18478,#2334);
#1238=LINE('',#18480,#2335);
#1239=LINE('',#18484,#2336);
#1240=LINE('',#18488,#2337);
#1241=LINE('',#18490,#2338);
#1242=LINE('',#18492,#2339);
#1243=LINE('',#18496,#2340);
#1244=LINE('',#18500,#2341);
#1245=LINE('',#18502,#2342);
#1246=LINE('',#18504,#2343);
#1247=LINE('',#18508,#2344);
#1248=LINE('',#18512,#2345);
#1249=LINE('',#18515,#2346);
#1250=LINE('',#18517,#2347);
#1251=LINE('',#18519,#2348);
#1252=LINE('',#18523,#2349);
#1253=LINE('',#18527,#2350);
#1254=LINE('',#18529,#2351);
#1255=LINE('',#18531,#2352);
#1256=LINE('',#18535,#2353);
#1257=LINE('',#18539,#2354);
#1258=LINE('',#18541,#2355);
#1259=LINE('',#18543,#2356);
#1260=LINE('',#18547,#2357);
#1261=LINE('',#18551,#2358);
#1262=LINE('',#18553,#2359);
#1263=LINE('',#18555,#2360);
#1264=LINE('',#18557,#2361);
#1265=LINE('',#18558,#2362);
#1266=LINE('',#18560,#2363);
#1267=LINE('',#18561,#2364);
#1268=LINE('',#18563,#2365);
#1269=LINE('',#18564,#2366);
#1270=LINE('',#18566,#2367);
#1271=LINE('',#18567,#2368);
#1272=LINE('',#18569,#2369);
#1273=LINE('',#18570,#2370);
#1274=LINE('',#18572,#2371);
#1275=LINE('',#18573,#2372);
#1276=LINE('',#18575,#2373);
#1277=LINE('',#18576,#2374);
#1278=LINE('',#18578,#2375);
#1279=LINE('',#18579,#2376);
#1280=LINE('',#18581,#2377);
#1281=LINE('',#18582,#2378);
#1282=LINE('',#18584,#2379);
#1283=LINE('',#18585,#2380);
#1284=LINE('',#18587,#2381);
#1285=LINE('',#18588,#2382);
#1286=LINE('',#18590,#2383);
#1287=LINE('',#18591,#2384);
#1288=LINE('',#18593,#2385);
#1289=LINE('',#18594,#2386);
#1290=LINE('',#18596,#2387);
#1291=LINE('',#18597,#2388);
#1292=LINE('',#18599,#2389);
#1293=LINE('',#18600,#2390);
#1294=LINE('',#18602,#2391);
#1295=LINE('',#18603,#2392);
#1296=LINE('',#18605,#2393);
#1297=LINE('',#18606,#2394);
#1298=LINE('',#18608,#2395);
#1299=LINE('',#18609,#2396);
#1300=LINE('',#18611,#2397);
#1301=LINE('',#18612,#2398);
#1302=LINE('',#18614,#2399);
#1303=LINE('',#18615,#2400);
#1304=LINE('',#18617,#2401);
#1305=LINE('',#18618,#2402);
#1306=LINE('',#18620,#2403);
#1307=LINE('',#18621,#2404);
#1308=LINE('',#18623,#2405);
#1309=LINE('',#18624,#2406);
#1310=LINE('',#18626,#2407);
#1311=LINE('',#18627,#2408);
#1312=LINE('',#18629,#2409);
#1313=LINE('',#18630,#2410);
#1314=LINE('',#18632,#2411);
#1315=LINE('',#18633,#2412);
#1316=LINE('',#18635,#2413);
#1317=LINE('',#18636,#2414);
#1318=LINE('',#18638,#2415);
#1319=LINE('',#18639,#2416);
#1320=LINE('',#18641,#2417);
#1321=LINE('',#18642,#2418);
#1322=LINE('',#18644,#2419);
#1323=LINE('',#18645,#2420);
#1324=LINE('',#18647,#2421);
#1325=LINE('',#18648,#2422);
#1326=LINE('',#18650,#2423);
#1327=LINE('',#18651,#2424);
#1328=LINE('',#18653,#2425);
#1329=LINE('',#18654,#2426);
#1330=LINE('',#18656,#2427);
#1331=LINE('',#18657,#2428);
#1332=LINE('',#18662,#2429);
#1333=LINE('',#18663,#2430);
#1334=LINE('',#18665,#2431);
#1335=LINE('',#18666,#2432);
#1336=LINE('',#18668,#2433);
#1337=LINE('',#18669,#2434);
#1338=LINE('',#18671,#2435);
#1339=LINE('',#18672,#2436);
#1340=LINE('',#18674,#2437);
#1341=LINE('',#18675,#2438);
#1342=LINE('',#18677,#2439);
#1343=LINE('',#18678,#2440);
#1344=LINE('',#18680,#2441);
#1345=LINE('',#18681,#2442);
#1346=LINE('',#18683,#2443);
#1347=LINE('',#18684,#2444);
#1348=LINE('',#18686,#2445);
#1349=LINE('',#18687,#2446);
#1350=LINE('',#18689,#2447);
#1351=LINE('',#18690,#2448);
#1352=LINE('',#18695,#2449);
#1353=LINE('',#18696,#2450);
#1354=LINE('',#18698,#2451);
#1355=LINE('',#18699,#2452);
#1356=LINE('',#18701,#2453);
#1357=LINE('',#18702,#2454);
#1358=LINE('',#18710,#2455);
#1359=LINE('',#18711,#2456);
#1360=LINE('',#18713,#2457);
#1361=LINE('',#18714,#2458);
#1362=LINE('',#18716,#2459);
#1363=LINE('',#18717,#2460);
#1364=LINE('',#18719,#2461);
#1365=LINE('',#18720,#2462);
#1366=LINE('',#18722,#2463);
#1367=LINE('',#18723,#2464);
#1368=LINE('',#18725,#2465);
#1369=LINE('',#18726,#2466);
#1370=LINE('',#18728,#2467);
#1371=LINE('',#18729,#2468);
#1372=LINE('',#18731,#2469);
#1373=LINE('',#18732,#2470);
#1374=LINE('',#18734,#2471);
#1375=LINE('',#18735,#2472);
#1376=LINE('',#18737,#2473);
#1377=LINE('',#18738,#2474);
#1378=LINE('',#18740,#2475);
#1379=LINE('',#18741,#2476);
#1380=LINE('',#18743,#2477);
#1381=LINE('',#18744,#2478);
#1382=LINE('',#18746,#2479);
#1383=LINE('',#18747,#2480);
#1384=LINE('',#18749,#2481);
#1385=LINE('',#18750,#2482);
#1386=LINE('',#18755,#2483);
#1387=LINE('',#18756,#2484);
#1388=VECTOR('',#12251,1.);
#1389=VECTOR('',#12254,1.);
#1390=VECTOR('',#12257,1.);
#1391=VECTOR('',#12258,1.);
#1392=VECTOR('',#12259,1.);
#1393=VECTOR('',#12264,1.);
#1394=VECTOR('',#12269,1.);
#1395=VECTOR('',#12270,1.);
#1396=VECTOR('',#12271,1.);
#1397=VECTOR('',#12276,1.);
#1398=VECTOR('',#12281,1.);
#1399=VECTOR('',#12282,1.);
#1400=VECTOR('',#12283,1.);
#1401=VECTOR('',#12288,1.);
#1402=VECTOR('',#12295,1.);
#1403=VECTOR('',#12298,1.);
#1404=VECTOR('',#12301,1.);
#1405=VECTOR('',#12302,1.);
#1406=VECTOR('',#12303,1.);
#1407=VECTOR('',#12308,1.);
#1408=VECTOR('',#12313,1.);
#1409=VECTOR('',#12314,1.);
#1410=VECTOR('',#12315,1.);
#1411=VECTOR('',#12320,1.);
#1412=VECTOR('',#12325,1.);
#1413=VECTOR('',#12326,1.);
#1414=VECTOR('',#12327,1.);
#1415=VECTOR('',#12332,1.);
#1416=VECTOR('',#12339,1.);
#1417=VECTOR('',#12342,1.);
#1418=VECTOR('',#12345,1.);
#1419=VECTOR('',#12346,1.);
#1420=VECTOR('',#12347,1.);
#1421=VECTOR('',#12352,1.);
#1422=VECTOR('',#12357,1.);
#1423=VECTOR('',#12358,1.);
#1424=VECTOR('',#12359,1.);
#1425=VECTOR('',#12364,1.);
#1426=VECTOR('',#12369,1.);
#1427=VECTOR('',#12370,1.);
#1428=VECTOR('',#12371,1.);
#1429=VECTOR('',#12376,1.);
#1430=VECTOR('',#12383,1.);
#1431=VECTOR('',#12386,1.);
#1432=VECTOR('',#12389,1.);
#1433=VECTOR('',#12390,1.);
#1434=VECTOR('',#12391,1.);
#1435=VECTOR('',#12396,1.);
#1436=VECTOR('',#12401,1.);
#1437=VECTOR('',#12402,1.);
#1438=VECTOR('',#12403,1.);
#1439=VECTOR('',#12408,1.);
#1440=VECTOR('',#12413,1.);
#1441=VECTOR('',#12414,1.);
#1442=VECTOR('',#12415,1.);
#1443=VECTOR('',#12420,1.);
#1444=VECTOR('',#12427,1.);
#1445=VECTOR('',#12430,1.);
#1446=VECTOR('',#12433,1.);
#1447=VECTOR('',#12434,1.);
#1448=VECTOR('',#12435,1.);
#1449=VECTOR('',#12440,1.);
#1450=VECTOR('',#12445,1.);
#1451=VECTOR('',#12446,1.);
#1452=VECTOR('',#12447,1.);
#1453=VECTOR('',#12452,1.);
#1454=VECTOR('',#12457,1.);
#1455=VECTOR('',#12458,1.);
#1456=VECTOR('',#12459,1.);
#1457=VECTOR('',#12464,1.);
#1458=VECTOR('',#12471,1.);
#1459=VECTOR('',#12474,1.);
#1460=VECTOR('',#12477,1.);
#1461=VECTOR('',#12478,1.);
#1462=VECTOR('',#12479,1.);
#1463=VECTOR('',#12484,1.);
#1464=VECTOR('',#12489,1.);
#1465=VECTOR('',#12490,1.);
#1466=VECTOR('',#12491,1.);
#1467=VECTOR('',#12496,1.);
#1468=VECTOR('',#12501,1.);
#1469=VECTOR('',#12502,1.);
#1470=VECTOR('',#12503,1.);
#1471=VECTOR('',#12508,1.);
#1472=VECTOR('',#12515,1.);
#1473=VECTOR('',#12518,1.);
#1474=VECTOR('',#12521,1.);
#1475=VECTOR('',#12522,1.);
#1476=VECTOR('',#12523,1.);
#1477=VECTOR('',#12528,1.);
#1478=VECTOR('',#12533,1.);
#1479=VECTOR('',#12534,1.);
#1480=VECTOR('',#12535,1.);
#1481=VECTOR('',#12540,1.);
#1482=VECTOR('',#12545,1.);
#1483=VECTOR('',#12546,1.);
#1484=VECTOR('',#12547,1.);
#1485=VECTOR('',#12552,1.);
#1486=VECTOR('',#12559,1.);
#1487=VECTOR('',#12562,1.);
#1488=VECTOR('',#12565,1.);
#1489=VECTOR('',#12566,1.);
#1490=VECTOR('',#12567,1.);
#1491=VECTOR('',#12572,1.);
#1492=VECTOR('',#12577,1.);
#1493=VECTOR('',#12578,1.);
#1494=VECTOR('',#12579,1.);
#1495=VECTOR('',#12584,1.);
#1496=VECTOR('',#12589,1.);
#1497=VECTOR('',#12590,1.);
#1498=VECTOR('',#12591,1.);
#1499=VECTOR('',#12596,1.);
#1500=VECTOR('',#12603,1.);
#1501=VECTOR('',#12606,1.);
#1502=VECTOR('',#12609,1.);
#1503=VECTOR('',#12610,1.);
#1504=VECTOR('',#12611,1.);
#1505=VECTOR('',#12616,1.);
#1506=VECTOR('',#12621,1.);
#1507=VECTOR('',#12622,1.);
#1508=VECTOR('',#12623,1.);
#1509=VECTOR('',#12628,1.);
#1510=VECTOR('',#12633,1.);
#1511=VECTOR('',#12634,1.);
#1512=VECTOR('',#12635,1.);
#1513=VECTOR('',#12640,1.);
#1514=VECTOR('',#12647,1.);
#1515=VECTOR('',#12650,1.);
#1516=VECTOR('',#12653,1.);
#1517=VECTOR('',#12654,1.);
#1518=VECTOR('',#12655,1.);
#1519=VECTOR('',#12660,1.);
#1520=VECTOR('',#12665,1.);
#1521=VECTOR('',#12666,1.);
#1522=VECTOR('',#12667,1.);
#1523=VECTOR('',#12672,1.);
#1524=VECTOR('',#12677,1.);
#1525=VECTOR('',#12678,1.);
#1526=VECTOR('',#12679,1.);
#1527=VECTOR('',#12684,1.);
#1528=VECTOR('',#12691,1.);
#1529=VECTOR('',#12694,1.);
#1530=VECTOR('',#12697,1.);
#1531=VECTOR('',#12698,1.);
#1532=VECTOR('',#12699,1.);
#1533=VECTOR('',#12704,1.);
#1534=VECTOR('',#12709,1.);
#1535=VECTOR('',#12710,1.);
#1536=VECTOR('',#12711,1.);
#1537=VECTOR('',#12716,1.);
#1538=VECTOR('',#12721,1.);
#1539=VECTOR('',#12722,1.);
#1540=VECTOR('',#12723,1.);
#1541=VECTOR('',#12728,1.);
#1542=VECTOR('',#12735,1.);
#1543=VECTOR('',#12738,1.);
#1544=VECTOR('',#12741,1.);
#1545=VECTOR('',#12742,1.);
#1546=VECTOR('',#12743,1.);
#1547=VECTOR('',#12748,1.);
#1548=VECTOR('',#12753,1.);
#1549=VECTOR('',#12754,1.);
#1550=VECTOR('',#12755,1.);
#1551=VECTOR('',#12760,1.);
#1552=VECTOR('',#12765,1.);
#1553=VECTOR('',#12766,1.);
#1554=VECTOR('',#12767,1.);
#1555=VECTOR('',#12772,1.);
#1556=VECTOR('',#12779,1.);
#1557=VECTOR('',#12782,1.);
#1558=VECTOR('',#12785,1.);
#1559=VECTOR('',#12786,1.);
#1560=VECTOR('',#12787,1.);
#1561=VECTOR('',#12792,1.);
#1562=VECTOR('',#12797,1.);
#1563=VECTOR('',#12798,1.);
#1564=VECTOR('',#12799,1.);
#1565=VECTOR('',#12804,1.);
#1566=VECTOR('',#12809,1.);
#1567=VECTOR('',#12810,1.);
#1568=VECTOR('',#12811,1.);
#1569=VECTOR('',#12816,1.);
#1570=VECTOR('',#12823,1.);
#1571=VECTOR('',#12826,1.);
#1572=VECTOR('',#12829,1.);
#1573=VECTOR('',#12830,1.);
#1574=VECTOR('',#12831,1.);
#1575=VECTOR('',#12836,1.);
#1576=VECTOR('',#12841,1.);
#1577=VECTOR('',#12842,1.);
#1578=VECTOR('',#12843,1.);
#1579=VECTOR('',#12848,1.);
#1580=VECTOR('',#12853,1.);
#1581=VECTOR('',#12854,1.);
#1582=VECTOR('',#12855,1.);
#1583=VECTOR('',#12860,1.);
#1584=VECTOR('',#12867,1.);
#1585=VECTOR('',#12870,1.);
#1586=VECTOR('',#12873,1.);
#1587=VECTOR('',#12874,1.);
#1588=VECTOR('',#12875,1.);
#1589=VECTOR('',#12880,1.);
#1590=VECTOR('',#12885,1.);
#1591=VECTOR('',#12886,1.);
#1592=VECTOR('',#12887,1.);
#1593=VECTOR('',#12892,1.);
#1594=VECTOR('',#12897,1.);
#1595=VECTOR('',#12898,1.);
#1596=VECTOR('',#12899,1.);
#1597=VECTOR('',#12904,1.);
#1598=VECTOR('',#12911,1.);
#1599=VECTOR('',#12914,1.);
#1600=VECTOR('',#12917,1.);
#1601=VECTOR('',#12918,1.);
#1602=VECTOR('',#12919,1.);
#1603=VECTOR('',#12924,1.);
#1604=VECTOR('',#12929,1.);
#1605=VECTOR('',#12930,1.);
#1606=VECTOR('',#12931,1.);
#1607=VECTOR('',#12936,1.);
#1608=VECTOR('',#12941,1.);
#1609=VECTOR('',#12942,1.);
#1610=VECTOR('',#12943,1.);
#1611=VECTOR('',#12948,1.);
#1612=VECTOR('',#12955,1.);
#1613=VECTOR('',#12958,1.);
#1614=VECTOR('',#12961,1.);
#1615=VECTOR('',#12962,1.);
#1616=VECTOR('',#12963,1.);
#1617=VECTOR('',#12968,1.);
#1618=VECTOR('',#12973,1.);
#1619=VECTOR('',#12974,1.);
#1620=VECTOR('',#12975,1.);
#1621=VECTOR('',#12980,1.);
#1622=VECTOR('',#12985,1.);
#1623=VECTOR('',#12986,1.);
#1624=VECTOR('',#12987,1.);
#1625=VECTOR('',#12992,1.);
#1626=VECTOR('',#12999,1.);
#1627=VECTOR('',#13002,1.);
#1628=VECTOR('',#13005,1.);
#1629=VECTOR('',#13006,1.);
#1630=VECTOR('',#13007,1.);
#1631=VECTOR('',#13012,1.);
#1632=VECTOR('',#13017,1.);
#1633=VECTOR('',#13018,1.);
#1634=VECTOR('',#13019,1.);
#1635=VECTOR('',#13024,1.);
#1636=VECTOR('',#13029,1.);
#1637=VECTOR('',#13030,1.);
#1638=VECTOR('',#13031,1.);
#1639=VECTOR('',#13036,1.);
#1640=VECTOR('',#13043,1.);
#1641=VECTOR('',#13046,1.);
#1642=VECTOR('',#13049,1.);
#1643=VECTOR('',#13050,1.);
#1644=VECTOR('',#13051,1.);
#1645=VECTOR('',#13056,1.);
#1646=VECTOR('',#13061,1.);
#1647=VECTOR('',#13062,1.);
#1648=VECTOR('',#13063,1.);
#1649=VECTOR('',#13068,1.);
#1650=VECTOR('',#13073,1.);
#1651=VECTOR('',#13074,1.);
#1652=VECTOR('',#13075,1.);
#1653=VECTOR('',#13080,1.);
#1654=VECTOR('',#13087,1.);
#1655=VECTOR('',#13090,1.);
#1656=VECTOR('',#13093,1.);
#1657=VECTOR('',#13094,1.);
#1658=VECTOR('',#13095,1.);
#1659=VECTOR('',#13100,1.);
#1660=VECTOR('',#13105,1.);
#1661=VECTOR('',#13106,1.);
#1662=VECTOR('',#13107,1.);
#1663=VECTOR('',#13112,1.);
#1664=VECTOR('',#13117,1.);
#1665=VECTOR('',#13118,1.);
#1666=VECTOR('',#13119,1.);
#1667=VECTOR('',#13124,1.);
#1668=VECTOR('',#13129,1.);
#1669=VECTOR('',#13130,1.);
#1670=VECTOR('',#13131,1.);
#1671=VECTOR('',#13132,1.);
#1672=VECTOR('',#13135,1.);
#1673=VECTOR('',#13136,1.);
#1674=VECTOR('',#13137,1.);
#1675=VECTOR('',#13142,1.);
#1676=VECTOR('',#13147,1.);
#1677=VECTOR('',#13148,1.);
#1678=VECTOR('',#13149,1.);
#1679=VECTOR('',#13154,1.);
#1680=VECTOR('',#13159,1.);
#1681=VECTOR('',#13160,1.);
#1682=VECTOR('',#13161,1.);
#1683=VECTOR('',#13164,1.);
#1684=VECTOR('',#13165,1.);
#1685=VECTOR('',#13166,1.);
#1686=VECTOR('',#13169,1.);
#1687=VECTOR('',#13170,1.);
#1688=VECTOR('',#13171,1.);
#1689=VECTOR('',#13174,1.);
#1690=VECTOR('',#13175,1.);
#1691=VECTOR('',#13176,1.);
#1692=VECTOR('',#13179,1.);
#1693=VECTOR('',#13180,1.);
#1694=VECTOR('',#13181,1.);
#1695=VECTOR('',#13184,1.);
#1696=VECTOR('',#13185,1.);
#1697=VECTOR('',#13186,1.);
#1698=VECTOR('',#13189,1.);
#1699=VECTOR('',#13190,1.);
#1700=VECTOR('',#13191,1.);
#1701=VECTOR('',#13194,1.);
#1702=VECTOR('',#13195,1.);
#1703=VECTOR('',#13196,1.);
#1704=VECTOR('',#13199,1.);
#1705=VECTOR('',#13200,1.);
#1706=VECTOR('',#13201,1.);
#1707=VECTOR('',#13206,1.);
#1708=VECTOR('',#13209,1.);
#1709=VECTOR('',#13212,1.);
#1710=VECTOR('',#13213,1.);
#1711=VECTOR('',#13214,1.);
#1712=VECTOR('',#13219,1.);
#1713=VECTOR('',#13224,1.);
#1714=VECTOR('',#13225,1.);
#1715=VECTOR('',#13226,1.);
#1716=VECTOR('',#13231,1.);
#1717=VECTOR('',#13236,1.);
#1718=VECTOR('',#13237,1.);
#1719=VECTOR('',#13238,1.);
#1720=VECTOR('',#13243,1.);
#1721=VECTOR('',#13250,1.);
#1722=VECTOR('',#13253,1.);
#1723=VECTOR('',#13256,1.);
#1724=VECTOR('',#13257,1.);
#1725=VECTOR('',#13258,1.);
#1726=VECTOR('',#13263,1.);
#1727=VECTOR('',#13268,1.);
#1728=VECTOR('',#13269,1.);
#1729=VECTOR('',#13270,1.);
#1730=VECTOR('',#13275,1.);
#1731=VECTOR('',#13280,1.);
#1732=VECTOR('',#13281,1.);
#1733=VECTOR('',#13282,1.);
#1734=VECTOR('',#13287,1.);
#1735=VECTOR('',#13294,1.);
#1736=VECTOR('',#13297,1.);
#1737=VECTOR('',#13300,1.);
#1738=VECTOR('',#13301,1.);
#1739=VECTOR('',#13302,1.);
#1740=VECTOR('',#13307,1.);
#1741=VECTOR('',#13312,1.);
#1742=VECTOR('',#13313,1.);
#1743=VECTOR('',#13314,1.);
#1744=VECTOR('',#13319,1.);
#1745=VECTOR('',#13324,1.);
#1746=VECTOR('',#13325,1.);
#1747=VECTOR('',#13326,1.);
#1748=VECTOR('',#13331,1.);
#1749=VECTOR('',#13338,1.);
#1750=VECTOR('',#13341,1.);
#1751=VECTOR('',#13344,1.);
#1752=VECTOR('',#13345,1.);
#1753=VECTOR('',#13346,1.);
#1754=VECTOR('',#13351,1.);
#1755=VECTOR('',#13356,1.);
#1756=VECTOR('',#13357,1.);
#1757=VECTOR('',#13358,1.);
#1758=VECTOR('',#13363,1.);
#1759=VECTOR('',#13368,1.);
#1760=VECTOR('',#13369,1.);
#1761=VECTOR('',#13370,1.);
#1762=VECTOR('',#13375,1.);
#1763=VECTOR('',#13382,1.);
#1764=VECTOR('',#13385,1.);
#1765=VECTOR('',#13388,1.);
#1766=VECTOR('',#13389,1.);
#1767=VECTOR('',#13390,1.);
#1768=VECTOR('',#13395,1.);
#1769=VECTOR('',#13400,1.);
#1770=VECTOR('',#13401,1.);
#1771=VECTOR('',#13402,1.);
#1772=VECTOR('',#13407,1.);
#1773=VECTOR('',#13412,1.);
#1774=VECTOR('',#13413,1.);
#1775=VECTOR('',#13414,1.);
#1776=VECTOR('',#13419,1.);
#1777=VECTOR('',#13426,1.);
#1778=VECTOR('',#13429,1.);
#1779=VECTOR('',#13432,1.);
#1780=VECTOR('',#13433,1.);
#1781=VECTOR('',#13434,1.);
#1782=VECTOR('',#13439,1.);
#1783=VECTOR('',#13444,1.);
#1784=VECTOR('',#13445,1.);
#1785=VECTOR('',#13446,1.);
#1786=VECTOR('',#13451,1.);
#1787=VECTOR('',#13456,1.);
#1788=VECTOR('',#13457,1.);
#1789=VECTOR('',#13458,1.);
#1790=VECTOR('',#13463,1.);
#1791=VECTOR('',#13470,1.);
#1792=VECTOR('',#13473,1.);
#1793=VECTOR('',#13476,1.);
#1794=VECTOR('',#13477,1.);
#1795=VECTOR('',#13478,1.);
#1796=VECTOR('',#13483,1.);
#1797=VECTOR('',#13488,1.);
#1798=VECTOR('',#13489,1.);
#1799=VECTOR('',#13490,1.);
#1800=VECTOR('',#13495,1.);
#1801=VECTOR('',#13500,1.);
#1802=VECTOR('',#13501,1.);
#1803=VECTOR('',#13502,1.);
#1804=VECTOR('',#13507,1.);
#1805=VECTOR('',#13514,1.);
#1806=VECTOR('',#13517,1.);
#1807=VECTOR('',#13520,1.);
#1808=VECTOR('',#13521,1.);
#1809=VECTOR('',#13522,1.);
#1810=VECTOR('',#13527,1.);
#1811=VECTOR('',#13532,1.);
#1812=VECTOR('',#13533,1.);
#1813=VECTOR('',#13534,1.);
#1814=VECTOR('',#13539,1.);
#1815=VECTOR('',#13544,1.);
#1816=VECTOR('',#13545,1.);
#1817=VECTOR('',#13546,1.);
#1818=VECTOR('',#13551,1.);
#1819=VECTOR('',#13558,1.);
#1820=VECTOR('',#13561,1.);
#1821=VECTOR('',#13564,1.);
#1822=VECTOR('',#13565,1.);
#1823=VECTOR('',#13566,1.);
#1824=VECTOR('',#13571,1.);
#1825=VECTOR('',#13576,1.);
#1826=VECTOR('',#13577,1.);
#1827=VECTOR('',#13578,1.);
#1828=VECTOR('',#13583,1.);
#1829=VECTOR('',#13588,1.);
#1830=VECTOR('',#13589,1.);
#1831=VECTOR('',#13590,1.);
#1832=VECTOR('',#13595,1.);
#1833=VECTOR('',#13602,1.);
#1834=VECTOR('',#13605,1.);
#1835=VECTOR('',#13608,1.);
#1836=VECTOR('',#13609,1.);
#1837=VECTOR('',#13610,1.);
#1838=VECTOR('',#13615,1.);
#1839=VECTOR('',#13620,1.);
#1840=VECTOR('',#13621,1.);
#1841=VECTOR('',#13622,1.);
#1842=VECTOR('',#13627,1.);
#1843=VECTOR('',#13632,1.);
#1844=VECTOR('',#13633,1.);
#1845=VECTOR('',#13634,1.);
#1846=VECTOR('',#13639,1.);
#1847=VECTOR('',#13646,1.);
#1848=VECTOR('',#13649,1.);
#1849=VECTOR('',#13652,1.);
#1850=VECTOR('',#13653,1.);
#1851=VECTOR('',#13654,1.);
#1852=VECTOR('',#13659,1.);
#1853=VECTOR('',#13664,1.);
#1854=VECTOR('',#13665,1.);
#1855=VECTOR('',#13666,1.);
#1856=VECTOR('',#13671,1.);
#1857=VECTOR('',#13676,1.);
#1858=VECTOR('',#13677,1.);
#1859=VECTOR('',#13678,1.);
#1860=VECTOR('',#13683,1.);
#1861=VECTOR('',#13690,1.);
#1862=VECTOR('',#13693,1.);
#1863=VECTOR('',#13696,1.);
#1864=VECTOR('',#13697,1.);
#1865=VECTOR('',#13698,1.);
#1866=VECTOR('',#13703,1.);
#1867=VECTOR('',#13708,1.);
#1868=VECTOR('',#13709,1.);
#1869=VECTOR('',#13710,1.);
#1870=VECTOR('',#13715,1.);
#1871=VECTOR('',#13720,1.);
#1872=VECTOR('',#13721,1.);
#1873=VECTOR('',#13722,1.);
#1874=VECTOR('',#13727,1.);
#1875=VECTOR('',#13734,1.);
#1876=VECTOR('',#13737,1.);
#1877=VECTOR('',#13740,1.);
#1878=VECTOR('',#13741,1.);
#1879=VECTOR('',#13742,1.);
#1880=VECTOR('',#13747,1.);
#1881=VECTOR('',#13752,1.);
#1882=VECTOR('',#13753,1.);
#1883=VECTOR('',#13754,1.);
#1884=VECTOR('',#13759,1.);
#1885=VECTOR('',#13764,1.);
#1886=VECTOR('',#13765,1.);
#1887=VECTOR('',#13766,1.);
#1888=VECTOR('',#13771,1.);
#1889=VECTOR('',#13778,1.);
#1890=VECTOR('',#13781,1.);
#1891=VECTOR('',#13784,1.);
#1892=VECTOR('',#13785,1.);
#1893=VECTOR('',#13786,1.);
#1894=VECTOR('',#13791,1.);
#1895=VECTOR('',#13796,1.);
#1896=VECTOR('',#13797,1.);
#1897=VECTOR('',#13798,1.);
#1898=VECTOR('',#13803,1.);
#1899=VECTOR('',#13808,1.);
#1900=VECTOR('',#13809,1.);
#1901=VECTOR('',#13810,1.);
#1902=VECTOR('',#13815,1.);
#1903=VECTOR('',#13820,1.);
#1904=VECTOR('',#13821,1.);
#1905=VECTOR('',#13822,1.);
#1906=VECTOR('',#13823,1.);
#1907=VECTOR('',#13828,1.);
#1908=VECTOR('',#13833,1.);
#1909=VECTOR('',#13834,1.);
#1910=VECTOR('',#13835,1.);
#1911=VECTOR('',#13840,1.);
#1912=VECTOR('',#13845,1.);
#1913=VECTOR('',#13846,1.);
#1914=VECTOR('',#13847,1.);
#1915=VECTOR('',#13852,1.);
#1916=VECTOR('',#13857,1.);
#1917=VECTOR('',#13858,1.);
#1918=VECTOR('',#13859,1.);
#1919=VECTOR('',#13864,1.);
#1920=VECTOR('',#13867,1.);
#1921=VECTOR('',#13870,1.);
#1922=VECTOR('',#13871,1.);
#1923=VECTOR('',#13872,1.);
#1924=VECTOR('',#13877,1.);
#1925=VECTOR('',#13882,1.);
#1926=VECTOR('',#13883,1.);
#1927=VECTOR('',#13884,1.);
#1928=VECTOR('',#13889,1.);
#1929=VECTOR('',#13894,1.);
#1930=VECTOR('',#13895,1.);
#1931=VECTOR('',#13896,1.);
#1932=VECTOR('',#13901,1.);
#1933=VECTOR('',#13908,1.);
#1934=VECTOR('',#13911,1.);
#1935=VECTOR('',#13914,1.);
#1936=VECTOR('',#13915,1.);
#1937=VECTOR('',#13916,1.);
#1938=VECTOR('',#13921,1.);
#1939=VECTOR('',#13926,1.);
#1940=VECTOR('',#13927,1.);
#1941=VECTOR('',#13928,1.);
#1942=VECTOR('',#13933,1.);
#1943=VECTOR('',#13938,1.);
#1944=VECTOR('',#13939,1.);
#1945=VECTOR('',#13940,1.);
#1946=VECTOR('',#13945,1.);
#1947=VECTOR('',#13952,1.);
#1948=VECTOR('',#13955,1.);
#1949=VECTOR('',#13958,1.);
#1950=VECTOR('',#13959,1.);
#1951=VECTOR('',#13960,1.);
#1952=VECTOR('',#13965,1.);
#1953=VECTOR('',#13970,1.);
#1954=VECTOR('',#13971,1.);
#1955=VECTOR('',#13972,1.);
#1956=VECTOR('',#13977,1.);
#1957=VECTOR('',#13982,1.);
#1958=VECTOR('',#13983,1.);
#1959=VECTOR('',#13984,1.);
#1960=VECTOR('',#13989,1.);
#1961=VECTOR('',#13996,1.);
#1962=VECTOR('',#13999,1.);
#1963=VECTOR('',#14002,1.);
#1964=VECTOR('',#14003,1.);
#1965=VECTOR('',#14004,1.);
#1966=VECTOR('',#14009,1.);
#1967=VECTOR('',#14014,1.);
#1968=VECTOR('',#14015,1.);
#1969=VECTOR('',#14016,1.);
#1970=VECTOR('',#14021,1.);
#1971=VECTOR('',#14026,1.);
#1972=VECTOR('',#14027,1.);
#1973=VECTOR('',#14028,1.);
#1974=VECTOR('',#14033,1.);
#1975=VECTOR('',#14040,1.);
#1976=VECTOR('',#14043,1.);
#1977=VECTOR('',#14046,1.);
#1978=VECTOR('',#14047,1.);
#1979=VECTOR('',#14048,1.);
#1980=VECTOR('',#14053,1.);
#1981=VECTOR('',#14058,1.);
#1982=VECTOR('',#14059,1.);
#1983=VECTOR('',#14060,1.);
#1984=VECTOR('',#14065,1.);
#1985=VECTOR('',#14070,1.);
#1986=VECTOR('',#14071,1.);
#1987=VECTOR('',#14072,1.);
#1988=VECTOR('',#14077,1.);
#1989=VECTOR('',#14084,1.);
#1990=VECTOR('',#14087,1.);
#1991=VECTOR('',#14090,1.);
#1992=VECTOR('',#14091,1.);
#1993=VECTOR('',#14092,1.);
#1994=VECTOR('',#14097,1.);
#1995=VECTOR('',#14102,1.);
#1996=VECTOR('',#14103,1.);
#1997=VECTOR('',#14104,1.);
#1998=VECTOR('',#14109,1.);
#1999=VECTOR('',#14114,1.);
#2000=VECTOR('',#14115,1.);
#2001=VECTOR('',#14116,1.);
#2002=VECTOR('',#14121,1.);
#2003=VECTOR('',#14128,1.);
#2004=VECTOR('',#14131,1.);
#2005=VECTOR('',#14134,1.);
#2006=VECTOR('',#14135,1.);
#2007=VECTOR('',#14136,1.);
#2008=VECTOR('',#14141,1.);
#2009=VECTOR('',#14146,1.);
#2010=VECTOR('',#14147,1.);
#2011=VECTOR('',#14148,1.);
#2012=VECTOR('',#14153,1.);
#2013=VECTOR('',#14158,1.);
#2014=VECTOR('',#14159,1.);
#2015=VECTOR('',#14160,1.);
#2016=VECTOR('',#14165,1.);
#2017=VECTOR('',#14172,1.);
#2018=VECTOR('',#14175,1.);
#2019=VECTOR('',#14178,1.);
#2020=VECTOR('',#14179,1.);
#2021=VECTOR('',#14180,1.);
#2022=VECTOR('',#14185,1.);
#2023=VECTOR('',#14190,1.);
#2024=VECTOR('',#14191,1.);
#2025=VECTOR('',#14192,1.);
#2026=VECTOR('',#14197,1.);
#2027=VECTOR('',#14202,1.);
#2028=VECTOR('',#14203,1.);
#2029=VECTOR('',#14204,1.);
#2030=VECTOR('',#14209,1.);
#2031=VECTOR('',#14216,1.);
#2032=VECTOR('',#14219,1.);
#2033=VECTOR('',#14222,1.);
#2034=VECTOR('',#14223,1.);
#2035=VECTOR('',#14224,1.);
#2036=VECTOR('',#14229,1.);
#2037=VECTOR('',#14234,1.);
#2038=VECTOR('',#14235,1.);
#2039=VECTOR('',#14236,1.);
#2040=VECTOR('',#14241,1.);
#2041=VECTOR('',#14246,1.);
#2042=VECTOR('',#14247,1.);
#2043=VECTOR('',#14248,1.);
#2044=VECTOR('',#14253,1.);
#2045=VECTOR('',#14260,1.);
#2046=VECTOR('',#14263,1.);
#2047=VECTOR('',#14266,1.);
#2048=VECTOR('',#14267,1.);
#2049=VECTOR('',#14268,1.);
#2050=VECTOR('',#14273,1.);
#2051=VECTOR('',#14278,1.);
#2052=VECTOR('',#14279,1.);
#2053=VECTOR('',#14280,1.);
#2054=VECTOR('',#14285,1.);
#2055=VECTOR('',#14290,1.);
#2056=VECTOR('',#14291,1.);
#2057=VECTOR('',#14292,1.);
#2058=VECTOR('',#14297,1.);
#2059=VECTOR('',#14302,1.);
#2060=VECTOR('',#14303,1.);
#2061=VECTOR('',#14304,1.);
#2062=VECTOR('',#14305,1.);
#2063=VECTOR('',#14310,1.);
#2064=VECTOR('',#14315,1.);
#2065=VECTOR('',#14316,1.);
#2066=VECTOR('',#14317,1.);
#2067=VECTOR('',#14322,1.);
#2068=VECTOR('',#14327,1.);
#2069=VECTOR('',#14328,1.);
#2070=VECTOR('',#14329,1.);
#2071=VECTOR('',#14334,1.);
#2072=VECTOR('',#14339,1.);
#2073=VECTOR('',#14340,1.);
#2074=VECTOR('',#14341,1.);
#2075=VECTOR('',#14346,1.);
#2076=VECTOR('',#14349,1.);
#2077=VECTOR('',#14352,1.);
#2078=VECTOR('',#14353,1.);
#2079=VECTOR('',#14354,1.);
#2080=VECTOR('',#14359,1.);
#2081=VECTOR('',#14364,1.);
#2082=VECTOR('',#14365,1.);
#2083=VECTOR('',#14366,1.);
#2084=VECTOR('',#14371,1.);
#2085=VECTOR('',#14376,1.);
#2086=VECTOR('',#14377,1.);
#2087=VECTOR('',#14378,1.);
#2088=VECTOR('',#14383,1.);
#2089=VECTOR('',#14390,1.);
#2090=VECTOR('',#14393,1.);
#2091=VECTOR('',#14396,1.);
#2092=VECTOR('',#14397,1.);
#2093=VECTOR('',#14398,1.);
#2094=VECTOR('',#14403,1.);
#2095=VECTOR('',#14408,1.);
#2096=VECTOR('',#14409,1.);
#2097=VECTOR('',#14410,1.);
#2098=VECTOR('',#14415,1.);
#2099=VECTOR('',#14420,1.);
#2100=VECTOR('',#14421,1.);
#2101=VECTOR('',#14422,1.);
#2102=VECTOR('',#14427,1.);
#2103=VECTOR('',#14434,1.);
#2104=VECTOR('',#14437,1.);
#2105=VECTOR('',#14440,1.);
#2106=VECTOR('',#14441,1.);
#2107=VECTOR('',#14442,1.);
#2108=VECTOR('',#14447,1.);
#2109=VECTOR('',#14452,1.);
#2110=VECTOR('',#14453,1.);
#2111=VECTOR('',#14454,1.);
#2112=VECTOR('',#14459,1.);
#2113=VECTOR('',#14464,1.);
#2114=VECTOR('',#14465,1.);
#2115=VECTOR('',#14466,1.);
#2116=VECTOR('',#14471,1.);
#2117=VECTOR('',#14476,1.);
#2118=VECTOR('',#14477,1.);
#2119=VECTOR('',#14478,1.);
#2120=VECTOR('',#14479,1.);
#2121=VECTOR('',#14484,1.);
#2122=VECTOR('',#14489,1.);
#2123=VECTOR('',#14490,1.);
#2124=VECTOR('',#14491,1.);
#2125=VECTOR('',#14496,1.);
#2126=VECTOR('',#14501,1.);
#2127=VECTOR('',#14502,1.);
#2128=VECTOR('',#14503,1.);
#2129=VECTOR('',#14508,1.);
#2130=VECTOR('',#14513,1.);
#2131=VECTOR('',#14514,1.);
#2132=VECTOR('',#14515,1.);
#2133=VECTOR('',#14518,1.);
#2134=VECTOR('',#14519,1.);
#2135=VECTOR('',#14520,1.);
#2136=VECTOR('',#14521,1.);
#2137=VECTOR('',#14526,1.);
#2138=VECTOR('',#14531,1.);
#2139=VECTOR('',#14532,1.);
#2140=VECTOR('',#14533,1.);
#2141=VECTOR('',#14538,1.);
#2142=VECTOR('',#14543,1.);
#2143=VECTOR('',#14544,1.);
#2144=VECTOR('',#14545,1.);
#2145=VECTOR('',#14550,1.);
#2146=VECTOR('',#14555,1.);
#2147=VECTOR('',#14556,1.);
#2148=VECTOR('',#14557,1.);
#2149=VECTOR('',#14562,1.);
#2150=VECTOR('',#14565,1.);
#2151=VECTOR('',#14568,1.);
#2152=VECTOR('',#14569,1.);
#2153=VECTOR('',#14570,1.);
#2154=VECTOR('',#14575,1.);
#2155=VECTOR('',#14580,1.);
#2156=VECTOR('',#14581,1.);
#2157=VECTOR('',#14582,1.);
#2158=VECTOR('',#14587,1.);
#2159=VECTOR('',#14592,1.);
#2160=VECTOR('',#14593,1.);
#2161=VECTOR('',#14594,1.);
#2162=VECTOR('',#14599,1.);
#2163=VECTOR('',#14606,1.);
#2164=VECTOR('',#14609,1.);
#2165=VECTOR('',#14612,1.);
#2166=VECTOR('',#14613,1.);
#2167=VECTOR('',#14614,1.);
#2168=VECTOR('',#14619,1.);
#2169=VECTOR('',#14624,1.);
#2170=VECTOR('',#14625,1.);
#2171=VECTOR('',#14626,1.);
#2172=VECTOR('',#14631,1.);
#2173=VECTOR('',#14636,1.);
#2174=VECTOR('',#14637,1.);
#2175=VECTOR('',#14638,1.);
#2176=VECTOR('',#14643,1.);
#2177=VECTOR('',#14650,1.);
#2178=VECTOR('',#14653,1.);
#2179=VECTOR('',#14656,1.);
#2180=VECTOR('',#14657,1.);
#2181=VECTOR('',#14658,1.);
#2182=VECTOR('',#14663,1.);
#2183=VECTOR('',#14668,1.);
#2184=VECTOR('',#14669,1.);
#2185=VECTOR('',#14670,1.);
#2186=VECTOR('',#14675,1.);
#2187=VECTOR('',#14680,1.);
#2188=VECTOR('',#14681,1.);
#2189=VECTOR('',#14682,1.);
#2190=VECTOR('',#14687,1.);
#2191=VECTOR('',#14694,1.);
#2192=VECTOR('',#14697,1.);
#2193=VECTOR('',#14700,1.);
#2194=VECTOR('',#14701,1.);
#2195=VECTOR('',#14702,1.);
#2196=VECTOR('',#14707,1.);
#2197=VECTOR('',#14712,1.);
#2198=VECTOR('',#14713,1.);
#2199=VECTOR('',#14714,1.);
#2200=VECTOR('',#14719,1.);
#2201=VECTOR('',#14724,1.);
#2202=VECTOR('',#14725,1.);
#2203=VECTOR('',#14726,1.);
#2204=VECTOR('',#14731,1.);
#2205=VECTOR('',#14738,1.);
#2206=VECTOR('',#14741,1.);
#2207=VECTOR('',#14744,1.);
#2208=VECTOR('',#14745,1.);
#2209=VECTOR('',#14746,1.);
#2210=VECTOR('',#14751,1.);
#2211=VECTOR('',#14756,1.);
#2212=VECTOR('',#14757,1.);
#2213=VECTOR('',#14758,1.);
#2214=VECTOR('',#14763,1.);
#2215=VECTOR('',#14768,1.);
#2216=VECTOR('',#14769,1.);
#2217=VECTOR('',#14770,1.);
#2218=VECTOR('',#14775,1.);
#2219=VECTOR('',#14782,1.);
#2220=VECTOR('',#14785,1.);
#2221=VECTOR('',#14788,1.);
#2222=VECTOR('',#14789,1.);
#2223=VECTOR('',#14790,1.);
#2224=VECTOR('',#14795,1.);
#2225=VECTOR('',#14800,1.);
#2226=VECTOR('',#14801,1.);
#2227=VECTOR('',#14802,1.);
#2228=VECTOR('',#14807,1.);
#2229=VECTOR('',#14812,1.);
#2230=VECTOR('',#14813,1.);
#2231=VECTOR('',#14814,1.);
#2232=VECTOR('',#14819,1.);
#2233=VECTOR('',#14826,1.);
#2234=VECTOR('',#14829,1.);
#2235=VECTOR('',#14832,1.);
#2236=VECTOR('',#14833,1.);
#2237=VECTOR('',#14834,1.);
#2238=VECTOR('',#14839,1.);
#2239=VECTOR('',#14844,1.);
#2240=VECTOR('',#14845,1.);
#2241=VECTOR('',#14846,1.);
#2242=VECTOR('',#14851,1.);
#2243=VECTOR('',#14856,1.);
#2244=VECTOR('',#14857,1.);
#2245=VECTOR('',#14858,1.);
#2246=VECTOR('',#14863,1.);
#2247=VECTOR('',#14870,1.);
#2248=VECTOR('',#14873,1.);
#2249=VECTOR('',#14876,1.);
#2250=VECTOR('',#14877,1.);
#2251=VECTOR('',#14878,1.);
#2252=VECTOR('',#14883,1.);
#2253=VECTOR('',#14888,1.);
#2254=VECTOR('',#14889,1.);
#2255=VECTOR('',#14890,1.);
#2256=VECTOR('',#14895,1.);
#2257=VECTOR('',#14900,1.);
#2258=VECTOR('',#14901,1.);
#2259=VECTOR('',#14902,1.);
#2260=VECTOR('',#14907,1.);
#2261=VECTOR('',#14914,1.);
#2262=VECTOR('',#14917,1.);
#2263=VECTOR('',#14920,1.);
#2264=VECTOR('',#14921,1.);
#2265=VECTOR('',#14922,1.);
#2266=VECTOR('',#14927,1.);
#2267=VECTOR('',#14932,1.);
#2268=VECTOR('',#14933,1.);
#2269=VECTOR('',#14934,1.);
#2270=VECTOR('',#14939,1.);
#2271=VECTOR('',#14944,1.);
#2272=VECTOR('',#14945,1.);
#2273=VECTOR('',#14946,1.);
#2274=VECTOR('',#14951,1.);
#2275=VECTOR('',#14958,1.);
#2276=VECTOR('',#14961,1.);
#2277=VECTOR('',#14964,1.);
#2278=VECTOR('',#14965,1.);
#2279=VECTOR('',#14966,1.);
#2280=VECTOR('',#14971,1.);
#2281=VECTOR('',#14976,1.);
#2282=VECTOR('',#14977,1.);
#2283=VECTOR('',#14978,1.);
#2284=VECTOR('',#14983,1.);
#2285=VECTOR('',#14988,1.);
#2286=VECTOR('',#14989,1.);
#2287=VECTOR('',#14990,1.);
#2288=VECTOR('',#14995,1.);
#2289=VECTOR('',#15002,1.);
#2290=VECTOR('',#15005,1.);
#2291=VECTOR('',#15008,1.);
#2292=VECTOR('',#15009,1.);
#2293=VECTOR('',#15010,1.);
#2294=VECTOR('',#15015,1.);
#2295=VECTOR('',#15020,1.);
#2296=VECTOR('',#15021,1.);
#2297=VECTOR('',#15022,1.);
#2298=VECTOR('',#15027,1.);
#2299=VECTOR('',#15032,1.);
#2300=VECTOR('',#15033,1.);
#2301=VECTOR('',#15034,1.);
#2302=VECTOR('',#15039,1.);
#2303=VECTOR('',#15046,1.);
#2304=VECTOR('',#15049,1.);
#2305=VECTOR('',#15052,1.);
#2306=VECTOR('',#15053,1.);
#2307=VECTOR('',#15054,1.);
#2308=VECTOR('',#15059,1.);
#2309=VECTOR('',#15064,1.);
#2310=VECTOR('',#15065,1.);
#2311=VECTOR('',#15066,1.);
#2312=VECTOR('',#15071,1.);
#2313=VECTOR('',#15076,1.);
#2314=VECTOR('',#15077,1.);
#2315=VECTOR('',#15078,1.);
#2316=VECTOR('',#15083,1.);
#2317=VECTOR('',#15090,1.);
#2318=VECTOR('',#15093,1.);
#2319=VECTOR('',#15096,1.);
#2320=VECTOR('',#15097,1.);
#2321=VECTOR('',#15098,1.);
#2322=VECTOR('',#15103,1.);
#2323=VECTOR('',#15108,1.);
#2324=VECTOR('',#15109,1.);
#2325=VECTOR('',#15110,1.);
#2326=VECTOR('',#15115,1.);
#2327=VECTOR('',#15120,1.);
#2328=VECTOR('',#15121,1.);
#2329=VECTOR('',#15122,1.);
#2330=VECTOR('',#15127,1.);
#2331=VECTOR('',#15134,1.);
#2332=VECTOR('',#15137,1.);
#2333=VECTOR('',#15140,1.);
#2334=VECTOR('',#15141,1.);
#2335=VECTOR('',#15142,1.);
#2336=VECTOR('',#15147,1.);
#2337=VECTOR('',#15152,1.);
#2338=VECTOR('',#15153,1.);
#2339=VECTOR('',#15154,1.);
#2340=VECTOR('',#15159,1.);
#2341=VECTOR('',#15164,1.);
#2342=VECTOR('',#15165,1.);
#2343=VECTOR('',#15166,1.);
#2344=VECTOR('',#15171,1.);
#2345=VECTOR('',#15176,1.);
#2346=VECTOR('',#15177,1.);
#2347=VECTOR('',#15178,1.);
#2348=VECTOR('',#15179,1.);
#2349=VECTOR('',#15184,1.);
#2350=VECTOR('',#15189,1.);
#2351=VECTOR('',#15190,1.);
#2352=VECTOR('',#15191,1.);
#2353=VECTOR('',#15196,1.);
#2354=VECTOR('',#15201,1.);
#2355=VECTOR('',#15202,1.);
#2356=VECTOR('',#15203,1.);
#2357=VECTOR('',#15208,1.);
#2358=VECTOR('',#15213,1.);
#2359=VECTOR('',#15214,1.);
#2360=VECTOR('',#15215,1.);
#2361=VECTOR('',#15218,1.);
#2362=VECTOR('',#15219,1.);
#2363=VECTOR('',#15222,1.);
#2364=VECTOR('',#15223,1.);
#2365=VECTOR('',#15226,1.);
#2366=VECTOR('',#15227,1.);
#2367=VECTOR('',#15230,1.);
#2368=VECTOR('',#15231,1.);
#2369=VECTOR('',#15234,1.);
#2370=VECTOR('',#15235,1.);
#2371=VECTOR('',#15238,1.);
#2372=VECTOR('',#15239,1.);
#2373=VECTOR('',#15242,1.);
#2374=VECTOR('',#15243,1.);
#2375=VECTOR('',#15246,1.);
#2376=VECTOR('',#15247,1.);
#2377=VECTOR('',#15250,1.);
#2378=VECTOR('',#15251,1.);
#2379=VECTOR('',#15254,1.);
#2380=VECTOR('',#15255,1.);
#2381=VECTOR('',#15258,1.);
#2382=VECTOR('',#15259,1.);
#2383=VECTOR('',#15262,1.);
#2384=VECTOR('',#15263,1.);
#2385=VECTOR('',#15266,1.);
#2386=VECTOR('',#15267,1.);
#2387=VECTOR('',#15270,1.);
#2388=VECTOR('',#15271,1.);
#2389=VECTOR('',#15274,1.);
#2390=VECTOR('',#15275,1.);
#2391=VECTOR('',#15278,1.);
#2392=VECTOR('',#15279,1.);
#2393=VECTOR('',#15282,1.);
#2394=VECTOR('',#15283,1.);
#2395=VECTOR('',#15286,1.);
#2396=VECTOR('',#15287,1.);
#2397=VECTOR('',#15290,1.);
#2398=VECTOR('',#15291,1.);
#2399=VECTOR('',#15294,1.);
#2400=VECTOR('',#15295,1.);
#2401=VECTOR('',#15298,1.);
#2402=VECTOR('',#15299,1.);
#2403=VECTOR('',#15302,1.);
#2404=VECTOR('',#15303,1.);
#2405=VECTOR('',#15306,1.);
#2406=VECTOR('',#15307,1.);
#2407=VECTOR('',#15310,1.);
#2408=VECTOR('',#15311,1.);
#2409=VECTOR('',#15314,1.);
#2410=VECTOR('',#15315,1.);
#2411=VECTOR('',#15318,1.);
#2412=VECTOR('',#15319,1.);
#2413=VECTOR('',#15322,1.);
#2414=VECTOR('',#15323,1.);
#2415=VECTOR('',#15326,1.);
#2416=VECTOR('',#15327,1.);
#2417=VECTOR('',#15330,1.);
#2418=VECTOR('',#15331,1.);
#2419=VECTOR('',#15334,1.);
#2420=VECTOR('',#15335,1.);
#2421=VECTOR('',#15338,1.);
#2422=VECTOR('',#15339,1.);
#2423=VECTOR('',#15342,1.);
#2424=VECTOR('',#15343,1.);
#2425=VECTOR('',#15346,1.);
#2426=VECTOR('',#15347,1.);
#2427=VECTOR('',#15350,1.);
#2428=VECTOR('',#15351,1.);
#2429=VECTOR('',#15360,1.);
#2430=VECTOR('',#15361,1.);
#2431=VECTOR('',#15364,1.);
#2432=VECTOR('',#15365,1.);
#2433=VECTOR('',#15368,1.);
#2434=VECTOR('',#15369,1.);
#2435=VECTOR('',#15372,1.);
#2436=VECTOR('',#15373,1.);
#2437=VECTOR('',#15376,1.);
#2438=VECTOR('',#15377,1.);
#2439=VECTOR('',#15380,1.);
#2440=VECTOR('',#15381,1.);
#2441=VECTOR('',#15384,1.);
#2442=VECTOR('',#15385,1.);
#2443=VECTOR('',#15388,1.);
#2444=VECTOR('',#15389,1.);
#2445=VECTOR('',#15392,1.);
#2446=VECTOR('',#15393,1.);
#2447=VECTOR('',#15396,1.);
#2448=VECTOR('',#15397,1.);
#2449=VECTOR('',#15406,1.);
#2450=VECTOR('',#15407,1.);
#2451=VECTOR('',#15410,1.);
#2452=VECTOR('',#15411,1.);
#2453=VECTOR('',#15414,1.);
#2454=VECTOR('',#15415,1.);
#2455=VECTOR('',#15430,1.);
#2456=VECTOR('',#15431,1.);
#2457=VECTOR('',#15434,1.);
#2458=VECTOR('',#15435,1.);
#2459=VECTOR('',#15438,1.);
#2460=VECTOR('',#15439,1.);
#2461=VECTOR('',#15442,1.);
#2462=VECTOR('',#15443,1.);
#2463=VECTOR('',#15446,1.);
#2464=VECTOR('',#15447,1.);
#2465=VECTOR('',#15450,1.);
#2466=VECTOR('',#15451,1.);
#2467=VECTOR('',#15454,1.);
#2468=VECTOR('',#15455,1.);
#2469=VECTOR('',#15458,1.);
#2470=VECTOR('',#15459,1.);
#2471=VECTOR('',#15462,1.);
#2472=VECTOR('',#15463,1.);
#2473=VECTOR('',#15466,1.);
#2474=VECTOR('',#15467,1.);
#2475=VECTOR('',#15470,1.);
#2476=VECTOR('',#15471,1.);
#2477=VECTOR('',#15474,1.);
#2478=VECTOR('',#15475,1.);
#2479=VECTOR('',#15478,1.);
#2480=VECTOR('',#15479,1.);
#2481=VECTOR('',#15482,1.);
#2482=VECTOR('',#15483,1.);
#2483=VECTOR('',#15492,1.);
#2484=VECTOR('',#15493,1.);
#2485=ORIENTED_EDGE('',*,*,#5743,.F.);
#2486=ORIENTED_EDGE('',*,*,#5744,.F.);
#2487=ORIENTED_EDGE('',*,*,#5745,.T.);
#2488=ORIENTED_EDGE('',*,*,#5746,.T.);
#2489=ORIENTED_EDGE('',*,*,#5747,.T.);
#2490=ORIENTED_EDGE('',*,*,#5748,.F.);
#2491=ORIENTED_EDGE('',*,*,#5749,.F.);
#2492=ORIENTED_EDGE('',*,*,#5744,.T.);
#2493=ORIENTED_EDGE('',*,*,#5750,.F.);
#2494=ORIENTED_EDGE('',*,*,#5751,.F.);
#2495=ORIENTED_EDGE('',*,*,#5752,.T.);
#2496=ORIENTED_EDGE('',*,*,#5748,.T.);
#2497=ORIENTED_EDGE('',*,*,#5753,.F.);
#2498=ORIENTED_EDGE('',*,*,#5754,.F.);
#2499=ORIENTED_EDGE('',*,*,#5755,.T.);
#2500=ORIENTED_EDGE('',*,*,#5751,.T.);
#2501=ORIENTED_EDGE('',*,*,#5756,.F.);
#2502=ORIENTED_EDGE('',*,*,#5757,.F.);
#2503=ORIENTED_EDGE('',*,*,#5758,.T.);
#2504=ORIENTED_EDGE('',*,*,#5754,.T.);
#2505=ORIENTED_EDGE('',*,*,#5759,.F.);
#2506=ORIENTED_EDGE('',*,*,#5760,.F.);
#2507=ORIENTED_EDGE('',*,*,#5761,.T.);
#2508=ORIENTED_EDGE('',*,*,#5757,.T.);
#2509=ORIENTED_EDGE('',*,*,#5762,.F.);
#2510=ORIENTED_EDGE('',*,*,#5763,.F.);
#2511=ORIENTED_EDGE('',*,*,#5764,.T.);
#2512=ORIENTED_EDGE('',*,*,#5760,.T.);
#2513=ORIENTED_EDGE('',*,*,#5765,.F.);
#2514=ORIENTED_EDGE('',*,*,#5766,.F.);
#2515=ORIENTED_EDGE('',*,*,#5767,.T.);
#2516=ORIENTED_EDGE('',*,*,#5768,.T.);
#2517=ORIENTED_EDGE('',*,*,#5769,.T.);
#2518=ORIENTED_EDGE('',*,*,#5770,.F.);
#2519=ORIENTED_EDGE('',*,*,#5771,.F.);
#2520=ORIENTED_EDGE('',*,*,#5766,.T.);
#2521=ORIENTED_EDGE('',*,*,#5772,.F.);
#2522=ORIENTED_EDGE('',*,*,#5773,.F.);
#2523=ORIENTED_EDGE('',*,*,#5774,.T.);
#2524=ORIENTED_EDGE('',*,*,#5770,.T.);
#2525=ORIENTED_EDGE('',*,*,#5775,.F.);
#2526=ORIENTED_EDGE('',*,*,#5776,.F.);
#2527=ORIENTED_EDGE('',*,*,#5777,.T.);
#2528=ORIENTED_EDGE('',*,*,#5773,.T.);
#2529=ORIENTED_EDGE('',*,*,#5778,.F.);
#2530=ORIENTED_EDGE('',*,*,#5779,.F.);
#2531=ORIENTED_EDGE('',*,*,#5780,.T.);
#2532=ORIENTED_EDGE('',*,*,#5776,.T.);
#2533=ORIENTED_EDGE('',*,*,#5781,.F.);
#2534=ORIENTED_EDGE('',*,*,#5782,.F.);
#2535=ORIENTED_EDGE('',*,*,#5783,.T.);
#2536=ORIENTED_EDGE('',*,*,#5779,.T.);
#2537=ORIENTED_EDGE('',*,*,#5784,.F.);
#2538=ORIENTED_EDGE('',*,*,#5785,.F.);
#2539=ORIENTED_EDGE('',*,*,#5786,.T.);
#2540=ORIENTED_EDGE('',*,*,#5782,.T.);
#2541=ORIENTED_EDGE('',*,*,#5787,.F.);
#2542=ORIENTED_EDGE('',*,*,#5788,.F.);
#2543=ORIENTED_EDGE('',*,*,#5789,.T.);
#2544=ORIENTED_EDGE('',*,*,#5790,.T.);
#2545=ORIENTED_EDGE('',*,*,#5791,.T.);
#2546=ORIENTED_EDGE('',*,*,#5792,.F.);
#2547=ORIENTED_EDGE('',*,*,#5793,.F.);
#2548=ORIENTED_EDGE('',*,*,#5788,.T.);
#2549=ORIENTED_EDGE('',*,*,#5794,.F.);
#2550=ORIENTED_EDGE('',*,*,#5795,.F.);
#2551=ORIENTED_EDGE('',*,*,#5796,.T.);
#2552=ORIENTED_EDGE('',*,*,#5792,.T.);
#2553=ORIENTED_EDGE('',*,*,#5797,.F.);
#2554=ORIENTED_EDGE('',*,*,#5798,.F.);
#2555=ORIENTED_EDGE('',*,*,#5799,.T.);
#2556=ORIENTED_EDGE('',*,*,#5795,.T.);
#2557=ORIENTED_EDGE('',*,*,#5800,.F.);
#2558=ORIENTED_EDGE('',*,*,#5801,.F.);
#2559=ORIENTED_EDGE('',*,*,#5802,.T.);
#2560=ORIENTED_EDGE('',*,*,#5798,.T.);
#2561=ORIENTED_EDGE('',*,*,#5803,.F.);
#2562=ORIENTED_EDGE('',*,*,#5804,.F.);
#2563=ORIENTED_EDGE('',*,*,#5805,.T.);
#2564=ORIENTED_EDGE('',*,*,#5801,.T.);
#2565=ORIENTED_EDGE('',*,*,#5806,.F.);
#2566=ORIENTED_EDGE('',*,*,#5807,.F.);
#2567=ORIENTED_EDGE('',*,*,#5808,.T.);
#2568=ORIENTED_EDGE('',*,*,#5804,.T.);
#2569=ORIENTED_EDGE('',*,*,#5809,.F.);
#2570=ORIENTED_EDGE('',*,*,#5810,.F.);
#2571=ORIENTED_EDGE('',*,*,#5811,.T.);
#2572=ORIENTED_EDGE('',*,*,#5812,.T.);
#2573=ORIENTED_EDGE('',*,*,#5813,.T.);
#2574=ORIENTED_EDGE('',*,*,#5814,.F.);
#2575=ORIENTED_EDGE('',*,*,#5815,.F.);
#2576=ORIENTED_EDGE('',*,*,#5810,.T.);
#2577=ORIENTED_EDGE('',*,*,#5816,.F.);
#2578=ORIENTED_EDGE('',*,*,#5817,.F.);
#2579=ORIENTED_EDGE('',*,*,#5818,.T.);
#2580=ORIENTED_EDGE('',*,*,#5814,.T.);
#2581=ORIENTED_EDGE('',*,*,#5819,.F.);
#2582=ORIENTED_EDGE('',*,*,#5820,.F.);
#2583=ORIENTED_EDGE('',*,*,#5821,.T.);
#2584=ORIENTED_EDGE('',*,*,#5817,.T.);
#2585=ORIENTED_EDGE('',*,*,#5822,.F.);
#2586=ORIENTED_EDGE('',*,*,#5823,.F.);
#2587=ORIENTED_EDGE('',*,*,#5824,.T.);
#2588=ORIENTED_EDGE('',*,*,#5820,.T.);
#2589=ORIENTED_EDGE('',*,*,#5825,.F.);
#2590=ORIENTED_EDGE('',*,*,#5826,.F.);
#2591=ORIENTED_EDGE('',*,*,#5827,.T.);
#2592=ORIENTED_EDGE('',*,*,#5823,.T.);
#2593=ORIENTED_EDGE('',*,*,#5828,.F.);
#2594=ORIENTED_EDGE('',*,*,#5829,.F.);
#2595=ORIENTED_EDGE('',*,*,#5830,.T.);
#2596=ORIENTED_EDGE('',*,*,#5826,.T.);
#2597=ORIENTED_EDGE('',*,*,#5831,.F.);
#2598=ORIENTED_EDGE('',*,*,#5832,.F.);
#2599=ORIENTED_EDGE('',*,*,#5833,.T.);
#2600=ORIENTED_EDGE('',*,*,#5834,.T.);
#2601=ORIENTED_EDGE('',*,*,#5835,.T.);
#2602=ORIENTED_EDGE('',*,*,#5836,.F.);
#2603=ORIENTED_EDGE('',*,*,#5837,.F.);
#2604=ORIENTED_EDGE('',*,*,#5832,.T.);
#2605=ORIENTED_EDGE('',*,*,#5838,.F.);
#2606=ORIENTED_EDGE('',*,*,#5839,.F.);
#2607=ORIENTED_EDGE('',*,*,#5840,.T.);
#2608=ORIENTED_EDGE('',*,*,#5836,.T.);
#2609=ORIENTED_EDGE('',*,*,#5841,.T.);
#2610=ORIENTED_EDGE('',*,*,#5842,.F.);
#2611=ORIENTED_EDGE('',*,*,#5843,.F.);
#2612=ORIENTED_EDGE('',*,*,#5839,.T.);
#2613=ORIENTED_EDGE('',*,*,#5844,.F.);
#2614=ORIENTED_EDGE('',*,*,#5845,.F.);
#2615=ORIENTED_EDGE('',*,*,#5846,.T.);
#2616=ORIENTED_EDGE('',*,*,#5842,.T.);
#2617=ORIENTED_EDGE('',*,*,#5847,.F.);
#2618=ORIENTED_EDGE('',*,*,#5848,.F.);
#2619=ORIENTED_EDGE('',*,*,#5849,.T.);
#2620=ORIENTED_EDGE('',*,*,#5845,.T.);
#2621=ORIENTED_EDGE('',*,*,#5850,.F.);
#2622=ORIENTED_EDGE('',*,*,#5851,.F.);
#2623=ORIENTED_EDGE('',*,*,#5852,.T.);
#2624=ORIENTED_EDGE('',*,*,#5848,.T.);
#2625=ORIENTED_EDGE('',*,*,#5853,.F.);
#2626=ORIENTED_EDGE('',*,*,#5854,.F.);
#2627=ORIENTED_EDGE('',*,*,#5855,.T.);
#2628=ORIENTED_EDGE('',*,*,#5856,.T.);
#2629=ORIENTED_EDGE('',*,*,#5857,.T.);
#2630=ORIENTED_EDGE('',*,*,#5858,.F.);
#2631=ORIENTED_EDGE('',*,*,#5859,.F.);
#2632=ORIENTED_EDGE('',*,*,#5854,.T.);
#2633=ORIENTED_EDGE('',*,*,#5860,.F.);
#2634=ORIENTED_EDGE('',*,*,#5861,.F.);
#2635=ORIENTED_EDGE('',*,*,#5862,.T.);
#2636=ORIENTED_EDGE('',*,*,#5858,.T.);
#2637=ORIENTED_EDGE('',*,*,#5863,.T.);
#2638=ORIENTED_EDGE('',*,*,#5864,.F.);
#2639=ORIENTED_EDGE('',*,*,#5865,.F.);
#2640=ORIENTED_EDGE('',*,*,#5861,.T.);
#2641=ORIENTED_EDGE('',*,*,#5866,.F.);
#2642=ORIENTED_EDGE('',*,*,#5867,.F.);
#2643=ORIENTED_EDGE('',*,*,#5868,.T.);
#2644=ORIENTED_EDGE('',*,*,#5864,.T.);
#2645=ORIENTED_EDGE('',*,*,#5869,.F.);
#2646=ORIENTED_EDGE('',*,*,#5870,.F.);
#2647=ORIENTED_EDGE('',*,*,#5871,.T.);
#2648=ORIENTED_EDGE('',*,*,#5867,.T.);
#2649=ORIENTED_EDGE('',*,*,#5872,.F.);
#2650=ORIENTED_EDGE('',*,*,#5873,.F.);
#2651=ORIENTED_EDGE('',*,*,#5874,.T.);
#2652=ORIENTED_EDGE('',*,*,#5870,.T.);
#2653=ORIENTED_EDGE('',*,*,#5875,.F.);
#2654=ORIENTED_EDGE('',*,*,#5876,.F.);
#2655=ORIENTED_EDGE('',*,*,#5877,.T.);
#2656=ORIENTED_EDGE('',*,*,#5878,.T.);
#2657=ORIENTED_EDGE('',*,*,#5879,.T.);
#2658=ORIENTED_EDGE('',*,*,#5880,.F.);
#2659=ORIENTED_EDGE('',*,*,#5881,.F.);
#2660=ORIENTED_EDGE('',*,*,#5876,.T.);
#2661=ORIENTED_EDGE('',*,*,#5882,.F.);
#2662=ORIENTED_EDGE('',*,*,#5883,.F.);
#2663=ORIENTED_EDGE('',*,*,#5884,.T.);
#2664=ORIENTED_EDGE('',*,*,#5880,.T.);
#2665=ORIENTED_EDGE('',*,*,#5885,.F.);
#2666=ORIENTED_EDGE('',*,*,#5886,.F.);
#2667=ORIENTED_EDGE('',*,*,#5887,.T.);
#2668=ORIENTED_EDGE('',*,*,#5883,.T.);
#2669=ORIENTED_EDGE('',*,*,#5888,.F.);
#2670=ORIENTED_EDGE('',*,*,#5889,.F.);
#2671=ORIENTED_EDGE('',*,*,#5890,.T.);
#2672=ORIENTED_EDGE('',*,*,#5886,.T.);
#2673=ORIENTED_EDGE('',*,*,#5891,.F.);
#2674=ORIENTED_EDGE('',*,*,#5892,.F.);
#2675=ORIENTED_EDGE('',*,*,#5893,.T.);
#2676=ORIENTED_EDGE('',*,*,#5889,.T.);
#2677=ORIENTED_EDGE('',*,*,#5894,.F.);
#2678=ORIENTED_EDGE('',*,*,#5895,.F.);
#2679=ORIENTED_EDGE('',*,*,#5896,.T.);
#2680=ORIENTED_EDGE('',*,*,#5892,.T.);
#2681=ORIENTED_EDGE('',*,*,#5897,.F.);
#2682=ORIENTED_EDGE('',*,*,#5898,.F.);
#2683=ORIENTED_EDGE('',*,*,#5899,.T.);
#2684=ORIENTED_EDGE('',*,*,#5900,.T.);
#2685=ORIENTED_EDGE('',*,*,#5901,.T.);
#2686=ORIENTED_EDGE('',*,*,#5902,.F.);
#2687=ORIENTED_EDGE('',*,*,#5903,.F.);
#2688=ORIENTED_EDGE('',*,*,#5898,.T.);
#2689=ORIENTED_EDGE('',*,*,#5904,.F.);
#2690=ORIENTED_EDGE('',*,*,#5905,.F.);
#2691=ORIENTED_EDGE('',*,*,#5906,.T.);
#2692=ORIENTED_EDGE('',*,*,#5902,.T.);
#2693=ORIENTED_EDGE('',*,*,#5907,.T.);
#2694=ORIENTED_EDGE('',*,*,#5908,.F.);
#2695=ORIENTED_EDGE('',*,*,#5909,.F.);
#2696=ORIENTED_EDGE('',*,*,#5905,.T.);
#2697=ORIENTED_EDGE('',*,*,#5910,.F.);
#2698=ORIENTED_EDGE('',*,*,#5911,.F.);
#2699=ORIENTED_EDGE('',*,*,#5912,.T.);
#2700=ORIENTED_EDGE('',*,*,#5908,.T.);
#2701=ORIENTED_EDGE('',*,*,#5913,.F.);
#2702=ORIENTED_EDGE('',*,*,#5914,.F.);
#2703=ORIENTED_EDGE('',*,*,#5915,.T.);
#2704=ORIENTED_EDGE('',*,*,#5911,.T.);
#2705=ORIENTED_EDGE('',*,*,#5916,.F.);
#2706=ORIENTED_EDGE('',*,*,#5917,.F.);
#2707=ORIENTED_EDGE('',*,*,#5918,.T.);
#2708=ORIENTED_EDGE('',*,*,#5914,.T.);
#2709=ORIENTED_EDGE('',*,*,#5919,.F.);
#2710=ORIENTED_EDGE('',*,*,#5920,.F.);
#2711=ORIENTED_EDGE('',*,*,#5921,.T.);
#2712=ORIENTED_EDGE('',*,*,#5922,.T.);
#2713=ORIENTED_EDGE('',*,*,#5923,.T.);
#2714=ORIENTED_EDGE('',*,*,#5924,.F.);
#2715=ORIENTED_EDGE('',*,*,#5925,.F.);
#2716=ORIENTED_EDGE('',*,*,#5920,.T.);
#2717=ORIENTED_EDGE('',*,*,#5926,.F.);
#2718=ORIENTED_EDGE('',*,*,#5927,.F.);
#2719=ORIENTED_EDGE('',*,*,#5928,.T.);
#2720=ORIENTED_EDGE('',*,*,#5924,.T.);
#2721=ORIENTED_EDGE('',*,*,#5929,.F.);
#2722=ORIENTED_EDGE('',*,*,#5930,.F.);
#2723=ORIENTED_EDGE('',*,*,#5931,.T.);
#2724=ORIENTED_EDGE('',*,*,#5927,.T.);
#2725=ORIENTED_EDGE('',*,*,#5932,.F.);
#2726=ORIENTED_EDGE('',*,*,#5933,.F.);
#2727=ORIENTED_EDGE('',*,*,#5934,.T.);
#2728=ORIENTED_EDGE('',*,*,#5930,.T.);
#2729=ORIENTED_EDGE('',*,*,#5935,.F.);
#2730=ORIENTED_EDGE('',*,*,#5936,.F.);
#2731=ORIENTED_EDGE('',*,*,#5937,.T.);
#2732=ORIENTED_EDGE('',*,*,#5933,.T.);
#2733=ORIENTED_EDGE('',*,*,#5938,.F.);
#2734=ORIENTED_EDGE('',*,*,#5939,.F.);
#2735=ORIENTED_EDGE('',*,*,#5940,.T.);
#2736=ORIENTED_EDGE('',*,*,#5936,.T.);
#2737=ORIENTED_EDGE('',*,*,#5941,.F.);
#2738=ORIENTED_EDGE('',*,*,#5942,.F.);
#2739=ORIENTED_EDGE('',*,*,#5943,.T.);
#2740=ORIENTED_EDGE('',*,*,#5944,.T.);
#2741=ORIENTED_EDGE('',*,*,#5945,.T.);
#2742=ORIENTED_EDGE('',*,*,#5946,.F.);
#2743=ORIENTED_EDGE('',*,*,#5947,.F.);
#2744=ORIENTED_EDGE('',*,*,#5942,.T.);
#2745=ORIENTED_EDGE('',*,*,#5948,.F.);
#2746=ORIENTED_EDGE('',*,*,#5949,.F.);
#2747=ORIENTED_EDGE('',*,*,#5950,.T.);
#2748=ORIENTED_EDGE('',*,*,#5946,.T.);
#2749=ORIENTED_EDGE('',*,*,#5951,.F.);
#2750=ORIENTED_EDGE('',*,*,#5952,.F.);
#2751=ORIENTED_EDGE('',*,*,#5953,.T.);
#2752=ORIENTED_EDGE('',*,*,#5949,.T.);
#2753=ORIENTED_EDGE('',*,*,#5954,.F.);
#2754=ORIENTED_EDGE('',*,*,#5955,.F.);
#2755=ORIENTED_EDGE('',*,*,#5956,.T.);
#2756=ORIENTED_EDGE('',*,*,#5952,.T.);
#2757=ORIENTED_EDGE('',*,*,#5957,.F.);
#2758=ORIENTED_EDGE('',*,*,#5958,.F.);
#2759=ORIENTED_EDGE('',*,*,#5959,.T.);
#2760=ORIENTED_EDGE('',*,*,#5955,.T.);
#2761=ORIENTED_EDGE('',*,*,#5960,.F.);
#2762=ORIENTED_EDGE('',*,*,#5961,.F.);
#2763=ORIENTED_EDGE('',*,*,#5962,.T.);
#2764=ORIENTED_EDGE('',*,*,#5958,.T.);
#2765=ORIENTED_EDGE('',*,*,#5963,.F.);
#2766=ORIENTED_EDGE('',*,*,#5964,.F.);
#2767=ORIENTED_EDGE('',*,*,#5965,.T.);
#2768=ORIENTED_EDGE('',*,*,#5966,.T.);
#2769=ORIENTED_EDGE('',*,*,#5967,.T.);
#2770=ORIENTED_EDGE('',*,*,#5968,.F.);
#2771=ORIENTED_EDGE('',*,*,#5969,.F.);
#2772=ORIENTED_EDGE('',*,*,#5964,.T.);
#2773=ORIENTED_EDGE('',*,*,#5970,.F.);
#2774=ORIENTED_EDGE('',*,*,#5971,.F.);
#2775=ORIENTED_EDGE('',*,*,#5972,.T.);
#2776=ORIENTED_EDGE('',*,*,#5968,.T.);
#2777=ORIENTED_EDGE('',*,*,#5973,.F.);
#2778=ORIENTED_EDGE('',*,*,#5974,.F.);
#2779=ORIENTED_EDGE('',*,*,#5975,.T.);
#2780=ORIENTED_EDGE('',*,*,#5971,.T.);
#2781=ORIENTED_EDGE('',*,*,#5976,.F.);
#2782=ORIENTED_EDGE('',*,*,#5977,.F.);
#2783=ORIENTED_EDGE('',*,*,#5978,.T.);
#2784=ORIENTED_EDGE('',*,*,#5974,.T.);
#2785=ORIENTED_EDGE('',*,*,#5979,.F.);
#2786=ORIENTED_EDGE('',*,*,#5980,.F.);
#2787=ORIENTED_EDGE('',*,*,#5981,.T.);
#2788=ORIENTED_EDGE('',*,*,#5977,.T.);
#2789=ORIENTED_EDGE('',*,*,#5982,.F.);
#2790=ORIENTED_EDGE('',*,*,#5983,.F.);
#2791=ORIENTED_EDGE('',*,*,#5984,.T.);
#2792=ORIENTED_EDGE('',*,*,#5980,.T.);
#2793=ORIENTED_EDGE('',*,*,#5985,.F.);
#2794=ORIENTED_EDGE('',*,*,#5986,.F.);
#2795=ORIENTED_EDGE('',*,*,#5987,.T.);
#2796=ORIENTED_EDGE('',*,*,#5988,.T.);
#2797=ORIENTED_EDGE('',*,*,#5989,.T.);
#2798=ORIENTED_EDGE('',*,*,#5990,.F.);
#2799=ORIENTED_EDGE('',*,*,#5991,.F.);
#2800=ORIENTED_EDGE('',*,*,#5986,.T.);
#2801=ORIENTED_EDGE('',*,*,#5992,.F.);
#2802=ORIENTED_EDGE('',*,*,#5993,.F.);
#2803=ORIENTED_EDGE('',*,*,#5994,.T.);
#2804=ORIENTED_EDGE('',*,*,#5990,.T.);
#2805=ORIENTED_EDGE('',*,*,#5995,.F.);
#2806=ORIENTED_EDGE('',*,*,#5996,.F.);
#2807=ORIENTED_EDGE('',*,*,#5997,.T.);
#2808=ORIENTED_EDGE('',*,*,#5993,.T.);
#2809=ORIENTED_EDGE('',*,*,#5998,.F.);
#2810=ORIENTED_EDGE('',*,*,#5999,.F.);
#2811=ORIENTED_EDGE('',*,*,#6000,.T.);
#2812=ORIENTED_EDGE('',*,*,#5996,.T.);
#2813=ORIENTED_EDGE('',*,*,#6001,.F.);
#2814=ORIENTED_EDGE('',*,*,#6002,.F.);
#2815=ORIENTED_EDGE('',*,*,#6003,.T.);
#2816=ORIENTED_EDGE('',*,*,#5999,.T.);
#2817=ORIENTED_EDGE('',*,*,#6004,.F.);
#2818=ORIENTED_EDGE('',*,*,#6005,.F.);
#2819=ORIENTED_EDGE('',*,*,#6006,.T.);
#2820=ORIENTED_EDGE('',*,*,#6002,.T.);
#2821=ORIENTED_EDGE('',*,*,#6007,.F.);
#2822=ORIENTED_EDGE('',*,*,#6008,.F.);
#2823=ORIENTED_EDGE('',*,*,#6009,.T.);
#2824=ORIENTED_EDGE('',*,*,#6010,.T.);
#2825=ORIENTED_EDGE('',*,*,#6011,.T.);
#2826=ORIENTED_EDGE('',*,*,#6012,.F.);
#2827=ORIENTED_EDGE('',*,*,#6013,.F.);
#2828=ORIENTED_EDGE('',*,*,#6008,.T.);
#2829=ORIENTED_EDGE('',*,*,#6014,.F.);
#2830=ORIENTED_EDGE('',*,*,#6015,.F.);
#2831=ORIENTED_EDGE('',*,*,#6016,.T.);
#2832=ORIENTED_EDGE('',*,*,#6012,.T.);
#2833=ORIENTED_EDGE('',*,*,#6017,.T.);
#2834=ORIENTED_EDGE('',*,*,#6018,.F.);
#2835=ORIENTED_EDGE('',*,*,#6019,.F.);
#2836=ORIENTED_EDGE('',*,*,#6015,.T.);
#2837=ORIENTED_EDGE('',*,*,#6020,.F.);
#2838=ORIENTED_EDGE('',*,*,#6021,.F.);
#2839=ORIENTED_EDGE('',*,*,#6022,.T.);
#2840=ORIENTED_EDGE('',*,*,#6018,.T.);
#2841=ORIENTED_EDGE('',*,*,#6023,.F.);
#2842=ORIENTED_EDGE('',*,*,#6024,.F.);
#2843=ORIENTED_EDGE('',*,*,#6025,.T.);
#2844=ORIENTED_EDGE('',*,*,#6021,.T.);
#2845=ORIENTED_EDGE('',*,*,#6026,.F.);
#2846=ORIENTED_EDGE('',*,*,#6027,.F.);
#2847=ORIENTED_EDGE('',*,*,#6028,.T.);
#2848=ORIENTED_EDGE('',*,*,#6024,.T.);
#2849=ORIENTED_EDGE('',*,*,#6029,.F.);
#2850=ORIENTED_EDGE('',*,*,#6030,.F.);
#2851=ORIENTED_EDGE('',*,*,#6031,.T.);
#2852=ORIENTED_EDGE('',*,*,#6032,.T.);
#2853=ORIENTED_EDGE('',*,*,#6033,.T.);
#2854=ORIENTED_EDGE('',*,*,#6034,.F.);
#2855=ORIENTED_EDGE('',*,*,#6035,.F.);
#2856=ORIENTED_EDGE('',*,*,#6030,.T.);
#2857=ORIENTED_EDGE('',*,*,#6036,.F.);
#2858=ORIENTED_EDGE('',*,*,#6037,.F.);
#2859=ORIENTED_EDGE('',*,*,#6038,.T.);
#2860=ORIENTED_EDGE('',*,*,#6034,.T.);
#2861=ORIENTED_EDGE('',*,*,#6039,.T.);
#2862=ORIENTED_EDGE('',*,*,#6040,.F.);
#2863=ORIENTED_EDGE('',*,*,#6041,.F.);
#2864=ORIENTED_EDGE('',*,*,#6037,.T.);
#2865=ORIENTED_EDGE('',*,*,#6042,.F.);
#2866=ORIENTED_EDGE('',*,*,#6043,.F.);
#2867=ORIENTED_EDGE('',*,*,#6044,.T.);
#2868=ORIENTED_EDGE('',*,*,#6040,.T.);
#2869=ORIENTED_EDGE('',*,*,#6045,.F.);
#2870=ORIENTED_EDGE('',*,*,#6046,.F.);
#2871=ORIENTED_EDGE('',*,*,#6047,.T.);
#2872=ORIENTED_EDGE('',*,*,#6043,.T.);
#2873=ORIENTED_EDGE('',*,*,#6048,.F.);
#2874=ORIENTED_EDGE('',*,*,#6049,.F.);
#2875=ORIENTED_EDGE('',*,*,#6050,.T.);
#2876=ORIENTED_EDGE('',*,*,#6046,.T.);
#2877=ORIENTED_EDGE('',*,*,#6051,.F.);
#2878=ORIENTED_EDGE('',*,*,#6052,.F.);
#2879=ORIENTED_EDGE('',*,*,#6053,.T.);
#2880=ORIENTED_EDGE('',*,*,#6054,.T.);
#2881=ORIENTED_EDGE('',*,*,#6055,.T.);
#2882=ORIENTED_EDGE('',*,*,#6056,.F.);
#2883=ORIENTED_EDGE('',*,*,#6057,.F.);
#2884=ORIENTED_EDGE('',*,*,#6052,.T.);
#2885=ORIENTED_EDGE('',*,*,#6058,.F.);
#2886=ORIENTED_EDGE('',*,*,#6059,.F.);
#2887=ORIENTED_EDGE('',*,*,#6060,.T.);
#2888=ORIENTED_EDGE('',*,*,#6056,.T.);
#2889=ORIENTED_EDGE('',*,*,#6061,.F.);
#2890=ORIENTED_EDGE('',*,*,#6062,.F.);
#2891=ORIENTED_EDGE('',*,*,#6063,.T.);
#2892=ORIENTED_EDGE('',*,*,#6059,.T.);
#2893=ORIENTED_EDGE('',*,*,#6064,.F.);
#2894=ORIENTED_EDGE('',*,*,#6065,.F.);
#2895=ORIENTED_EDGE('',*,*,#6066,.T.);
#2896=ORIENTED_EDGE('',*,*,#6062,.T.);
#2897=ORIENTED_EDGE('',*,*,#6067,.F.);
#2898=ORIENTED_EDGE('',*,*,#6068,.F.);
#2899=ORIENTED_EDGE('',*,*,#6069,.T.);
#2900=ORIENTED_EDGE('',*,*,#6065,.T.);
#2901=ORIENTED_EDGE('',*,*,#6070,.F.);
#2902=ORIENTED_EDGE('',*,*,#6071,.F.);
#2903=ORIENTED_EDGE('',*,*,#6072,.T.);
#2904=ORIENTED_EDGE('',*,*,#6068,.T.);
#2905=ORIENTED_EDGE('',*,*,#6073,.F.);
#2906=ORIENTED_EDGE('',*,*,#6074,.F.);
#2907=ORIENTED_EDGE('',*,*,#6075,.T.);
#2908=ORIENTED_EDGE('',*,*,#6076,.T.);
#2909=ORIENTED_EDGE('',*,*,#6077,.T.);
#2910=ORIENTED_EDGE('',*,*,#6078,.F.);
#2911=ORIENTED_EDGE('',*,*,#6079,.F.);
#2912=ORIENTED_EDGE('',*,*,#6074,.T.);
#2913=ORIENTED_EDGE('',*,*,#6080,.F.);
#2914=ORIENTED_EDGE('',*,*,#6081,.F.);
#2915=ORIENTED_EDGE('',*,*,#6082,.T.);
#2916=ORIENTED_EDGE('',*,*,#6078,.T.);
#2917=ORIENTED_EDGE('',*,*,#6083,.T.);
#2918=ORIENTED_EDGE('',*,*,#6084,.F.);
#2919=ORIENTED_EDGE('',*,*,#6085,.F.);
#2920=ORIENTED_EDGE('',*,*,#6081,.T.);
#2921=ORIENTED_EDGE('',*,*,#6086,.F.);
#2922=ORIENTED_EDGE('',*,*,#6087,.F.);
#2923=ORIENTED_EDGE('',*,*,#6088,.T.);
#2924=ORIENTED_EDGE('',*,*,#6084,.T.);
#2925=ORIENTED_EDGE('',*,*,#6089,.F.);
#2926=ORIENTED_EDGE('',*,*,#6090,.F.);
#2927=ORIENTED_EDGE('',*,*,#6091,.T.);
#2928=ORIENTED_EDGE('',*,*,#6087,.T.);
#2929=ORIENTED_EDGE('',*,*,#6092,.F.);
#2930=ORIENTED_EDGE('',*,*,#6093,.F.);
#2931=ORIENTED_EDGE('',*,*,#6094,.T.);
#2932=ORIENTED_EDGE('',*,*,#6090,.T.);
#2933=ORIENTED_EDGE('',*,*,#6095,.F.);
#2934=ORIENTED_EDGE('',*,*,#6096,.F.);
#2935=ORIENTED_EDGE('',*,*,#6097,.T.);
#2936=ORIENTED_EDGE('',*,*,#6098,.T.);
#2937=ORIENTED_EDGE('',*,*,#6099,.T.);
#2938=ORIENTED_EDGE('',*,*,#6100,.F.);
#2939=ORIENTED_EDGE('',*,*,#6101,.F.);
#2940=ORIENTED_EDGE('',*,*,#6096,.T.);
#2941=ORIENTED_EDGE('',*,*,#6102,.F.);
#2942=ORIENTED_EDGE('',*,*,#6103,.F.);
#2943=ORIENTED_EDGE('',*,*,#6104,.T.);
#2944=ORIENTED_EDGE('',*,*,#6100,.T.);
#2945=ORIENTED_EDGE('',*,*,#6105,.T.);
#2946=ORIENTED_EDGE('',*,*,#6106,.F.);
#2947=ORIENTED_EDGE('',*,*,#6107,.F.);
#2948=ORIENTED_EDGE('',*,*,#6103,.T.);
#2949=ORIENTED_EDGE('',*,*,#6108,.F.);
#2950=ORIENTED_EDGE('',*,*,#6109,.F.);
#2951=ORIENTED_EDGE('',*,*,#6110,.T.);
#2952=ORIENTED_EDGE('',*,*,#6106,.T.);
#2953=ORIENTED_EDGE('',*,*,#6111,.F.);
#2954=ORIENTED_EDGE('',*,*,#6112,.F.);
#2955=ORIENTED_EDGE('',*,*,#6113,.T.);
#2956=ORIENTED_EDGE('',*,*,#6109,.T.);
#2957=ORIENTED_EDGE('',*,*,#6114,.F.);
#2958=ORIENTED_EDGE('',*,*,#6115,.F.);
#2959=ORIENTED_EDGE('',*,*,#6116,.T.);
#2960=ORIENTED_EDGE('',*,*,#6112,.T.);
#2961=ORIENTED_EDGE('',*,*,#6117,.F.);
#2962=ORIENTED_EDGE('',*,*,#6118,.F.);
#2963=ORIENTED_EDGE('',*,*,#6119,.T.);
#2964=ORIENTED_EDGE('',*,*,#6120,.T.);
#2965=ORIENTED_EDGE('',*,*,#6121,.T.);
#2966=ORIENTED_EDGE('',*,*,#6122,.F.);
#2967=ORIENTED_EDGE('',*,*,#6123,.F.);
#2968=ORIENTED_EDGE('',*,*,#6118,.T.);
#2969=ORIENTED_EDGE('',*,*,#6124,.F.);
#2970=ORIENTED_EDGE('',*,*,#6125,.F.);
#2971=ORIENTED_EDGE('',*,*,#6126,.T.);
#2972=ORIENTED_EDGE('',*,*,#6122,.T.);
#2973=ORIENTED_EDGE('',*,*,#6127,.F.);
#2974=ORIENTED_EDGE('',*,*,#6128,.F.);
#2975=ORIENTED_EDGE('',*,*,#6129,.T.);
#2976=ORIENTED_EDGE('',*,*,#6125,.T.);
#2977=ORIENTED_EDGE('',*,*,#6130,.F.);
#2978=ORIENTED_EDGE('',*,*,#6131,.F.);
#2979=ORIENTED_EDGE('',*,*,#6132,.T.);
#2980=ORIENTED_EDGE('',*,*,#6128,.T.);
#2981=ORIENTED_EDGE('',*,*,#6133,.F.);
#2982=ORIENTED_EDGE('',*,*,#6134,.F.);
#2983=ORIENTED_EDGE('',*,*,#6135,.T.);
#2984=ORIENTED_EDGE('',*,*,#6131,.T.);
#2985=ORIENTED_EDGE('',*,*,#6136,.F.);
#2986=ORIENTED_EDGE('',*,*,#6137,.F.);
#2987=ORIENTED_EDGE('',*,*,#6138,.T.);
#2988=ORIENTED_EDGE('',*,*,#6134,.T.);
#2989=ORIENTED_EDGE('',*,*,#6139,.F.);
#2990=ORIENTED_EDGE('',*,*,#6140,.F.);
#2991=ORIENTED_EDGE('',*,*,#6141,.T.);
#2992=ORIENTED_EDGE('',*,*,#6142,.T.);
#2993=ORIENTED_EDGE('',*,*,#6143,.T.);
#2994=ORIENTED_EDGE('',*,*,#6144,.F.);
#2995=ORIENTED_EDGE('',*,*,#6145,.F.);
#2996=ORIENTED_EDGE('',*,*,#6140,.T.);
#2997=ORIENTED_EDGE('',*,*,#6146,.F.);
#2998=ORIENTED_EDGE('',*,*,#6147,.F.);
#2999=ORIENTED_EDGE('',*,*,#6148,.T.);
#3000=ORIENTED_EDGE('',*,*,#6144,.T.);
#3001=ORIENTED_EDGE('',*,*,#6149,.T.);
#3002=ORIENTED_EDGE('',*,*,#6150,.F.);
#3003=ORIENTED_EDGE('',*,*,#6151,.F.);
#3004=ORIENTED_EDGE('',*,*,#6147,.T.);
#3005=ORIENTED_EDGE('',*,*,#6152,.F.);
#3006=ORIENTED_EDGE('',*,*,#6153,.F.);
#3007=ORIENTED_EDGE('',*,*,#6154,.T.);
#3008=ORIENTED_EDGE('',*,*,#6150,.T.);
#3009=ORIENTED_EDGE('',*,*,#6155,.F.);
#3010=ORIENTED_EDGE('',*,*,#6156,.F.);
#3011=ORIENTED_EDGE('',*,*,#6157,.T.);
#3012=ORIENTED_EDGE('',*,*,#6153,.T.);
#3013=ORIENTED_EDGE('',*,*,#6158,.F.);
#3014=ORIENTED_EDGE('',*,*,#6159,.F.);
#3015=ORIENTED_EDGE('',*,*,#6160,.T.);
#3016=ORIENTED_EDGE('',*,*,#6156,.T.);
#3017=ORIENTED_EDGE('',*,*,#6161,.F.);
#3018=ORIENTED_EDGE('',*,*,#6162,.F.);
#3019=ORIENTED_EDGE('',*,*,#6163,.T.);
#3020=ORIENTED_EDGE('',*,*,#6164,.T.);
#3021=ORIENTED_EDGE('',*,*,#6165,.T.);
#3022=ORIENTED_EDGE('',*,*,#6166,.F.);
#3023=ORIENTED_EDGE('',*,*,#6167,.F.);
#3024=ORIENTED_EDGE('',*,*,#6162,.T.);
#3025=ORIENTED_EDGE('',*,*,#6168,.F.);
#3026=ORIENTED_EDGE('',*,*,#6169,.F.);
#3027=ORIENTED_EDGE('',*,*,#6170,.T.);
#3028=ORIENTED_EDGE('',*,*,#6166,.T.);
#3029=ORIENTED_EDGE('',*,*,#6171,.F.);
#3030=ORIENTED_EDGE('',*,*,#6172,.F.);
#3031=ORIENTED_EDGE('',*,*,#6173,.T.);
#3032=ORIENTED_EDGE('',*,*,#6169,.T.);
#3033=ORIENTED_EDGE('',*,*,#6174,.F.);
#3034=ORIENTED_EDGE('',*,*,#6175,.F.);
#3035=ORIENTED_EDGE('',*,*,#6176,.T.);
#3036=ORIENTED_EDGE('',*,*,#6172,.T.);
#3037=ORIENTED_EDGE('',*,*,#6177,.F.);
#3038=ORIENTED_EDGE('',*,*,#6178,.F.);
#3039=ORIENTED_EDGE('',*,*,#6179,.T.);
#3040=ORIENTED_EDGE('',*,*,#6175,.T.);
#3041=ORIENTED_EDGE('',*,*,#6180,.F.);
#3042=ORIENTED_EDGE('',*,*,#6181,.F.);
#3043=ORIENTED_EDGE('',*,*,#6182,.T.);
#3044=ORIENTED_EDGE('',*,*,#6178,.T.);
#3045=ORIENTED_EDGE('',*,*,#6183,.T.);
#3046=ORIENTED_EDGE('',*,*,#6184,.F.);
#3047=ORIENTED_EDGE('',*,*,#6185,.F.);
#3048=ORIENTED_EDGE('',*,*,#6186,.T.);
#3049=ORIENTED_EDGE('',*,*,#6187,.T.);
#3050=ORIENTED_EDGE('',*,*,#6188,.F.);
#3051=ORIENTED_EDGE('',*,*,#6189,.F.);
#3052=ORIENTED_EDGE('',*,*,#6184,.T.);
#3053=ORIENTED_EDGE('',*,*,#6190,.T.);
#3054=ORIENTED_EDGE('',*,*,#6191,.F.);
#3055=ORIENTED_EDGE('',*,*,#6192,.F.);
#3056=ORIENTED_EDGE('',*,*,#6188,.T.);
#3057=ORIENTED_EDGE('',*,*,#6193,.T.);
#3058=ORIENTED_EDGE('',*,*,#6194,.F.);
#3059=ORIENTED_EDGE('',*,*,#6195,.F.);
#3060=ORIENTED_EDGE('',*,*,#6191,.T.);
#3061=ORIENTED_EDGE('',*,*,#6196,.T.);
#3062=ORIENTED_EDGE('',*,*,#6197,.F.);
#3063=ORIENTED_EDGE('',*,*,#6198,.F.);
#3064=ORIENTED_EDGE('',*,*,#6194,.T.);
#3065=ORIENTED_EDGE('',*,*,#6199,.T.);
#3066=ORIENTED_EDGE('',*,*,#6200,.F.);
#3067=ORIENTED_EDGE('',*,*,#6201,.F.);
#3068=ORIENTED_EDGE('',*,*,#6197,.T.);
#3069=ORIENTED_EDGE('',*,*,#6202,.T.);
#3070=ORIENTED_EDGE('',*,*,#6203,.F.);
#3071=ORIENTED_EDGE('',*,*,#6204,.F.);
#3072=ORIENTED_EDGE('',*,*,#6200,.T.);
#3073=ORIENTED_EDGE('',*,*,#6205,.F.);
#3074=ORIENTED_EDGE('',*,*,#6206,.F.);
#3075=ORIENTED_EDGE('',*,*,#6207,.T.);
#3076=ORIENTED_EDGE('',*,*,#6203,.T.);
#3077=ORIENTED_EDGE('',*,*,#6208,.F.);
#3078=ORIENTED_EDGE('',*,*,#6209,.F.);
#3079=ORIENTED_EDGE('',*,*,#6210,.T.);
#3080=ORIENTED_EDGE('',*,*,#6206,.T.);
#3081=ORIENTED_EDGE('',*,*,#6211,.T.);
#3082=ORIENTED_EDGE('',*,*,#6212,.F.);
#3083=ORIENTED_EDGE('',*,*,#6213,.F.);
#3084=ORIENTED_EDGE('',*,*,#6209,.T.);
#3085=ORIENTED_EDGE('',*,*,#6214,.F.);
#3086=ORIENTED_EDGE('',*,*,#6215,.F.);
#3087=ORIENTED_EDGE('',*,*,#6216,.T.);
#3088=ORIENTED_EDGE('',*,*,#6212,.T.);
#3089=ORIENTED_EDGE('',*,*,#6217,.T.);
#3090=ORIENTED_EDGE('',*,*,#6218,.F.);
#3091=ORIENTED_EDGE('',*,*,#6219,.F.);
#3092=ORIENTED_EDGE('',*,*,#6215,.T.);
#3093=ORIENTED_EDGE('',*,*,#6220,.F.);
#3094=ORIENTED_EDGE('',*,*,#6221,.F.);
#3095=ORIENTED_EDGE('',*,*,#6222,.T.);
#3096=ORIENTED_EDGE('',*,*,#6218,.T.);
#3097=ORIENTED_EDGE('',*,*,#6223,.F.);
#3098=ORIENTED_EDGE('',*,*,#6224,.F.);
#3099=ORIENTED_EDGE('',*,*,#6225,.T.);
#3100=ORIENTED_EDGE('',*,*,#6221,.T.);
#3101=ORIENTED_EDGE('',*,*,#6226,.F.);
#3102=ORIENTED_EDGE('',*,*,#6227,.F.);
#3103=ORIENTED_EDGE('',*,*,#6228,.T.);
#3104=ORIENTED_EDGE('',*,*,#6229,.T.);
#3105=ORIENTED_EDGE('',*,*,#6230,.F.);
#3106=ORIENTED_EDGE('',*,*,#6231,.F.);
#3107=ORIENTED_EDGE('',*,*,#6232,.T.);
#3108=ORIENTED_EDGE('',*,*,#6227,.T.);
#3109=ORIENTED_EDGE('',*,*,#6233,.F.);
#3110=ORIENTED_EDGE('',*,*,#6234,.F.);
#3111=ORIENTED_EDGE('',*,*,#6235,.T.);
#3112=ORIENTED_EDGE('',*,*,#6231,.T.);
#3113=ORIENTED_EDGE('',*,*,#6236,.T.);
#3114=ORIENTED_EDGE('',*,*,#6237,.F.);
#3115=ORIENTED_EDGE('',*,*,#6238,.F.);
#3116=ORIENTED_EDGE('',*,*,#6234,.T.);
#3117=ORIENTED_EDGE('',*,*,#6239,.F.);
#3118=ORIENTED_EDGE('',*,*,#6240,.F.);
#3119=ORIENTED_EDGE('',*,*,#6241,.T.);
#3120=ORIENTED_EDGE('',*,*,#6237,.T.);
#3121=ORIENTED_EDGE('',*,*,#6242,.T.);
#3122=ORIENTED_EDGE('',*,*,#6243,.F.);
#3123=ORIENTED_EDGE('',*,*,#6244,.F.);
#3124=ORIENTED_EDGE('',*,*,#6240,.T.);
#3125=ORIENTED_EDGE('',*,*,#6245,.F.);
#3126=ORIENTED_EDGE('',*,*,#6246,.F.);
#3127=ORIENTED_EDGE('',*,*,#6247,.T.);
#3128=ORIENTED_EDGE('',*,*,#6243,.T.);
#3129=ORIENTED_EDGE('',*,*,#6248,.F.);
#3130=ORIENTED_EDGE('',*,*,#6249,.F.);
#3131=ORIENTED_EDGE('',*,*,#6250,.T.);
#3132=ORIENTED_EDGE('',*,*,#6251,.T.);
#3133=ORIENTED_EDGE('',*,*,#6252,.T.);
#3134=ORIENTED_EDGE('',*,*,#6253,.F.);
#3135=ORIENTED_EDGE('',*,*,#6254,.F.);
#3136=ORIENTED_EDGE('',*,*,#6249,.T.);
#3137=ORIENTED_EDGE('',*,*,#6255,.F.);
#3138=ORIENTED_EDGE('',*,*,#6256,.F.);
#3139=ORIENTED_EDGE('',*,*,#6257,.T.);
#3140=ORIENTED_EDGE('',*,*,#6253,.T.);
#3141=ORIENTED_EDGE('',*,*,#6258,.F.);
#3142=ORIENTED_EDGE('',*,*,#6259,.F.);
#3143=ORIENTED_EDGE('',*,*,#6260,.T.);
#3144=ORIENTED_EDGE('',*,*,#6256,.T.);
#3145=ORIENTED_EDGE('',*,*,#6261,.F.);
#3146=ORIENTED_EDGE('',*,*,#6262,.F.);
#3147=ORIENTED_EDGE('',*,*,#6263,.T.);
#3148=ORIENTED_EDGE('',*,*,#6259,.T.);
#3149=ORIENTED_EDGE('',*,*,#6264,.F.);
#3150=ORIENTED_EDGE('',*,*,#6265,.F.);
#3151=ORIENTED_EDGE('',*,*,#6266,.T.);
#3152=ORIENTED_EDGE('',*,*,#6262,.T.);
#3153=ORIENTED_EDGE('',*,*,#6267,.F.);
#3154=ORIENTED_EDGE('',*,*,#6268,.F.);
#3155=ORIENTED_EDGE('',*,*,#6269,.T.);
#3156=ORIENTED_EDGE('',*,*,#6265,.T.);
#3157=ORIENTED_EDGE('',*,*,#6270,.F.);
#3158=ORIENTED_EDGE('',*,*,#6271,.F.);
#3159=ORIENTED_EDGE('',*,*,#6272,.T.);
#3160=ORIENTED_EDGE('',*,*,#6273,.T.);
#3161=ORIENTED_EDGE('',*,*,#6274,.T.);
#3162=ORIENTED_EDGE('',*,*,#6275,.F.);
#3163=ORIENTED_EDGE('',*,*,#6276,.F.);
#3164=ORIENTED_EDGE('',*,*,#6271,.T.);
#3165=ORIENTED_EDGE('',*,*,#6277,.F.);
#3166=ORIENTED_EDGE('',*,*,#6278,.F.);
#3167=ORIENTED_EDGE('',*,*,#6279,.T.);
#3168=ORIENTED_EDGE('',*,*,#6275,.T.);
#3169=ORIENTED_EDGE('',*,*,#6280,.F.);
#3170=ORIENTED_EDGE('',*,*,#6281,.F.);
#3171=ORIENTED_EDGE('',*,*,#6282,.T.);
#3172=ORIENTED_EDGE('',*,*,#6278,.T.);
#3173=ORIENTED_EDGE('',*,*,#6283,.F.);
#3174=ORIENTED_EDGE('',*,*,#6284,.F.);
#3175=ORIENTED_EDGE('',*,*,#6285,.T.);
#3176=ORIENTED_EDGE('',*,*,#6281,.T.);
#3177=ORIENTED_EDGE('',*,*,#6286,.F.);
#3178=ORIENTED_EDGE('',*,*,#6287,.F.);
#3179=ORIENTED_EDGE('',*,*,#6288,.T.);
#3180=ORIENTED_EDGE('',*,*,#6284,.T.);
#3181=ORIENTED_EDGE('',*,*,#6289,.F.);
#3182=ORIENTED_EDGE('',*,*,#6290,.F.);
#3183=ORIENTED_EDGE('',*,*,#6291,.T.);
#3184=ORIENTED_EDGE('',*,*,#6287,.T.);
#3185=ORIENTED_EDGE('',*,*,#6292,.F.);
#3186=ORIENTED_EDGE('',*,*,#6293,.F.);
#3187=ORIENTED_EDGE('',*,*,#6294,.T.);
#3188=ORIENTED_EDGE('',*,*,#6295,.T.);
#3189=ORIENTED_EDGE('',*,*,#6296,.T.);
#3190=ORIENTED_EDGE('',*,*,#6297,.F.);
#3191=ORIENTED_EDGE('',*,*,#6298,.F.);
#3192=ORIENTED_EDGE('',*,*,#6293,.T.);
#3193=ORIENTED_EDGE('',*,*,#6299,.F.);
#3194=ORIENTED_EDGE('',*,*,#6300,.F.);
#3195=ORIENTED_EDGE('',*,*,#6301,.T.);
#3196=ORIENTED_EDGE('',*,*,#6297,.T.);
#3197=ORIENTED_EDGE('',*,*,#6302,.T.);
#3198=ORIENTED_EDGE('',*,*,#6303,.F.);
#3199=ORIENTED_EDGE('',*,*,#6304,.F.);
#3200=ORIENTED_EDGE('',*,*,#6300,.T.);
#3201=ORIENTED_EDGE('',*,*,#6305,.F.);
#3202=ORIENTED_EDGE('',*,*,#6306,.F.);
#3203=ORIENTED_EDGE('',*,*,#6307,.T.);
#3204=ORIENTED_EDGE('',*,*,#6303,.T.);
#3205=ORIENTED_EDGE('',*,*,#6308,.F.);
#3206=ORIENTED_EDGE('',*,*,#6309,.F.);
#3207=ORIENTED_EDGE('',*,*,#6310,.T.);
#3208=ORIENTED_EDGE('',*,*,#6306,.T.);
#3209=ORIENTED_EDGE('',*,*,#6311,.F.);
#3210=ORIENTED_EDGE('',*,*,#6312,.F.);
#3211=ORIENTED_EDGE('',*,*,#6313,.T.);
#3212=ORIENTED_EDGE('',*,*,#6309,.T.);
#3213=ORIENTED_EDGE('',*,*,#6314,.F.);
#3214=ORIENTED_EDGE('',*,*,#6315,.F.);
#3215=ORIENTED_EDGE('',*,*,#6316,.T.);
#3216=ORIENTED_EDGE('',*,*,#6317,.T.);
#3217=ORIENTED_EDGE('',*,*,#6318,.T.);
#3218=ORIENTED_EDGE('',*,*,#6319,.F.);
#3219=ORIENTED_EDGE('',*,*,#6320,.F.);
#3220=ORIENTED_EDGE('',*,*,#6315,.T.);
#3221=ORIENTED_EDGE('',*,*,#6321,.F.);
#3222=ORIENTED_EDGE('',*,*,#6322,.F.);
#3223=ORIENTED_EDGE('',*,*,#6323,.T.);
#3224=ORIENTED_EDGE('',*,*,#6319,.T.);
#3225=ORIENTED_EDGE('',*,*,#6324,.T.);
#3226=ORIENTED_EDGE('',*,*,#6325,.F.);
#3227=ORIENTED_EDGE('',*,*,#6326,.F.);
#3228=ORIENTED_EDGE('',*,*,#6322,.T.);
#3229=ORIENTED_EDGE('',*,*,#6327,.F.);
#3230=ORIENTED_EDGE('',*,*,#6328,.F.);
#3231=ORIENTED_EDGE('',*,*,#6329,.T.);
#3232=ORIENTED_EDGE('',*,*,#6325,.T.);
#3233=ORIENTED_EDGE('',*,*,#6330,.F.);
#3234=ORIENTED_EDGE('',*,*,#6331,.F.);
#3235=ORIENTED_EDGE('',*,*,#6332,.T.);
#3236=ORIENTED_EDGE('',*,*,#6328,.T.);
#3237=ORIENTED_EDGE('',*,*,#6333,.F.);
#3238=ORIENTED_EDGE('',*,*,#6334,.F.);
#3239=ORIENTED_EDGE('',*,*,#6335,.T.);
#3240=ORIENTED_EDGE('',*,*,#6331,.T.);
#3241=ORIENTED_EDGE('',*,*,#6336,.F.);
#3242=ORIENTED_EDGE('',*,*,#6337,.F.);
#3243=ORIENTED_EDGE('',*,*,#6338,.T.);
#3244=ORIENTED_EDGE('',*,*,#6339,.T.);
#3245=ORIENTED_EDGE('',*,*,#6340,.F.);
#3246=ORIENTED_EDGE('',*,*,#6341,.F.);
#3247=ORIENTED_EDGE('',*,*,#6342,.T.);
#3248=ORIENTED_EDGE('',*,*,#6337,.T.);
#3249=ORIENTED_EDGE('',*,*,#6343,.F.);
#3250=ORIENTED_EDGE('',*,*,#6344,.F.);
#3251=ORIENTED_EDGE('',*,*,#6345,.T.);
#3252=ORIENTED_EDGE('',*,*,#6341,.T.);
#3253=ORIENTED_EDGE('',*,*,#6346,.T.);
#3254=ORIENTED_EDGE('',*,*,#6347,.F.);
#3255=ORIENTED_EDGE('',*,*,#6348,.F.);
#3256=ORIENTED_EDGE('',*,*,#6344,.T.);
#3257=ORIENTED_EDGE('',*,*,#6349,.F.);
#3258=ORIENTED_EDGE('',*,*,#6350,.F.);
#3259=ORIENTED_EDGE('',*,*,#6351,.T.);
#3260=ORIENTED_EDGE('',*,*,#6347,.T.);
#3261=ORIENTED_EDGE('',*,*,#6352,.T.);
#3262=ORIENTED_EDGE('',*,*,#6353,.F.);
#3263=ORIENTED_EDGE('',*,*,#6354,.F.);
#3264=ORIENTED_EDGE('',*,*,#6350,.T.);
#3265=ORIENTED_EDGE('',*,*,#6355,.F.);
#3266=ORIENTED_EDGE('',*,*,#6356,.F.);
#3267=ORIENTED_EDGE('',*,*,#6357,.T.);
#3268=ORIENTED_EDGE('',*,*,#6353,.T.);
#3269=ORIENTED_EDGE('',*,*,#6358,.F.);
#3270=ORIENTED_EDGE('',*,*,#6359,.F.);
#3271=ORIENTED_EDGE('',*,*,#6360,.T.);
#3272=ORIENTED_EDGE('',*,*,#6361,.T.);
#3273=ORIENTED_EDGE('',*,*,#6362,.T.);
#3274=ORIENTED_EDGE('',*,*,#6363,.F.);
#3275=ORIENTED_EDGE('',*,*,#6364,.F.);
#3276=ORIENTED_EDGE('',*,*,#6359,.T.);
#3277=ORIENTED_EDGE('',*,*,#6365,.F.);
#3278=ORIENTED_EDGE('',*,*,#6366,.F.);
#3279=ORIENTED_EDGE('',*,*,#6367,.T.);
#3280=ORIENTED_EDGE('',*,*,#6363,.T.);
#3281=ORIENTED_EDGE('',*,*,#6368,.T.);
#3282=ORIENTED_EDGE('',*,*,#6369,.F.);
#3283=ORIENTED_EDGE('',*,*,#6370,.F.);
#3284=ORIENTED_EDGE('',*,*,#6366,.T.);
#3285=ORIENTED_EDGE('',*,*,#6371,.F.);
#3286=ORIENTED_EDGE('',*,*,#6372,.F.);
#3287=ORIENTED_EDGE('',*,*,#6373,.T.);
#3288=ORIENTED_EDGE('',*,*,#6369,.T.);
#3289=ORIENTED_EDGE('',*,*,#6374,.F.);
#3290=ORIENTED_EDGE('',*,*,#6375,.F.);
#3291=ORIENTED_EDGE('',*,*,#6376,.T.);
#3292=ORIENTED_EDGE('',*,*,#6372,.T.);
#3293=ORIENTED_EDGE('',*,*,#6377,.F.);
#3294=ORIENTED_EDGE('',*,*,#6378,.F.);
#3295=ORIENTED_EDGE('',*,*,#6379,.T.);
#3296=ORIENTED_EDGE('',*,*,#6375,.T.);
#3297=ORIENTED_EDGE('',*,*,#6380,.F.);
#3298=ORIENTED_EDGE('',*,*,#6381,.F.);
#3299=ORIENTED_EDGE('',*,*,#6382,.T.);
#3300=ORIENTED_EDGE('',*,*,#6383,.T.);
#3301=ORIENTED_EDGE('',*,*,#6384,.T.);
#3302=ORIENTED_EDGE('',*,*,#6385,.F.);
#3303=ORIENTED_EDGE('',*,*,#6386,.F.);
#3304=ORIENTED_EDGE('',*,*,#6381,.T.);
#3305=ORIENTED_EDGE('',*,*,#6387,.F.);
#3306=ORIENTED_EDGE('',*,*,#6388,.F.);
#3307=ORIENTED_EDGE('',*,*,#6389,.T.);
#3308=ORIENTED_EDGE('',*,*,#6385,.T.);
#3309=ORIENTED_EDGE('',*,*,#6390,.T.);
#3310=ORIENTED_EDGE('',*,*,#6391,.F.);
#3311=ORIENTED_EDGE('',*,*,#6392,.F.);
#3312=ORIENTED_EDGE('',*,*,#6388,.T.);
#3313=ORIENTED_EDGE('',*,*,#6393,.F.);
#3314=ORIENTED_EDGE('',*,*,#6394,.F.);
#3315=ORIENTED_EDGE('',*,*,#6395,.T.);
#3316=ORIENTED_EDGE('',*,*,#6391,.T.);
#3317=ORIENTED_EDGE('',*,*,#6396,.F.);
#3318=ORIENTED_EDGE('',*,*,#6397,.F.);
#3319=ORIENTED_EDGE('',*,*,#6398,.T.);
#3320=ORIENTED_EDGE('',*,*,#6394,.T.);
#3321=ORIENTED_EDGE('',*,*,#6399,.F.);
#3322=ORIENTED_EDGE('',*,*,#6400,.F.);
#3323=ORIENTED_EDGE('',*,*,#6401,.T.);
#3324=ORIENTED_EDGE('',*,*,#6397,.T.);
#3325=ORIENTED_EDGE('',*,*,#6402,.F.);
#3326=ORIENTED_EDGE('',*,*,#6403,.F.);
#3327=ORIENTED_EDGE('',*,*,#6404,.T.);
#3328=ORIENTED_EDGE('',*,*,#6405,.T.);
#3329=ORIENTED_EDGE('',*,*,#6406,.F.);
#3330=ORIENTED_EDGE('',*,*,#6407,.F.);
#3331=ORIENTED_EDGE('',*,*,#6408,.T.);
#3332=ORIENTED_EDGE('',*,*,#6403,.T.);
#3333=ORIENTED_EDGE('',*,*,#6409,.F.);
#3334=ORIENTED_EDGE('',*,*,#6410,.F.);
#3335=ORIENTED_EDGE('',*,*,#6411,.T.);
#3336=ORIENTED_EDGE('',*,*,#6407,.T.);
#3337=ORIENTED_EDGE('',*,*,#6412,.F.);
#3338=ORIENTED_EDGE('',*,*,#6413,.F.);
#3339=ORIENTED_EDGE('',*,*,#6414,.T.);
#3340=ORIENTED_EDGE('',*,*,#6410,.T.);
#3341=ORIENTED_EDGE('',*,*,#6415,.F.);
#3342=ORIENTED_EDGE('',*,*,#6416,.F.);
#3343=ORIENTED_EDGE('',*,*,#6417,.T.);
#3344=ORIENTED_EDGE('',*,*,#6413,.T.);
#3345=ORIENTED_EDGE('',*,*,#6418,.T.);
#3346=ORIENTED_EDGE('',*,*,#6419,.F.);
#3347=ORIENTED_EDGE('',*,*,#6420,.F.);
#3348=ORIENTED_EDGE('',*,*,#6416,.T.);
#3349=ORIENTED_EDGE('',*,*,#6421,.F.);
#3350=ORIENTED_EDGE('',*,*,#6422,.F.);
#3351=ORIENTED_EDGE('',*,*,#6423,.T.);
#3352=ORIENTED_EDGE('',*,*,#6419,.T.);
#3353=ORIENTED_EDGE('',*,*,#6424,.F.);
#3354=ORIENTED_EDGE('',*,*,#6425,.F.);
#3355=ORIENTED_EDGE('',*,*,#6426,.T.);
#3356=ORIENTED_EDGE('',*,*,#6427,.T.);
#3357=ORIENTED_EDGE('',*,*,#6428,.T.);
#3358=ORIENTED_EDGE('',*,*,#6429,.F.);
#3359=ORIENTED_EDGE('',*,*,#6430,.F.);
#3360=ORIENTED_EDGE('',*,*,#6425,.T.);
#3361=ORIENTED_EDGE('',*,*,#6431,.F.);
#3362=ORIENTED_EDGE('',*,*,#6432,.F.);
#3363=ORIENTED_EDGE('',*,*,#6433,.T.);
#3364=ORIENTED_EDGE('',*,*,#6429,.T.);
#3365=ORIENTED_EDGE('',*,*,#6434,.T.);
#3366=ORIENTED_EDGE('',*,*,#6435,.F.);
#3367=ORIENTED_EDGE('',*,*,#6436,.F.);
#3368=ORIENTED_EDGE('',*,*,#6432,.T.);
#3369=ORIENTED_EDGE('',*,*,#6437,.F.);
#3370=ORIENTED_EDGE('',*,*,#6438,.F.);
#3371=ORIENTED_EDGE('',*,*,#6439,.T.);
#3372=ORIENTED_EDGE('',*,*,#6435,.T.);
#3373=ORIENTED_EDGE('',*,*,#6440,.F.);
#3374=ORIENTED_EDGE('',*,*,#6441,.F.);
#3375=ORIENTED_EDGE('',*,*,#6442,.T.);
#3376=ORIENTED_EDGE('',*,*,#6438,.T.);
#3377=ORIENTED_EDGE('',*,*,#6443,.F.);
#3378=ORIENTED_EDGE('',*,*,#6444,.F.);
#3379=ORIENTED_EDGE('',*,*,#6445,.T.);
#3380=ORIENTED_EDGE('',*,*,#6441,.T.);
#3381=ORIENTED_EDGE('',*,*,#6446,.F.);
#3382=ORIENTED_EDGE('',*,*,#6447,.F.);
#3383=ORIENTED_EDGE('',*,*,#6448,.T.);
#3384=ORIENTED_EDGE('',*,*,#6449,.T.);
#3385=ORIENTED_EDGE('',*,*,#6450,.T.);
#3386=ORIENTED_EDGE('',*,*,#6451,.F.);
#3387=ORIENTED_EDGE('',*,*,#6452,.F.);
#3388=ORIENTED_EDGE('',*,*,#6447,.T.);
#3389=ORIENTED_EDGE('',*,*,#6453,.F.);
#3390=ORIENTED_EDGE('',*,*,#6454,.F.);
#3391=ORIENTED_EDGE('',*,*,#6455,.T.);
#3392=ORIENTED_EDGE('',*,*,#6451,.T.);
#3393=ORIENTED_EDGE('',*,*,#6456,.T.);
#3394=ORIENTED_EDGE('',*,*,#6457,.F.);
#3395=ORIENTED_EDGE('',*,*,#6458,.F.);
#3396=ORIENTED_EDGE('',*,*,#6454,.T.);
#3397=ORIENTED_EDGE('',*,*,#6459,.F.);
#3398=ORIENTED_EDGE('',*,*,#6460,.F.);
#3399=ORIENTED_EDGE('',*,*,#6461,.T.);
#3400=ORIENTED_EDGE('',*,*,#6457,.T.);
#3401=ORIENTED_EDGE('',*,*,#6462,.F.);
#3402=ORIENTED_EDGE('',*,*,#6463,.F.);
#3403=ORIENTED_EDGE('',*,*,#6464,.T.);
#3404=ORIENTED_EDGE('',*,*,#6460,.T.);
#3405=ORIENTED_EDGE('',*,*,#6465,.F.);
#3406=ORIENTED_EDGE('',*,*,#6466,.F.);
#3407=ORIENTED_EDGE('',*,*,#6467,.T.);
#3408=ORIENTED_EDGE('',*,*,#6463,.T.);
#3409=ORIENTED_EDGE('',*,*,#6468,.F.);
#3410=ORIENTED_EDGE('',*,*,#6469,.F.);
#3411=ORIENTED_EDGE('',*,*,#6470,.T.);
#3412=ORIENTED_EDGE('',*,*,#6471,.T.);
#3413=ORIENTED_EDGE('',*,*,#6472,.F.);
#3414=ORIENTED_EDGE('',*,*,#6473,.F.);
#3415=ORIENTED_EDGE('',*,*,#6474,.T.);
#3416=ORIENTED_EDGE('',*,*,#6469,.T.);
#3417=ORIENTED_EDGE('',*,*,#6475,.F.);
#3418=ORIENTED_EDGE('',*,*,#6476,.F.);
#3419=ORIENTED_EDGE('',*,*,#6477,.T.);
#3420=ORIENTED_EDGE('',*,*,#6473,.T.);
#3421=ORIENTED_EDGE('',*,*,#6478,.F.);
#3422=ORIENTED_EDGE('',*,*,#6479,.F.);
#3423=ORIENTED_EDGE('',*,*,#6480,.T.);
#3424=ORIENTED_EDGE('',*,*,#6476,.T.);
#3425=ORIENTED_EDGE('',*,*,#6481,.F.);
#3426=ORIENTED_EDGE('',*,*,#6482,.F.);
#3427=ORIENTED_EDGE('',*,*,#6483,.T.);
#3428=ORIENTED_EDGE('',*,*,#6479,.T.);
#3429=ORIENTED_EDGE('',*,*,#6484,.T.);
#3430=ORIENTED_EDGE('',*,*,#6485,.F.);
#3431=ORIENTED_EDGE('',*,*,#6486,.F.);
#3432=ORIENTED_EDGE('',*,*,#6482,.T.);
#3433=ORIENTED_EDGE('',*,*,#6487,.F.);
#3434=ORIENTED_EDGE('',*,*,#6488,.F.);
#3435=ORIENTED_EDGE('',*,*,#6489,.T.);
#3436=ORIENTED_EDGE('',*,*,#6485,.T.);
#3437=ORIENTED_EDGE('',*,*,#6490,.F.);
#3438=ORIENTED_EDGE('',*,*,#6491,.F.);
#3439=ORIENTED_EDGE('',*,*,#6492,.T.);
#3440=ORIENTED_EDGE('',*,*,#6493,.T.);
#3441=ORIENTED_EDGE('',*,*,#6494,.T.);
#3442=ORIENTED_EDGE('',*,*,#6495,.F.);
#3443=ORIENTED_EDGE('',*,*,#6496,.F.);
#3444=ORIENTED_EDGE('',*,*,#6491,.T.);
#3445=ORIENTED_EDGE('',*,*,#6497,.F.);
#3446=ORIENTED_EDGE('',*,*,#6498,.F.);
#3447=ORIENTED_EDGE('',*,*,#6499,.T.);
#3448=ORIENTED_EDGE('',*,*,#6495,.T.);
#3449=ORIENTED_EDGE('',*,*,#6500,.T.);
#3450=ORIENTED_EDGE('',*,*,#6501,.F.);
#3451=ORIENTED_EDGE('',*,*,#6502,.F.);
#3452=ORIENTED_EDGE('',*,*,#6498,.T.);
#3453=ORIENTED_EDGE('',*,*,#6503,.F.);
#3454=ORIENTED_EDGE('',*,*,#6504,.F.);
#3455=ORIENTED_EDGE('',*,*,#6505,.T.);
#3456=ORIENTED_EDGE('',*,*,#6501,.T.);
#3457=ORIENTED_EDGE('',*,*,#6506,.F.);
#3458=ORIENTED_EDGE('',*,*,#6507,.F.);
#3459=ORIENTED_EDGE('',*,*,#6508,.T.);
#3460=ORIENTED_EDGE('',*,*,#6504,.T.);
#3461=ORIENTED_EDGE('',*,*,#6509,.F.);
#3462=ORIENTED_EDGE('',*,*,#6510,.F.);
#3463=ORIENTED_EDGE('',*,*,#6511,.T.);
#3464=ORIENTED_EDGE('',*,*,#6507,.T.);
#3465=ORIENTED_EDGE('',*,*,#6512,.F.);
#3466=ORIENTED_EDGE('',*,*,#6513,.F.);
#3467=ORIENTED_EDGE('',*,*,#6514,.T.);
#3468=ORIENTED_EDGE('',*,*,#6515,.T.);
#3469=ORIENTED_EDGE('',*,*,#6516,.T.);
#3470=ORIENTED_EDGE('',*,*,#6517,.F.);
#3471=ORIENTED_EDGE('',*,*,#6518,.F.);
#3472=ORIENTED_EDGE('',*,*,#6513,.T.);
#3473=ORIENTED_EDGE('',*,*,#6519,.F.);
#3474=ORIENTED_EDGE('',*,*,#6520,.F.);
#3475=ORIENTED_EDGE('',*,*,#6521,.T.);
#3476=ORIENTED_EDGE('',*,*,#6517,.T.);
#3477=ORIENTED_EDGE('',*,*,#6522,.F.);
#3478=ORIENTED_EDGE('',*,*,#6523,.F.);
#3479=ORIENTED_EDGE('',*,*,#6524,.T.);
#3480=ORIENTED_EDGE('',*,*,#6520,.T.);
#3481=ORIENTED_EDGE('',*,*,#6525,.F.);
#3482=ORIENTED_EDGE('',*,*,#6526,.F.);
#3483=ORIENTED_EDGE('',*,*,#6527,.T.);
#3484=ORIENTED_EDGE('',*,*,#6523,.T.);
#3485=ORIENTED_EDGE('',*,*,#6528,.F.);
#3486=ORIENTED_EDGE('',*,*,#6529,.F.);
#3487=ORIENTED_EDGE('',*,*,#6530,.T.);
#3488=ORIENTED_EDGE('',*,*,#6526,.T.);
#3489=ORIENTED_EDGE('',*,*,#6531,.F.);
#3490=ORIENTED_EDGE('',*,*,#6532,.F.);
#3491=ORIENTED_EDGE('',*,*,#6533,.T.);
#3492=ORIENTED_EDGE('',*,*,#6529,.T.);
#3493=ORIENTED_EDGE('',*,*,#6534,.F.);
#3494=ORIENTED_EDGE('',*,*,#6535,.F.);
#3495=ORIENTED_EDGE('',*,*,#6536,.T.);
#3496=ORIENTED_EDGE('',*,*,#6537,.T.);
#3497=ORIENTED_EDGE('',*,*,#6538,.F.);
#3498=ORIENTED_EDGE('',*,*,#6539,.F.);
#3499=ORIENTED_EDGE('',*,*,#6540,.T.);
#3500=ORIENTED_EDGE('',*,*,#6535,.T.);
#3501=ORIENTED_EDGE('',*,*,#6541,.T.);
#3502=ORIENTED_EDGE('',*,*,#6542,.F.);
#3503=ORIENTED_EDGE('',*,*,#6543,.F.);
#3504=ORIENTED_EDGE('',*,*,#6539,.T.);
#3505=ORIENTED_EDGE('',*,*,#6544,.F.);
#3506=ORIENTED_EDGE('',*,*,#6545,.F.);
#3507=ORIENTED_EDGE('',*,*,#6546,.T.);
#3508=ORIENTED_EDGE('',*,*,#6542,.T.);
#3509=ORIENTED_EDGE('',*,*,#6547,.T.);
#3510=ORIENTED_EDGE('',*,*,#6548,.F.);
#3511=ORIENTED_EDGE('',*,*,#6549,.F.);
#3512=ORIENTED_EDGE('',*,*,#6545,.T.);
#3513=ORIENTED_EDGE('',*,*,#6550,.F.);
#3514=ORIENTED_EDGE('',*,*,#6551,.F.);
#3515=ORIENTED_EDGE('',*,*,#6552,.T.);
#3516=ORIENTED_EDGE('',*,*,#6548,.T.);
#3517=ORIENTED_EDGE('',*,*,#6553,.F.);
#3518=ORIENTED_EDGE('',*,*,#6554,.F.);
#3519=ORIENTED_EDGE('',*,*,#6555,.T.);
#3520=ORIENTED_EDGE('',*,*,#6551,.T.);
#3521=ORIENTED_EDGE('',*,*,#6556,.F.);
#3522=ORIENTED_EDGE('',*,*,#6557,.F.);
#3523=ORIENTED_EDGE('',*,*,#6558,.T.);
#3524=ORIENTED_EDGE('',*,*,#6559,.T.);
#3525=ORIENTED_EDGE('',*,*,#6560,.T.);
#3526=ORIENTED_EDGE('',*,*,#6561,.F.);
#3527=ORIENTED_EDGE('',*,*,#6562,.F.);
#3528=ORIENTED_EDGE('',*,*,#6557,.T.);
#3529=ORIENTED_EDGE('',*,*,#6563,.F.);
#3530=ORIENTED_EDGE('',*,*,#6564,.F.);
#3531=ORIENTED_EDGE('',*,*,#6565,.T.);
#3532=ORIENTED_EDGE('',*,*,#6561,.T.);
#3533=ORIENTED_EDGE('',*,*,#6566,.F.);
#3534=ORIENTED_EDGE('',*,*,#6567,.F.);
#3535=ORIENTED_EDGE('',*,*,#6568,.T.);
#3536=ORIENTED_EDGE('',*,*,#6564,.T.);
#3537=ORIENTED_EDGE('',*,*,#6569,.F.);
#3538=ORIENTED_EDGE('',*,*,#6570,.F.);
#3539=ORIENTED_EDGE('',*,*,#6571,.T.);
#3540=ORIENTED_EDGE('',*,*,#6567,.T.);
#3541=ORIENTED_EDGE('',*,*,#6572,.F.);
#3542=ORIENTED_EDGE('',*,*,#6573,.F.);
#3543=ORIENTED_EDGE('',*,*,#6574,.T.);
#3544=ORIENTED_EDGE('',*,*,#6570,.T.);
#3545=ORIENTED_EDGE('',*,*,#6575,.F.);
#3546=ORIENTED_EDGE('',*,*,#6576,.F.);
#3547=ORIENTED_EDGE('',*,*,#6577,.T.);
#3548=ORIENTED_EDGE('',*,*,#6573,.T.);
#3549=ORIENTED_EDGE('',*,*,#6578,.F.);
#3550=ORIENTED_EDGE('',*,*,#6579,.F.);
#3551=ORIENTED_EDGE('',*,*,#6580,.T.);
#3552=ORIENTED_EDGE('',*,*,#6581,.T.);
#3553=ORIENTED_EDGE('',*,*,#6582,.F.);
#3554=ORIENTED_EDGE('',*,*,#6583,.F.);
#3555=ORIENTED_EDGE('',*,*,#6584,.T.);
#3556=ORIENTED_EDGE('',*,*,#6579,.T.);
#3557=ORIENTED_EDGE('',*,*,#6585,.F.);
#3558=ORIENTED_EDGE('',*,*,#6586,.F.);
#3559=ORIENTED_EDGE('',*,*,#6587,.T.);
#3560=ORIENTED_EDGE('',*,*,#6583,.T.);
#3561=ORIENTED_EDGE('',*,*,#6588,.F.);
#3562=ORIENTED_EDGE('',*,*,#6589,.F.);
#3563=ORIENTED_EDGE('',*,*,#6590,.T.);
#3564=ORIENTED_EDGE('',*,*,#6586,.T.);
#3565=ORIENTED_EDGE('',*,*,#6591,.F.);
#3566=ORIENTED_EDGE('',*,*,#6592,.F.);
#3567=ORIENTED_EDGE('',*,*,#6593,.T.);
#3568=ORIENTED_EDGE('',*,*,#6589,.T.);
#3569=ORIENTED_EDGE('',*,*,#6594,.T.);
#3570=ORIENTED_EDGE('',*,*,#6595,.F.);
#3571=ORIENTED_EDGE('',*,*,#6596,.F.);
#3572=ORIENTED_EDGE('',*,*,#6592,.T.);
#3573=ORIENTED_EDGE('',*,*,#6597,.F.);
#3574=ORIENTED_EDGE('',*,*,#6598,.F.);
#3575=ORIENTED_EDGE('',*,*,#6599,.T.);
#3576=ORIENTED_EDGE('',*,*,#6595,.T.);
#3577=ORIENTED_EDGE('',*,*,#6600,.F.);
#3578=ORIENTED_EDGE('',*,*,#6601,.F.);
#3579=ORIENTED_EDGE('',*,*,#6602,.T.);
#3580=ORIENTED_EDGE('',*,*,#6603,.T.);
#3581=ORIENTED_EDGE('',*,*,#6604,.T.);
#3582=ORIENTED_EDGE('',*,*,#6605,.F.);
#3583=ORIENTED_EDGE('',*,*,#6606,.F.);
#3584=ORIENTED_EDGE('',*,*,#6601,.T.);
#3585=ORIENTED_EDGE('',*,*,#6607,.F.);
#3586=ORIENTED_EDGE('',*,*,#6608,.F.);
#3587=ORIENTED_EDGE('',*,*,#6609,.T.);
#3588=ORIENTED_EDGE('',*,*,#6605,.T.);
#3589=ORIENTED_EDGE('',*,*,#6610,.F.);
#3590=ORIENTED_EDGE('',*,*,#6611,.F.);
#3591=ORIENTED_EDGE('',*,*,#6612,.T.);
#3592=ORIENTED_EDGE('',*,*,#6608,.T.);
#3593=ORIENTED_EDGE('',*,*,#6613,.F.);
#3594=ORIENTED_EDGE('',*,*,#6614,.F.);
#3595=ORIENTED_EDGE('',*,*,#6615,.T.);
#3596=ORIENTED_EDGE('',*,*,#6611,.T.);
#3597=ORIENTED_EDGE('',*,*,#6616,.F.);
#3598=ORIENTED_EDGE('',*,*,#6617,.F.);
#3599=ORIENTED_EDGE('',*,*,#6618,.T.);
#3600=ORIENTED_EDGE('',*,*,#6614,.T.);
#3601=ORIENTED_EDGE('',*,*,#6619,.F.);
#3602=ORIENTED_EDGE('',*,*,#6620,.F.);
#3603=ORIENTED_EDGE('',*,*,#6621,.T.);
#3604=ORIENTED_EDGE('',*,*,#6617,.T.);
#3605=ORIENTED_EDGE('',*,*,#6622,.F.);
#3606=ORIENTED_EDGE('',*,*,#6623,.F.);
#3607=ORIENTED_EDGE('',*,*,#6624,.T.);
#3608=ORIENTED_EDGE('',*,*,#6625,.T.);
#3609=ORIENTED_EDGE('',*,*,#6626,.F.);
#3610=ORIENTED_EDGE('',*,*,#6627,.F.);
#3611=ORIENTED_EDGE('',*,*,#6628,.T.);
#3612=ORIENTED_EDGE('',*,*,#6623,.T.);
#3613=ORIENTED_EDGE('',*,*,#6629,.F.);
#3614=ORIENTED_EDGE('',*,*,#6630,.F.);
#3615=ORIENTED_EDGE('',*,*,#6631,.T.);
#3616=ORIENTED_EDGE('',*,*,#6627,.T.);
#3617=ORIENTED_EDGE('',*,*,#6632,.T.);
#3618=ORIENTED_EDGE('',*,*,#6633,.F.);
#3619=ORIENTED_EDGE('',*,*,#6634,.F.);
#3620=ORIENTED_EDGE('',*,*,#6630,.T.);
#3621=ORIENTED_EDGE('',*,*,#6635,.F.);
#3622=ORIENTED_EDGE('',*,*,#6636,.F.);
#3623=ORIENTED_EDGE('',*,*,#6637,.T.);
#3624=ORIENTED_EDGE('',*,*,#6633,.T.);
#3625=ORIENTED_EDGE('',*,*,#6638,.T.);
#3626=ORIENTED_EDGE('',*,*,#6639,.F.);
#3627=ORIENTED_EDGE('',*,*,#6640,.F.);
#3628=ORIENTED_EDGE('',*,*,#6636,.T.);
#3629=ORIENTED_EDGE('',*,*,#6641,.F.);
#3630=ORIENTED_EDGE('',*,*,#6642,.F.);
#3631=ORIENTED_EDGE('',*,*,#6643,.T.);
#3632=ORIENTED_EDGE('',*,*,#6639,.T.);
#3633=ORIENTED_EDGE('',*,*,#6644,.F.);
#3634=ORIENTED_EDGE('',*,*,#6645,.F.);
#3635=ORIENTED_EDGE('',*,*,#6646,.T.);
#3636=ORIENTED_EDGE('',*,*,#6647,.T.);
#3637=ORIENTED_EDGE('',*,*,#6648,.T.);
#3638=ORIENTED_EDGE('',*,*,#6649,.F.);
#3639=ORIENTED_EDGE('',*,*,#6650,.F.);
#3640=ORIENTED_EDGE('',*,*,#6645,.T.);
#3641=ORIENTED_EDGE('',*,*,#6651,.F.);
#3642=ORIENTED_EDGE('',*,*,#6652,.F.);
#3643=ORIENTED_EDGE('',*,*,#6653,.T.);
#3644=ORIENTED_EDGE('',*,*,#6649,.T.);
#3645=ORIENTED_EDGE('',*,*,#6654,.T.);
#3646=ORIENTED_EDGE('',*,*,#6655,.F.);
#3647=ORIENTED_EDGE('',*,*,#6656,.F.);
#3648=ORIENTED_EDGE('',*,*,#6652,.T.);
#3649=ORIENTED_EDGE('',*,*,#6657,.F.);
#3650=ORIENTED_EDGE('',*,*,#6658,.F.);
#3651=ORIENTED_EDGE('',*,*,#6659,.T.);
#3652=ORIENTED_EDGE('',*,*,#6655,.T.);
#3653=ORIENTED_EDGE('',*,*,#6660,.F.);
#3654=ORIENTED_EDGE('',*,*,#6661,.F.);
#3655=ORIENTED_EDGE('',*,*,#6662,.T.);
#3656=ORIENTED_EDGE('',*,*,#6658,.T.);
#3657=ORIENTED_EDGE('',*,*,#6663,.F.);
#3658=ORIENTED_EDGE('',*,*,#6664,.F.);
#3659=ORIENTED_EDGE('',*,*,#6665,.T.);
#3660=ORIENTED_EDGE('',*,*,#6661,.T.);
#3661=ORIENTED_EDGE('',*,*,#6666,.F.);
#3662=ORIENTED_EDGE('',*,*,#6667,.F.);
#3663=ORIENTED_EDGE('',*,*,#6668,.T.);
#3664=ORIENTED_EDGE('',*,*,#6669,.T.);
#3665=ORIENTED_EDGE('',*,*,#6670,.T.);
#3666=ORIENTED_EDGE('',*,*,#6671,.F.);
#3667=ORIENTED_EDGE('',*,*,#6672,.F.);
#3668=ORIENTED_EDGE('',*,*,#6667,.T.);
#3669=ORIENTED_EDGE('',*,*,#6673,.F.);
#3670=ORIENTED_EDGE('',*,*,#6674,.F.);
#3671=ORIENTED_EDGE('',*,*,#6675,.T.);
#3672=ORIENTED_EDGE('',*,*,#6671,.T.);
#3673=ORIENTED_EDGE('',*,*,#6676,.T.);
#3674=ORIENTED_EDGE('',*,*,#6677,.F.);
#3675=ORIENTED_EDGE('',*,*,#6678,.F.);
#3676=ORIENTED_EDGE('',*,*,#6674,.T.);
#3677=ORIENTED_EDGE('',*,*,#6679,.F.);
#3678=ORIENTED_EDGE('',*,*,#6680,.F.);
#3679=ORIENTED_EDGE('',*,*,#6681,.T.);
#3680=ORIENTED_EDGE('',*,*,#6677,.T.);
#3681=ORIENTED_EDGE('',*,*,#6682,.F.);
#3682=ORIENTED_EDGE('',*,*,#6683,.F.);
#3683=ORIENTED_EDGE('',*,*,#6684,.T.);
#3684=ORIENTED_EDGE('',*,*,#6680,.T.);
#3685=ORIENTED_EDGE('',*,*,#6685,.F.);
#3686=ORIENTED_EDGE('',*,*,#6686,.F.);
#3687=ORIENTED_EDGE('',*,*,#6687,.T.);
#3688=ORIENTED_EDGE('',*,*,#6683,.T.);
#3689=ORIENTED_EDGE('',*,*,#6688,.F.);
#3690=ORIENTED_EDGE('',*,*,#6689,.F.);
#3691=ORIENTED_EDGE('',*,*,#6690,.T.);
#3692=ORIENTED_EDGE('',*,*,#6691,.T.);
#3693=ORIENTED_EDGE('',*,*,#6692,.F.);
#3694=ORIENTED_EDGE('',*,*,#6693,.F.);
#3695=ORIENTED_EDGE('',*,*,#6694,.T.);
#3696=ORIENTED_EDGE('',*,*,#6689,.T.);
#3697=ORIENTED_EDGE('',*,*,#6695,.F.);
#3698=ORIENTED_EDGE('',*,*,#6696,.F.);
#3699=ORIENTED_EDGE('',*,*,#6697,.T.);
#3700=ORIENTED_EDGE('',*,*,#6693,.T.);
#3701=ORIENTED_EDGE('',*,*,#6698,.T.);
#3702=ORIENTED_EDGE('',*,*,#6699,.F.);
#3703=ORIENTED_EDGE('',*,*,#6700,.F.);
#3704=ORIENTED_EDGE('',*,*,#6696,.T.);
#3705=ORIENTED_EDGE('',*,*,#6701,.F.);
#3706=ORIENTED_EDGE('',*,*,#6702,.F.);
#3707=ORIENTED_EDGE('',*,*,#6703,.T.);
#3708=ORIENTED_EDGE('',*,*,#6699,.T.);
#3709=ORIENTED_EDGE('',*,*,#6704,.T.);
#3710=ORIENTED_EDGE('',*,*,#6705,.F.);
#3711=ORIENTED_EDGE('',*,*,#6706,.F.);
#3712=ORIENTED_EDGE('',*,*,#6702,.T.);
#3713=ORIENTED_EDGE('',*,*,#6707,.F.);
#3714=ORIENTED_EDGE('',*,*,#6708,.F.);
#3715=ORIENTED_EDGE('',*,*,#6709,.T.);
#3716=ORIENTED_EDGE('',*,*,#6705,.T.);
#3717=ORIENTED_EDGE('',*,*,#6710,.F.);
#3718=ORIENTED_EDGE('',*,*,#6711,.F.);
#3719=ORIENTED_EDGE('',*,*,#6712,.T.);
#3720=ORIENTED_EDGE('',*,*,#6713,.T.);
#3721=ORIENTED_EDGE('',*,*,#6714,.F.);
#3722=ORIENTED_EDGE('',*,*,#6715,.F.);
#3723=ORIENTED_EDGE('',*,*,#6716,.T.);
#3724=ORIENTED_EDGE('',*,*,#6711,.T.);
#3725=ORIENTED_EDGE('',*,*,#6717,.F.);
#3726=ORIENTED_EDGE('',*,*,#6718,.F.);
#3727=ORIENTED_EDGE('',*,*,#6719,.T.);
#3728=ORIENTED_EDGE('',*,*,#6715,.T.);
#3729=ORIENTED_EDGE('',*,*,#6720,.T.);
#3730=ORIENTED_EDGE('',*,*,#6721,.F.);
#3731=ORIENTED_EDGE('',*,*,#6722,.F.);
#3732=ORIENTED_EDGE('',*,*,#6718,.T.);
#3733=ORIENTED_EDGE('',*,*,#6723,.F.);
#3734=ORIENTED_EDGE('',*,*,#6724,.F.);
#3735=ORIENTED_EDGE('',*,*,#6725,.T.);
#3736=ORIENTED_EDGE('',*,*,#6721,.T.);
#3737=ORIENTED_EDGE('',*,*,#6726,.T.);
#3738=ORIENTED_EDGE('',*,*,#6727,.F.);
#3739=ORIENTED_EDGE('',*,*,#6728,.F.);
#3740=ORIENTED_EDGE('',*,*,#6724,.T.);
#3741=ORIENTED_EDGE('',*,*,#6729,.F.);
#3742=ORIENTED_EDGE('',*,*,#6730,.F.);
#3743=ORIENTED_EDGE('',*,*,#6731,.T.);
#3744=ORIENTED_EDGE('',*,*,#6727,.T.);
#3745=ORIENTED_EDGE('',*,*,#6732,.F.);
#3746=ORIENTED_EDGE('',*,*,#6733,.F.);
#3747=ORIENTED_EDGE('',*,*,#6734,.T.);
#3748=ORIENTED_EDGE('',*,*,#6735,.T.);
#3749=ORIENTED_EDGE('',*,*,#6736,.T.);
#3750=ORIENTED_EDGE('',*,*,#6737,.F.);
#3751=ORIENTED_EDGE('',*,*,#6738,.F.);
#3752=ORIENTED_EDGE('',*,*,#6733,.T.);
#3753=ORIENTED_EDGE('',*,*,#6739,.F.);
#3754=ORIENTED_EDGE('',*,*,#6740,.F.);
#3755=ORIENTED_EDGE('',*,*,#6741,.T.);
#3756=ORIENTED_EDGE('',*,*,#6737,.T.);
#3757=ORIENTED_EDGE('',*,*,#6742,.F.);
#3758=ORIENTED_EDGE('',*,*,#6743,.F.);
#3759=ORIENTED_EDGE('',*,*,#6744,.T.);
#3760=ORIENTED_EDGE('',*,*,#6740,.T.);
#3761=ORIENTED_EDGE('',*,*,#6745,.F.);
#3762=ORIENTED_EDGE('',*,*,#6746,.F.);
#3763=ORIENTED_EDGE('',*,*,#6747,.T.);
#3764=ORIENTED_EDGE('',*,*,#6743,.T.);
#3765=ORIENTED_EDGE('',*,*,#6748,.F.);
#3766=ORIENTED_EDGE('',*,*,#6749,.F.);
#3767=ORIENTED_EDGE('',*,*,#6750,.T.);
#3768=ORIENTED_EDGE('',*,*,#6746,.T.);
#3769=ORIENTED_EDGE('',*,*,#6751,.F.);
#3770=ORIENTED_EDGE('',*,*,#6752,.F.);
#3771=ORIENTED_EDGE('',*,*,#6753,.T.);
#3772=ORIENTED_EDGE('',*,*,#6749,.T.);
#3773=ORIENTED_EDGE('',*,*,#6754,.F.);
#3774=ORIENTED_EDGE('',*,*,#6755,.F.);
#3775=ORIENTED_EDGE('',*,*,#6756,.T.);
#3776=ORIENTED_EDGE('',*,*,#6757,.T.);
#3777=ORIENTED_EDGE('',*,*,#6758,.T.);
#3778=ORIENTED_EDGE('',*,*,#6759,.F.);
#3779=ORIENTED_EDGE('',*,*,#6760,.F.);
#3780=ORIENTED_EDGE('',*,*,#6755,.T.);
#3781=ORIENTED_EDGE('',*,*,#6761,.F.);
#3782=ORIENTED_EDGE('',*,*,#6762,.F.);
#3783=ORIENTED_EDGE('',*,*,#6763,.T.);
#3784=ORIENTED_EDGE('',*,*,#6759,.T.);
#3785=ORIENTED_EDGE('',*,*,#6764,.F.);
#3786=ORIENTED_EDGE('',*,*,#6765,.F.);
#3787=ORIENTED_EDGE('',*,*,#6766,.T.);
#3788=ORIENTED_EDGE('',*,*,#6762,.T.);
#3789=ORIENTED_EDGE('',*,*,#6767,.F.);
#3790=ORIENTED_EDGE('',*,*,#6768,.F.);
#3791=ORIENTED_EDGE('',*,*,#6769,.T.);
#3792=ORIENTED_EDGE('',*,*,#6765,.T.);
#3793=ORIENTED_EDGE('',*,*,#6770,.F.);
#3794=ORIENTED_EDGE('',*,*,#6771,.F.);
#3795=ORIENTED_EDGE('',*,*,#6772,.T.);
#3796=ORIENTED_EDGE('',*,*,#6768,.T.);
#3797=ORIENTED_EDGE('',*,*,#6773,.F.);
#3798=ORIENTED_EDGE('',*,*,#6774,.F.);
#3799=ORIENTED_EDGE('',*,*,#6775,.T.);
#3800=ORIENTED_EDGE('',*,*,#6771,.T.);
#3801=ORIENTED_EDGE('',*,*,#6776,.F.);
#3802=ORIENTED_EDGE('',*,*,#6777,.F.);
#3803=ORIENTED_EDGE('',*,*,#6778,.T.);
#3804=ORIENTED_EDGE('',*,*,#6779,.T.);
#3805=ORIENTED_EDGE('',*,*,#6780,.F.);
#3806=ORIENTED_EDGE('',*,*,#6781,.F.);
#3807=ORIENTED_EDGE('',*,*,#6782,.T.);
#3808=ORIENTED_EDGE('',*,*,#6777,.T.);
#3809=ORIENTED_EDGE('',*,*,#6783,.T.);
#3810=ORIENTED_EDGE('',*,*,#6784,.F.);
#3811=ORIENTED_EDGE('',*,*,#6785,.F.);
#3812=ORIENTED_EDGE('',*,*,#6781,.T.);
#3813=ORIENTED_EDGE('',*,*,#6786,.F.);
#3814=ORIENTED_EDGE('',*,*,#6787,.F.);
#3815=ORIENTED_EDGE('',*,*,#6788,.T.);
#3816=ORIENTED_EDGE('',*,*,#6784,.T.);
#3817=ORIENTED_EDGE('',*,*,#6789,.T.);
#3818=ORIENTED_EDGE('',*,*,#6790,.F.);
#3819=ORIENTED_EDGE('',*,*,#6791,.F.);
#3820=ORIENTED_EDGE('',*,*,#6787,.T.);
#3821=ORIENTED_EDGE('',*,*,#6792,.F.);
#3822=ORIENTED_EDGE('',*,*,#6793,.F.);
#3823=ORIENTED_EDGE('',*,*,#6794,.T.);
#3824=ORIENTED_EDGE('',*,*,#6790,.T.);
#3825=ORIENTED_EDGE('',*,*,#6795,.F.);
#3826=ORIENTED_EDGE('',*,*,#6796,.F.);
#3827=ORIENTED_EDGE('',*,*,#6797,.T.);
#3828=ORIENTED_EDGE('',*,*,#6793,.T.);
#3829=ORIENTED_EDGE('',*,*,#6798,.F.);
#3830=ORIENTED_EDGE('',*,*,#6799,.F.);
#3831=ORIENTED_EDGE('',*,*,#6800,.T.);
#3832=ORIENTED_EDGE('',*,*,#6801,.T.);
#3833=ORIENTED_EDGE('',*,*,#6802,.F.);
#3834=ORIENTED_EDGE('',*,*,#6803,.F.);
#3835=ORIENTED_EDGE('',*,*,#6804,.T.);
#3836=ORIENTED_EDGE('',*,*,#6799,.T.);
#3837=ORIENTED_EDGE('',*,*,#6805,.F.);
#3838=ORIENTED_EDGE('',*,*,#6806,.F.);
#3839=ORIENTED_EDGE('',*,*,#6807,.T.);
#3840=ORIENTED_EDGE('',*,*,#6803,.T.);
#3841=ORIENTED_EDGE('',*,*,#6808,.F.);
#3842=ORIENTED_EDGE('',*,*,#6809,.F.);
#3843=ORIENTED_EDGE('',*,*,#6810,.T.);
#3844=ORIENTED_EDGE('',*,*,#6806,.T.);
#3845=ORIENTED_EDGE('',*,*,#6811,.F.);
#3846=ORIENTED_EDGE('',*,*,#6812,.F.);
#3847=ORIENTED_EDGE('',*,*,#6813,.T.);
#3848=ORIENTED_EDGE('',*,*,#6809,.T.);
#3849=ORIENTED_EDGE('',*,*,#6814,.T.);
#3850=ORIENTED_EDGE('',*,*,#6815,.F.);
#3851=ORIENTED_EDGE('',*,*,#6816,.F.);
#3852=ORIENTED_EDGE('',*,*,#6812,.T.);
#3853=ORIENTED_EDGE('',*,*,#6817,.F.);
#3854=ORIENTED_EDGE('',*,*,#6818,.F.);
#3855=ORIENTED_EDGE('',*,*,#6819,.T.);
#3856=ORIENTED_EDGE('',*,*,#6815,.T.);
#3857=ORIENTED_EDGE('',*,*,#6820,.F.);
#3858=ORIENTED_EDGE('',*,*,#6821,.F.);
#3859=ORIENTED_EDGE('',*,*,#6822,.T.);
#3860=ORIENTED_EDGE('',*,*,#6823,.T.);
#3861=ORIENTED_EDGE('',*,*,#6824,.T.);
#3862=ORIENTED_EDGE('',*,*,#6825,.F.);
#3863=ORIENTED_EDGE('',*,*,#6826,.F.);
#3864=ORIENTED_EDGE('',*,*,#6821,.T.);
#3865=ORIENTED_EDGE('',*,*,#6827,.F.);
#3866=ORIENTED_EDGE('',*,*,#6828,.F.);
#3867=ORIENTED_EDGE('',*,*,#6829,.T.);
#3868=ORIENTED_EDGE('',*,*,#6825,.T.);
#3869=ORIENTED_EDGE('',*,*,#6830,.F.);
#3870=ORIENTED_EDGE('',*,*,#6831,.F.);
#3871=ORIENTED_EDGE('',*,*,#6832,.T.);
#3872=ORIENTED_EDGE('',*,*,#6828,.T.);
#3873=ORIENTED_EDGE('',*,*,#6833,.F.);
#3874=ORIENTED_EDGE('',*,*,#6834,.F.);
#3875=ORIENTED_EDGE('',*,*,#6835,.T.);
#3876=ORIENTED_EDGE('',*,*,#6831,.T.);
#3877=ORIENTED_EDGE('',*,*,#6836,.F.);
#3878=ORIENTED_EDGE('',*,*,#6837,.F.);
#3879=ORIENTED_EDGE('',*,*,#6838,.T.);
#3880=ORIENTED_EDGE('',*,*,#6834,.T.);
#3881=ORIENTED_EDGE('',*,*,#6839,.F.);
#3882=ORIENTED_EDGE('',*,*,#6840,.F.);
#3883=ORIENTED_EDGE('',*,*,#6841,.T.);
#3884=ORIENTED_EDGE('',*,*,#6837,.T.);
#3885=ORIENTED_EDGE('',*,*,#6842,.F.);
#3886=ORIENTED_EDGE('',*,*,#6843,.F.);
#3887=ORIENTED_EDGE('',*,*,#6844,.T.);
#3888=ORIENTED_EDGE('',*,*,#6845,.T.);
#3889=ORIENTED_EDGE('',*,*,#6846,.F.);
#3890=ORIENTED_EDGE('',*,*,#6847,.F.);
#3891=ORIENTED_EDGE('',*,*,#6848,.T.);
#3892=ORIENTED_EDGE('',*,*,#6843,.T.);
#3893=ORIENTED_EDGE('',*,*,#6849,.F.);
#3894=ORIENTED_EDGE('',*,*,#6850,.F.);
#3895=ORIENTED_EDGE('',*,*,#6851,.T.);
#3896=ORIENTED_EDGE('',*,*,#6847,.T.);
#3897=ORIENTED_EDGE('',*,*,#6852,.F.);
#3898=ORIENTED_EDGE('',*,*,#6853,.F.);
#3899=ORIENTED_EDGE('',*,*,#6854,.T.);
#3900=ORIENTED_EDGE('',*,*,#6850,.T.);
#3901=ORIENTED_EDGE('',*,*,#6855,.F.);
#3902=ORIENTED_EDGE('',*,*,#6856,.F.);
#3903=ORIENTED_EDGE('',*,*,#6857,.T.);
#3904=ORIENTED_EDGE('',*,*,#6853,.T.);
#3905=ORIENTED_EDGE('',*,*,#6858,.T.);
#3906=ORIENTED_EDGE('',*,*,#6859,.F.);
#3907=ORIENTED_EDGE('',*,*,#6860,.F.);
#3908=ORIENTED_EDGE('',*,*,#6856,.T.);
#3909=ORIENTED_EDGE('',*,*,#6861,.F.);
#3910=ORIENTED_EDGE('',*,*,#6862,.F.);
#3911=ORIENTED_EDGE('',*,*,#6863,.T.);
#3912=ORIENTED_EDGE('',*,*,#6859,.T.);
#3913=ORIENTED_EDGE('',*,*,#6864,.F.);
#3914=ORIENTED_EDGE('',*,*,#6865,.F.);
#3915=ORIENTED_EDGE('',*,*,#6866,.T.);
#3916=ORIENTED_EDGE('',*,*,#6867,.T.);
#3917=ORIENTED_EDGE('',*,*,#6868,.F.);
#3918=ORIENTED_EDGE('',*,*,#6869,.F.);
#3919=ORIENTED_EDGE('',*,*,#6870,.T.);
#3920=ORIENTED_EDGE('',*,*,#6865,.T.);
#3921=ORIENTED_EDGE('',*,*,#6871,.F.);
#3922=ORIENTED_EDGE('',*,*,#6872,.F.);
#3923=ORIENTED_EDGE('',*,*,#6873,.T.);
#3924=ORIENTED_EDGE('',*,*,#6869,.T.);
#3925=ORIENTED_EDGE('',*,*,#6874,.F.);
#3926=ORIENTED_EDGE('',*,*,#6875,.F.);
#3927=ORIENTED_EDGE('',*,*,#6876,.T.);
#3928=ORIENTED_EDGE('',*,*,#6872,.T.);
#3929=ORIENTED_EDGE('',*,*,#6877,.T.);
#3930=ORIENTED_EDGE('',*,*,#6878,.F.);
#3931=ORIENTED_EDGE('',*,*,#6879,.F.);
#3932=ORIENTED_EDGE('',*,*,#6875,.T.);
#3933=ORIENTED_EDGE('',*,*,#6880,.F.);
#3934=ORIENTED_EDGE('',*,*,#6881,.F.);
#3935=ORIENTED_EDGE('',*,*,#6882,.T.);
#3936=ORIENTED_EDGE('',*,*,#6878,.T.);
#3937=ORIENTED_EDGE('',*,*,#6883,.T.);
#3938=ORIENTED_EDGE('',*,*,#6884,.F.);
#3939=ORIENTED_EDGE('',*,*,#6885,.F.);
#3940=ORIENTED_EDGE('',*,*,#6881,.T.);
#3941=ORIENTED_EDGE('',*,*,#6886,.F.);
#3942=ORIENTED_EDGE('',*,*,#6887,.F.);
#3943=ORIENTED_EDGE('',*,*,#6888,.T.);
#3944=ORIENTED_EDGE('',*,*,#6889,.T.);
#3945=ORIENTED_EDGE('',*,*,#6890,.F.);
#3946=ORIENTED_EDGE('',*,*,#6891,.F.);
#3947=ORIENTED_EDGE('',*,*,#6892,.T.);
#3948=ORIENTED_EDGE('',*,*,#6887,.T.);
#3949=ORIENTED_EDGE('',*,*,#6893,.T.);
#3950=ORIENTED_EDGE('',*,*,#6894,.F.);
#3951=ORIENTED_EDGE('',*,*,#6895,.F.);
#3952=ORIENTED_EDGE('',*,*,#6891,.T.);
#3953=ORIENTED_EDGE('',*,*,#6896,.F.);
#3954=ORIENTED_EDGE('',*,*,#6897,.F.);
#3955=ORIENTED_EDGE('',*,*,#6898,.T.);
#3956=ORIENTED_EDGE('',*,*,#6894,.T.);
#3957=ORIENTED_EDGE('',*,*,#6899,.T.);
#3958=ORIENTED_EDGE('',*,*,#6900,.F.);
#3959=ORIENTED_EDGE('',*,*,#6901,.F.);
#3960=ORIENTED_EDGE('',*,*,#6897,.T.);
#3961=ORIENTED_EDGE('',*,*,#6902,.F.);
#3962=ORIENTED_EDGE('',*,*,#6903,.F.);
#3963=ORIENTED_EDGE('',*,*,#6904,.T.);
#3964=ORIENTED_EDGE('',*,*,#6900,.T.);
#3965=ORIENTED_EDGE('',*,*,#6905,.F.);
#3966=ORIENTED_EDGE('',*,*,#6906,.F.);
#3967=ORIENTED_EDGE('',*,*,#6907,.T.);
#3968=ORIENTED_EDGE('',*,*,#6903,.T.);
#3969=ORIENTED_EDGE('',*,*,#6908,.F.);
#3970=ORIENTED_EDGE('',*,*,#6909,.F.);
#3971=ORIENTED_EDGE('',*,*,#6910,.T.);
#3972=ORIENTED_EDGE('',*,*,#6911,.T.);
#3973=ORIENTED_EDGE('',*,*,#6912,.T.);
#3974=ORIENTED_EDGE('',*,*,#6913,.F.);
#3975=ORIENTED_EDGE('',*,*,#6914,.F.);
#3976=ORIENTED_EDGE('',*,*,#6909,.T.);
#3977=ORIENTED_EDGE('',*,*,#6915,.F.);
#3978=ORIENTED_EDGE('',*,*,#6916,.F.);
#3979=ORIENTED_EDGE('',*,*,#6917,.T.);
#3980=ORIENTED_EDGE('',*,*,#6913,.T.);
#3981=ORIENTED_EDGE('',*,*,#6918,.F.);
#3982=ORIENTED_EDGE('',*,*,#6919,.F.);
#3983=ORIENTED_EDGE('',*,*,#6920,.T.);
#3984=ORIENTED_EDGE('',*,*,#6916,.T.);
#3985=ORIENTED_EDGE('',*,*,#6921,.F.);
#3986=ORIENTED_EDGE('',*,*,#6922,.F.);
#3987=ORIENTED_EDGE('',*,*,#6923,.T.);
#3988=ORIENTED_EDGE('',*,*,#6919,.T.);
#3989=ORIENTED_EDGE('',*,*,#6924,.F.);
#3990=ORIENTED_EDGE('',*,*,#6925,.F.);
#3991=ORIENTED_EDGE('',*,*,#6926,.T.);
#3992=ORIENTED_EDGE('',*,*,#6922,.T.);
#3993=ORIENTED_EDGE('',*,*,#6927,.F.);
#3994=ORIENTED_EDGE('',*,*,#6928,.F.);
#3995=ORIENTED_EDGE('',*,*,#6929,.T.);
#3996=ORIENTED_EDGE('',*,*,#6925,.T.);
#3997=ORIENTED_EDGE('',*,*,#6930,.F.);
#3998=ORIENTED_EDGE('',*,*,#6931,.F.);
#3999=ORIENTED_EDGE('',*,*,#6932,.T.);
#4000=ORIENTED_EDGE('',*,*,#6933,.T.);
#4001=ORIENTED_EDGE('',*,*,#6934,.T.);
#4002=ORIENTED_EDGE('',*,*,#6935,.F.);
#4003=ORIENTED_EDGE('',*,*,#6936,.F.);
#4004=ORIENTED_EDGE('',*,*,#6931,.T.);
#4005=ORIENTED_EDGE('',*,*,#6937,.F.);
#4006=ORIENTED_EDGE('',*,*,#6938,.F.);
#4007=ORIENTED_EDGE('',*,*,#6939,.T.);
#4008=ORIENTED_EDGE('',*,*,#6935,.T.);
#4009=ORIENTED_EDGE('',*,*,#6940,.F.);
#4010=ORIENTED_EDGE('',*,*,#6941,.F.);
#4011=ORIENTED_EDGE('',*,*,#6942,.T.);
#4012=ORIENTED_EDGE('',*,*,#6938,.T.);
#4013=ORIENTED_EDGE('',*,*,#6943,.F.);
#4014=ORIENTED_EDGE('',*,*,#6944,.F.);
#4015=ORIENTED_EDGE('',*,*,#6945,.T.);
#4016=ORIENTED_EDGE('',*,*,#6941,.T.);
#4017=ORIENTED_EDGE('',*,*,#6946,.F.);
#4018=ORIENTED_EDGE('',*,*,#6947,.F.);
#4019=ORIENTED_EDGE('',*,*,#6948,.T.);
#4020=ORIENTED_EDGE('',*,*,#6944,.T.);
#4021=ORIENTED_EDGE('',*,*,#6949,.F.);
#4022=ORIENTED_EDGE('',*,*,#6950,.F.);
#4023=ORIENTED_EDGE('',*,*,#6951,.T.);
#4024=ORIENTED_EDGE('',*,*,#6947,.T.);
#4025=ORIENTED_EDGE('',*,*,#6952,.F.);
#4026=ORIENTED_EDGE('',*,*,#6953,.F.);
#4027=ORIENTED_EDGE('',*,*,#6954,.T.);
#4028=ORIENTED_EDGE('',*,*,#6955,.T.);
#4029=ORIENTED_EDGE('',*,*,#6956,.T.);
#4030=ORIENTED_EDGE('',*,*,#6957,.F.);
#4031=ORIENTED_EDGE('',*,*,#6958,.F.);
#4032=ORIENTED_EDGE('',*,*,#6953,.T.);
#4033=ORIENTED_EDGE('',*,*,#6959,.F.);
#4034=ORIENTED_EDGE('',*,*,#6960,.F.);
#4035=ORIENTED_EDGE('',*,*,#6961,.T.);
#4036=ORIENTED_EDGE('',*,*,#6957,.T.);
#4037=ORIENTED_EDGE('',*,*,#6962,.F.);
#4038=ORIENTED_EDGE('',*,*,#6963,.F.);
#4039=ORIENTED_EDGE('',*,*,#6964,.T.);
#4040=ORIENTED_EDGE('',*,*,#6960,.T.);
#4041=ORIENTED_EDGE('',*,*,#6965,.F.);
#4042=ORIENTED_EDGE('',*,*,#6966,.F.);
#4043=ORIENTED_EDGE('',*,*,#6967,.T.);
#4044=ORIENTED_EDGE('',*,*,#6963,.T.);
#4045=ORIENTED_EDGE('',*,*,#6968,.F.);
#4046=ORIENTED_EDGE('',*,*,#6969,.F.);
#4047=ORIENTED_EDGE('',*,*,#6970,.T.);
#4048=ORIENTED_EDGE('',*,*,#6966,.T.);
#4049=ORIENTED_EDGE('',*,*,#6971,.F.);
#4050=ORIENTED_EDGE('',*,*,#6972,.F.);
#4051=ORIENTED_EDGE('',*,*,#6973,.T.);
#4052=ORIENTED_EDGE('',*,*,#6969,.T.);
#4053=ORIENTED_EDGE('',*,*,#6974,.F.);
#4054=ORIENTED_EDGE('',*,*,#6975,.F.);
#4055=ORIENTED_EDGE('',*,*,#6976,.T.);
#4056=ORIENTED_EDGE('',*,*,#6977,.T.);
#4057=ORIENTED_EDGE('',*,*,#6978,.T.);
#4058=ORIENTED_EDGE('',*,*,#6979,.F.);
#4059=ORIENTED_EDGE('',*,*,#6980,.F.);
#4060=ORIENTED_EDGE('',*,*,#6975,.T.);
#4061=ORIENTED_EDGE('',*,*,#6981,.F.);
#4062=ORIENTED_EDGE('',*,*,#6982,.F.);
#4063=ORIENTED_EDGE('',*,*,#6983,.T.);
#4064=ORIENTED_EDGE('',*,*,#6979,.T.);
#4065=ORIENTED_EDGE('',*,*,#6984,.T.);
#4066=ORIENTED_EDGE('',*,*,#6985,.F.);
#4067=ORIENTED_EDGE('',*,*,#6986,.F.);
#4068=ORIENTED_EDGE('',*,*,#6982,.T.);
#4069=ORIENTED_EDGE('',*,*,#6987,.F.);
#4070=ORIENTED_EDGE('',*,*,#6988,.F.);
#4071=ORIENTED_EDGE('',*,*,#6989,.T.);
#4072=ORIENTED_EDGE('',*,*,#6985,.T.);
#4073=ORIENTED_EDGE('',*,*,#6990,.F.);
#4074=ORIENTED_EDGE('',*,*,#6991,.F.);
#4075=ORIENTED_EDGE('',*,*,#6992,.T.);
#4076=ORIENTED_EDGE('',*,*,#6988,.T.);
#4077=ORIENTED_EDGE('',*,*,#6993,.F.);
#4078=ORIENTED_EDGE('',*,*,#6994,.F.);
#4079=ORIENTED_EDGE('',*,*,#6995,.T.);
#4080=ORIENTED_EDGE('',*,*,#6991,.T.);
#4081=ORIENTED_EDGE('',*,*,#6996,.F.);
#4082=ORIENTED_EDGE('',*,*,#6997,.F.);
#4083=ORIENTED_EDGE('',*,*,#6998,.T.);
#4084=ORIENTED_EDGE('',*,*,#6999,.T.);
#4085=ORIENTED_EDGE('',*,*,#7000,.T.);
#4086=ORIENTED_EDGE('',*,*,#7001,.F.);
#4087=ORIENTED_EDGE('',*,*,#7002,.F.);
#4088=ORIENTED_EDGE('',*,*,#6997,.T.);
#4089=ORIENTED_EDGE('',*,*,#7003,.F.);
#4090=ORIENTED_EDGE('',*,*,#7004,.F.);
#4091=ORIENTED_EDGE('',*,*,#7005,.T.);
#4092=ORIENTED_EDGE('',*,*,#7001,.T.);
#4093=ORIENTED_EDGE('',*,*,#7006,.F.);
#4094=ORIENTED_EDGE('',*,*,#7007,.F.);
#4095=ORIENTED_EDGE('',*,*,#7008,.T.);
#4096=ORIENTED_EDGE('',*,*,#7004,.T.);
#4097=ORIENTED_EDGE('',*,*,#7009,.F.);
#4098=ORIENTED_EDGE('',*,*,#7010,.F.);
#4099=ORIENTED_EDGE('',*,*,#7011,.T.);
#4100=ORIENTED_EDGE('',*,*,#7007,.T.);
#4101=ORIENTED_EDGE('',*,*,#7012,.F.);
#4102=ORIENTED_EDGE('',*,*,#7013,.F.);
#4103=ORIENTED_EDGE('',*,*,#7014,.T.);
#4104=ORIENTED_EDGE('',*,*,#7010,.T.);
#4105=ORIENTED_EDGE('',*,*,#7015,.F.);
#4106=ORIENTED_EDGE('',*,*,#7016,.F.);
#4107=ORIENTED_EDGE('',*,*,#7017,.T.);
#4108=ORIENTED_EDGE('',*,*,#7013,.T.);
#4109=ORIENTED_EDGE('',*,*,#7018,.F.);
#4110=ORIENTED_EDGE('',*,*,#7019,.F.);
#4111=ORIENTED_EDGE('',*,*,#7020,.T.);
#4112=ORIENTED_EDGE('',*,*,#7021,.T.);
#4113=ORIENTED_EDGE('',*,*,#7022,.T.);
#4114=ORIENTED_EDGE('',*,*,#7023,.F.);
#4115=ORIENTED_EDGE('',*,*,#7024,.F.);
#4116=ORIENTED_EDGE('',*,*,#7019,.T.);
#4117=ORIENTED_EDGE('',*,*,#7025,.F.);
#4118=ORIENTED_EDGE('',*,*,#7026,.F.);
#4119=ORIENTED_EDGE('',*,*,#7027,.T.);
#4120=ORIENTED_EDGE('',*,*,#7023,.T.);
#4121=ORIENTED_EDGE('',*,*,#7028,.F.);
#4122=ORIENTED_EDGE('',*,*,#7029,.F.);
#4123=ORIENTED_EDGE('',*,*,#7030,.T.);
#4124=ORIENTED_EDGE('',*,*,#7026,.T.);
#4125=ORIENTED_EDGE('',*,*,#7031,.F.);
#4126=ORIENTED_EDGE('',*,*,#7032,.F.);
#4127=ORIENTED_EDGE('',*,*,#7033,.T.);
#4128=ORIENTED_EDGE('',*,*,#7029,.T.);
#4129=ORIENTED_EDGE('',*,*,#7034,.F.);
#4130=ORIENTED_EDGE('',*,*,#7035,.F.);
#4131=ORIENTED_EDGE('',*,*,#7036,.T.);
#4132=ORIENTED_EDGE('',*,*,#7032,.T.);
#4133=ORIENTED_EDGE('',*,*,#7037,.F.);
#4134=ORIENTED_EDGE('',*,*,#7038,.F.);
#4135=ORIENTED_EDGE('',*,*,#7039,.T.);
#4136=ORIENTED_EDGE('',*,*,#7035,.T.);
#4137=ORIENTED_EDGE('',*,*,#7040,.F.);
#4138=ORIENTED_EDGE('',*,*,#7041,.F.);
#4139=ORIENTED_EDGE('',*,*,#7042,.T.);
#4140=ORIENTED_EDGE('',*,*,#7043,.T.);
#4141=ORIENTED_EDGE('',*,*,#7044,.T.);
#4142=ORIENTED_EDGE('',*,*,#7045,.F.);
#4143=ORIENTED_EDGE('',*,*,#7046,.F.);
#4144=ORIENTED_EDGE('',*,*,#7041,.T.);
#4145=ORIENTED_EDGE('',*,*,#7047,.F.);
#4146=ORIENTED_EDGE('',*,*,#7048,.F.);
#4147=ORIENTED_EDGE('',*,*,#7049,.T.);
#4148=ORIENTED_EDGE('',*,*,#7045,.T.);
#4149=ORIENTED_EDGE('',*,*,#7050,.F.);
#4150=ORIENTED_EDGE('',*,*,#7051,.F.);
#4151=ORIENTED_EDGE('',*,*,#7052,.T.);
#4152=ORIENTED_EDGE('',*,*,#7048,.T.);
#4153=ORIENTED_EDGE('',*,*,#7053,.F.);
#4154=ORIENTED_EDGE('',*,*,#7054,.F.);
#4155=ORIENTED_EDGE('',*,*,#7055,.T.);
#4156=ORIENTED_EDGE('',*,*,#7051,.T.);
#4157=ORIENTED_EDGE('',*,*,#7056,.F.);
#4158=ORIENTED_EDGE('',*,*,#7057,.F.);
#4159=ORIENTED_EDGE('',*,*,#7058,.T.);
#4160=ORIENTED_EDGE('',*,*,#7054,.T.);
#4161=ORIENTED_EDGE('',*,*,#7059,.F.);
#4162=ORIENTED_EDGE('',*,*,#7060,.F.);
#4163=ORIENTED_EDGE('',*,*,#7061,.T.);
#4164=ORIENTED_EDGE('',*,*,#7057,.T.);
#4165=ORIENTED_EDGE('',*,*,#7062,.F.);
#4166=ORIENTED_EDGE('',*,*,#7063,.F.);
#4167=ORIENTED_EDGE('',*,*,#7064,.T.);
#4168=ORIENTED_EDGE('',*,*,#7065,.T.);
#4169=ORIENTED_EDGE('',*,*,#7066,.F.);
#4170=ORIENTED_EDGE('',*,*,#7067,.F.);
#4171=ORIENTED_EDGE('',*,*,#7068,.T.);
#4172=ORIENTED_EDGE('',*,*,#7063,.T.);
#4173=ORIENTED_EDGE('',*,*,#7069,.F.);
#4174=ORIENTED_EDGE('',*,*,#7070,.F.);
#4175=ORIENTED_EDGE('',*,*,#7071,.T.);
#4176=ORIENTED_EDGE('',*,*,#7067,.T.);
#4177=ORIENTED_EDGE('',*,*,#7072,.T.);
#4178=ORIENTED_EDGE('',*,*,#7073,.F.);
#4179=ORIENTED_EDGE('',*,*,#7074,.F.);
#4180=ORIENTED_EDGE('',*,*,#7070,.T.);
#4181=ORIENTED_EDGE('',*,*,#7075,.F.);
#4182=ORIENTED_EDGE('',*,*,#7076,.F.);
#4183=ORIENTED_EDGE('',*,*,#7077,.T.);
#4184=ORIENTED_EDGE('',*,*,#7073,.T.);
#4185=ORIENTED_EDGE('',*,*,#7078,.T.);
#4186=ORIENTED_EDGE('',*,*,#7079,.F.);
#4187=ORIENTED_EDGE('',*,*,#7080,.F.);
#4188=ORIENTED_EDGE('',*,*,#7076,.T.);
#4189=ORIENTED_EDGE('',*,*,#7081,.F.);
#4190=ORIENTED_EDGE('',*,*,#7082,.F.);
#4191=ORIENTED_EDGE('',*,*,#7083,.T.);
#4192=ORIENTED_EDGE('',*,*,#7079,.T.);
#4193=ORIENTED_EDGE('',*,*,#7084,.F.);
#4194=ORIENTED_EDGE('',*,*,#7085,.F.);
#4195=ORIENTED_EDGE('',*,*,#7086,.T.);
#4196=ORIENTED_EDGE('',*,*,#7087,.T.);
#4197=ORIENTED_EDGE('',*,*,#7088,.T.);
#4198=ORIENTED_EDGE('',*,*,#7089,.F.);
#4199=ORIENTED_EDGE('',*,*,#7090,.F.);
#4200=ORIENTED_EDGE('',*,*,#7085,.T.);
#4201=ORIENTED_EDGE('',*,*,#7091,.F.);
#4202=ORIENTED_EDGE('',*,*,#7092,.F.);
#4203=ORIENTED_EDGE('',*,*,#7093,.T.);
#4204=ORIENTED_EDGE('',*,*,#7089,.T.);
#4205=ORIENTED_EDGE('',*,*,#7094,.F.);
#4206=ORIENTED_EDGE('',*,*,#7095,.F.);
#4207=ORIENTED_EDGE('',*,*,#7096,.T.);
#4208=ORIENTED_EDGE('',*,*,#7092,.T.);
#4209=ORIENTED_EDGE('',*,*,#7097,.F.);
#4210=ORIENTED_EDGE('',*,*,#7098,.F.);
#4211=ORIENTED_EDGE('',*,*,#7099,.T.);
#4212=ORIENTED_EDGE('',*,*,#7095,.T.);
#4213=ORIENTED_EDGE('',*,*,#7100,.F.);
#4214=ORIENTED_EDGE('',*,*,#7101,.F.);
#4215=ORIENTED_EDGE('',*,*,#7102,.T.);
#4216=ORIENTED_EDGE('',*,*,#7098,.T.);
#4217=ORIENTED_EDGE('',*,*,#7103,.F.);
#4218=ORIENTED_EDGE('',*,*,#7104,.F.);
#4219=ORIENTED_EDGE('',*,*,#7105,.T.);
#4220=ORIENTED_EDGE('',*,*,#7101,.T.);
#4221=ORIENTED_EDGE('',*,*,#7106,.F.);
#4222=ORIENTED_EDGE('',*,*,#7107,.F.);
#4223=ORIENTED_EDGE('',*,*,#7108,.T.);
#4224=ORIENTED_EDGE('',*,*,#7109,.T.);
#4225=ORIENTED_EDGE('',*,*,#7110,.T.);
#4226=ORIENTED_EDGE('',*,*,#7111,.F.);
#4227=ORIENTED_EDGE('',*,*,#7112,.F.);
#4228=ORIENTED_EDGE('',*,*,#7107,.T.);
#4229=ORIENTED_EDGE('',*,*,#7113,.F.);
#4230=ORIENTED_EDGE('',*,*,#7114,.F.);
#4231=ORIENTED_EDGE('',*,*,#7115,.T.);
#4232=ORIENTED_EDGE('',*,*,#7111,.T.);
#4233=ORIENTED_EDGE('',*,*,#7116,.F.);
#4234=ORIENTED_EDGE('',*,*,#7117,.F.);
#4235=ORIENTED_EDGE('',*,*,#7118,.T.);
#4236=ORIENTED_EDGE('',*,*,#7114,.T.);
#4237=ORIENTED_EDGE('',*,*,#7119,.F.);
#4238=ORIENTED_EDGE('',*,*,#7120,.F.);
#4239=ORIENTED_EDGE('',*,*,#7121,.T.);
#4240=ORIENTED_EDGE('',*,*,#7117,.T.);
#4241=ORIENTED_EDGE('',*,*,#7122,.F.);
#4242=ORIENTED_EDGE('',*,*,#7123,.F.);
#4243=ORIENTED_EDGE('',*,*,#7124,.T.);
#4244=ORIENTED_EDGE('',*,*,#7120,.T.);
#4245=ORIENTED_EDGE('',*,*,#7125,.F.);
#4246=ORIENTED_EDGE('',*,*,#7126,.F.);
#4247=ORIENTED_EDGE('',*,*,#7127,.T.);
#4248=ORIENTED_EDGE('',*,*,#7123,.T.);
#4249=ORIENTED_EDGE('',*,*,#7128,.F.);
#4250=ORIENTED_EDGE('',*,*,#7129,.F.);
#4251=ORIENTED_EDGE('',*,*,#7130,.T.);
#4252=ORIENTED_EDGE('',*,*,#7131,.T.);
#4253=ORIENTED_EDGE('',*,*,#7132,.F.);
#4254=ORIENTED_EDGE('',*,*,#7133,.F.);
#4255=ORIENTED_EDGE('',*,*,#7134,.T.);
#4256=ORIENTED_EDGE('',*,*,#7129,.T.);
#4257=ORIENTED_EDGE('',*,*,#7135,.F.);
#4258=ORIENTED_EDGE('',*,*,#7136,.F.);
#4259=ORIENTED_EDGE('',*,*,#7137,.T.);
#4260=ORIENTED_EDGE('',*,*,#7133,.T.);
#4261=ORIENTED_EDGE('',*,*,#7138,.T.);
#4262=ORIENTED_EDGE('',*,*,#7139,.F.);
#4263=ORIENTED_EDGE('',*,*,#7140,.F.);
#4264=ORIENTED_EDGE('',*,*,#7136,.T.);
#4265=ORIENTED_EDGE('',*,*,#7141,.F.);
#4266=ORIENTED_EDGE('',*,*,#7142,.F.);
#4267=ORIENTED_EDGE('',*,*,#7143,.T.);
#4268=ORIENTED_EDGE('',*,*,#7139,.T.);
#4269=ORIENTED_EDGE('',*,*,#7144,.T.);
#4270=ORIENTED_EDGE('',*,*,#7145,.F.);
#4271=ORIENTED_EDGE('',*,*,#7146,.F.);
#4272=ORIENTED_EDGE('',*,*,#7142,.T.);
#4273=ORIENTED_EDGE('',*,*,#7147,.F.);
#4274=ORIENTED_EDGE('',*,*,#7148,.F.);
#4275=ORIENTED_EDGE('',*,*,#7149,.T.);
#4276=ORIENTED_EDGE('',*,*,#7145,.T.);
#4277=ORIENTED_EDGE('',*,*,#7150,.F.);
#4278=ORIENTED_EDGE('',*,*,#7151,.F.);
#4279=ORIENTED_EDGE('',*,*,#7152,.T.);
#4280=ORIENTED_EDGE('',*,*,#7153,.T.);
#4281=ORIENTED_EDGE('',*,*,#7154,.T.);
#4282=ORIENTED_EDGE('',*,*,#7155,.F.);
#4283=ORIENTED_EDGE('',*,*,#7156,.F.);
#4284=ORIENTED_EDGE('',*,*,#7151,.T.);
#4285=ORIENTED_EDGE('',*,*,#7157,.F.);
#4286=ORIENTED_EDGE('',*,*,#7158,.F.);
#4287=ORIENTED_EDGE('',*,*,#7159,.T.);
#4288=ORIENTED_EDGE('',*,*,#7155,.T.);
#4289=ORIENTED_EDGE('',*,*,#7160,.T.);
#4290=ORIENTED_EDGE('',*,*,#7161,.F.);
#4291=ORIENTED_EDGE('',*,*,#7162,.F.);
#4292=ORIENTED_EDGE('',*,*,#7158,.T.);
#4293=ORIENTED_EDGE('',*,*,#7163,.F.);
#4294=ORIENTED_EDGE('',*,*,#7164,.F.);
#4295=ORIENTED_EDGE('',*,*,#7165,.T.);
#4296=ORIENTED_EDGE('',*,*,#7161,.T.);
#4297=ORIENTED_EDGE('',*,*,#7166,.F.);
#4298=ORIENTED_EDGE('',*,*,#7167,.F.);
#4299=ORIENTED_EDGE('',*,*,#7168,.T.);
#4300=ORIENTED_EDGE('',*,*,#7164,.T.);
#4301=ORIENTED_EDGE('',*,*,#7169,.F.);
#4302=ORIENTED_EDGE('',*,*,#7170,.F.);
#4303=ORIENTED_EDGE('',*,*,#7171,.T.);
#4304=ORIENTED_EDGE('',*,*,#7167,.T.);
#4305=ORIENTED_EDGE('',*,*,#7172,.F.);
#4306=ORIENTED_EDGE('',*,*,#7173,.F.);
#4307=ORIENTED_EDGE('',*,*,#7174,.T.);
#4308=ORIENTED_EDGE('',*,*,#7175,.T.);
#4309=ORIENTED_EDGE('',*,*,#7176,.T.);
#4310=ORIENTED_EDGE('',*,*,#7177,.F.);
#4311=ORIENTED_EDGE('',*,*,#7178,.F.);
#4312=ORIENTED_EDGE('',*,*,#7173,.T.);
#4313=ORIENTED_EDGE('',*,*,#7179,.F.);
#4314=ORIENTED_EDGE('',*,*,#7180,.F.);
#4315=ORIENTED_EDGE('',*,*,#7181,.T.);
#4316=ORIENTED_EDGE('',*,*,#7177,.T.);
#4317=ORIENTED_EDGE('',*,*,#7182,.F.);
#4318=ORIENTED_EDGE('',*,*,#7183,.F.);
#4319=ORIENTED_EDGE('',*,*,#7184,.T.);
#4320=ORIENTED_EDGE('',*,*,#7180,.T.);
#4321=ORIENTED_EDGE('',*,*,#7185,.F.);
#4322=ORIENTED_EDGE('',*,*,#7186,.F.);
#4323=ORIENTED_EDGE('',*,*,#7187,.T.);
#4324=ORIENTED_EDGE('',*,*,#7183,.T.);
#4325=ORIENTED_EDGE('',*,*,#7188,.F.);
#4326=ORIENTED_EDGE('',*,*,#7189,.F.);
#4327=ORIENTED_EDGE('',*,*,#7190,.T.);
#4328=ORIENTED_EDGE('',*,*,#7186,.T.);
#4329=ORIENTED_EDGE('',*,*,#7191,.F.);
#4330=ORIENTED_EDGE('',*,*,#7192,.F.);
#4331=ORIENTED_EDGE('',*,*,#7193,.T.);
#4332=ORIENTED_EDGE('',*,*,#7189,.T.);
#4333=ORIENTED_EDGE('',*,*,#7194,.F.);
#4334=ORIENTED_EDGE('',*,*,#7195,.F.);
#4335=ORIENTED_EDGE('',*,*,#7196,.T.);
#4336=ORIENTED_EDGE('',*,*,#7197,.T.);
#4337=ORIENTED_EDGE('',*,*,#7198,.T.);
#4338=ORIENTED_EDGE('',*,*,#7199,.F.);
#4339=ORIENTED_EDGE('',*,*,#7200,.F.);
#4340=ORIENTED_EDGE('',*,*,#7195,.T.);
#4341=ORIENTED_EDGE('',*,*,#7201,.F.);
#4342=ORIENTED_EDGE('',*,*,#7202,.F.);
#4343=ORIENTED_EDGE('',*,*,#7203,.T.);
#4344=ORIENTED_EDGE('',*,*,#7199,.T.);
#4345=ORIENTED_EDGE('',*,*,#7204,.F.);
#4346=ORIENTED_EDGE('',*,*,#7205,.F.);
#4347=ORIENTED_EDGE('',*,*,#7206,.T.);
#4348=ORIENTED_EDGE('',*,*,#7202,.T.);
#4349=ORIENTED_EDGE('',*,*,#7207,.F.);
#4350=ORIENTED_EDGE('',*,*,#7208,.F.);
#4351=ORIENTED_EDGE('',*,*,#7209,.T.);
#4352=ORIENTED_EDGE('',*,*,#7205,.T.);
#4353=ORIENTED_EDGE('',*,*,#7210,.F.);
#4354=ORIENTED_EDGE('',*,*,#7211,.F.);
#4355=ORIENTED_EDGE('',*,*,#7212,.T.);
#4356=ORIENTED_EDGE('',*,*,#7208,.T.);
#4357=ORIENTED_EDGE('',*,*,#7213,.F.);
#4358=ORIENTED_EDGE('',*,*,#7214,.F.);
#4359=ORIENTED_EDGE('',*,*,#7215,.T.);
#4360=ORIENTED_EDGE('',*,*,#7211,.T.);
#4361=ORIENTED_EDGE('',*,*,#7216,.F.);
#4362=ORIENTED_EDGE('',*,*,#7217,.F.);
#4363=ORIENTED_EDGE('',*,*,#7218,.T.);
#4364=ORIENTED_EDGE('',*,*,#7219,.T.);
#4365=ORIENTED_EDGE('',*,*,#7220,.F.);
#4366=ORIENTED_EDGE('',*,*,#7221,.F.);
#4367=ORIENTED_EDGE('',*,*,#7222,.T.);
#4368=ORIENTED_EDGE('',*,*,#7217,.T.);
#4369=ORIENTED_EDGE('',*,*,#7223,.T.);
#4370=ORIENTED_EDGE('',*,*,#7224,.F.);
#4371=ORIENTED_EDGE('',*,*,#7225,.F.);
#4372=ORIENTED_EDGE('',*,*,#7221,.T.);
#4373=ORIENTED_EDGE('',*,*,#7226,.F.);
#4374=ORIENTED_EDGE('',*,*,#7227,.F.);
#4375=ORIENTED_EDGE('',*,*,#7228,.T.);
#4376=ORIENTED_EDGE('',*,*,#7224,.T.);
#4377=ORIENTED_EDGE('',*,*,#7229,.T.);
#4378=ORIENTED_EDGE('',*,*,#7230,.F.);
#4379=ORIENTED_EDGE('',*,*,#7231,.F.);
#4380=ORIENTED_EDGE('',*,*,#7227,.T.);
#4381=ORIENTED_EDGE('',*,*,#7232,.F.);
#4382=ORIENTED_EDGE('',*,*,#7233,.F.);
#4383=ORIENTED_EDGE('',*,*,#7234,.T.);
#4384=ORIENTED_EDGE('',*,*,#7230,.T.);
#4385=ORIENTED_EDGE('',*,*,#7235,.F.);
#4386=ORIENTED_EDGE('',*,*,#7236,.F.);
#4387=ORIENTED_EDGE('',*,*,#7237,.T.);
#4388=ORIENTED_EDGE('',*,*,#7233,.T.);
#4389=ORIENTED_EDGE('',*,*,#7238,.T.);
#4390=ORIENTED_EDGE('',*,*,#5768,.F.);
#4391=ORIENTED_EDGE('',*,*,#7239,.F.);
#4392=ORIENTED_EDGE('',*,*,#5785,.T.);
#4393=ORIENTED_EDGE('',*,*,#7240,.T.);
#4394=ORIENTED_EDGE('',*,*,#5790,.F.);
#4395=ORIENTED_EDGE('',*,*,#7241,.F.);
#4396=ORIENTED_EDGE('',*,*,#5807,.T.);
#4397=ORIENTED_EDGE('',*,*,#7242,.T.);
#4398=ORIENTED_EDGE('',*,*,#5812,.F.);
#4399=ORIENTED_EDGE('',*,*,#7243,.F.);
#4400=ORIENTED_EDGE('',*,*,#5829,.T.);
#4401=ORIENTED_EDGE('',*,*,#7244,.F.);
#4402=ORIENTED_EDGE('',*,*,#5834,.F.);
#4403=ORIENTED_EDGE('',*,*,#7245,.T.);
#4404=ORIENTED_EDGE('',*,*,#5851,.T.);
#4405=ORIENTED_EDGE('',*,*,#7246,.F.);
#4406=ORIENTED_EDGE('',*,*,#5856,.F.);
#4407=ORIENTED_EDGE('',*,*,#7247,.T.);
#4408=ORIENTED_EDGE('',*,*,#5873,.T.);
#4409=ORIENTED_EDGE('',*,*,#7248,.T.);
#4410=ORIENTED_EDGE('',*,*,#5878,.F.);
#4411=ORIENTED_EDGE('',*,*,#7249,.F.);
#4412=ORIENTED_EDGE('',*,*,#5895,.T.);
#4413=ORIENTED_EDGE('',*,*,#7250,.F.);
#4414=ORIENTED_EDGE('',*,*,#5900,.F.);
#4415=ORIENTED_EDGE('',*,*,#7251,.T.);
#4416=ORIENTED_EDGE('',*,*,#5917,.T.);
#4417=ORIENTED_EDGE('',*,*,#7252,.T.);
#4418=ORIENTED_EDGE('',*,*,#5922,.F.);
#4419=ORIENTED_EDGE('',*,*,#7253,.F.);
#4420=ORIENTED_EDGE('',*,*,#5939,.T.);
#4421=ORIENTED_EDGE('',*,*,#7254,.T.);
#4422=ORIENTED_EDGE('',*,*,#5944,.F.);
#4423=ORIENTED_EDGE('',*,*,#7255,.F.);
#4424=ORIENTED_EDGE('',*,*,#5961,.T.);
#4425=ORIENTED_EDGE('',*,*,#7256,.T.);
#4426=ORIENTED_EDGE('',*,*,#5966,.F.);
#4427=ORIENTED_EDGE('',*,*,#7257,.F.);
#4428=ORIENTED_EDGE('',*,*,#5983,.T.);
#4429=ORIENTED_EDGE('',*,*,#7258,.T.);
#4430=ORIENTED_EDGE('',*,*,#5988,.F.);
#4431=ORIENTED_EDGE('',*,*,#7259,.F.);
#4432=ORIENTED_EDGE('',*,*,#6005,.T.);
#4433=ORIENTED_EDGE('',*,*,#7260,.F.);
#4434=ORIENTED_EDGE('',*,*,#6010,.F.);
#4435=ORIENTED_EDGE('',*,*,#7261,.T.);
#4436=ORIENTED_EDGE('',*,*,#6027,.T.);
#4437=ORIENTED_EDGE('',*,*,#7262,.F.);
#4438=ORIENTED_EDGE('',*,*,#6032,.F.);
#4439=ORIENTED_EDGE('',*,*,#7263,.T.);
#4440=ORIENTED_EDGE('',*,*,#6049,.T.);
#4441=ORIENTED_EDGE('',*,*,#7264,.T.);
#4442=ORIENTED_EDGE('',*,*,#6054,.F.);
#4443=ORIENTED_EDGE('',*,*,#7265,.F.);
#4444=ORIENTED_EDGE('',*,*,#6071,.T.);
#4445=ORIENTED_EDGE('',*,*,#7266,.F.);
#4446=ORIENTED_EDGE('',*,*,#6076,.F.);
#4447=ORIENTED_EDGE('',*,*,#7267,.T.);
#4448=ORIENTED_EDGE('',*,*,#6093,.T.);
#4449=ORIENTED_EDGE('',*,*,#7268,.F.);
#4450=ORIENTED_EDGE('',*,*,#6098,.F.);
#4451=ORIENTED_EDGE('',*,*,#7269,.T.);
#4452=ORIENTED_EDGE('',*,*,#6115,.T.);
#4453=ORIENTED_EDGE('',*,*,#7270,.T.);
#4454=ORIENTED_EDGE('',*,*,#6120,.F.);
#4455=ORIENTED_EDGE('',*,*,#7271,.F.);
#4456=ORIENTED_EDGE('',*,*,#6137,.T.);
#4457=ORIENTED_EDGE('',*,*,#7272,.F.);
#4458=ORIENTED_EDGE('',*,*,#6142,.F.);
#4459=ORIENTED_EDGE('',*,*,#7273,.T.);
#4460=ORIENTED_EDGE('',*,*,#6159,.T.);
#4461=ORIENTED_EDGE('',*,*,#7274,.T.);
#4462=ORIENTED_EDGE('',*,*,#6164,.F.);
#4463=ORIENTED_EDGE('',*,*,#7275,.F.);
#4464=ORIENTED_EDGE('',*,*,#6181,.T.);
#4465=ORIENTED_EDGE('',*,*,#7276,.F.);
#4466=ORIENTED_EDGE('',*,*,#6186,.F.);
#4467=ORIENTED_EDGE('',*,*,#7277,.T.);
#4468=ORIENTED_EDGE('',*,*,#6224,.T.);
#4469=ORIENTED_EDGE('',*,*,#7278,.F.);
#4470=ORIENTED_EDGE('',*,*,#6229,.F.);
#4471=ORIENTED_EDGE('',*,*,#7279,.T.);
#4472=ORIENTED_EDGE('',*,*,#6246,.T.);
#4473=ORIENTED_EDGE('',*,*,#7280,.T.);
#4474=ORIENTED_EDGE('',*,*,#6251,.F.);
#4475=ORIENTED_EDGE('',*,*,#7281,.F.);
#4476=ORIENTED_EDGE('',*,*,#6268,.T.);
#4477=ORIENTED_EDGE('',*,*,#7282,.T.);
#4478=ORIENTED_EDGE('',*,*,#6273,.F.);
#4479=ORIENTED_EDGE('',*,*,#7283,.F.);
#4480=ORIENTED_EDGE('',*,*,#6290,.T.);
#4481=ORIENTED_EDGE('',*,*,#7284,.F.);
#4482=ORIENTED_EDGE('',*,*,#6295,.F.);
#4483=ORIENTED_EDGE('',*,*,#7285,.T.);
#4484=ORIENTED_EDGE('',*,*,#6312,.T.);
#4485=ORIENTED_EDGE('',*,*,#7286,.F.);
#4486=ORIENTED_EDGE('',*,*,#6317,.F.);
#4487=ORIENTED_EDGE('',*,*,#7287,.T.);
#4488=ORIENTED_EDGE('',*,*,#6334,.T.);
#4489=ORIENTED_EDGE('',*,*,#7288,.F.);
#4490=ORIENTED_EDGE('',*,*,#6339,.F.);
#4491=ORIENTED_EDGE('',*,*,#7289,.T.);
#4492=ORIENTED_EDGE('',*,*,#6356,.T.);
#4493=ORIENTED_EDGE('',*,*,#7290,.F.);
#4494=ORIENTED_EDGE('',*,*,#6361,.F.);
#4495=ORIENTED_EDGE('',*,*,#7291,.T.);
#4496=ORIENTED_EDGE('',*,*,#6378,.T.);
#4497=ORIENTED_EDGE('',*,*,#7292,.F.);
#4498=ORIENTED_EDGE('',*,*,#6383,.F.);
#4499=ORIENTED_EDGE('',*,*,#7293,.T.);
#4500=ORIENTED_EDGE('',*,*,#6400,.T.);
#4501=ORIENTED_EDGE('',*,*,#7294,.T.);
#4502=ORIENTED_EDGE('',*,*,#6405,.F.);
#4503=ORIENTED_EDGE('',*,*,#7295,.F.);
#4504=ORIENTED_EDGE('',*,*,#6422,.T.);
#4505=ORIENTED_EDGE('',*,*,#7296,.F.);
#4506=ORIENTED_EDGE('',*,*,#6427,.F.);
#4507=ORIENTED_EDGE('',*,*,#7297,.T.);
#4508=ORIENTED_EDGE('',*,*,#6444,.T.);
#4509=ORIENTED_EDGE('',*,*,#7298,.F.);
#4510=ORIENTED_EDGE('',*,*,#6449,.F.);
#4511=ORIENTED_EDGE('',*,*,#7299,.T.);
#4512=ORIENTED_EDGE('',*,*,#6466,.T.);
#4513=ORIENTED_EDGE('',*,*,#7300,.T.);
#4514=ORIENTED_EDGE('',*,*,#6471,.F.);
#4515=ORIENTED_EDGE('',*,*,#7301,.F.);
#4516=ORIENTED_EDGE('',*,*,#6488,.T.);
#4517=ORIENTED_EDGE('',*,*,#7302,.F.);
#4518=ORIENTED_EDGE('',*,*,#6493,.F.);
#4519=ORIENTED_EDGE('',*,*,#7303,.T.);
#4520=ORIENTED_EDGE('',*,*,#6510,.T.);
#4521=ORIENTED_EDGE('',*,*,#7304,.T.);
#4522=ORIENTED_EDGE('',*,*,#6515,.F.);
#4523=ORIENTED_EDGE('',*,*,#7305,.F.);
#4524=ORIENTED_EDGE('',*,*,#6532,.T.);
#4525=ORIENTED_EDGE('',*,*,#7306,.F.);
#4526=ORIENTED_EDGE('',*,*,#6537,.F.);
#4527=ORIENTED_EDGE('',*,*,#7307,.T.);
#4528=ORIENTED_EDGE('',*,*,#6554,.T.);
#4529=ORIENTED_EDGE('',*,*,#7308,.T.);
#4530=ORIENTED_EDGE('',*,*,#6559,.F.);
#4531=ORIENTED_EDGE('',*,*,#7309,.F.);
#4532=ORIENTED_EDGE('',*,*,#6576,.T.);
#4533=ORIENTED_EDGE('',*,*,#7310,.T.);
#4534=ORIENTED_EDGE('',*,*,#6581,.F.);
#4535=ORIENTED_EDGE('',*,*,#7311,.F.);
#4536=ORIENTED_EDGE('',*,*,#6598,.T.);
#4537=ORIENTED_EDGE('',*,*,#7312,.T.);
#4538=ORIENTED_EDGE('',*,*,#6603,.F.);
#4539=ORIENTED_EDGE('',*,*,#7313,.F.);
#4540=ORIENTED_EDGE('',*,*,#6620,.T.);
#4541=ORIENTED_EDGE('',*,*,#7314,.F.);
#4542=ORIENTED_EDGE('',*,*,#6625,.F.);
#4543=ORIENTED_EDGE('',*,*,#7315,.T.);
#4544=ORIENTED_EDGE('',*,*,#6642,.T.);
#4545=ORIENTED_EDGE('',*,*,#7316,.F.);
#4546=ORIENTED_EDGE('',*,*,#6647,.F.);
#4547=ORIENTED_EDGE('',*,*,#7317,.T.);
#4548=ORIENTED_EDGE('',*,*,#6664,.T.);
#4549=ORIENTED_EDGE('',*,*,#7318,.F.);
#4550=ORIENTED_EDGE('',*,*,#6669,.F.);
#4551=ORIENTED_EDGE('',*,*,#7319,.T.);
#4552=ORIENTED_EDGE('',*,*,#6686,.T.);
#4553=ORIENTED_EDGE('',*,*,#7320,.F.);
#4554=ORIENTED_EDGE('',*,*,#6691,.F.);
#4555=ORIENTED_EDGE('',*,*,#7321,.T.);
#4556=ORIENTED_EDGE('',*,*,#6708,.T.);
#4557=ORIENTED_EDGE('',*,*,#7322,.F.);
#4558=ORIENTED_EDGE('',*,*,#6713,.F.);
#4559=ORIENTED_EDGE('',*,*,#7323,.T.);
#4560=ORIENTED_EDGE('',*,*,#6730,.T.);
#4561=ORIENTED_EDGE('',*,*,#7324,.T.);
#4562=ORIENTED_EDGE('',*,*,#6735,.F.);
#4563=ORIENTED_EDGE('',*,*,#7325,.F.);
#4564=ORIENTED_EDGE('',*,*,#6752,.T.);
#4565=ORIENTED_EDGE('',*,*,#7326,.T.);
#4566=ORIENTED_EDGE('',*,*,#6757,.F.);
#4567=ORIENTED_EDGE('',*,*,#7327,.F.);
#4568=ORIENTED_EDGE('',*,*,#6774,.T.);
#4569=ORIENTED_EDGE('',*,*,#7328,.F.);
#4570=ORIENTED_EDGE('',*,*,#6779,.F.);
#4571=ORIENTED_EDGE('',*,*,#7329,.T.);
#4572=ORIENTED_EDGE('',*,*,#6796,.T.);
#4573=ORIENTED_EDGE('',*,*,#7330,.T.);
#4574=ORIENTED_EDGE('',*,*,#6801,.F.);
#4575=ORIENTED_EDGE('',*,*,#7331,.F.);
#4576=ORIENTED_EDGE('',*,*,#6818,.T.);
#4577=ORIENTED_EDGE('',*,*,#7332,.T.);
#4578=ORIENTED_EDGE('',*,*,#6823,.F.);
#4579=ORIENTED_EDGE('',*,*,#7333,.F.);
#4580=ORIENTED_EDGE('',*,*,#6840,.T.);
#4581=ORIENTED_EDGE('',*,*,#7334,.T.);
#4582=ORIENTED_EDGE('',*,*,#6845,.F.);
#4583=ORIENTED_EDGE('',*,*,#7335,.F.);
#4584=ORIENTED_EDGE('',*,*,#6862,.T.);
#4585=ORIENTED_EDGE('',*,*,#7336,.F.);
#4586=ORIENTED_EDGE('',*,*,#6867,.F.);
#4587=ORIENTED_EDGE('',*,*,#7337,.T.);
#4588=ORIENTED_EDGE('',*,*,#6884,.T.);
#4589=ORIENTED_EDGE('',*,*,#7338,.F.);
#4590=ORIENTED_EDGE('',*,*,#6889,.F.);
#4591=ORIENTED_EDGE('',*,*,#7339,.T.);
#4592=ORIENTED_EDGE('',*,*,#6906,.T.);
#4593=ORIENTED_EDGE('',*,*,#7340,.T.);
#4594=ORIENTED_EDGE('',*,*,#6911,.F.);
#4595=ORIENTED_EDGE('',*,*,#7341,.F.);
#4596=ORIENTED_EDGE('',*,*,#6928,.T.);
#4597=ORIENTED_EDGE('',*,*,#7342,.T.);
#4598=ORIENTED_EDGE('',*,*,#6933,.F.);
#4599=ORIENTED_EDGE('',*,*,#7343,.F.);
#4600=ORIENTED_EDGE('',*,*,#6950,.T.);
#4601=ORIENTED_EDGE('',*,*,#7344,.T.);
#4602=ORIENTED_EDGE('',*,*,#6955,.F.);
#4603=ORIENTED_EDGE('',*,*,#7345,.F.);
#4604=ORIENTED_EDGE('',*,*,#6972,.T.);
#4605=ORIENTED_EDGE('',*,*,#7346,.F.);
#4606=ORIENTED_EDGE('',*,*,#6977,.F.);
#4607=ORIENTED_EDGE('',*,*,#7347,.T.);
#4608=ORIENTED_EDGE('',*,*,#6994,.T.);
#4609=ORIENTED_EDGE('',*,*,#7348,.T.);
#4610=ORIENTED_EDGE('',*,*,#6999,.F.);
#4611=ORIENTED_EDGE('',*,*,#7349,.F.);
#4612=ORIENTED_EDGE('',*,*,#7016,.T.);
#4613=ORIENTED_EDGE('',*,*,#7350,.T.);
#4614=ORIENTED_EDGE('',*,*,#7021,.F.);
#4615=ORIENTED_EDGE('',*,*,#7351,.F.);
#4616=ORIENTED_EDGE('',*,*,#7038,.T.);
#4617=ORIENTED_EDGE('',*,*,#7352,.T.);
#4618=ORIENTED_EDGE('',*,*,#7043,.F.);
#4619=ORIENTED_EDGE('',*,*,#7353,.F.);
#4620=ORIENTED_EDGE('',*,*,#7060,.T.);
#4621=ORIENTED_EDGE('',*,*,#7354,.F.);
#4622=ORIENTED_EDGE('',*,*,#7065,.F.);
#4623=ORIENTED_EDGE('',*,*,#7355,.T.);
#4624=ORIENTED_EDGE('',*,*,#7082,.T.);
#4625=ORIENTED_EDGE('',*,*,#7356,.T.);
#4626=ORIENTED_EDGE('',*,*,#7087,.F.);
#4627=ORIENTED_EDGE('',*,*,#7357,.F.);
#4628=ORIENTED_EDGE('',*,*,#7104,.T.);
#4629=ORIENTED_EDGE('',*,*,#7358,.T.);
#4630=ORIENTED_EDGE('',*,*,#7109,.F.);
#4631=ORIENTED_EDGE('',*,*,#7359,.F.);
#4632=ORIENTED_EDGE('',*,*,#7126,.T.);
#4633=ORIENTED_EDGE('',*,*,#7360,.F.);
#4634=ORIENTED_EDGE('',*,*,#7131,.F.);
#4635=ORIENTED_EDGE('',*,*,#7361,.T.);
#4636=ORIENTED_EDGE('',*,*,#7148,.T.);
#4637=ORIENTED_EDGE('',*,*,#7362,.F.);
#4638=ORIENTED_EDGE('',*,*,#7153,.F.);
#4639=ORIENTED_EDGE('',*,*,#7363,.T.);
#4640=ORIENTED_EDGE('',*,*,#7170,.T.);
#4641=ORIENTED_EDGE('',*,*,#7364,.T.);
#4642=ORIENTED_EDGE('',*,*,#7175,.F.);
#4643=ORIENTED_EDGE('',*,*,#7365,.F.);
#4644=ORIENTED_EDGE('',*,*,#7192,.T.);
#4645=ORIENTED_EDGE('',*,*,#7366,.T.);
#4646=ORIENTED_EDGE('',*,*,#7197,.F.);
#4647=ORIENTED_EDGE('',*,*,#7367,.F.);
#4648=ORIENTED_EDGE('',*,*,#7214,.T.);
#4649=ORIENTED_EDGE('',*,*,#7368,.F.);
#4650=ORIENTED_EDGE('',*,*,#7219,.F.);
#4651=ORIENTED_EDGE('',*,*,#7369,.T.);
#4652=ORIENTED_EDGE('',*,*,#7236,.T.);
#4653=ORIENTED_EDGE('',*,*,#7370,.T.);
#4654=ORIENTED_EDGE('',*,*,#5746,.F.);
#4655=ORIENTED_EDGE('',*,*,#7371,.F.);
#4656=ORIENTED_EDGE('',*,*,#5763,.T.);
#4657=ORIENTED_EDGE('',*,*,#7218,.F.);
#4658=ORIENTED_EDGE('',*,*,#7222,.F.);
#4659=ORIENTED_EDGE('',*,*,#7225,.T.);
#4660=ORIENTED_EDGE('',*,*,#7228,.F.);
#4661=ORIENTED_EDGE('',*,*,#7231,.T.);
#4662=ORIENTED_EDGE('',*,*,#7234,.F.);
#4663=ORIENTED_EDGE('',*,*,#7237,.F.);
#4664=ORIENTED_EDGE('',*,*,#7369,.F.);
#4665=ORIENTED_EDGE('',*,*,#7196,.F.);
#4666=ORIENTED_EDGE('',*,*,#7200,.T.);
#4667=ORIENTED_EDGE('',*,*,#7203,.F.);
#4668=ORIENTED_EDGE('',*,*,#7206,.F.);
#4669=ORIENTED_EDGE('',*,*,#7209,.F.);
#4670=ORIENTED_EDGE('',*,*,#7212,.F.);
#4671=ORIENTED_EDGE('',*,*,#7215,.F.);
#4672=ORIENTED_EDGE('',*,*,#7367,.T.);
#4673=ORIENTED_EDGE('',*,*,#7174,.F.);
#4674=ORIENTED_EDGE('',*,*,#7178,.T.);
#4675=ORIENTED_EDGE('',*,*,#7181,.F.);
#4676=ORIENTED_EDGE('',*,*,#7184,.F.);
#4677=ORIENTED_EDGE('',*,*,#7187,.F.);
#4678=ORIENTED_EDGE('',*,*,#7190,.F.);
#4679=ORIENTED_EDGE('',*,*,#7193,.F.);
#4680=ORIENTED_EDGE('',*,*,#7365,.T.);
#4681=ORIENTED_EDGE('',*,*,#7152,.F.);
#4682=ORIENTED_EDGE('',*,*,#7156,.T.);
#4683=ORIENTED_EDGE('',*,*,#7159,.F.);
#4684=ORIENTED_EDGE('',*,*,#7162,.T.);
#4685=ORIENTED_EDGE('',*,*,#7165,.F.);
#4686=ORIENTED_EDGE('',*,*,#7168,.F.);
#4687=ORIENTED_EDGE('',*,*,#7171,.F.);
#4688=ORIENTED_EDGE('',*,*,#7363,.F.);
#4689=ORIENTED_EDGE('',*,*,#7130,.F.);
#4690=ORIENTED_EDGE('',*,*,#7134,.F.);
#4691=ORIENTED_EDGE('',*,*,#7137,.F.);
#4692=ORIENTED_EDGE('',*,*,#7140,.T.);
#4693=ORIENTED_EDGE('',*,*,#7143,.F.);
#4694=ORIENTED_EDGE('',*,*,#7146,.T.);
#4695=ORIENTED_EDGE('',*,*,#7149,.F.);
#4696=ORIENTED_EDGE('',*,*,#7361,.F.);
#4697=ORIENTED_EDGE('',*,*,#7108,.F.);
#4698=ORIENTED_EDGE('',*,*,#7112,.T.);
#4699=ORIENTED_EDGE('',*,*,#7115,.F.);
#4700=ORIENTED_EDGE('',*,*,#7118,.F.);
#4701=ORIENTED_EDGE('',*,*,#7121,.F.);
#4702=ORIENTED_EDGE('',*,*,#7124,.F.);
#4703=ORIENTED_EDGE('',*,*,#7127,.F.);
#4704=ORIENTED_EDGE('',*,*,#7359,.T.);
#4705=ORIENTED_EDGE('',*,*,#7086,.F.);
#4706=ORIENTED_EDGE('',*,*,#7090,.T.);
#4707=ORIENTED_EDGE('',*,*,#7093,.F.);
#4708=ORIENTED_EDGE('',*,*,#7096,.F.);
#4709=ORIENTED_EDGE('',*,*,#7099,.F.);
#4710=ORIENTED_EDGE('',*,*,#7102,.F.);
#4711=ORIENTED_EDGE('',*,*,#7105,.F.);
#4712=ORIENTED_EDGE('',*,*,#7357,.T.);
#4713=ORIENTED_EDGE('',*,*,#7064,.F.);
#4714=ORIENTED_EDGE('',*,*,#7068,.F.);
#4715=ORIENTED_EDGE('',*,*,#7071,.F.);
#4716=ORIENTED_EDGE('',*,*,#7074,.T.);
#4717=ORIENTED_EDGE('',*,*,#7077,.F.);
#4718=ORIENTED_EDGE('',*,*,#7080,.T.);
#4719=ORIENTED_EDGE('',*,*,#7083,.F.);
#4720=ORIENTED_EDGE('',*,*,#7355,.F.);
#4721=ORIENTED_EDGE('',*,*,#7042,.F.);
#4722=ORIENTED_EDGE('',*,*,#7046,.T.);
#4723=ORIENTED_EDGE('',*,*,#7049,.F.);
#4724=ORIENTED_EDGE('',*,*,#7052,.F.);
#4725=ORIENTED_EDGE('',*,*,#7055,.F.);
#4726=ORIENTED_EDGE('',*,*,#7058,.F.);
#4727=ORIENTED_EDGE('',*,*,#7061,.F.);
#4728=ORIENTED_EDGE('',*,*,#7353,.T.);
#4729=ORIENTED_EDGE('',*,*,#7020,.F.);
#4730=ORIENTED_EDGE('',*,*,#7024,.T.);
#4731=ORIENTED_EDGE('',*,*,#7027,.F.);
#4732=ORIENTED_EDGE('',*,*,#7030,.F.);
#4733=ORIENTED_EDGE('',*,*,#7033,.F.);
#4734=ORIENTED_EDGE('',*,*,#7036,.F.);
#4735=ORIENTED_EDGE('',*,*,#7039,.F.);
#4736=ORIENTED_EDGE('',*,*,#7351,.T.);
#4737=ORIENTED_EDGE('',*,*,#6998,.F.);
#4738=ORIENTED_EDGE('',*,*,#7002,.T.);
#4739=ORIENTED_EDGE('',*,*,#7005,.F.);
#4740=ORIENTED_EDGE('',*,*,#7008,.F.);
#4741=ORIENTED_EDGE('',*,*,#7011,.F.);
#4742=ORIENTED_EDGE('',*,*,#7014,.F.);
#4743=ORIENTED_EDGE('',*,*,#7017,.F.);
#4744=ORIENTED_EDGE('',*,*,#7349,.T.);
#4745=ORIENTED_EDGE('',*,*,#6976,.F.);
#4746=ORIENTED_EDGE('',*,*,#6980,.T.);
#4747=ORIENTED_EDGE('',*,*,#6983,.F.);
#4748=ORIENTED_EDGE('',*,*,#6986,.T.);
#4749=ORIENTED_EDGE('',*,*,#6989,.F.);
#4750=ORIENTED_EDGE('',*,*,#6992,.F.);
#4751=ORIENTED_EDGE('',*,*,#6995,.F.);
#4752=ORIENTED_EDGE('',*,*,#7347,.F.);
#4753=ORIENTED_EDGE('',*,*,#6954,.F.);
#4754=ORIENTED_EDGE('',*,*,#6958,.T.);
#4755=ORIENTED_EDGE('',*,*,#6961,.F.);
#4756=ORIENTED_EDGE('',*,*,#6964,.F.);
#4757=ORIENTED_EDGE('',*,*,#6967,.F.);
#4758=ORIENTED_EDGE('',*,*,#6970,.F.);
#4759=ORIENTED_EDGE('',*,*,#6973,.F.);
#4760=ORIENTED_EDGE('',*,*,#7345,.T.);
#4761=ORIENTED_EDGE('',*,*,#6932,.F.);
#4762=ORIENTED_EDGE('',*,*,#6936,.T.);
#4763=ORIENTED_EDGE('',*,*,#6939,.F.);
#4764=ORIENTED_EDGE('',*,*,#6942,.F.);
#4765=ORIENTED_EDGE('',*,*,#6945,.F.);
#4766=ORIENTED_EDGE('',*,*,#6948,.F.);
#4767=ORIENTED_EDGE('',*,*,#6951,.F.);
#4768=ORIENTED_EDGE('',*,*,#7343,.T.);
#4769=ORIENTED_EDGE('',*,*,#6910,.F.);
#4770=ORIENTED_EDGE('',*,*,#6914,.T.);
#4771=ORIENTED_EDGE('',*,*,#6917,.F.);
#4772=ORIENTED_EDGE('',*,*,#6920,.F.);
#4773=ORIENTED_EDGE('',*,*,#6923,.F.);
#4774=ORIENTED_EDGE('',*,*,#6926,.F.);
#4775=ORIENTED_EDGE('',*,*,#6929,.F.);
#4776=ORIENTED_EDGE('',*,*,#7341,.T.);
#4777=ORIENTED_EDGE('',*,*,#6888,.F.);
#4778=ORIENTED_EDGE('',*,*,#6892,.F.);
#4779=ORIENTED_EDGE('',*,*,#6895,.T.);
#4780=ORIENTED_EDGE('',*,*,#6898,.F.);
#4781=ORIENTED_EDGE('',*,*,#6901,.T.);
#4782=ORIENTED_EDGE('',*,*,#6904,.F.);
#4783=ORIENTED_EDGE('',*,*,#6907,.F.);
#4784=ORIENTED_EDGE('',*,*,#7339,.F.);
#4785=ORIENTED_EDGE('',*,*,#6866,.F.);
#4786=ORIENTED_EDGE('',*,*,#6870,.F.);
#4787=ORIENTED_EDGE('',*,*,#6873,.F.);
#4788=ORIENTED_EDGE('',*,*,#6876,.F.);
#4789=ORIENTED_EDGE('',*,*,#6879,.T.);
#4790=ORIENTED_EDGE('',*,*,#6882,.F.);
#4791=ORIENTED_EDGE('',*,*,#6885,.T.);
#4792=ORIENTED_EDGE('',*,*,#7337,.F.);
#4793=ORIENTED_EDGE('',*,*,#6844,.F.);
#4794=ORIENTED_EDGE('',*,*,#6848,.F.);
#4795=ORIENTED_EDGE('',*,*,#6851,.F.);
#4796=ORIENTED_EDGE('',*,*,#6854,.F.);
#4797=ORIENTED_EDGE('',*,*,#6857,.F.);
#4798=ORIENTED_EDGE('',*,*,#6860,.T.);
#4799=ORIENTED_EDGE('',*,*,#6863,.F.);
#4800=ORIENTED_EDGE('',*,*,#7335,.T.);
#4801=ORIENTED_EDGE('',*,*,#6822,.F.);
#4802=ORIENTED_EDGE('',*,*,#6826,.T.);
#4803=ORIENTED_EDGE('',*,*,#6829,.F.);
#4804=ORIENTED_EDGE('',*,*,#6832,.F.);
#4805=ORIENTED_EDGE('',*,*,#6835,.F.);
#4806=ORIENTED_EDGE('',*,*,#6838,.F.);
#4807=ORIENTED_EDGE('',*,*,#6841,.F.);
#4808=ORIENTED_EDGE('',*,*,#7333,.T.);
#4809=ORIENTED_EDGE('',*,*,#6800,.F.);
#4810=ORIENTED_EDGE('',*,*,#6804,.F.);
#4811=ORIENTED_EDGE('',*,*,#6807,.F.);
#4812=ORIENTED_EDGE('',*,*,#6810,.F.);
#4813=ORIENTED_EDGE('',*,*,#6813,.F.);
#4814=ORIENTED_EDGE('',*,*,#6816,.T.);
#4815=ORIENTED_EDGE('',*,*,#6819,.F.);
#4816=ORIENTED_EDGE('',*,*,#7331,.T.);
#4817=ORIENTED_EDGE('',*,*,#6778,.F.);
#4818=ORIENTED_EDGE('',*,*,#6782,.F.);
#4819=ORIENTED_EDGE('',*,*,#6785,.T.);
#4820=ORIENTED_EDGE('',*,*,#6788,.F.);
#4821=ORIENTED_EDGE('',*,*,#6791,.T.);
#4822=ORIENTED_EDGE('',*,*,#6794,.F.);
#4823=ORIENTED_EDGE('',*,*,#6797,.F.);
#4824=ORIENTED_EDGE('',*,*,#7329,.F.);
#4825=ORIENTED_EDGE('',*,*,#6756,.F.);
#4826=ORIENTED_EDGE('',*,*,#6760,.T.);
#4827=ORIENTED_EDGE('',*,*,#6763,.F.);
#4828=ORIENTED_EDGE('',*,*,#6766,.F.);
#4829=ORIENTED_EDGE('',*,*,#6769,.F.);
#4830=ORIENTED_EDGE('',*,*,#6772,.F.);
#4831=ORIENTED_EDGE('',*,*,#6775,.F.);
#4832=ORIENTED_EDGE('',*,*,#7327,.T.);
#4833=ORIENTED_EDGE('',*,*,#6734,.F.);
#4834=ORIENTED_EDGE('',*,*,#6738,.T.);
#4835=ORIENTED_EDGE('',*,*,#6741,.F.);
#4836=ORIENTED_EDGE('',*,*,#6744,.F.);
#4837=ORIENTED_EDGE('',*,*,#6747,.F.);
#4838=ORIENTED_EDGE('',*,*,#6750,.F.);
#4839=ORIENTED_EDGE('',*,*,#6753,.F.);
#4840=ORIENTED_EDGE('',*,*,#7325,.T.);
#4841=ORIENTED_EDGE('',*,*,#6712,.F.);
#4842=ORIENTED_EDGE('',*,*,#6716,.F.);
#4843=ORIENTED_EDGE('',*,*,#6719,.F.);
#4844=ORIENTED_EDGE('',*,*,#6722,.T.);
#4845=ORIENTED_EDGE('',*,*,#6725,.F.);
#4846=ORIENTED_EDGE('',*,*,#6728,.T.);
#4847=ORIENTED_EDGE('',*,*,#6731,.F.);
#4848=ORIENTED_EDGE('',*,*,#7323,.F.);
#4849=ORIENTED_EDGE('',*,*,#6690,.F.);
#4850=ORIENTED_EDGE('',*,*,#6694,.F.);
#4851=ORIENTED_EDGE('',*,*,#6697,.F.);
#4852=ORIENTED_EDGE('',*,*,#6700,.T.);
#4853=ORIENTED_EDGE('',*,*,#6703,.F.);
#4854=ORIENTED_EDGE('',*,*,#6706,.T.);
#4855=ORIENTED_EDGE('',*,*,#6709,.F.);
#4856=ORIENTED_EDGE('',*,*,#7321,.F.);
#4857=ORIENTED_EDGE('',*,*,#6668,.F.);
#4858=ORIENTED_EDGE('',*,*,#6672,.T.);
#4859=ORIENTED_EDGE('',*,*,#6675,.F.);
#4860=ORIENTED_EDGE('',*,*,#6678,.T.);
#4861=ORIENTED_EDGE('',*,*,#6681,.F.);
#4862=ORIENTED_EDGE('',*,*,#6684,.F.);
#4863=ORIENTED_EDGE('',*,*,#6687,.F.);
#4864=ORIENTED_EDGE('',*,*,#7319,.F.);
#4865=ORIENTED_EDGE('',*,*,#6646,.F.);
#4866=ORIENTED_EDGE('',*,*,#6650,.T.);
#4867=ORIENTED_EDGE('',*,*,#6653,.F.);
#4868=ORIENTED_EDGE('',*,*,#6656,.T.);
#4869=ORIENTED_EDGE('',*,*,#6659,.F.);
#4870=ORIENTED_EDGE('',*,*,#6662,.F.);
#4871=ORIENTED_EDGE('',*,*,#6665,.F.);
#4872=ORIENTED_EDGE('',*,*,#7317,.F.);
#4873=ORIENTED_EDGE('',*,*,#6624,.F.);
#4874=ORIENTED_EDGE('',*,*,#6628,.F.);
#4875=ORIENTED_EDGE('',*,*,#6631,.F.);
#4876=ORIENTED_EDGE('',*,*,#6634,.T.);
#4877=ORIENTED_EDGE('',*,*,#6637,.F.);
#4878=ORIENTED_EDGE('',*,*,#6640,.T.);
#4879=ORIENTED_EDGE('',*,*,#6643,.F.);
#4880=ORIENTED_EDGE('',*,*,#7315,.F.);
#4881=ORIENTED_EDGE('',*,*,#6602,.F.);
#4882=ORIENTED_EDGE('',*,*,#6606,.T.);
#4883=ORIENTED_EDGE('',*,*,#6609,.F.);
#4884=ORIENTED_EDGE('',*,*,#6612,.F.);
#4885=ORIENTED_EDGE('',*,*,#6615,.F.);
#4886=ORIENTED_EDGE('',*,*,#6618,.F.);
#4887=ORIENTED_EDGE('',*,*,#6621,.F.);
#4888=ORIENTED_EDGE('',*,*,#7313,.T.);
#4889=ORIENTED_EDGE('',*,*,#6580,.F.);
#4890=ORIENTED_EDGE('',*,*,#6584,.F.);
#4891=ORIENTED_EDGE('',*,*,#6587,.F.);
#4892=ORIENTED_EDGE('',*,*,#6590,.F.);
#4893=ORIENTED_EDGE('',*,*,#6593,.F.);
#4894=ORIENTED_EDGE('',*,*,#6596,.T.);
#4895=ORIENTED_EDGE('',*,*,#6599,.F.);
#4896=ORIENTED_EDGE('',*,*,#7311,.T.);
#4897=ORIENTED_EDGE('',*,*,#6558,.F.);
#4898=ORIENTED_EDGE('',*,*,#6562,.T.);
#4899=ORIENTED_EDGE('',*,*,#6565,.F.);
#4900=ORIENTED_EDGE('',*,*,#6568,.F.);
#4901=ORIENTED_EDGE('',*,*,#6571,.F.);
#4902=ORIENTED_EDGE('',*,*,#6574,.F.);
#4903=ORIENTED_EDGE('',*,*,#6577,.F.);
#4904=ORIENTED_EDGE('',*,*,#7309,.T.);
#4905=ORIENTED_EDGE('',*,*,#6536,.F.);
#4906=ORIENTED_EDGE('',*,*,#6540,.F.);
#4907=ORIENTED_EDGE('',*,*,#6543,.T.);
#4908=ORIENTED_EDGE('',*,*,#6546,.F.);
#4909=ORIENTED_EDGE('',*,*,#6549,.T.);
#4910=ORIENTED_EDGE('',*,*,#6552,.F.);
#4911=ORIENTED_EDGE('',*,*,#6555,.F.);
#4912=ORIENTED_EDGE('',*,*,#7307,.F.);
#4913=ORIENTED_EDGE('',*,*,#6514,.F.);
#4914=ORIENTED_EDGE('',*,*,#6518,.T.);
#4915=ORIENTED_EDGE('',*,*,#6521,.F.);
#4916=ORIENTED_EDGE('',*,*,#6524,.F.);
#4917=ORIENTED_EDGE('',*,*,#6527,.F.);
#4918=ORIENTED_EDGE('',*,*,#6530,.F.);
#4919=ORIENTED_EDGE('',*,*,#6533,.F.);
#4920=ORIENTED_EDGE('',*,*,#7305,.T.);
#4921=ORIENTED_EDGE('',*,*,#6492,.F.);
#4922=ORIENTED_EDGE('',*,*,#6496,.T.);
#4923=ORIENTED_EDGE('',*,*,#6499,.F.);
#4924=ORIENTED_EDGE('',*,*,#6502,.T.);
#4925=ORIENTED_EDGE('',*,*,#6505,.F.);
#4926=ORIENTED_EDGE('',*,*,#6508,.F.);
#4927=ORIENTED_EDGE('',*,*,#6511,.F.);
#4928=ORIENTED_EDGE('',*,*,#7303,.F.);
#4929=ORIENTED_EDGE('',*,*,#6470,.F.);
#4930=ORIENTED_EDGE('',*,*,#6474,.F.);
#4931=ORIENTED_EDGE('',*,*,#6477,.F.);
#4932=ORIENTED_EDGE('',*,*,#6480,.F.);
#4933=ORIENTED_EDGE('',*,*,#6483,.F.);
#4934=ORIENTED_EDGE('',*,*,#6486,.T.);
#4935=ORIENTED_EDGE('',*,*,#6489,.F.);
#4936=ORIENTED_EDGE('',*,*,#7301,.T.);
#4937=ORIENTED_EDGE('',*,*,#6448,.F.);
#4938=ORIENTED_EDGE('',*,*,#6452,.T.);
#4939=ORIENTED_EDGE('',*,*,#6455,.F.);
#4940=ORIENTED_EDGE('',*,*,#6458,.T.);
#4941=ORIENTED_EDGE('',*,*,#6461,.F.);
#4942=ORIENTED_EDGE('',*,*,#6464,.F.);
#4943=ORIENTED_EDGE('',*,*,#6467,.F.);
#4944=ORIENTED_EDGE('',*,*,#7299,.F.);
#4945=ORIENTED_EDGE('',*,*,#6426,.F.);
#4946=ORIENTED_EDGE('',*,*,#6430,.T.);
#4947=ORIENTED_EDGE('',*,*,#6433,.F.);
#4948=ORIENTED_EDGE('',*,*,#6436,.T.);
#4949=ORIENTED_EDGE('',*,*,#6439,.F.);
#4950=ORIENTED_EDGE('',*,*,#6442,.F.);
#4951=ORIENTED_EDGE('',*,*,#6445,.F.);
#4952=ORIENTED_EDGE('',*,*,#7297,.F.);
#4953=ORIENTED_EDGE('',*,*,#6404,.F.);
#4954=ORIENTED_EDGE('',*,*,#6408,.F.);
#4955=ORIENTED_EDGE('',*,*,#6411,.F.);
#4956=ORIENTED_EDGE('',*,*,#6414,.F.);
#4957=ORIENTED_EDGE('',*,*,#6417,.F.);
#4958=ORIENTED_EDGE('',*,*,#6420,.T.);
#4959=ORIENTED_EDGE('',*,*,#6423,.F.);
#4960=ORIENTED_EDGE('',*,*,#7295,.T.);
#4961=ORIENTED_EDGE('',*,*,#6382,.F.);
#4962=ORIENTED_EDGE('',*,*,#6386,.T.);
#4963=ORIENTED_EDGE('',*,*,#6389,.F.);
#4964=ORIENTED_EDGE('',*,*,#6392,.T.);
#4965=ORIENTED_EDGE('',*,*,#6395,.F.);
#4966=ORIENTED_EDGE('',*,*,#6398,.F.);
#4967=ORIENTED_EDGE('',*,*,#6401,.F.);
#4968=ORIENTED_EDGE('',*,*,#7293,.F.);
#4969=ORIENTED_EDGE('',*,*,#6360,.F.);
#4970=ORIENTED_EDGE('',*,*,#6364,.T.);
#4971=ORIENTED_EDGE('',*,*,#6367,.F.);
#4972=ORIENTED_EDGE('',*,*,#6370,.T.);
#4973=ORIENTED_EDGE('',*,*,#6373,.F.);
#4974=ORIENTED_EDGE('',*,*,#6376,.F.);
#4975=ORIENTED_EDGE('',*,*,#6379,.F.);
#4976=ORIENTED_EDGE('',*,*,#7291,.F.);
#4977=ORIENTED_EDGE('',*,*,#6338,.F.);
#4978=ORIENTED_EDGE('',*,*,#6342,.F.);
#4979=ORIENTED_EDGE('',*,*,#6345,.F.);
#4980=ORIENTED_EDGE('',*,*,#6348,.T.);
#4981=ORIENTED_EDGE('',*,*,#6351,.F.);
#4982=ORIENTED_EDGE('',*,*,#6354,.T.);
#4983=ORIENTED_EDGE('',*,*,#6357,.F.);
#4984=ORIENTED_EDGE('',*,*,#7289,.F.);
#4985=ORIENTED_EDGE('',*,*,#6316,.F.);
#4986=ORIENTED_EDGE('',*,*,#6320,.T.);
#4987=ORIENTED_EDGE('',*,*,#6323,.F.);
#4988=ORIENTED_EDGE('',*,*,#6326,.T.);
#4989=ORIENTED_EDGE('',*,*,#6329,.F.);
#4990=ORIENTED_EDGE('',*,*,#6332,.F.);
#4991=ORIENTED_EDGE('',*,*,#6335,.F.);
#4992=ORIENTED_EDGE('',*,*,#7287,.F.);
#4993=ORIENTED_EDGE('',*,*,#6294,.F.);
#4994=ORIENTED_EDGE('',*,*,#6298,.T.);
#4995=ORIENTED_EDGE('',*,*,#6301,.F.);
#4996=ORIENTED_EDGE('',*,*,#6304,.T.);
#4997=ORIENTED_EDGE('',*,*,#6307,.F.);
#4998=ORIENTED_EDGE('',*,*,#6310,.F.);
#4999=ORIENTED_EDGE('',*,*,#6313,.F.);
#5000=ORIENTED_EDGE('',*,*,#7285,.F.);
#5001=ORIENTED_EDGE('',*,*,#6272,.F.);
#5002=ORIENTED_EDGE('',*,*,#6276,.T.);
#5003=ORIENTED_EDGE('',*,*,#6279,.F.);
#5004=ORIENTED_EDGE('',*,*,#6282,.F.);
#5005=ORIENTED_EDGE('',*,*,#6285,.F.);
#5006=ORIENTED_EDGE('',*,*,#6288,.F.);
#5007=ORIENTED_EDGE('',*,*,#6291,.F.);
#5008=ORIENTED_EDGE('',*,*,#7283,.T.);
#5009=ORIENTED_EDGE('',*,*,#6250,.F.);
#5010=ORIENTED_EDGE('',*,*,#6254,.T.);
#5011=ORIENTED_EDGE('',*,*,#6257,.F.);
#5012=ORIENTED_EDGE('',*,*,#6260,.F.);
#5013=ORIENTED_EDGE('',*,*,#6263,.F.);
#5014=ORIENTED_EDGE('',*,*,#6266,.F.);
#5015=ORIENTED_EDGE('',*,*,#6269,.F.);
#5016=ORIENTED_EDGE('',*,*,#7281,.T.);
#5017=ORIENTED_EDGE('',*,*,#6228,.F.);
#5018=ORIENTED_EDGE('',*,*,#6232,.F.);
#5019=ORIENTED_EDGE('',*,*,#6235,.F.);
#5020=ORIENTED_EDGE('',*,*,#6238,.T.);
#5021=ORIENTED_EDGE('',*,*,#6241,.F.);
#5022=ORIENTED_EDGE('',*,*,#6244,.T.);
#5023=ORIENTED_EDGE('',*,*,#6247,.F.);
#5024=ORIENTED_EDGE('',*,*,#7279,.F.);
#5025=ORIENTED_EDGE('',*,*,#6185,.T.);
#5026=ORIENTED_EDGE('',*,*,#6189,.T.);
#5027=ORIENTED_EDGE('',*,*,#6192,.T.);
#5028=ORIENTED_EDGE('',*,*,#6195,.T.);
#5029=ORIENTED_EDGE('',*,*,#6198,.T.);
#5030=ORIENTED_EDGE('',*,*,#6201,.T.);
#5031=ORIENTED_EDGE('',*,*,#6204,.T.);
#5032=ORIENTED_EDGE('',*,*,#6207,.F.);
#5033=ORIENTED_EDGE('',*,*,#6210,.F.);
#5034=ORIENTED_EDGE('',*,*,#6213,.T.);
#5035=ORIENTED_EDGE('',*,*,#6216,.F.);
#5036=ORIENTED_EDGE('',*,*,#6219,.T.);
#5037=ORIENTED_EDGE('',*,*,#6222,.F.);
#5038=ORIENTED_EDGE('',*,*,#6225,.F.);
#5039=ORIENTED_EDGE('',*,*,#7277,.F.);
#5040=ORIENTED_EDGE('',*,*,#6163,.F.);
#5041=ORIENTED_EDGE('',*,*,#6167,.T.);
#5042=ORIENTED_EDGE('',*,*,#6170,.F.);
#5043=ORIENTED_EDGE('',*,*,#6173,.F.);
#5044=ORIENTED_EDGE('',*,*,#6176,.F.);
#5045=ORIENTED_EDGE('',*,*,#6179,.F.);
#5046=ORIENTED_EDGE('',*,*,#6182,.F.);
#5047=ORIENTED_EDGE('',*,*,#7275,.T.);
#5048=ORIENTED_EDGE('',*,*,#6141,.F.);
#5049=ORIENTED_EDGE('',*,*,#6145,.T.);
#5050=ORIENTED_EDGE('',*,*,#6148,.F.);
#5051=ORIENTED_EDGE('',*,*,#6151,.T.);
#5052=ORIENTED_EDGE('',*,*,#6154,.F.);
#5053=ORIENTED_EDGE('',*,*,#6157,.F.);
#5054=ORIENTED_EDGE('',*,*,#6160,.F.);
#5055=ORIENTED_EDGE('',*,*,#7273,.F.);
#5056=ORIENTED_EDGE('',*,*,#6119,.F.);
#5057=ORIENTED_EDGE('',*,*,#6123,.T.);
#5058=ORIENTED_EDGE('',*,*,#6126,.F.);
#5059=ORIENTED_EDGE('',*,*,#6129,.F.);
#5060=ORIENTED_EDGE('',*,*,#6132,.F.);
#5061=ORIENTED_EDGE('',*,*,#6135,.F.);
#5062=ORIENTED_EDGE('',*,*,#6138,.F.);
#5063=ORIENTED_EDGE('',*,*,#7271,.T.);
#5064=ORIENTED_EDGE('',*,*,#6097,.F.);
#5065=ORIENTED_EDGE('',*,*,#6101,.T.);
#5066=ORIENTED_EDGE('',*,*,#6104,.F.);
#5067=ORIENTED_EDGE('',*,*,#6107,.T.);
#5068=ORIENTED_EDGE('',*,*,#6110,.F.);
#5069=ORIENTED_EDGE('',*,*,#6113,.F.);
#5070=ORIENTED_EDGE('',*,*,#6116,.F.);
#5071=ORIENTED_EDGE('',*,*,#7269,.F.);
#5072=ORIENTED_EDGE('',*,*,#6075,.F.);
#5073=ORIENTED_EDGE('',*,*,#6079,.T.);
#5074=ORIENTED_EDGE('',*,*,#6082,.F.);
#5075=ORIENTED_EDGE('',*,*,#6085,.T.);
#5076=ORIENTED_EDGE('',*,*,#6088,.F.);
#5077=ORIENTED_EDGE('',*,*,#6091,.F.);
#5078=ORIENTED_EDGE('',*,*,#6094,.F.);
#5079=ORIENTED_EDGE('',*,*,#7267,.F.);
#5080=ORIENTED_EDGE('',*,*,#6053,.F.);
#5081=ORIENTED_EDGE('',*,*,#6057,.T.);
#5082=ORIENTED_EDGE('',*,*,#6060,.F.);
#5083=ORIENTED_EDGE('',*,*,#6063,.F.);
#5084=ORIENTED_EDGE('',*,*,#6066,.F.);
#5085=ORIENTED_EDGE('',*,*,#6069,.F.);
#5086=ORIENTED_EDGE('',*,*,#6072,.F.);
#5087=ORIENTED_EDGE('',*,*,#7265,.T.);
#5088=ORIENTED_EDGE('',*,*,#6031,.F.);
#5089=ORIENTED_EDGE('',*,*,#6035,.T.);
#5090=ORIENTED_EDGE('',*,*,#6038,.F.);
#5091=ORIENTED_EDGE('',*,*,#6041,.T.);
#5092=ORIENTED_EDGE('',*,*,#6044,.F.);
#5093=ORIENTED_EDGE('',*,*,#6047,.F.);
#5094=ORIENTED_EDGE('',*,*,#6050,.F.);
#5095=ORIENTED_EDGE('',*,*,#7263,.F.);
#5096=ORIENTED_EDGE('',*,*,#6009,.F.);
#5097=ORIENTED_EDGE('',*,*,#6013,.T.);
#5098=ORIENTED_EDGE('',*,*,#6016,.F.);
#5099=ORIENTED_EDGE('',*,*,#6019,.T.);
#5100=ORIENTED_EDGE('',*,*,#6022,.F.);
#5101=ORIENTED_EDGE('',*,*,#6025,.F.);
#5102=ORIENTED_EDGE('',*,*,#6028,.F.);
#5103=ORIENTED_EDGE('',*,*,#7261,.F.);
#5104=ORIENTED_EDGE('',*,*,#5987,.F.);
#5105=ORIENTED_EDGE('',*,*,#5991,.T.);
#5106=ORIENTED_EDGE('',*,*,#5994,.F.);
#5107=ORIENTED_EDGE('',*,*,#5997,.F.);
#5108=ORIENTED_EDGE('',*,*,#6000,.F.);
#5109=ORIENTED_EDGE('',*,*,#6003,.F.);
#5110=ORIENTED_EDGE('',*,*,#6006,.F.);
#5111=ORIENTED_EDGE('',*,*,#7259,.T.);
#5112=ORIENTED_EDGE('',*,*,#5965,.F.);
#5113=ORIENTED_EDGE('',*,*,#5969,.T.);
#5114=ORIENTED_EDGE('',*,*,#5972,.F.);
#5115=ORIENTED_EDGE('',*,*,#5975,.F.);
#5116=ORIENTED_EDGE('',*,*,#5978,.F.);
#5117=ORIENTED_EDGE('',*,*,#5981,.F.);
#5118=ORIENTED_EDGE('',*,*,#5984,.F.);
#5119=ORIENTED_EDGE('',*,*,#7257,.T.);
#5120=ORIENTED_EDGE('',*,*,#5943,.F.);
#5121=ORIENTED_EDGE('',*,*,#5947,.T.);
#5122=ORIENTED_EDGE('',*,*,#5950,.F.);
#5123=ORIENTED_EDGE('',*,*,#5953,.F.);
#5124=ORIENTED_EDGE('',*,*,#5956,.F.);
#5125=ORIENTED_EDGE('',*,*,#5959,.F.);
#5126=ORIENTED_EDGE('',*,*,#5962,.F.);
#5127=ORIENTED_EDGE('',*,*,#7255,.T.);
#5128=ORIENTED_EDGE('',*,*,#5921,.F.);
#5129=ORIENTED_EDGE('',*,*,#5925,.T.);
#5130=ORIENTED_EDGE('',*,*,#5928,.F.);
#5131=ORIENTED_EDGE('',*,*,#5931,.F.);
#5132=ORIENTED_EDGE('',*,*,#5934,.F.);
#5133=ORIENTED_EDGE('',*,*,#5937,.F.);
#5134=ORIENTED_EDGE('',*,*,#5940,.F.);
#5135=ORIENTED_EDGE('',*,*,#7253,.T.);
#5136=ORIENTED_EDGE('',*,*,#5899,.F.);
#5137=ORIENTED_EDGE('',*,*,#5903,.T.);
#5138=ORIENTED_EDGE('',*,*,#5906,.F.);
#5139=ORIENTED_EDGE('',*,*,#5909,.T.);
#5140=ORIENTED_EDGE('',*,*,#5912,.F.);
#5141=ORIENTED_EDGE('',*,*,#5915,.F.);
#5142=ORIENTED_EDGE('',*,*,#5918,.F.);
#5143=ORIENTED_EDGE('',*,*,#7251,.F.);
#5144=ORIENTED_EDGE('',*,*,#5877,.F.);
#5145=ORIENTED_EDGE('',*,*,#5881,.T.);
#5146=ORIENTED_EDGE('',*,*,#5884,.F.);
#5147=ORIENTED_EDGE('',*,*,#5887,.F.);
#5148=ORIENTED_EDGE('',*,*,#5890,.F.);
#5149=ORIENTED_EDGE('',*,*,#5893,.F.);
#5150=ORIENTED_EDGE('',*,*,#5896,.F.);
#5151=ORIENTED_EDGE('',*,*,#7249,.T.);
#5152=ORIENTED_EDGE('',*,*,#5855,.F.);
#5153=ORIENTED_EDGE('',*,*,#5859,.T.);
#5154=ORIENTED_EDGE('',*,*,#5862,.F.);
#5155=ORIENTED_EDGE('',*,*,#5865,.T.);
#5156=ORIENTED_EDGE('',*,*,#5868,.F.);
#5157=ORIENTED_EDGE('',*,*,#5871,.F.);
#5158=ORIENTED_EDGE('',*,*,#5874,.F.);
#5159=ORIENTED_EDGE('',*,*,#7247,.F.);
#5160=ORIENTED_EDGE('',*,*,#5833,.F.);
#5161=ORIENTED_EDGE('',*,*,#5837,.T.);
#5162=ORIENTED_EDGE('',*,*,#5840,.F.);
#5163=ORIENTED_EDGE('',*,*,#5843,.T.);
#5164=ORIENTED_EDGE('',*,*,#5846,.F.);
#5165=ORIENTED_EDGE('',*,*,#5849,.F.);
#5166=ORIENTED_EDGE('',*,*,#5852,.F.);
#5167=ORIENTED_EDGE('',*,*,#7245,.F.);
#5168=ORIENTED_EDGE('',*,*,#5811,.F.);
#5169=ORIENTED_EDGE('',*,*,#5815,.T.);
#5170=ORIENTED_EDGE('',*,*,#5818,.F.);
#5171=ORIENTED_EDGE('',*,*,#5821,.F.);
#5172=ORIENTED_EDGE('',*,*,#5824,.F.);
#5173=ORIENTED_EDGE('',*,*,#5827,.F.);
#5174=ORIENTED_EDGE('',*,*,#5830,.F.);
#5175=ORIENTED_EDGE('',*,*,#7243,.T.);
#5176=ORIENTED_EDGE('',*,*,#5789,.F.);
#5177=ORIENTED_EDGE('',*,*,#5793,.T.);
#5178=ORIENTED_EDGE('',*,*,#5796,.F.);
#5179=ORIENTED_EDGE('',*,*,#5799,.F.);
#5180=ORIENTED_EDGE('',*,*,#5802,.F.);
#5181=ORIENTED_EDGE('',*,*,#5805,.F.);
#5182=ORIENTED_EDGE('',*,*,#5808,.F.);
#5183=ORIENTED_EDGE('',*,*,#7241,.T.);
#5184=ORIENTED_EDGE('',*,*,#5767,.F.);
#5185=ORIENTED_EDGE('',*,*,#5771,.T.);
#5186=ORIENTED_EDGE('',*,*,#5774,.F.);
#5187=ORIENTED_EDGE('',*,*,#5777,.F.);
#5188=ORIENTED_EDGE('',*,*,#5780,.F.);
#5189=ORIENTED_EDGE('',*,*,#5783,.F.);
#5190=ORIENTED_EDGE('',*,*,#5786,.F.);
#5191=ORIENTED_EDGE('',*,*,#7239,.T.);
#5192=ORIENTED_EDGE('',*,*,#5745,.F.);
#5193=ORIENTED_EDGE('',*,*,#5749,.T.);
#5194=ORIENTED_EDGE('',*,*,#5752,.F.);
#5195=ORIENTED_EDGE('',*,*,#5755,.F.);
#5196=ORIENTED_EDGE('',*,*,#5758,.F.);
#5197=ORIENTED_EDGE('',*,*,#5761,.F.);
#5198=ORIENTED_EDGE('',*,*,#5764,.F.);
#5199=ORIENTED_EDGE('',*,*,#7371,.T.);
#5200=ORIENTED_EDGE('',*,*,#7216,.T.);
#5201=ORIENTED_EDGE('',*,*,#7368,.T.);
#5202=ORIENTED_EDGE('',*,*,#7235,.T.);
#5203=ORIENTED_EDGE('',*,*,#7232,.T.);
#5204=ORIENTED_EDGE('',*,*,#7229,.F.);
#5205=ORIENTED_EDGE('',*,*,#7226,.T.);
#5206=ORIENTED_EDGE('',*,*,#7223,.F.);
#5207=ORIENTED_EDGE('',*,*,#7220,.T.);
#5208=ORIENTED_EDGE('',*,*,#7194,.T.);
#5209=ORIENTED_EDGE('',*,*,#7366,.F.);
#5210=ORIENTED_EDGE('',*,*,#7213,.T.);
#5211=ORIENTED_EDGE('',*,*,#7210,.T.);
#5212=ORIENTED_EDGE('',*,*,#7207,.T.);
#5213=ORIENTED_EDGE('',*,*,#7204,.T.);
#5214=ORIENTED_EDGE('',*,*,#7201,.T.);
#5215=ORIENTED_EDGE('',*,*,#7198,.F.);
#5216=ORIENTED_EDGE('',*,*,#7172,.T.);
#5217=ORIENTED_EDGE('',*,*,#7364,.F.);
#5218=ORIENTED_EDGE('',*,*,#7191,.T.);
#5219=ORIENTED_EDGE('',*,*,#7188,.T.);
#5220=ORIENTED_EDGE('',*,*,#7185,.T.);
#5221=ORIENTED_EDGE('',*,*,#7182,.T.);
#5222=ORIENTED_EDGE('',*,*,#7179,.T.);
#5223=ORIENTED_EDGE('',*,*,#7176,.F.);
#5224=ORIENTED_EDGE('',*,*,#7150,.T.);
#5225=ORIENTED_EDGE('',*,*,#7362,.T.);
#5226=ORIENTED_EDGE('',*,*,#7169,.T.);
#5227=ORIENTED_EDGE('',*,*,#7166,.T.);
#5228=ORIENTED_EDGE('',*,*,#7163,.T.);
#5229=ORIENTED_EDGE('',*,*,#7160,.F.);
#5230=ORIENTED_EDGE('',*,*,#7157,.T.);
#5231=ORIENTED_EDGE('',*,*,#7154,.F.);
#5232=ORIENTED_EDGE('',*,*,#7128,.T.);
#5233=ORIENTED_EDGE('',*,*,#7360,.T.);
#5234=ORIENTED_EDGE('',*,*,#7147,.T.);
#5235=ORIENTED_EDGE('',*,*,#7144,.F.);
#5236=ORIENTED_EDGE('',*,*,#7141,.T.);
#5237=ORIENTED_EDGE('',*,*,#7138,.F.);
#5238=ORIENTED_EDGE('',*,*,#7135,.T.);
#5239=ORIENTED_EDGE('',*,*,#7132,.T.);
#5240=ORIENTED_EDGE('',*,*,#7106,.T.);
#5241=ORIENTED_EDGE('',*,*,#7358,.F.);
#5242=ORIENTED_EDGE('',*,*,#7125,.T.);
#5243=ORIENTED_EDGE('',*,*,#7122,.T.);
#5244=ORIENTED_EDGE('',*,*,#7119,.T.);
#5245=ORIENTED_EDGE('',*,*,#7116,.T.);
#5246=ORIENTED_EDGE('',*,*,#7113,.T.);
#5247=ORIENTED_EDGE('',*,*,#7110,.F.);
#5248=ORIENTED_EDGE('',*,*,#7084,.T.);
#5249=ORIENTED_EDGE('',*,*,#7356,.F.);
#5250=ORIENTED_EDGE('',*,*,#7103,.T.);
#5251=ORIENTED_EDGE('',*,*,#7100,.T.);
#5252=ORIENTED_EDGE('',*,*,#7097,.T.);
#5253=ORIENTED_EDGE('',*,*,#7094,.T.);
#5254=ORIENTED_EDGE('',*,*,#7091,.T.);
#5255=ORIENTED_EDGE('',*,*,#7088,.F.);
#5256=ORIENTED_EDGE('',*,*,#7062,.T.);
#5257=ORIENTED_EDGE('',*,*,#7354,.T.);
#5258=ORIENTED_EDGE('',*,*,#7081,.T.);
#5259=ORIENTED_EDGE('',*,*,#7078,.F.);
#5260=ORIENTED_EDGE('',*,*,#7075,.T.);
#5261=ORIENTED_EDGE('',*,*,#7072,.F.);
#5262=ORIENTED_EDGE('',*,*,#7069,.T.);
#5263=ORIENTED_EDGE('',*,*,#7066,.T.);
#5264=ORIENTED_EDGE('',*,*,#7040,.T.);
#5265=ORIENTED_EDGE('',*,*,#7352,.F.);
#5266=ORIENTED_EDGE('',*,*,#7059,.T.);
#5267=ORIENTED_EDGE('',*,*,#7056,.T.);
#5268=ORIENTED_EDGE('',*,*,#7053,.T.);
#5269=ORIENTED_EDGE('',*,*,#7050,.T.);
#5270=ORIENTED_EDGE('',*,*,#7047,.T.);
#5271=ORIENTED_EDGE('',*,*,#7044,.F.);
#5272=ORIENTED_EDGE('',*,*,#7018,.T.);
#5273=ORIENTED_EDGE('',*,*,#7350,.F.);
#5274=ORIENTED_EDGE('',*,*,#7037,.T.);
#5275=ORIENTED_EDGE('',*,*,#7034,.T.);
#5276=ORIENTED_EDGE('',*,*,#7031,.T.);
#5277=ORIENTED_EDGE('',*,*,#7028,.T.);
#5278=ORIENTED_EDGE('',*,*,#7025,.T.);
#5279=ORIENTED_EDGE('',*,*,#7022,.F.);
#5280=ORIENTED_EDGE('',*,*,#6996,.T.);
#5281=ORIENTED_EDGE('',*,*,#7348,.F.);
#5282=ORIENTED_EDGE('',*,*,#7015,.T.);
#5283=ORIENTED_EDGE('',*,*,#7012,.T.);
#5284=ORIENTED_EDGE('',*,*,#7009,.T.);
#5285=ORIENTED_EDGE('',*,*,#7006,.T.);
#5286=ORIENTED_EDGE('',*,*,#7003,.T.);
#5287=ORIENTED_EDGE('',*,*,#7000,.F.);
#5288=ORIENTED_EDGE('',*,*,#6974,.T.);
#5289=ORIENTED_EDGE('',*,*,#7346,.T.);
#5290=ORIENTED_EDGE('',*,*,#6993,.T.);
#5291=ORIENTED_EDGE('',*,*,#6990,.T.);
#5292=ORIENTED_EDGE('',*,*,#6987,.T.);
#5293=ORIENTED_EDGE('',*,*,#6984,.F.);
#5294=ORIENTED_EDGE('',*,*,#6981,.T.);
#5295=ORIENTED_EDGE('',*,*,#6978,.F.);
#5296=ORIENTED_EDGE('',*,*,#6952,.T.);
#5297=ORIENTED_EDGE('',*,*,#7344,.F.);
#5298=ORIENTED_EDGE('',*,*,#6971,.T.);
#5299=ORIENTED_EDGE('',*,*,#6968,.T.);
#5300=ORIENTED_EDGE('',*,*,#6965,.T.);
#5301=ORIENTED_EDGE('',*,*,#6962,.T.);
#5302=ORIENTED_EDGE('',*,*,#6959,.T.);
#5303=ORIENTED_EDGE('',*,*,#6956,.F.);
#5304=ORIENTED_EDGE('',*,*,#6930,.T.);
#5305=ORIENTED_EDGE('',*,*,#7342,.F.);
#5306=ORIENTED_EDGE('',*,*,#6949,.T.);
#5307=ORIENTED_EDGE('',*,*,#6946,.T.);
#5308=ORIENTED_EDGE('',*,*,#6943,.T.);
#5309=ORIENTED_EDGE('',*,*,#6940,.T.);
#5310=ORIENTED_EDGE('',*,*,#6937,.T.);
#5311=ORIENTED_EDGE('',*,*,#6934,.F.);
#5312=ORIENTED_EDGE('',*,*,#6908,.T.);
#5313=ORIENTED_EDGE('',*,*,#7340,.F.);
#5314=ORIENTED_EDGE('',*,*,#6927,.T.);
#5315=ORIENTED_EDGE('',*,*,#6924,.T.);
#5316=ORIENTED_EDGE('',*,*,#6921,.T.);
#5317=ORIENTED_EDGE('',*,*,#6918,.T.);
#5318=ORIENTED_EDGE('',*,*,#6915,.T.);
#5319=ORIENTED_EDGE('',*,*,#6912,.F.);
#5320=ORIENTED_EDGE('',*,*,#6886,.T.);
#5321=ORIENTED_EDGE('',*,*,#7338,.T.);
#5322=ORIENTED_EDGE('',*,*,#6905,.T.);
#5323=ORIENTED_EDGE('',*,*,#6902,.T.);
#5324=ORIENTED_EDGE('',*,*,#6899,.F.);
#5325=ORIENTED_EDGE('',*,*,#6896,.T.);
#5326=ORIENTED_EDGE('',*,*,#6893,.F.);
#5327=ORIENTED_EDGE('',*,*,#6890,.T.);
#5328=ORIENTED_EDGE('',*,*,#6864,.T.);
#5329=ORIENTED_EDGE('',*,*,#7336,.T.);
#5330=ORIENTED_EDGE('',*,*,#6883,.F.);
#5331=ORIENTED_EDGE('',*,*,#6880,.T.);
#5332=ORIENTED_EDGE('',*,*,#6877,.F.);
#5333=ORIENTED_EDGE('',*,*,#6874,.T.);
#5334=ORIENTED_EDGE('',*,*,#6871,.T.);
#5335=ORIENTED_EDGE('',*,*,#6868,.T.);
#5336=ORIENTED_EDGE('',*,*,#6842,.T.);
#5337=ORIENTED_EDGE('',*,*,#7334,.F.);
#5338=ORIENTED_EDGE('',*,*,#6861,.T.);
#5339=ORIENTED_EDGE('',*,*,#6858,.F.);
#5340=ORIENTED_EDGE('',*,*,#6855,.T.);
#5341=ORIENTED_EDGE('',*,*,#6852,.T.);
#5342=ORIENTED_EDGE('',*,*,#6849,.T.);
#5343=ORIENTED_EDGE('',*,*,#6846,.T.);
#5344=ORIENTED_EDGE('',*,*,#6820,.T.);
#5345=ORIENTED_EDGE('',*,*,#7332,.F.);
#5346=ORIENTED_EDGE('',*,*,#6839,.T.);
#5347=ORIENTED_EDGE('',*,*,#6836,.T.);
#5348=ORIENTED_EDGE('',*,*,#6833,.T.);
#5349=ORIENTED_EDGE('',*,*,#6830,.T.);
#5350=ORIENTED_EDGE('',*,*,#6827,.T.);
#5351=ORIENTED_EDGE('',*,*,#6824,.F.);
#5352=ORIENTED_EDGE('',*,*,#6798,.T.);
#5353=ORIENTED_EDGE('',*,*,#7330,.F.);
#5354=ORIENTED_EDGE('',*,*,#6817,.T.);
#5355=ORIENTED_EDGE('',*,*,#6814,.F.);
#5356=ORIENTED_EDGE('',*,*,#6811,.T.);
#5357=ORIENTED_EDGE('',*,*,#6808,.T.);
#5358=ORIENTED_EDGE('',*,*,#6805,.T.);
#5359=ORIENTED_EDGE('',*,*,#6802,.T.);
#5360=ORIENTED_EDGE('',*,*,#6776,.T.);
#5361=ORIENTED_EDGE('',*,*,#7328,.T.);
#5362=ORIENTED_EDGE('',*,*,#6795,.T.);
#5363=ORIENTED_EDGE('',*,*,#6792,.T.);
#5364=ORIENTED_EDGE('',*,*,#6789,.F.);
#5365=ORIENTED_EDGE('',*,*,#6786,.T.);
#5366=ORIENTED_EDGE('',*,*,#6783,.F.);
#5367=ORIENTED_EDGE('',*,*,#6780,.T.);
#5368=ORIENTED_EDGE('',*,*,#6754,.T.);
#5369=ORIENTED_EDGE('',*,*,#7326,.F.);
#5370=ORIENTED_EDGE('',*,*,#6773,.T.);
#5371=ORIENTED_EDGE('',*,*,#6770,.T.);
#5372=ORIENTED_EDGE('',*,*,#6767,.T.);
#5373=ORIENTED_EDGE('',*,*,#6764,.T.);
#5374=ORIENTED_EDGE('',*,*,#6761,.T.);
#5375=ORIENTED_EDGE('',*,*,#6758,.F.);
#5376=ORIENTED_EDGE('',*,*,#6732,.T.);
#5377=ORIENTED_EDGE('',*,*,#7324,.F.);
#5378=ORIENTED_EDGE('',*,*,#6751,.T.);
#5379=ORIENTED_EDGE('',*,*,#6748,.T.);
#5380=ORIENTED_EDGE('',*,*,#6745,.T.);
#5381=ORIENTED_EDGE('',*,*,#6742,.T.);
#5382=ORIENTED_EDGE('',*,*,#6739,.T.);
#5383=ORIENTED_EDGE('',*,*,#6736,.F.);
#5384=ORIENTED_EDGE('',*,*,#6710,.T.);
#5385=ORIENTED_EDGE('',*,*,#7322,.T.);
#5386=ORIENTED_EDGE('',*,*,#6729,.T.);
#5387=ORIENTED_EDGE('',*,*,#6726,.F.);
#5388=ORIENTED_EDGE('',*,*,#6723,.T.);
#5389=ORIENTED_EDGE('',*,*,#6720,.F.);
#5390=ORIENTED_EDGE('',*,*,#6717,.T.);
#5391=ORIENTED_EDGE('',*,*,#6714,.T.);
#5392=ORIENTED_EDGE('',*,*,#6688,.T.);
#5393=ORIENTED_EDGE('',*,*,#7320,.T.);
#5394=ORIENTED_EDGE('',*,*,#6707,.T.);
#5395=ORIENTED_EDGE('',*,*,#6704,.F.);
#5396=ORIENTED_EDGE('',*,*,#6701,.T.);
#5397=ORIENTED_EDGE('',*,*,#6698,.F.);
#5398=ORIENTED_EDGE('',*,*,#6695,.T.);
#5399=ORIENTED_EDGE('',*,*,#6692,.T.);
#5400=ORIENTED_EDGE('',*,*,#6666,.T.);
#5401=ORIENTED_EDGE('',*,*,#7318,.T.);
#5402=ORIENTED_EDGE('',*,*,#6685,.T.);
#5403=ORIENTED_EDGE('',*,*,#6682,.T.);
#5404=ORIENTED_EDGE('',*,*,#6679,.T.);
#5405=ORIENTED_EDGE('',*,*,#6676,.F.);
#5406=ORIENTED_EDGE('',*,*,#6673,.T.);
#5407=ORIENTED_EDGE('',*,*,#6670,.F.);
#5408=ORIENTED_EDGE('',*,*,#6644,.T.);
#5409=ORIENTED_EDGE('',*,*,#7316,.T.);
#5410=ORIENTED_EDGE('',*,*,#6663,.T.);
#5411=ORIENTED_EDGE('',*,*,#6660,.T.);
#5412=ORIENTED_EDGE('',*,*,#6657,.T.);
#5413=ORIENTED_EDGE('',*,*,#6654,.F.);
#5414=ORIENTED_EDGE('',*,*,#6651,.T.);
#5415=ORIENTED_EDGE('',*,*,#6648,.F.);
#5416=ORIENTED_EDGE('',*,*,#6622,.T.);
#5417=ORIENTED_EDGE('',*,*,#7314,.T.);
#5418=ORIENTED_EDGE('',*,*,#6641,.T.);
#5419=ORIENTED_EDGE('',*,*,#6638,.F.);
#5420=ORIENTED_EDGE('',*,*,#6635,.T.);
#5421=ORIENTED_EDGE('',*,*,#6632,.F.);
#5422=ORIENTED_EDGE('',*,*,#6629,.T.);
#5423=ORIENTED_EDGE('',*,*,#6626,.T.);
#5424=ORIENTED_EDGE('',*,*,#6600,.T.);
#5425=ORIENTED_EDGE('',*,*,#7312,.F.);
#5426=ORIENTED_EDGE('',*,*,#6619,.T.);
#5427=ORIENTED_EDGE('',*,*,#6616,.T.);
#5428=ORIENTED_EDGE('',*,*,#6613,.T.);
#5429=ORIENTED_EDGE('',*,*,#6610,.T.);
#5430=ORIENTED_EDGE('',*,*,#6607,.T.);
#5431=ORIENTED_EDGE('',*,*,#6604,.F.);
#5432=ORIENTED_EDGE('',*,*,#6578,.T.);
#5433=ORIENTED_EDGE('',*,*,#7310,.F.);
#5434=ORIENTED_EDGE('',*,*,#6597,.T.);
#5435=ORIENTED_EDGE('',*,*,#6594,.F.);
#5436=ORIENTED_EDGE('',*,*,#6591,.T.);
#5437=ORIENTED_EDGE('',*,*,#6588,.T.);
#5438=ORIENTED_EDGE('',*,*,#6585,.T.);
#5439=ORIENTED_EDGE('',*,*,#6582,.T.);
#5440=ORIENTED_EDGE('',*,*,#6556,.T.);
#5441=ORIENTED_EDGE('',*,*,#7308,.F.);
#5442=ORIENTED_EDGE('',*,*,#6575,.T.);
#5443=ORIENTED_EDGE('',*,*,#6572,.T.);
#5444=ORIENTED_EDGE('',*,*,#6569,.T.);
#5445=ORIENTED_EDGE('',*,*,#6566,.T.);
#5446=ORIENTED_EDGE('',*,*,#6563,.T.);
#5447=ORIENTED_EDGE('',*,*,#6560,.F.);
#5448=ORIENTED_EDGE('',*,*,#6534,.T.);
#5449=ORIENTED_EDGE('',*,*,#7306,.T.);
#5450=ORIENTED_EDGE('',*,*,#6553,.T.);
#5451=ORIENTED_EDGE('',*,*,#6550,.T.);
#5452=ORIENTED_EDGE('',*,*,#6547,.F.);
#5453=ORIENTED_EDGE('',*,*,#6544,.T.);
#5454=ORIENTED_EDGE('',*,*,#6541,.F.);
#5455=ORIENTED_EDGE('',*,*,#6538,.T.);
#5456=ORIENTED_EDGE('',*,*,#6512,.T.);
#5457=ORIENTED_EDGE('',*,*,#7304,.F.);
#5458=ORIENTED_EDGE('',*,*,#6531,.T.);
#5459=ORIENTED_EDGE('',*,*,#6528,.T.);
#5460=ORIENTED_EDGE('',*,*,#6525,.T.);
#5461=ORIENTED_EDGE('',*,*,#6522,.T.);
#5462=ORIENTED_EDGE('',*,*,#6519,.T.);
#5463=ORIENTED_EDGE('',*,*,#6516,.F.);
#5464=ORIENTED_EDGE('',*,*,#6490,.T.);
#5465=ORIENTED_EDGE('',*,*,#7302,.T.);
#5466=ORIENTED_EDGE('',*,*,#6509,.T.);
#5467=ORIENTED_EDGE('',*,*,#6506,.T.);
#5468=ORIENTED_EDGE('',*,*,#6503,.T.);
#5469=ORIENTED_EDGE('',*,*,#6500,.F.);
#5470=ORIENTED_EDGE('',*,*,#6497,.T.);
#5471=ORIENTED_EDGE('',*,*,#6494,.F.);
#5472=ORIENTED_EDGE('',*,*,#6468,.T.);
#5473=ORIENTED_EDGE('',*,*,#7300,.F.);
#5474=ORIENTED_EDGE('',*,*,#6487,.T.);
#5475=ORIENTED_EDGE('',*,*,#6484,.F.);
#5476=ORIENTED_EDGE('',*,*,#6481,.T.);
#5477=ORIENTED_EDGE('',*,*,#6478,.T.);
#5478=ORIENTED_EDGE('',*,*,#6475,.T.);
#5479=ORIENTED_EDGE('',*,*,#6472,.T.);
#5480=ORIENTED_EDGE('',*,*,#6446,.T.);
#5481=ORIENTED_EDGE('',*,*,#7298,.T.);
#5482=ORIENTED_EDGE('',*,*,#6465,.T.);
#5483=ORIENTED_EDGE('',*,*,#6462,.T.);
#5484=ORIENTED_EDGE('',*,*,#6459,.T.);
#5485=ORIENTED_EDGE('',*,*,#6456,.F.);
#5486=ORIENTED_EDGE('',*,*,#6453,.T.);
#5487=ORIENTED_EDGE('',*,*,#6450,.F.);
#5488=ORIENTED_EDGE('',*,*,#6424,.T.);
#5489=ORIENTED_EDGE('',*,*,#7296,.T.);
#5490=ORIENTED_EDGE('',*,*,#6443,.T.);
#5491=ORIENTED_EDGE('',*,*,#6440,.T.);
#5492=ORIENTED_EDGE('',*,*,#6437,.T.);
#5493=ORIENTED_EDGE('',*,*,#6434,.F.);
#5494=ORIENTED_EDGE('',*,*,#6431,.T.);
#5495=ORIENTED_EDGE('',*,*,#6428,.F.);
#5496=ORIENTED_EDGE('',*,*,#6402,.T.);
#5497=ORIENTED_EDGE('',*,*,#7294,.F.);
#5498=ORIENTED_EDGE('',*,*,#6421,.T.);
#5499=ORIENTED_EDGE('',*,*,#6418,.F.);
#5500=ORIENTED_EDGE('',*,*,#6415,.T.);
#5501=ORIENTED_EDGE('',*,*,#6412,.T.);
#5502=ORIENTED_EDGE('',*,*,#6409,.T.);
#5503=ORIENTED_EDGE('',*,*,#6406,.T.);
#5504=ORIENTED_EDGE('',*,*,#6380,.T.);
#5505=ORIENTED_EDGE('',*,*,#7292,.T.);
#5506=ORIENTED_EDGE('',*,*,#6399,.T.);
#5507=ORIENTED_EDGE('',*,*,#6396,.T.);
#5508=ORIENTED_EDGE('',*,*,#6393,.T.);
#5509=ORIENTED_EDGE('',*,*,#6390,.F.);
#5510=ORIENTED_EDGE('',*,*,#6387,.T.);
#5511=ORIENTED_EDGE('',*,*,#6384,.F.);
#5512=ORIENTED_EDGE('',*,*,#6358,.T.);
#5513=ORIENTED_EDGE('',*,*,#7290,.T.);
#5514=ORIENTED_EDGE('',*,*,#6377,.T.);
#5515=ORIENTED_EDGE('',*,*,#6374,.T.);
#5516=ORIENTED_EDGE('',*,*,#6371,.T.);
#5517=ORIENTED_EDGE('',*,*,#6368,.F.);
#5518=ORIENTED_EDGE('',*,*,#6365,.T.);
#5519=ORIENTED_EDGE('',*,*,#6362,.F.);
#5520=ORIENTED_EDGE('',*,*,#6336,.T.);
#5521=ORIENTED_EDGE('',*,*,#7288,.T.);
#5522=ORIENTED_EDGE('',*,*,#6355,.T.);
#5523=ORIENTED_EDGE('',*,*,#6352,.F.);
#5524=ORIENTED_EDGE('',*,*,#6349,.T.);
#5525=ORIENTED_EDGE('',*,*,#6346,.F.);
#5526=ORIENTED_EDGE('',*,*,#6343,.T.);
#5527=ORIENTED_EDGE('',*,*,#6340,.T.);
#5528=ORIENTED_EDGE('',*,*,#6314,.T.);
#5529=ORIENTED_EDGE('',*,*,#7286,.T.);
#5530=ORIENTED_EDGE('',*,*,#6333,.T.);
#5531=ORIENTED_EDGE('',*,*,#6330,.T.);
#5532=ORIENTED_EDGE('',*,*,#6327,.T.);
#5533=ORIENTED_EDGE('',*,*,#6324,.F.);
#5534=ORIENTED_EDGE('',*,*,#6321,.T.);
#5535=ORIENTED_EDGE('',*,*,#6318,.F.);
#5536=ORIENTED_EDGE('',*,*,#6292,.T.);
#5537=ORIENTED_EDGE('',*,*,#7284,.T.);
#5538=ORIENTED_EDGE('',*,*,#6311,.T.);
#5539=ORIENTED_EDGE('',*,*,#6308,.T.);
#5540=ORIENTED_EDGE('',*,*,#6305,.T.);
#5541=ORIENTED_EDGE('',*,*,#6302,.F.);
#5542=ORIENTED_EDGE('',*,*,#6299,.T.);
#5543=ORIENTED_EDGE('',*,*,#6296,.F.);
#5544=ORIENTED_EDGE('',*,*,#6270,.T.);
#5545=ORIENTED_EDGE('',*,*,#7282,.F.);
#5546=ORIENTED_EDGE('',*,*,#6289,.T.);
#5547=ORIENTED_EDGE('',*,*,#6286,.T.);
#5548=ORIENTED_EDGE('',*,*,#6283,.T.);
#5549=ORIENTED_EDGE('',*,*,#6280,.T.);
#5550=ORIENTED_EDGE('',*,*,#6277,.T.);
#5551=ORIENTED_EDGE('',*,*,#6274,.F.);
#5552=ORIENTED_EDGE('',*,*,#6248,.T.);
#5553=ORIENTED_EDGE('',*,*,#7280,.F.);
#5554=ORIENTED_EDGE('',*,*,#6267,.T.);
#5555=ORIENTED_EDGE('',*,*,#6264,.T.);
#5556=ORIENTED_EDGE('',*,*,#6261,.T.);
#5557=ORIENTED_EDGE('',*,*,#6258,.T.);
#5558=ORIENTED_EDGE('',*,*,#6255,.T.);
#5559=ORIENTED_EDGE('',*,*,#6252,.F.);
#5560=ORIENTED_EDGE('',*,*,#6226,.T.);
#5561=ORIENTED_EDGE('',*,*,#7278,.T.);
#5562=ORIENTED_EDGE('',*,*,#6245,.T.);
#5563=ORIENTED_EDGE('',*,*,#6242,.F.);
#5564=ORIENTED_EDGE('',*,*,#6239,.T.);
#5565=ORIENTED_EDGE('',*,*,#6236,.F.);
#5566=ORIENTED_EDGE('',*,*,#6233,.T.);
#5567=ORIENTED_EDGE('',*,*,#6230,.T.);
#5568=ORIENTED_EDGE('',*,*,#6183,.F.);
#5569=ORIENTED_EDGE('',*,*,#7276,.T.);
#5570=ORIENTED_EDGE('',*,*,#6223,.T.);
#5571=ORIENTED_EDGE('',*,*,#6220,.T.);
#5572=ORIENTED_EDGE('',*,*,#6217,.F.);
#5573=ORIENTED_EDGE('',*,*,#6214,.T.);
#5574=ORIENTED_EDGE('',*,*,#6211,.F.);
#5575=ORIENTED_EDGE('',*,*,#6208,.T.);
#5576=ORIENTED_EDGE('',*,*,#6205,.T.);
#5577=ORIENTED_EDGE('',*,*,#6202,.F.);
#5578=ORIENTED_EDGE('',*,*,#6199,.F.);
#5579=ORIENTED_EDGE('',*,*,#6196,.F.);
#5580=ORIENTED_EDGE('',*,*,#6193,.F.);
#5581=ORIENTED_EDGE('',*,*,#6190,.F.);
#5582=ORIENTED_EDGE('',*,*,#6187,.F.);
#5583=ORIENTED_EDGE('',*,*,#6161,.T.);
#5584=ORIENTED_EDGE('',*,*,#7274,.F.);
#5585=ORIENTED_EDGE('',*,*,#6180,.T.);
#5586=ORIENTED_EDGE('',*,*,#6177,.T.);
#5587=ORIENTED_EDGE('',*,*,#6174,.T.);
#5588=ORIENTED_EDGE('',*,*,#6171,.T.);
#5589=ORIENTED_EDGE('',*,*,#6168,.T.);
#5590=ORIENTED_EDGE('',*,*,#6165,.F.);
#5591=ORIENTED_EDGE('',*,*,#6139,.T.);
#5592=ORIENTED_EDGE('',*,*,#7272,.T.);
#5593=ORIENTED_EDGE('',*,*,#6158,.T.);
#5594=ORIENTED_EDGE('',*,*,#6155,.T.);
#5595=ORIENTED_EDGE('',*,*,#6152,.T.);
#5596=ORIENTED_EDGE('',*,*,#6149,.F.);
#5597=ORIENTED_EDGE('',*,*,#6146,.T.);
#5598=ORIENTED_EDGE('',*,*,#6143,.F.);
#5599=ORIENTED_EDGE('',*,*,#6117,.T.);
#5600=ORIENTED_EDGE('',*,*,#7270,.F.);
#5601=ORIENTED_EDGE('',*,*,#6136,.T.);
#5602=ORIENTED_EDGE('',*,*,#6133,.T.);
#5603=ORIENTED_EDGE('',*,*,#6130,.T.);
#5604=ORIENTED_EDGE('',*,*,#6127,.T.);
#5605=ORIENTED_EDGE('',*,*,#6124,.T.);
#5606=ORIENTED_EDGE('',*,*,#6121,.F.);
#5607=ORIENTED_EDGE('',*,*,#6095,.T.);
#5608=ORIENTED_EDGE('',*,*,#7268,.T.);
#5609=ORIENTED_EDGE('',*,*,#6114,.T.);
#5610=ORIENTED_EDGE('',*,*,#6111,.T.);
#5611=ORIENTED_EDGE('',*,*,#6108,.T.);
#5612=ORIENTED_EDGE('',*,*,#6105,.F.);
#5613=ORIENTED_EDGE('',*,*,#6102,.T.);
#5614=ORIENTED_EDGE('',*,*,#6099,.F.);
#5615=ORIENTED_EDGE('',*,*,#6073,.T.);
#5616=ORIENTED_EDGE('',*,*,#7266,.T.);
#5617=ORIENTED_EDGE('',*,*,#6092,.T.);
#5618=ORIENTED_EDGE('',*,*,#6089,.T.);
#5619=ORIENTED_EDGE('',*,*,#6086,.T.);
#5620=ORIENTED_EDGE('',*,*,#6083,.F.);
#5621=ORIENTED_EDGE('',*,*,#6080,.T.);
#5622=ORIENTED_EDGE('',*,*,#6077,.F.);
#5623=ORIENTED_EDGE('',*,*,#6051,.T.);
#5624=ORIENTED_EDGE('',*,*,#7264,.F.);
#5625=ORIENTED_EDGE('',*,*,#6070,.T.);
#5626=ORIENTED_EDGE('',*,*,#6067,.T.);
#5627=ORIENTED_EDGE('',*,*,#6064,.T.);
#5628=ORIENTED_EDGE('',*,*,#6061,.T.);
#5629=ORIENTED_EDGE('',*,*,#6058,.T.);
#5630=ORIENTED_EDGE('',*,*,#6055,.F.);
#5631=ORIENTED_EDGE('',*,*,#6029,.T.);
#5632=ORIENTED_EDGE('',*,*,#7262,.T.);
#5633=ORIENTED_EDGE('',*,*,#6048,.T.);
#5634=ORIENTED_EDGE('',*,*,#6045,.T.);
#5635=ORIENTED_EDGE('',*,*,#6042,.T.);
#5636=ORIENTED_EDGE('',*,*,#6039,.F.);
#5637=ORIENTED_EDGE('',*,*,#6036,.T.);
#5638=ORIENTED_EDGE('',*,*,#6033,.F.);
#5639=ORIENTED_EDGE('',*,*,#6007,.T.);
#5640=ORIENTED_EDGE('',*,*,#7260,.T.);
#5641=ORIENTED_EDGE('',*,*,#6026,.T.);
#5642=ORIENTED_EDGE('',*,*,#6023,.T.);
#5643=ORIENTED_EDGE('',*,*,#6020,.T.);
#5644=ORIENTED_EDGE('',*,*,#6017,.F.);
#5645=ORIENTED_EDGE('',*,*,#6014,.T.);
#5646=ORIENTED_EDGE('',*,*,#6011,.F.);
#5647=ORIENTED_EDGE('',*,*,#5985,.T.);
#5648=ORIENTED_EDGE('',*,*,#7258,.F.);
#5649=ORIENTED_EDGE('',*,*,#6004,.T.);
#5650=ORIENTED_EDGE('',*,*,#6001,.T.);
#5651=ORIENTED_EDGE('',*,*,#5998,.T.);
#5652=ORIENTED_EDGE('',*,*,#5995,.T.);
#5653=ORIENTED_EDGE('',*,*,#5992,.T.);
#5654=ORIENTED_EDGE('',*,*,#5989,.F.);
#5655=ORIENTED_EDGE('',*,*,#5963,.T.);
#5656=ORIENTED_EDGE('',*,*,#7256,.F.);
#5657=ORIENTED_EDGE('',*,*,#5982,.T.);
#5658=ORIENTED_EDGE('',*,*,#5979,.T.);
#5659=ORIENTED_EDGE('',*,*,#5976,.T.);
#5660=ORIENTED_EDGE('',*,*,#5973,.T.);
#5661=ORIENTED_EDGE('',*,*,#5970,.T.);
#5662=ORIENTED_EDGE('',*,*,#5967,.F.);
#5663=ORIENTED_EDGE('',*,*,#5941,.T.);
#5664=ORIENTED_EDGE('',*,*,#7254,.F.);
#5665=ORIENTED_EDGE('',*,*,#5960,.T.);
#5666=ORIENTED_EDGE('',*,*,#5957,.T.);
#5667=ORIENTED_EDGE('',*,*,#5954,.T.);
#5668=ORIENTED_EDGE('',*,*,#5951,.T.);
#5669=ORIENTED_EDGE('',*,*,#5948,.T.);
#5670=ORIENTED_EDGE('',*,*,#5945,.F.);
#5671=ORIENTED_EDGE('',*,*,#5919,.T.);
#5672=ORIENTED_EDGE('',*,*,#7252,.F.);
#5673=ORIENTED_EDGE('',*,*,#5938,.T.);
#5674=ORIENTED_EDGE('',*,*,#5935,.T.);
#5675=ORIENTED_EDGE('',*,*,#5932,.T.);
#5676=ORIENTED_EDGE('',*,*,#5929,.T.);
#5677=ORIENTED_EDGE('',*,*,#5926,.T.);
#5678=ORIENTED_EDGE('',*,*,#5923,.F.);
#5679=ORIENTED_EDGE('',*,*,#5897,.T.);
#5680=ORIENTED_EDGE('',*,*,#7250,.T.);
#5681=ORIENTED_EDGE('',*,*,#5916,.T.);
#5682=ORIENTED_EDGE('',*,*,#5913,.T.);
#5683=ORIENTED_EDGE('',*,*,#5910,.T.);
#5684=ORIENTED_EDGE('',*,*,#5907,.F.);
#5685=ORIENTED_EDGE('',*,*,#5904,.T.);
#5686=ORIENTED_EDGE('',*,*,#5901,.F.);
#5687=ORIENTED_EDGE('',*,*,#5875,.T.);
#5688=ORIENTED_EDGE('',*,*,#7248,.F.);
#5689=ORIENTED_EDGE('',*,*,#5894,.T.);
#5690=ORIENTED_EDGE('',*,*,#5891,.T.);
#5691=ORIENTED_EDGE('',*,*,#5888,.T.);
#5692=ORIENTED_EDGE('',*,*,#5885,.T.);
#5693=ORIENTED_EDGE('',*,*,#5882,.T.);
#5694=ORIENTED_EDGE('',*,*,#5879,.F.);
#5695=ORIENTED_EDGE('',*,*,#5853,.T.);
#5696=ORIENTED_EDGE('',*,*,#7246,.T.);
#5697=ORIENTED_EDGE('',*,*,#5872,.T.);
#5698=ORIENTED_EDGE('',*,*,#5869,.T.);
#5699=ORIENTED_EDGE('',*,*,#5866,.T.);
#5700=ORIENTED_EDGE('',*,*,#5863,.F.);
#5701=ORIENTED_EDGE('',*,*,#5860,.T.);
#5702=ORIENTED_EDGE('',*,*,#5857,.F.);
#5703=ORIENTED_EDGE('',*,*,#5831,.T.);
#5704=ORIENTED_EDGE('',*,*,#7244,.T.);
#5705=ORIENTED_EDGE('',*,*,#5850,.T.);
#5706=ORIENTED_EDGE('',*,*,#5847,.T.);
#5707=ORIENTED_EDGE('',*,*,#5844,.T.);
#5708=ORIENTED_EDGE('',*,*,#5841,.F.);
#5709=ORIENTED_EDGE('',*,*,#5838,.T.);
#5710=ORIENTED_EDGE('',*,*,#5835,.F.);
#5711=ORIENTED_EDGE('',*,*,#5809,.T.);
#5712=ORIENTED_EDGE('',*,*,#7242,.F.);
#5713=ORIENTED_EDGE('',*,*,#5828,.T.);
#5714=ORIENTED_EDGE('',*,*,#5825,.T.);
#5715=ORIENTED_EDGE('',*,*,#5822,.T.);
#5716=ORIENTED_EDGE('',*,*,#5819,.T.);
#5717=ORIENTED_EDGE('',*,*,#5816,.T.);
#5718=ORIENTED_EDGE('',*,*,#5813,.F.);
#5719=ORIENTED_EDGE('',*,*,#5787,.T.);
#5720=ORIENTED_EDGE('',*,*,#7240,.F.);
#5721=ORIENTED_EDGE('',*,*,#5806,.T.);
#5722=ORIENTED_EDGE('',*,*,#5803,.T.);
#5723=ORIENTED_EDGE('',*,*,#5800,.T.);
#5724=ORIENTED_EDGE('',*,*,#5797,.T.);
#5725=ORIENTED_EDGE('',*,*,#5794,.T.);
#5726=ORIENTED_EDGE('',*,*,#5791,.F.);
#5727=ORIENTED_EDGE('',*,*,#5765,.T.);
#5728=ORIENTED_EDGE('',*,*,#7238,.F.);
#5729=ORIENTED_EDGE('',*,*,#5784,.T.);
#5730=ORIENTED_EDGE('',*,*,#5781,.T.);
#5731=ORIENTED_EDGE('',*,*,#5778,.T.);
#5732=ORIENTED_EDGE('',*,*,#5775,.T.);
#5733=ORIENTED_EDGE('',*,*,#5772,.T.);
#5734=ORIENTED_EDGE('',*,*,#5769,.F.);
#5735=ORIENTED_EDGE('',*,*,#5743,.T.);
#5736=ORIENTED_EDGE('',*,*,#7370,.F.);
#5737=ORIENTED_EDGE('',*,*,#5762,.T.);
#5738=ORIENTED_EDGE('',*,*,#5759,.T.);
#5739=ORIENTED_EDGE('',*,*,#5756,.T.);
#5740=ORIENTED_EDGE('',*,*,#5753,.T.);
#5741=ORIENTED_EDGE('',*,*,#5750,.T.);
#5742=ORIENTED_EDGE('',*,*,#5747,.F.);
#5743=EDGE_CURVE('',#7372,#7373,#8458,.T.);
#5744=EDGE_CURVE('',#7374,#7372,#291,.T.);
#5745=EDGE_CURVE('',#7374,#7375,#8459,.T.);
#5746=EDGE_CURVE('',#7375,#7373,#292,.T.);
#5747=EDGE_CURVE('',#7372,#7376,#293,.T.);
#5748=EDGE_CURVE('',#7377,#7376,#294,.T.);
#5749=EDGE_CURVE('',#7374,#7377,#295,.T.);
#5750=EDGE_CURVE('',#7378,#7376,#8460,.T.);
#5751=EDGE_CURVE('',#7379,#7378,#296,.T.);
#5752=EDGE_CURVE('',#7379,#7377,#8461,.T.);
#5753=EDGE_CURVE('',#7380,#7378,#297,.T.);
#5754=EDGE_CURVE('',#7381,#7380,#298,.T.);
#5755=EDGE_CURVE('',#7381,#7379,#299,.T.);
#5756=EDGE_CURVE('',#7382,#7380,#8462,.T.);
#5757=EDGE_CURVE('',#7383,#7382,#300,.T.);
#5758=EDGE_CURVE('',#7383,#7381,#8463,.T.);
#5759=EDGE_CURVE('',#7384,#7382,#301,.T.);
#5760=EDGE_CURVE('',#7385,#7384,#302,.T.);
#5761=EDGE_CURVE('',#7385,#7383,#303,.T.);
#5762=EDGE_CURVE('',#7386,#7384,#8464,.T.);
#5763=EDGE_CURVE('',#7387,#7386,#304,.T.);
#5764=EDGE_CURVE('',#7387,#7385,#8465,.T.);
#5765=EDGE_CURVE('',#7388,#7389,#8466,.T.);
#5766=EDGE_CURVE('',#7390,#7388,#305,.T.);
#5767=EDGE_CURVE('',#7390,#7391,#8467,.T.);
#5768=EDGE_CURVE('',#7391,#7389,#306,.T.);
#5769=EDGE_CURVE('',#7388,#7392,#307,.T.);
#5770=EDGE_CURVE('',#7393,#7392,#308,.T.);
#5771=EDGE_CURVE('',#7390,#7393,#309,.T.);
#5772=EDGE_CURVE('',#7394,#7392,#8468,.T.);
#5773=EDGE_CURVE('',#7395,#7394,#310,.T.);
#5774=EDGE_CURVE('',#7395,#7393,#8469,.T.);
#5775=EDGE_CURVE('',#7396,#7394,#311,.T.);
#5776=EDGE_CURVE('',#7397,#7396,#312,.T.);
#5777=EDGE_CURVE('',#7397,#7395,#313,.T.);
#5778=EDGE_CURVE('',#7398,#7396,#8470,.T.);
#5779=EDGE_CURVE('',#7399,#7398,#314,.T.);
#5780=EDGE_CURVE('',#7399,#7397,#8471,.T.);
#5781=EDGE_CURVE('',#7400,#7398,#315,.T.);
#5782=EDGE_CURVE('',#7401,#7400,#316,.T.);
#5783=EDGE_CURVE('',#7401,#7399,#317,.T.);
#5784=EDGE_CURVE('',#7402,#7400,#8472,.T.);
#5785=EDGE_CURVE('',#7403,#7402,#318,.T.);
#5786=EDGE_CURVE('',#7403,#7401,#8473,.T.);
#5787=EDGE_CURVE('',#7404,#7405,#8474,.T.);
#5788=EDGE_CURVE('',#7406,#7404,#319,.T.);
#5789=EDGE_CURVE('',#7406,#7407,#8475,.T.);
#5790=EDGE_CURVE('',#7407,#7405,#320,.T.);
#5791=EDGE_CURVE('',#7404,#7408,#321,.T.);
#5792=EDGE_CURVE('',#7409,#7408,#322,.T.);
#5793=EDGE_CURVE('',#7406,#7409,#323,.T.);
#5794=EDGE_CURVE('',#7410,#7408,#8476,.T.);
#5795=EDGE_CURVE('',#7411,#7410,#324,.T.);
#5796=EDGE_CURVE('',#7411,#7409,#8477,.T.);
#5797=EDGE_CURVE('',#7412,#7410,#325,.T.);
#5798=EDGE_CURVE('',#7413,#7412,#326,.T.);
#5799=EDGE_CURVE('',#7413,#7411,#327,.T.);
#5800=EDGE_CURVE('',#7414,#7412,#8478,.T.);
#5801=EDGE_CURVE('',#7415,#7414,#328,.T.);
#5802=EDGE_CURVE('',#7415,#7413,#8479,.T.);
#5803=EDGE_CURVE('',#7416,#7414,#329,.T.);
#5804=EDGE_CURVE('',#7417,#7416,#330,.T.);
#5805=EDGE_CURVE('',#7417,#7415,#331,.T.);
#5806=EDGE_CURVE('',#7418,#7416,#8480,.T.);
#5807=EDGE_CURVE('',#7419,#7418,#332,.T.);
#5808=EDGE_CURVE('',#7419,#7417,#8481,.T.);
#5809=EDGE_CURVE('',#7420,#7421,#8482,.T.);
#5810=EDGE_CURVE('',#7422,#7420,#333,.T.);
#5811=EDGE_CURVE('',#7422,#7423,#8483,.T.);
#5812=EDGE_CURVE('',#7423,#7421,#334,.T.);
#5813=EDGE_CURVE('',#7420,#7424,#335,.T.);
#5814=EDGE_CURVE('',#7425,#7424,#336,.T.);
#5815=EDGE_CURVE('',#7422,#7425,#337,.T.);
#5816=EDGE_CURVE('',#7426,#7424,#8484,.T.);
#5817=EDGE_CURVE('',#7427,#7426,#338,.T.);
#5818=EDGE_CURVE('',#7427,#7425,#8485,.T.);
#5819=EDGE_CURVE('',#7428,#7426,#339,.T.);
#5820=EDGE_CURVE('',#7429,#7428,#340,.T.);
#5821=EDGE_CURVE('',#7429,#7427,#341,.T.);
#5822=EDGE_CURVE('',#7430,#7428,#8486,.T.);
#5823=EDGE_CURVE('',#7431,#7430,#342,.T.);
#5824=EDGE_CURVE('',#7431,#7429,#8487,.T.);
#5825=EDGE_CURVE('',#7432,#7430,#343,.T.);
#5826=EDGE_CURVE('',#7433,#7432,#344,.T.);
#5827=EDGE_CURVE('',#7433,#7431,#345,.T.);
#5828=EDGE_CURVE('',#7434,#7432,#8488,.T.);
#5829=EDGE_CURVE('',#7435,#7434,#346,.T.);
#5830=EDGE_CURVE('',#7435,#7433,#8489,.T.);
#5831=EDGE_CURVE('',#7436,#7437,#8490,.T.);
#5832=EDGE_CURVE('',#7438,#7436,#347,.T.);
#5833=EDGE_CURVE('',#7438,#7439,#8491,.T.);
#5834=EDGE_CURVE('',#7439,#7437,#348,.T.);
#5835=EDGE_CURVE('',#7436,#7440,#349,.T.);
#5836=EDGE_CURVE('',#7441,#7440,#350,.T.);
#5837=EDGE_CURVE('',#7438,#7441,#351,.T.);
#5838=EDGE_CURVE('',#7442,#7440,#8492,.T.);
#5839=EDGE_CURVE('',#7443,#7442,#352,.T.);
#5840=EDGE_CURVE('',#7443,#7441,#8493,.T.);
#5841=EDGE_CURVE('',#7442,#7444,#353,.T.);
#5842=EDGE_CURVE('',#7445,#7444,#354,.T.);
#5843=EDGE_CURVE('',#7443,#7445,#355,.T.);
#5844=EDGE_CURVE('',#7446,#7444,#8494,.T.);
#5845=EDGE_CURVE('',#7447,#7446,#356,.T.);
#5846=EDGE_CURVE('',#7447,#7445,#8495,.T.);
#5847=EDGE_CURVE('',#7448,#7446,#357,.T.);
#5848=EDGE_CURVE('',#7449,#7448,#358,.T.);
#5849=EDGE_CURVE('',#7449,#7447,#359,.T.);
#5850=EDGE_CURVE('',#7450,#7448,#8496,.T.);
#5851=EDGE_CURVE('',#7451,#7450,#360,.T.);
#5852=EDGE_CURVE('',#7451,#7449,#8497,.T.);
#5853=EDGE_CURVE('',#7452,#7453,#8498,.T.);
#5854=EDGE_CURVE('',#7454,#7452,#361,.T.);
#5855=EDGE_CURVE('',#7454,#7455,#8499,.T.);
#5856=EDGE_CURVE('',#7455,#7453,#362,.T.);
#5857=EDGE_CURVE('',#7452,#7456,#363,.T.);
#5858=EDGE_CURVE('',#7457,#7456,#364,.T.);
#5859=EDGE_CURVE('',#7454,#7457,#365,.T.);
#5860=EDGE_CURVE('',#7458,#7456,#8500,.T.);
#5861=EDGE_CURVE('',#7459,#7458,#366,.T.);
#5862=EDGE_CURVE('',#7459,#7457,#8501,.T.);
#5863=EDGE_CURVE('',#7458,#7460,#367,.T.);
#5864=EDGE_CURVE('',#7461,#7460,#368,.T.);
#5865=EDGE_CURVE('',#7459,#7461,#369,.T.);
#5866=EDGE_CURVE('',#7462,#7460,#8502,.T.);
#5867=EDGE_CURVE('',#7463,#7462,#370,.T.);
#5868=EDGE_CURVE('',#7463,#7461,#8503,.T.);
#5869=EDGE_CURVE('',#7464,#7462,#371,.T.);
#5870=EDGE_CURVE('',#7465,#7464,#372,.T.);
#5871=EDGE_CURVE('',#7465,#7463,#373,.T.);
#5872=EDGE_CURVE('',#7466,#7464,#8504,.T.);
#5873=EDGE_CURVE('',#7467,#7466,#374,.T.);
#5874=EDGE_CURVE('',#7467,#7465,#8505,.T.);
#5875=EDGE_CURVE('',#7468,#7469,#8506,.T.);
#5876=EDGE_CURVE('',#7470,#7468,#375,.T.);
#5877=EDGE_CURVE('',#7470,#7471,#8507,.T.);
#5878=EDGE_CURVE('',#7471,#7469,#376,.T.);
#5879=EDGE_CURVE('',#7468,#7472,#377,.T.);
#5880=EDGE_CURVE('',#7473,#7472,#378,.T.);
#5881=EDGE_CURVE('',#7470,#7473,#379,.T.);
#5882=EDGE_CURVE('',#7474,#7472,#8508,.T.);
#5883=EDGE_CURVE('',#7475,#7474,#380,.T.);
#5884=EDGE_CURVE('',#7475,#7473,#8509,.T.);
#5885=EDGE_CURVE('',#7476,#7474,#381,.T.);
#5886=EDGE_CURVE('',#7477,#7476,#382,.T.);
#5887=EDGE_CURVE('',#7477,#7475,#383,.T.);
#5888=EDGE_CURVE('',#7478,#7476,#8510,.T.);
#5889=EDGE_CURVE('',#7479,#7478,#384,.T.);
#5890=EDGE_CURVE('',#7479,#7477,#8511,.T.);
#5891=EDGE_CURVE('',#7480,#7478,#385,.T.);
#5892=EDGE_CURVE('',#7481,#7480,#386,.T.);
#5893=EDGE_CURVE('',#7481,#7479,#387,.T.);
#5894=EDGE_CURVE('',#7482,#7480,#8512,.T.);
#5895=EDGE_CURVE('',#7483,#7482,#388,.T.);
#5896=EDGE_CURVE('',#7483,#7481,#8513,.T.);
#5897=EDGE_CURVE('',#7484,#7485,#8514,.T.);
#5898=EDGE_CURVE('',#7486,#7484,#389,.T.);
#5899=EDGE_CURVE('',#7486,#7487,#8515,.T.);
#5900=EDGE_CURVE('',#7487,#7485,#390,.T.);
#5901=EDGE_CURVE('',#7484,#7488,#391,.T.);
#5902=EDGE_CURVE('',#7489,#7488,#392,.T.);
#5903=EDGE_CURVE('',#7486,#7489,#393,.T.);
#5904=EDGE_CURVE('',#7490,#7488,#8516,.T.);
#5905=EDGE_CURVE('',#7491,#7490,#394,.T.);
#5906=EDGE_CURVE('',#7491,#7489,#8517,.T.);
#5907=EDGE_CURVE('',#7490,#7492,#395,.T.);
#5908=EDGE_CURVE('',#7493,#7492,#396,.T.);
#5909=EDGE_CURVE('',#7491,#7493,#397,.T.);
#5910=EDGE_CURVE('',#7494,#7492,#8518,.T.);
#5911=EDGE_CURVE('',#7495,#7494,#398,.T.);
#5912=EDGE_CURVE('',#7495,#7493,#8519,.T.);
#5913=EDGE_CURVE('',#7496,#7494,#399,.T.);
#5914=EDGE_CURVE('',#7497,#7496,#400,.T.);
#5915=EDGE_CURVE('',#7497,#7495,#401,.T.);
#5916=EDGE_CURVE('',#7498,#7496,#8520,.T.);
#5917=EDGE_CURVE('',#7499,#7498,#402,.T.);
#5918=EDGE_CURVE('',#7499,#7497,#8521,.T.);
#5919=EDGE_CURVE('',#7500,#7501,#8522,.T.);
#5920=EDGE_CURVE('',#7502,#7500,#403,.T.);
#5921=EDGE_CURVE('',#7502,#7503,#8523,.T.);
#5922=EDGE_CURVE('',#7503,#7501,#404,.T.);
#5923=EDGE_CURVE('',#7500,#7504,#405,.T.);
#5924=EDGE_CURVE('',#7505,#7504,#406,.T.);
#5925=EDGE_CURVE('',#7502,#7505,#407,.T.);
#5926=EDGE_CURVE('',#7506,#7504,#8524,.T.);
#5927=EDGE_CURVE('',#7507,#7506,#408,.T.);
#5928=EDGE_CURVE('',#7507,#7505,#8525,.T.);
#5929=EDGE_CURVE('',#7508,#7506,#409,.T.);
#5930=EDGE_CURVE('',#7509,#7508,#410,.T.);
#5931=EDGE_CURVE('',#7509,#7507,#411,.T.);
#5932=EDGE_CURVE('',#7510,#7508,#8526,.T.);
#5933=EDGE_CURVE('',#7511,#7510,#412,.T.);
#5934=EDGE_CURVE('',#7511,#7509,#8527,.T.);
#5935=EDGE_CURVE('',#7512,#7510,#413,.T.);
#5936=EDGE_CURVE('',#7513,#7512,#414,.T.);
#5937=EDGE_CURVE('',#7513,#7511,#415,.T.);
#5938=EDGE_CURVE('',#7514,#7512,#8528,.T.);
#5939=EDGE_CURVE('',#7515,#7514,#416,.T.);
#5940=EDGE_CURVE('',#7515,#7513,#8529,.T.);
#5941=EDGE_CURVE('',#7516,#7517,#8530,.T.);
#5942=EDGE_CURVE('',#7518,#7516,#417,.T.);
#5943=EDGE_CURVE('',#7518,#7519,#8531,.T.);
#5944=EDGE_CURVE('',#7519,#7517,#418,.T.);
#5945=EDGE_CURVE('',#7516,#7520,#419,.T.);
#5946=EDGE_CURVE('',#7521,#7520,#420,.T.);
#5947=EDGE_CURVE('',#7518,#7521,#421,.T.);
#5948=EDGE_CURVE('',#7522,#7520,#8532,.T.);
#5949=EDGE_CURVE('',#7523,#7522,#422,.T.);
#5950=EDGE_CURVE('',#7523,#7521,#8533,.T.);
#5951=EDGE_CURVE('',#7524,#7522,#423,.T.);
#5952=EDGE_CURVE('',#7525,#7524,#424,.T.);
#5953=EDGE_CURVE('',#7525,#7523,#425,.T.);
#5954=EDGE_CURVE('',#7526,#7524,#8534,.T.);
#5955=EDGE_CURVE('',#7527,#7526,#426,.T.);
#5956=EDGE_CURVE('',#7527,#7525,#8535,.T.);
#5957=EDGE_CURVE('',#7528,#7526,#427,.T.);
#5958=EDGE_CURVE('',#7529,#7528,#428,.T.);
#5959=EDGE_CURVE('',#7529,#7527,#429,.T.);
#5960=EDGE_CURVE('',#7530,#7528,#8536,.T.);
#5961=EDGE_CURVE('',#7531,#7530,#430,.T.);
#5962=EDGE_CURVE('',#7531,#7529,#8537,.T.);
#5963=EDGE_CURVE('',#7532,#7533,#8538,.T.);
#5964=EDGE_CURVE('',#7534,#7532,#431,.T.);
#5965=EDGE_CURVE('',#7534,#7535,#8539,.T.);
#5966=EDGE_CURVE('',#7535,#7533,#432,.T.);
#5967=EDGE_CURVE('',#7532,#7536,#433,.T.);
#5968=EDGE_CURVE('',#7537,#7536,#434,.T.);
#5969=EDGE_CURVE('',#7534,#7537,#435,.T.);
#5970=EDGE_CURVE('',#7538,#7536,#8540,.T.);
#5971=EDGE_CURVE('',#7539,#7538,#436,.T.);
#5972=EDGE_CURVE('',#7539,#7537,#8541,.T.);
#5973=EDGE_CURVE('',#7540,#7538,#437,.T.);
#5974=EDGE_CURVE('',#7541,#7540,#438,.T.);
#5975=EDGE_CURVE('',#7541,#7539,#439,.T.);
#5976=EDGE_CURVE('',#7542,#7540,#8542,.T.);
#5977=EDGE_CURVE('',#7543,#7542,#440,.T.);
#5978=EDGE_CURVE('',#7543,#7541,#8543,.T.);
#5979=EDGE_CURVE('',#7544,#7542,#441,.T.);
#5980=EDGE_CURVE('',#7545,#7544,#442,.T.);
#5981=EDGE_CURVE('',#7545,#7543,#443,.T.);
#5982=EDGE_CURVE('',#7546,#7544,#8544,.T.);
#5983=EDGE_CURVE('',#7547,#7546,#444,.T.);
#5984=EDGE_CURVE('',#7547,#7545,#8545,.T.);
#5985=EDGE_CURVE('',#7548,#7549,#8546,.T.);
#5986=EDGE_CURVE('',#7550,#7548,#445,.T.);
#5987=EDGE_CURVE('',#7550,#7551,#8547,.T.);
#5988=EDGE_CURVE('',#7551,#7549,#446,.T.);
#5989=EDGE_CURVE('',#7548,#7552,#447,.T.);
#5990=EDGE_CURVE('',#7553,#7552,#448,.T.);
#5991=EDGE_CURVE('',#7550,#7553,#449,.T.);
#5992=EDGE_CURVE('',#7554,#7552,#8548,.T.);
#5993=EDGE_CURVE('',#7555,#7554,#450,.T.);
#5994=EDGE_CURVE('',#7555,#7553,#8549,.T.);
#5995=EDGE_CURVE('',#7556,#7554,#451,.T.);
#5996=EDGE_CURVE('',#7557,#7556,#452,.T.);
#5997=EDGE_CURVE('',#7557,#7555,#453,.T.);
#5998=EDGE_CURVE('',#7558,#7556,#8550,.T.);
#5999=EDGE_CURVE('',#7559,#7558,#454,.T.);
#6000=EDGE_CURVE('',#7559,#7557,#8551,.T.);
#6001=EDGE_CURVE('',#7560,#7558,#455,.T.);
#6002=EDGE_CURVE('',#7561,#7560,#456,.T.);
#6003=EDGE_CURVE('',#7561,#7559,#457,.T.);
#6004=EDGE_CURVE('',#7562,#7560,#8552,.T.);
#6005=EDGE_CURVE('',#7563,#7562,#458,.T.);
#6006=EDGE_CURVE('',#7563,#7561,#8553,.T.);
#6007=EDGE_CURVE('',#7564,#7565,#8554,.T.);
#6008=EDGE_CURVE('',#7566,#7564,#459,.T.);
#6009=EDGE_CURVE('',#7566,#7567,#8555,.T.);
#6010=EDGE_CURVE('',#7567,#7565,#460,.T.);
#6011=EDGE_CURVE('',#7564,#7568,#461,.T.);
#6012=EDGE_CURVE('',#7569,#7568,#462,.T.);
#6013=EDGE_CURVE('',#7566,#7569,#463,.T.);
#6014=EDGE_CURVE('',#7570,#7568,#8556,.T.);
#6015=EDGE_CURVE('',#7571,#7570,#464,.T.);
#6016=EDGE_CURVE('',#7571,#7569,#8557,.T.);
#6017=EDGE_CURVE('',#7570,#7572,#465,.T.);
#6018=EDGE_CURVE('',#7573,#7572,#466,.T.);
#6019=EDGE_CURVE('',#7571,#7573,#467,.T.);
#6020=EDGE_CURVE('',#7574,#7572,#8558,.T.);
#6021=EDGE_CURVE('',#7575,#7574,#468,.T.);
#6022=EDGE_CURVE('',#7575,#7573,#8559,.T.);
#6023=EDGE_CURVE('',#7576,#7574,#469,.T.);
#6024=EDGE_CURVE('',#7577,#7576,#470,.T.);
#6025=EDGE_CURVE('',#7577,#7575,#471,.T.);
#6026=EDGE_CURVE('',#7578,#7576,#8560,.T.);
#6027=EDGE_CURVE('',#7579,#7578,#472,.T.);
#6028=EDGE_CURVE('',#7579,#7577,#8561,.T.);
#6029=EDGE_CURVE('',#7580,#7581,#8562,.T.);
#6030=EDGE_CURVE('',#7582,#7580,#473,.T.);
#6031=EDGE_CURVE('',#7582,#7583,#8563,.T.);
#6032=EDGE_CURVE('',#7583,#7581,#474,.T.);
#6033=EDGE_CURVE('',#7580,#7584,#475,.T.);
#6034=EDGE_CURVE('',#7585,#7584,#476,.T.);
#6035=EDGE_CURVE('',#7582,#7585,#477,.T.);
#6036=EDGE_CURVE('',#7586,#7584,#8564,.T.);
#6037=EDGE_CURVE('',#7587,#7586,#478,.T.);
#6038=EDGE_CURVE('',#7587,#7585,#8565,.T.);
#6039=EDGE_CURVE('',#7586,#7588,#479,.T.);
#6040=EDGE_CURVE('',#7589,#7588,#480,.T.);
#6041=EDGE_CURVE('',#7587,#7589,#481,.T.);
#6042=EDGE_CURVE('',#7590,#7588,#8566,.T.);
#6043=EDGE_CURVE('',#7591,#7590,#482,.T.);
#6044=EDGE_CURVE('',#7591,#7589,#8567,.T.);
#6045=EDGE_CURVE('',#7592,#7590,#483,.T.);
#6046=EDGE_CURVE('',#7593,#7592,#484,.T.);
#6047=EDGE_CURVE('',#7593,#7591,#485,.T.);
#6048=EDGE_CURVE('',#7594,#7592,#8568,.T.);
#6049=EDGE_CURVE('',#7595,#7594,#486,.T.);
#6050=EDGE_CURVE('',#7595,#7593,#8569,.T.);
#6051=EDGE_CURVE('',#7596,#7597,#8570,.T.);
#6052=EDGE_CURVE('',#7598,#7596,#487,.T.);
#6053=EDGE_CURVE('',#7598,#7599,#8571,.T.);
#6054=EDGE_CURVE('',#7599,#7597,#488,.T.);
#6055=EDGE_CURVE('',#7596,#7600,#489,.T.);
#6056=EDGE_CURVE('',#7601,#7600,#490,.T.);
#6057=EDGE_CURVE('',#7598,#7601,#491,.T.);
#6058=EDGE_CURVE('',#7602,#7600,#8572,.T.);
#6059=EDGE_CURVE('',#7603,#7602,#492,.T.);
#6060=EDGE_CURVE('',#7603,#7601,#8573,.T.);
#6061=EDGE_CURVE('',#7604,#7602,#493,.T.);
#6062=EDGE_CURVE('',#7605,#7604,#494,.T.);
#6063=EDGE_CURVE('',#7605,#7603,#495,.T.);
#6064=EDGE_CURVE('',#7606,#7604,#8574,.T.);
#6065=EDGE_CURVE('',#7607,#7606,#496,.T.);
#6066=EDGE_CURVE('',#7607,#7605,#8575,.T.);
#6067=EDGE_CURVE('',#7608,#7606,#497,.T.);
#6068=EDGE_CURVE('',#7609,#7608,#498,.T.);
#6069=EDGE_CURVE('',#7609,#7607,#499,.T.);
#6070=EDGE_CURVE('',#7610,#7608,#8576,.T.);
#6071=EDGE_CURVE('',#7611,#7610,#500,.T.);
#6072=EDGE_CURVE('',#7611,#7609,#8577,.T.);
#6073=EDGE_CURVE('',#7612,#7613,#8578,.T.);
#6074=EDGE_CURVE('',#7614,#7612,#501,.T.);
#6075=EDGE_CURVE('',#7614,#7615,#8579,.T.);
#6076=EDGE_CURVE('',#7615,#7613,#502,.T.);
#6077=EDGE_CURVE('',#7612,#7616,#503,.T.);
#6078=EDGE_CURVE('',#7617,#7616,#504,.T.);
#6079=EDGE_CURVE('',#7614,#7617,#505,.T.);
#6080=EDGE_CURVE('',#7618,#7616,#8580,.T.);
#6081=EDGE_CURVE('',#7619,#7618,#506,.T.);
#6082=EDGE_CURVE('',#7619,#7617,#8581,.T.);
#6083=EDGE_CURVE('',#7618,#7620,#507,.T.);
#6084=EDGE_CURVE('',#7621,#7620,#508,.T.);
#6085=EDGE_CURVE('',#7619,#7621,#509,.T.);
#6086=EDGE_CURVE('',#7622,#7620,#8582,.T.);
#6087=EDGE_CURVE('',#7623,#7622,#510,.T.);
#6088=EDGE_CURVE('',#7623,#7621,#8583,.T.);
#6089=EDGE_CURVE('',#7624,#7622,#511,.T.);
#6090=EDGE_CURVE('',#7625,#7624,#512,.T.);
#6091=EDGE_CURVE('',#7625,#7623,#513,.T.);
#6092=EDGE_CURVE('',#7626,#7624,#8584,.T.);
#6093=EDGE_CURVE('',#7627,#7626,#514,.T.);
#6094=EDGE_CURVE('',#7627,#7625,#8585,.T.);
#6095=EDGE_CURVE('',#7628,#7629,#8586,.T.);
#6096=EDGE_CURVE('',#7630,#7628,#515,.T.);
#6097=EDGE_CURVE('',#7630,#7631,#8587,.T.);
#6098=EDGE_CURVE('',#7631,#7629,#516,.T.);
#6099=EDGE_CURVE('',#7628,#7632,#517,.T.);
#6100=EDGE_CURVE('',#7633,#7632,#518,.T.);
#6101=EDGE_CURVE('',#7630,#7633,#519,.T.);
#6102=EDGE_CURVE('',#7634,#7632,#8588,.T.);
#6103=EDGE_CURVE('',#7635,#7634,#520,.T.);
#6104=EDGE_CURVE('',#7635,#7633,#8589,.T.);
#6105=EDGE_CURVE('',#7634,#7636,#521,.T.);
#6106=EDGE_CURVE('',#7637,#7636,#522,.T.);
#6107=EDGE_CURVE('',#7635,#7637,#523,.T.);
#6108=EDGE_CURVE('',#7638,#7636,#8590,.T.);
#6109=EDGE_CURVE('',#7639,#7638,#524,.T.);
#6110=EDGE_CURVE('',#7639,#7637,#8591,.T.);
#6111=EDGE_CURVE('',#7640,#7638,#525,.T.);
#6112=EDGE_CURVE('',#7641,#7640,#526,.T.);
#6113=EDGE_CURVE('',#7641,#7639,#527,.T.);
#6114=EDGE_CURVE('',#7642,#7640,#8592,.T.);
#6115=EDGE_CURVE('',#7643,#7642,#528,.T.);
#6116=EDGE_CURVE('',#7643,#7641,#8593,.T.);
#6117=EDGE_CURVE('',#7644,#7645,#8594,.T.);
#6118=EDGE_CURVE('',#7646,#7644,#529,.T.);
#6119=EDGE_CURVE('',#7646,#7647,#8595,.T.);
#6120=EDGE_CURVE('',#7647,#7645,#530,.T.);
#6121=EDGE_CURVE('',#7644,#7648,#531,.T.);
#6122=EDGE_CURVE('',#7649,#7648,#532,.T.);
#6123=EDGE_CURVE('',#7646,#7649,#533,.T.);
#6124=EDGE_CURVE('',#7650,#7648,#8596,.T.);
#6125=EDGE_CURVE('',#7651,#7650,#534,.T.);
#6126=EDGE_CURVE('',#7651,#7649,#8597,.T.);
#6127=EDGE_CURVE('',#7652,#7650,#535,.T.);
#6128=EDGE_CURVE('',#7653,#7652,#536,.T.);
#6129=EDGE_CURVE('',#7653,#7651,#537,.T.);
#6130=EDGE_CURVE('',#7654,#7652,#8598,.T.);
#6131=EDGE_CURVE('',#7655,#7654,#538,.T.);
#6132=EDGE_CURVE('',#7655,#7653,#8599,.T.);
#6133=EDGE_CURVE('',#7656,#7654,#539,.T.);
#6134=EDGE_CURVE('',#7657,#7656,#540,.T.);
#6135=EDGE_CURVE('',#7657,#7655,#541,.T.);
#6136=EDGE_CURVE('',#7658,#7656,#8600,.T.);
#6137=EDGE_CURVE('',#7659,#7658,#542,.T.);
#6138=EDGE_CURVE('',#7659,#7657,#8601,.T.);
#6139=EDGE_CURVE('',#7660,#7661,#8602,.T.);
#6140=EDGE_CURVE('',#7662,#7660,#543,.T.);
#6141=EDGE_CURVE('',#7662,#7663,#8603,.T.);
#6142=EDGE_CURVE('',#7663,#7661,#544,.T.);
#6143=EDGE_CURVE('',#7660,#7664,#545,.T.);
#6144=EDGE_CURVE('',#7665,#7664,#546,.T.);
#6145=EDGE_CURVE('',#7662,#7665,#547,.T.);
#6146=EDGE_CURVE('',#7666,#7664,#8604,.T.);
#6147=EDGE_CURVE('',#7667,#7666,#548,.T.);
#6148=EDGE_CURVE('',#7667,#7665,#8605,.T.);
#6149=EDGE_CURVE('',#7666,#7668,#549,.T.);
#6150=EDGE_CURVE('',#7669,#7668,#550,.T.);
#6151=EDGE_CURVE('',#7667,#7669,#551,.T.);
#6152=EDGE_CURVE('',#7670,#7668,#8606,.T.);
#6153=EDGE_CURVE('',#7671,#7670,#552,.T.);
#6154=EDGE_CURVE('',#7671,#7669,#8607,.T.);
#6155=EDGE_CURVE('',#7672,#7670,#553,.T.);
#6156=EDGE_CURVE('',#7673,#7672,#554,.T.);
#6157=EDGE_CURVE('',#7673,#7671,#555,.T.);
#6158=EDGE_CURVE('',#7674,#7672,#8608,.T.);
#6159=EDGE_CURVE('',#7675,#7674,#556,.T.);
#6160=EDGE_CURVE('',#7675,#7673,#8609,.T.);
#6161=EDGE_CURVE('',#7676,#7677,#8610,.T.);
#6162=EDGE_CURVE('',#7678,#7676,#557,.T.);
#6163=EDGE_CURVE('',#7678,#7679,#8611,.T.);
#6164=EDGE_CURVE('',#7679,#7677,#558,.T.);
#6165=EDGE_CURVE('',#7676,#7680,#559,.T.);
#6166=EDGE_CURVE('',#7681,#7680,#560,.T.);
#6167=EDGE_CURVE('',#7678,#7681,#561,.T.);
#6168=EDGE_CURVE('',#7682,#7680,#8612,.T.);
#6169=EDGE_CURVE('',#7683,#7682,#562,.T.);
#6170=EDGE_CURVE('',#7683,#7681,#8613,.T.);
#6171=EDGE_CURVE('',#7684,#7682,#563,.T.);
#6172=EDGE_CURVE('',#7685,#7684,#564,.T.);
#6173=EDGE_CURVE('',#7685,#7683,#565,.T.);
#6174=EDGE_CURVE('',#7686,#7684,#8614,.T.);
#6175=EDGE_CURVE('',#7687,#7686,#566,.T.);
#6176=EDGE_CURVE('',#7687,#7685,#8615,.T.);
#6177=EDGE_CURVE('',#7688,#7686,#567,.T.);
#6178=EDGE_CURVE('',#7689,#7688,#568,.T.);
#6179=EDGE_CURVE('',#7689,#7687,#569,.T.);
#6180=EDGE_CURVE('',#7690,#7688,#8616,.T.);
#6181=EDGE_CURVE('',#7691,#7690,#570,.T.);
#6182=EDGE_CURVE('',#7691,#7689,#8617,.T.);
#6183=EDGE_CURVE('',#7692,#7693,#571,.T.);
#6184=EDGE_CURVE('',#7694,#7693,#572,.T.);
#6185=EDGE_CURVE('',#7695,#7694,#573,.T.);
#6186=EDGE_CURVE('',#7695,#7692,#574,.T.);
#6187=EDGE_CURVE('',#7693,#7696,#575,.T.);
#6188=EDGE_CURVE('',#7697,#7696,#576,.T.);
#6189=EDGE_CURVE('',#7694,#7697,#577,.T.);
#6190=EDGE_CURVE('',#7696,#7698,#8618,.T.);
#6191=EDGE_CURVE('',#7699,#7698,#578,.T.);
#6192=EDGE_CURVE('',#7697,#7699,#8619,.T.);
#6193=EDGE_CURVE('',#7698,#7700,#579,.T.);
#6194=EDGE_CURVE('',#7701,#7700,#580,.T.);
#6195=EDGE_CURVE('',#7699,#7701,#581,.T.);
#6196=EDGE_CURVE('',#7700,#7702,#8620,.T.);
#6197=EDGE_CURVE('',#7703,#7702,#582,.T.);
#6198=EDGE_CURVE('',#7701,#7703,#8621,.T.);
#6199=EDGE_CURVE('',#7702,#7704,#583,.T.);
#6200=EDGE_CURVE('',#7705,#7704,#584,.T.);
#6201=EDGE_CURVE('',#7703,#7705,#585,.T.);
#6202=EDGE_CURVE('',#7704,#7706,#586,.T.);
#6203=EDGE_CURVE('',#7707,#7706,#587,.T.);
#6204=EDGE_CURVE('',#7705,#7707,#588,.T.);
#6205=EDGE_CURVE('',#7708,#7706,#589,.T.);
#6206=EDGE_CURVE('',#7709,#7708,#590,.T.);
#6207=EDGE_CURVE('',#7709,#7707,#591,.T.);
#6208=EDGE_CURVE('',#7710,#7708,#592,.T.);
#6209=EDGE_CURVE('',#7711,#7710,#593,.T.);
#6210=EDGE_CURVE('',#7711,#7709,#594,.T.);
#6211=EDGE_CURVE('',#7710,#7712,#595,.T.);
#6212=EDGE_CURVE('',#7713,#7712,#596,.T.);
#6213=EDGE_CURVE('',#7711,#7713,#597,.T.);
#6214=EDGE_CURVE('',#7714,#7712,#598,.T.);
#6215=EDGE_CURVE('',#7715,#7714,#599,.T.);
#6216=EDGE_CURVE('',#7715,#7713,#600,.T.);
#6217=EDGE_CURVE('',#7714,#7716,#601,.T.);
#6218=EDGE_CURVE('',#7717,#7716,#602,.T.);
#6219=EDGE_CURVE('',#7715,#7717,#603,.T.);
#6220=EDGE_CURVE('',#7718,#7716,#604,.T.);
#6221=EDGE_CURVE('',#7719,#7718,#605,.T.);
#6222=EDGE_CURVE('',#7719,#7717,#606,.T.);
#6223=EDGE_CURVE('',#7720,#7718,#607,.T.);
#6224=EDGE_CURVE('',#7721,#7720,#608,.T.);
#6225=EDGE_CURVE('',#7721,#7719,#609,.T.);
#6226=EDGE_CURVE('',#7722,#7723,#8622,.T.);
#6227=EDGE_CURVE('',#7724,#7722,#610,.T.);
#6228=EDGE_CURVE('',#7724,#7725,#8623,.T.);
#6229=EDGE_CURVE('',#7725,#7723,#611,.T.);
#6230=EDGE_CURVE('',#7726,#7722,#612,.T.);
#6231=EDGE_CURVE('',#7727,#7726,#613,.T.);
#6232=EDGE_CURVE('',#7727,#7724,#614,.T.);
#6233=EDGE_CURVE('',#7728,#7726,#8624,.T.);
#6234=EDGE_CURVE('',#7729,#7728,#615,.T.);
#6235=EDGE_CURVE('',#7729,#7727,#8625,.T.);
#6236=EDGE_CURVE('',#7728,#7730,#616,.T.);
#6237=EDGE_CURVE('',#7731,#7730,#617,.T.);
#6238=EDGE_CURVE('',#7729,#7731,#618,.T.);
#6239=EDGE_CURVE('',#7732,#7730,#8626,.T.);
#6240=EDGE_CURVE('',#7733,#7732,#619,.T.);
#6241=EDGE_CURVE('',#7733,#7731,#8627,.T.);
#6242=EDGE_CURVE('',#7732,#7734,#620,.T.);
#6243=EDGE_CURVE('',#7735,#7734,#621,.T.);
#6244=EDGE_CURVE('',#7733,#7735,#622,.T.);
#6245=EDGE_CURVE('',#7736,#7734,#8628,.T.);
#6246=EDGE_CURVE('',#7737,#7736,#623,.T.);
#6247=EDGE_CURVE('',#7737,#7735,#8629,.T.);
#6248=EDGE_CURVE('',#7738,#7739,#8630,.T.);
#6249=EDGE_CURVE('',#7740,#7738,#624,.T.);
#6250=EDGE_CURVE('',#7740,#7741,#8631,.T.);
#6251=EDGE_CURVE('',#7741,#7739,#625,.T.);
#6252=EDGE_CURVE('',#7738,#7742,#626,.T.);
#6253=EDGE_CURVE('',#7743,#7742,#627,.T.);
#6254=EDGE_CURVE('',#7740,#7743,#628,.T.);
#6255=EDGE_CURVE('',#7744,#7742,#8632,.T.);
#6256=EDGE_CURVE('',#7745,#7744,#629,.T.);
#6257=EDGE_CURVE('',#7745,#7743,#8633,.T.);
#6258=EDGE_CURVE('',#7746,#7744,#630,.T.);
#6259=EDGE_CURVE('',#7747,#7746,#631,.T.);
#6260=EDGE_CURVE('',#7747,#7745,#632,.T.);
#6261=EDGE_CURVE('',#7748,#7746,#8634,.T.);
#6262=EDGE_CURVE('',#7749,#7748,#633,.T.);
#6263=EDGE_CURVE('',#7749,#7747,#8635,.T.);
#6264=EDGE_CURVE('',#7750,#7748,#634,.T.);
#6265=EDGE_CURVE('',#7751,#7750,#635,.T.);
#6266=EDGE_CURVE('',#7751,#7749,#636,.T.);
#6267=EDGE_CURVE('',#7752,#7750,#8636,.T.);
#6268=EDGE_CURVE('',#7753,#7752,#637,.T.);
#6269=EDGE_CURVE('',#7753,#7751,#8637,.T.);
#6270=EDGE_CURVE('',#7754,#7755,#8638,.T.);
#6271=EDGE_CURVE('',#7756,#7754,#638,.T.);
#6272=EDGE_CURVE('',#7756,#7757,#8639,.T.);
#6273=EDGE_CURVE('',#7757,#7755,#639,.T.);
#6274=EDGE_CURVE('',#7754,#7758,#640,.T.);
#6275=EDGE_CURVE('',#7759,#7758,#641,.T.);
#6276=EDGE_CURVE('',#7756,#7759,#642,.T.);
#6277=EDGE_CURVE('',#7760,#7758,#8640,.T.);
#6278=EDGE_CURVE('',#7761,#7760,#643,.T.);
#6279=EDGE_CURVE('',#7761,#7759,#8641,.T.);
#6280=EDGE_CURVE('',#7762,#7760,#644,.T.);
#6281=EDGE_CURVE('',#7763,#7762,#645,.T.);
#6282=EDGE_CURVE('',#7763,#7761,#646,.T.);
#6283=EDGE_CURVE('',#7764,#7762,#8642,.T.);
#6284=EDGE_CURVE('',#7765,#7764,#647,.T.);
#6285=EDGE_CURVE('',#7765,#7763,#8643,.T.);
#6286=EDGE_CURVE('',#7766,#7764,#648,.T.);
#6287=EDGE_CURVE('',#7767,#7766,#649,.T.);
#6288=EDGE_CURVE('',#7767,#7765,#650,.T.);
#6289=EDGE_CURVE('',#7768,#7766,#8644,.T.);
#6290=EDGE_CURVE('',#7769,#7768,#651,.T.);
#6291=EDGE_CURVE('',#7769,#7767,#8645,.T.);
#6292=EDGE_CURVE('',#7770,#7771,#8646,.T.);
#6293=EDGE_CURVE('',#7772,#7770,#652,.T.);
#6294=EDGE_CURVE('',#7772,#7773,#8647,.T.);
#6295=EDGE_CURVE('',#7773,#7771,#653,.T.);
#6296=EDGE_CURVE('',#7770,#7774,#654,.T.);
#6297=EDGE_CURVE('',#7775,#7774,#655,.T.);
#6298=EDGE_CURVE('',#7772,#7775,#656,.T.);
#6299=EDGE_CURVE('',#7776,#7774,#8648,.T.);
#6300=EDGE_CURVE('',#7777,#7776,#657,.T.);
#6301=EDGE_CURVE('',#7777,#7775,#8649,.T.);
#6302=EDGE_CURVE('',#7776,#7778,#658,.T.);
#6303=EDGE_CURVE('',#7779,#7778,#659,.T.);
#6304=EDGE_CURVE('',#7777,#7779,#660,.T.);
#6305=EDGE_CURVE('',#7780,#7778,#8650,.T.);
#6306=EDGE_CURVE('',#7781,#7780,#661,.T.);
#6307=EDGE_CURVE('',#7781,#7779,#8651,.T.);
#6308=EDGE_CURVE('',#7782,#7780,#662,.T.);
#6309=EDGE_CURVE('',#7783,#7782,#663,.T.);
#6310=EDGE_CURVE('',#7783,#7781,#664,.T.);
#6311=EDGE_CURVE('',#7784,#7782,#8652,.T.);
#6312=EDGE_CURVE('',#7785,#7784,#665,.T.);
#6313=EDGE_CURVE('',#7785,#7783,#8653,.T.);
#6314=EDGE_CURVE('',#7786,#7787,#8654,.T.);
#6315=EDGE_CURVE('',#7788,#7786,#666,.T.);
#6316=EDGE_CURVE('',#7788,#7789,#8655,.T.);
#6317=EDGE_CURVE('',#7789,#7787,#667,.T.);
#6318=EDGE_CURVE('',#7786,#7790,#668,.T.);
#6319=EDGE_CURVE('',#7791,#7790,#669,.T.);
#6320=EDGE_CURVE('',#7788,#7791,#670,.T.);
#6321=EDGE_CURVE('',#7792,#7790,#8656,.T.);
#6322=EDGE_CURVE('',#7793,#7792,#671,.T.);
#6323=EDGE_CURVE('',#7793,#7791,#8657,.T.);
#6324=EDGE_CURVE('',#7792,#7794,#672,.T.);
#6325=EDGE_CURVE('',#7795,#7794,#673,.T.);
#6326=EDGE_CURVE('',#7793,#7795,#674,.T.);
#6327=EDGE_CURVE('',#7796,#7794,#8658,.T.);
#6328=EDGE_CURVE('',#7797,#7796,#675,.T.);
#6329=EDGE_CURVE('',#7797,#7795,#8659,.T.);
#6330=EDGE_CURVE('',#7798,#7796,#676,.T.);
#6331=EDGE_CURVE('',#7799,#7798,#677,.T.);
#6332=EDGE_CURVE('',#7799,#7797,#678,.T.);
#6333=EDGE_CURVE('',#7800,#7798,#8660,.T.);
#6334=EDGE_CURVE('',#7801,#7800,#679,.T.);
#6335=EDGE_CURVE('',#7801,#7799,#8661,.T.);
#6336=EDGE_CURVE('',#7802,#7803,#8662,.T.);
#6337=EDGE_CURVE('',#7804,#7802,#680,.T.);
#6338=EDGE_CURVE('',#7804,#7805,#8663,.T.);
#6339=EDGE_CURVE('',#7805,#7803,#681,.T.);
#6340=EDGE_CURVE('',#7806,#7802,#682,.T.);
#6341=EDGE_CURVE('',#7807,#7806,#683,.T.);
#6342=EDGE_CURVE('',#7807,#7804,#684,.T.);
#6343=EDGE_CURVE('',#7808,#7806,#8664,.T.);
#6344=EDGE_CURVE('',#7809,#7808,#685,.T.);
#6345=EDGE_CURVE('',#7809,#7807,#8665,.T.);
#6346=EDGE_CURVE('',#7808,#7810,#686,.T.);
#6347=EDGE_CURVE('',#7811,#7810,#687,.T.);
#6348=EDGE_CURVE('',#7809,#7811,#688,.T.);
#6349=EDGE_CURVE('',#7812,#7810,#8666,.T.);
#6350=EDGE_CURVE('',#7813,#7812,#689,.T.);
#6351=EDGE_CURVE('',#7813,#7811,#8667,.T.);
#6352=EDGE_CURVE('',#7812,#7814,#690,.T.);
#6353=EDGE_CURVE('',#7815,#7814,#691,.T.);
#6354=EDGE_CURVE('',#7813,#7815,#692,.T.);
#6355=EDGE_CURVE('',#7816,#7814,#8668,.T.);
#6356=EDGE_CURVE('',#7817,#7816,#693,.T.);
#6357=EDGE_CURVE('',#7817,#7815,#8669,.T.);
#6358=EDGE_CURVE('',#7818,#7819,#8670,.T.);
#6359=EDGE_CURVE('',#7820,#7818,#694,.T.);
#6360=EDGE_CURVE('',#7820,#7821,#8671,.T.);
#6361=EDGE_CURVE('',#7821,#7819,#695,.T.);
#6362=EDGE_CURVE('',#7818,#7822,#696,.T.);
#6363=EDGE_CURVE('',#7823,#7822,#697,.T.);
#6364=EDGE_CURVE('',#7820,#7823,#698,.T.);
#6365=EDGE_CURVE('',#7824,#7822,#8672,.T.);
#6366=EDGE_CURVE('',#7825,#7824,#699,.T.);
#6367=EDGE_CURVE('',#7825,#7823,#8673,.T.);
#6368=EDGE_CURVE('',#7824,#7826,#700,.T.);
#6369=EDGE_CURVE('',#7827,#7826,#701,.T.);
#6370=EDGE_CURVE('',#7825,#7827,#702,.T.);
#6371=EDGE_CURVE('',#7828,#7826,#8674,.T.);
#6372=EDGE_CURVE('',#7829,#7828,#703,.T.);
#6373=EDGE_CURVE('',#7829,#7827,#8675,.T.);
#6374=EDGE_CURVE('',#7830,#7828,#704,.T.);
#6375=EDGE_CURVE('',#7831,#7830,#705,.T.);
#6376=EDGE_CURVE('',#7831,#7829,#706,.T.);
#6377=EDGE_CURVE('',#7832,#7830,#8676,.T.);
#6378=EDGE_CURVE('',#7833,#7832,#707,.T.);
#6379=EDGE_CURVE('',#7833,#7831,#8677,.T.);
#6380=EDGE_CURVE('',#7834,#7835,#8678,.T.);
#6381=EDGE_CURVE('',#7836,#7834,#708,.T.);
#6382=EDGE_CURVE('',#7836,#7837,#8679,.T.);
#6383=EDGE_CURVE('',#7837,#7835,#709,.T.);
#6384=EDGE_CURVE('',#7834,#7838,#710,.T.);
#6385=EDGE_CURVE('',#7839,#7838,#711,.T.);
#6386=EDGE_CURVE('',#7836,#7839,#712,.T.);
#6387=EDGE_CURVE('',#7840,#7838,#8680,.T.);
#6388=EDGE_CURVE('',#7841,#7840,#713,.T.);
#6389=EDGE_CURVE('',#7841,#7839,#8681,.T.);
#6390=EDGE_CURVE('',#7840,#7842,#714,.T.);
#6391=EDGE_CURVE('',#7843,#7842,#715,.T.);
#6392=EDGE_CURVE('',#7841,#7843,#716,.T.);
#6393=EDGE_CURVE('',#7844,#7842,#8682,.T.);
#6394=EDGE_CURVE('',#7845,#7844,#717,.T.);
#6395=EDGE_CURVE('',#7845,#7843,#8683,.T.);
#6396=EDGE_CURVE('',#7846,#7844,#718,.T.);
#6397=EDGE_CURVE('',#7847,#7846,#719,.T.);
#6398=EDGE_CURVE('',#7847,#7845,#720,.T.);
#6399=EDGE_CURVE('',#7848,#7846,#8684,.T.);
#6400=EDGE_CURVE('',#7849,#7848,#721,.T.);
#6401=EDGE_CURVE('',#7849,#7847,#8685,.T.);
#6402=EDGE_CURVE('',#7850,#7851,#8686,.T.);
#6403=EDGE_CURVE('',#7852,#7850,#722,.T.);
#6404=EDGE_CURVE('',#7852,#7853,#8687,.T.);
#6405=EDGE_CURVE('',#7853,#7851,#723,.T.);
#6406=EDGE_CURVE('',#7854,#7850,#724,.T.);
#6407=EDGE_CURVE('',#7855,#7854,#725,.T.);
#6408=EDGE_CURVE('',#7855,#7852,#726,.T.);
#6409=EDGE_CURVE('',#7856,#7854,#8688,.T.);
#6410=EDGE_CURVE('',#7857,#7856,#727,.T.);
#6411=EDGE_CURVE('',#7857,#7855,#8689,.T.);
#6412=EDGE_CURVE('',#7858,#7856,#728,.T.);
#6413=EDGE_CURVE('',#7859,#7858,#729,.T.);
#6414=EDGE_CURVE('',#7859,#7857,#730,.T.);
#6415=EDGE_CURVE('',#7860,#7858,#8690,.T.);
#6416=EDGE_CURVE('',#7861,#7860,#731,.T.);
#6417=EDGE_CURVE('',#7861,#7859,#8691,.T.);
#6418=EDGE_CURVE('',#7860,#7862,#732,.T.);
#6419=EDGE_CURVE('',#7863,#7862,#733,.T.);
#6420=EDGE_CURVE('',#7861,#7863,#734,.T.);
#6421=EDGE_CURVE('',#7864,#7862,#8692,.T.);
#6422=EDGE_CURVE('',#7865,#7864,#735,.T.);
#6423=EDGE_CURVE('',#7865,#7863,#8693,.T.);
#6424=EDGE_CURVE('',#7866,#7867,#8694,.T.);
#6425=EDGE_CURVE('',#7868,#7866,#736,.T.);
#6426=EDGE_CURVE('',#7868,#7869,#8695,.T.);
#6427=EDGE_CURVE('',#7869,#7867,#737,.T.);
#6428=EDGE_CURVE('',#7866,#7870,#738,.T.);
#6429=EDGE_CURVE('',#7871,#7870,#739,.T.);
#6430=EDGE_CURVE('',#7868,#7871,#740,.T.);
#6431=EDGE_CURVE('',#7872,#7870,#8696,.T.);
#6432=EDGE_CURVE('',#7873,#7872,#741,.T.);
#6433=EDGE_CURVE('',#7873,#7871,#8697,.T.);
#6434=EDGE_CURVE('',#7872,#7874,#742,.T.);
#6435=EDGE_CURVE('',#7875,#7874,#743,.T.);
#6436=EDGE_CURVE('',#7873,#7875,#744,.T.);
#6437=EDGE_CURVE('',#7876,#7874,#8698,.T.);
#6438=EDGE_CURVE('',#7877,#7876,#745,.T.);
#6439=EDGE_CURVE('',#7877,#7875,#8699,.T.);
#6440=EDGE_CURVE('',#7878,#7876,#746,.T.);
#6441=EDGE_CURVE('',#7879,#7878,#747,.T.);
#6442=EDGE_CURVE('',#7879,#7877,#748,.T.);
#6443=EDGE_CURVE('',#7880,#7878,#8700,.T.);
#6444=EDGE_CURVE('',#7881,#7880,#749,.T.);
#6445=EDGE_CURVE('',#7881,#7879,#8701,.T.);
#6446=EDGE_CURVE('',#7882,#7883,#8702,.T.);
#6447=EDGE_CURVE('',#7884,#7882,#750,.T.);
#6448=EDGE_CURVE('',#7884,#7885,#8703,.T.);
#6449=EDGE_CURVE('',#7885,#7883,#751,.T.);
#6450=EDGE_CURVE('',#7882,#7886,#752,.T.);
#6451=EDGE_CURVE('',#7887,#7886,#753,.T.);
#6452=EDGE_CURVE('',#7884,#7887,#754,.T.);
#6453=EDGE_CURVE('',#7888,#7886,#8704,.T.);
#6454=EDGE_CURVE('',#7889,#7888,#755,.T.);
#6455=EDGE_CURVE('',#7889,#7887,#8705,.T.);
#6456=EDGE_CURVE('',#7888,#7890,#756,.T.);
#6457=EDGE_CURVE('',#7891,#7890,#757,.T.);
#6458=EDGE_CURVE('',#7889,#7891,#758,.T.);
#6459=EDGE_CURVE('',#7892,#7890,#8706,.T.);
#6460=EDGE_CURVE('',#7893,#7892,#759,.T.);
#6461=EDGE_CURVE('',#7893,#7891,#8707,.T.);
#6462=EDGE_CURVE('',#7894,#7892,#760,.T.);
#6463=EDGE_CURVE('',#7895,#7894,#761,.T.);
#6464=EDGE_CURVE('',#7895,#7893,#762,.T.);
#6465=EDGE_CURVE('',#7896,#7894,#8708,.T.);
#6466=EDGE_CURVE('',#7897,#7896,#763,.T.);
#6467=EDGE_CURVE('',#7897,#7895,#8709,.T.);
#6468=EDGE_CURVE('',#7898,#7899,#8710,.T.);
#6469=EDGE_CURVE('',#7900,#7898,#764,.T.);
#6470=EDGE_CURVE('',#7900,#7901,#8711,.T.);
#6471=EDGE_CURVE('',#7901,#7899,#765,.T.);
#6472=EDGE_CURVE('',#7902,#7898,#766,.T.);
#6473=EDGE_CURVE('',#7903,#7902,#767,.T.);
#6474=EDGE_CURVE('',#7903,#7900,#768,.T.);
#6475=EDGE_CURVE('',#7904,#7902,#8712,.T.);
#6476=EDGE_CURVE('',#7905,#7904,#769,.T.);
#6477=EDGE_CURVE('',#7905,#7903,#8713,.T.);
#6478=EDGE_CURVE('',#7906,#7904,#770,.T.);
#6479=EDGE_CURVE('',#7907,#7906,#771,.T.);
#6480=EDGE_CURVE('',#7907,#7905,#772,.T.);
#6481=EDGE_CURVE('',#7908,#7906,#8714,.T.);
#6482=EDGE_CURVE('',#7909,#7908,#773,.T.);
#6483=EDGE_CURVE('',#7909,#7907,#8715,.T.);
#6484=EDGE_CURVE('',#7908,#7910,#774,.T.);
#6485=EDGE_CURVE('',#7911,#7910,#775,.T.);
#6486=EDGE_CURVE('',#7909,#7911,#776,.T.);
#6487=EDGE_CURVE('',#7912,#7910,#8716,.T.);
#6488=EDGE_CURVE('',#7913,#7912,#777,.T.);
#6489=EDGE_CURVE('',#7913,#7911,#8717,.T.);
#6490=EDGE_CURVE('',#7914,#7915,#8718,.T.);
#6491=EDGE_CURVE('',#7916,#7914,#778,.T.);
#6492=EDGE_CURVE('',#7916,#7917,#8719,.T.);
#6493=EDGE_CURVE('',#7917,#7915,#779,.T.);
#6494=EDGE_CURVE('',#7914,#7918,#780,.T.);
#6495=EDGE_CURVE('',#7919,#7918,#781,.T.);
#6496=EDGE_CURVE('',#7916,#7919,#782,.T.);
#6497=EDGE_CURVE('',#7920,#7918,#8720,.T.);
#6498=EDGE_CURVE('',#7921,#7920,#783,.T.);
#6499=EDGE_CURVE('',#7921,#7919,#8721,.T.);
#6500=EDGE_CURVE('',#7920,#7922,#784,.T.);
#6501=EDGE_CURVE('',#7923,#7922,#785,.T.);
#6502=EDGE_CURVE('',#7921,#7923,#786,.T.);
#6503=EDGE_CURVE('',#7924,#7922,#8722,.T.);
#6504=EDGE_CURVE('',#7925,#7924,#787,.T.);
#6505=EDGE_CURVE('',#7925,#7923,#8723,.T.);
#6506=EDGE_CURVE('',#7926,#7924,#788,.T.);
#6507=EDGE_CURVE('',#7927,#7926,#789,.T.);
#6508=EDGE_CURVE('',#7927,#7925,#790,.T.);
#6509=EDGE_CURVE('',#7928,#7926,#8724,.T.);
#6510=EDGE_CURVE('',#7929,#7928,#791,.T.);
#6511=EDGE_CURVE('',#7929,#7927,#8725,.T.);
#6512=EDGE_CURVE('',#7930,#7931,#8726,.T.);
#6513=EDGE_CURVE('',#7932,#7930,#792,.T.);
#6514=EDGE_CURVE('',#7932,#7933,#8727,.T.);
#6515=EDGE_CURVE('',#7933,#7931,#793,.T.);
#6516=EDGE_CURVE('',#7930,#7934,#794,.T.);
#6517=EDGE_CURVE('',#7935,#7934,#795,.T.);
#6518=EDGE_CURVE('',#7932,#7935,#796,.T.);
#6519=EDGE_CURVE('',#7936,#7934,#8728,.T.);
#6520=EDGE_CURVE('',#7937,#7936,#797,.T.);
#6521=EDGE_CURVE('',#7937,#7935,#8729,.T.);
#6522=EDGE_CURVE('',#7938,#7936,#798,.T.);
#6523=EDGE_CURVE('',#7939,#7938,#799,.T.);
#6524=EDGE_CURVE('',#7939,#7937,#800,.T.);
#6525=EDGE_CURVE('',#7940,#7938,#8730,.T.);
#6526=EDGE_CURVE('',#7941,#7940,#801,.T.);
#6527=EDGE_CURVE('',#7941,#7939,#8731,.T.);
#6528=EDGE_CURVE('',#7942,#7940,#802,.T.);
#6529=EDGE_CURVE('',#7943,#7942,#803,.T.);
#6530=EDGE_CURVE('',#7943,#7941,#804,.T.);
#6531=EDGE_CURVE('',#7944,#7942,#8732,.T.);
#6532=EDGE_CURVE('',#7945,#7944,#805,.T.);
#6533=EDGE_CURVE('',#7945,#7943,#8733,.T.);
#6534=EDGE_CURVE('',#7946,#7947,#806,.T.);
#6535=EDGE_CURVE('',#7948,#7946,#807,.T.);
#6536=EDGE_CURVE('',#7948,#7949,#808,.T.);
#6537=EDGE_CURVE('',#7949,#7947,#809,.T.);
#6538=EDGE_CURVE('',#7950,#7946,#8734,.T.);
#6539=EDGE_CURVE('',#7951,#7950,#810,.T.);
#6540=EDGE_CURVE('',#7951,#7948,#8735,.T.);
#6541=EDGE_CURVE('',#7950,#7952,#811,.T.);
#6542=EDGE_CURVE('',#7953,#7952,#812,.T.);
#6543=EDGE_CURVE('',#7951,#7953,#813,.T.);
#6544=EDGE_CURVE('',#7954,#7952,#8736,.T.);
#6545=EDGE_CURVE('',#7955,#7954,#814,.T.);
#6546=EDGE_CURVE('',#7955,#7953,#8737,.T.);
#6547=EDGE_CURVE('',#7954,#7956,#815,.T.);
#6548=EDGE_CURVE('',#7957,#7956,#816,.T.);
#6549=EDGE_CURVE('',#7955,#7957,#817,.T.);
#6550=EDGE_CURVE('',#7958,#7956,#8738,.T.);
#6551=EDGE_CURVE('',#7959,#7958,#818,.T.);
#6552=EDGE_CURVE('',#7959,#7957,#8739,.T.);
#6553=EDGE_CURVE('',#7960,#7958,#819,.T.);
#6554=EDGE_CURVE('',#7961,#7960,#820,.T.);
#6555=EDGE_CURVE('',#7961,#7959,#821,.T.);
#6556=EDGE_CURVE('',#7962,#7963,#8740,.T.);
#6557=EDGE_CURVE('',#7964,#7962,#822,.T.);
#6558=EDGE_CURVE('',#7964,#7965,#8741,.T.);
#6559=EDGE_CURVE('',#7965,#7963,#823,.T.);
#6560=EDGE_CURVE('',#7962,#7966,#824,.T.);
#6561=EDGE_CURVE('',#7967,#7966,#825,.T.);
#6562=EDGE_CURVE('',#7964,#7967,#826,.T.);
#6563=EDGE_CURVE('',#7968,#7966,#8742,.T.);
#6564=EDGE_CURVE('',#7969,#7968,#827,.T.);
#6565=EDGE_CURVE('',#7969,#7967,#8743,.T.);
#6566=EDGE_CURVE('',#7970,#7968,#828,.T.);
#6567=EDGE_CURVE('',#7971,#7970,#829,.T.);
#6568=EDGE_CURVE('',#7971,#7969,#830,.T.);
#6569=EDGE_CURVE('',#7972,#7970,#8744,.T.);
#6570=EDGE_CURVE('',#7973,#7972,#831,.T.);
#6571=EDGE_CURVE('',#7973,#7971,#8745,.T.);
#6572=EDGE_CURVE('',#7974,#7972,#832,.T.);
#6573=EDGE_CURVE('',#7975,#7974,#833,.T.);
#6574=EDGE_CURVE('',#7975,#7973,#834,.T.);
#6575=EDGE_CURVE('',#7976,#7974,#8746,.T.);
#6576=EDGE_CURVE('',#7977,#7976,#835,.T.);
#6577=EDGE_CURVE('',#7977,#7975,#8747,.T.);
#6578=EDGE_CURVE('',#7978,#7979,#8748,.T.);
#6579=EDGE_CURVE('',#7980,#7978,#836,.T.);
#6580=EDGE_CURVE('',#7980,#7981,#8749,.T.);
#6581=EDGE_CURVE('',#7981,#7979,#837,.T.);
#6582=EDGE_CURVE('',#7982,#7978,#838,.T.);
#6583=EDGE_CURVE('',#7983,#7982,#839,.T.);
#6584=EDGE_CURVE('',#7983,#7980,#840,.T.);
#6585=EDGE_CURVE('',#7984,#7982,#8750,.T.);
#6586=EDGE_CURVE('',#7985,#7984,#841,.T.);
#6587=EDGE_CURVE('',#7985,#7983,#8751,.T.);
#6588=EDGE_CURVE('',#7986,#7984,#842,.T.);
#6589=EDGE_CURVE('',#7987,#7986,#843,.T.);
#6590=EDGE_CURVE('',#7987,#7985,#844,.T.);
#6591=EDGE_CURVE('',#7988,#7986,#8752,.T.);
#6592=EDGE_CURVE('',#7989,#7988,#845,.T.);
#6593=EDGE_CURVE('',#7989,#7987,#8753,.T.);
#6594=EDGE_CURVE('',#7988,#7990,#846,.T.);
#6595=EDGE_CURVE('',#7991,#7990,#847,.T.);
#6596=EDGE_CURVE('',#7989,#7991,#848,.T.);
#6597=EDGE_CURVE('',#7992,#7990,#8754,.T.);
#6598=EDGE_CURVE('',#7993,#7992,#849,.T.);
#6599=EDGE_CURVE('',#7993,#7991,#8755,.T.);
#6600=EDGE_CURVE('',#7994,#7995,#8756,.T.);
#6601=EDGE_CURVE('',#7996,#7994,#850,.T.);
#6602=EDGE_CURVE('',#7996,#7997,#8757,.T.);
#6603=EDGE_CURVE('',#7997,#7995,#851,.T.);
#6604=EDGE_CURVE('',#7994,#7998,#852,.T.);
#6605=EDGE_CURVE('',#7999,#7998,#853,.T.);
#6606=EDGE_CURVE('',#7996,#7999,#854,.T.);
#6607=EDGE_CURVE('',#8000,#7998,#8758,.T.);
#6608=EDGE_CURVE('',#8001,#8000,#855,.T.);
#6609=EDGE_CURVE('',#8001,#7999,#8759,.T.);
#6610=EDGE_CURVE('',#8002,#8000,#856,.T.);
#6611=EDGE_CURVE('',#8003,#8002,#857,.T.);
#6612=EDGE_CURVE('',#8003,#8001,#858,.T.);
#6613=EDGE_CURVE('',#8004,#8002,#8760,.T.);
#6614=EDGE_CURVE('',#8005,#8004,#859,.T.);
#6615=EDGE_CURVE('',#8005,#8003,#8761,.T.);
#6616=EDGE_CURVE('',#8006,#8004,#860,.T.);
#6617=EDGE_CURVE('',#8007,#8006,#861,.T.);
#6618=EDGE_CURVE('',#8007,#8005,#862,.T.);
#6619=EDGE_CURVE('',#8008,#8006,#8762,.T.);
#6620=EDGE_CURVE('',#8009,#8008,#863,.T.);
#6621=EDGE_CURVE('',#8009,#8007,#8763,.T.);
#6622=EDGE_CURVE('',#8010,#8011,#8764,.T.);
#6623=EDGE_CURVE('',#8012,#8010,#864,.T.);
#6624=EDGE_CURVE('',#8012,#8013,#8765,.T.);
#6625=EDGE_CURVE('',#8013,#8011,#865,.T.);
#6626=EDGE_CURVE('',#8014,#8010,#866,.T.);
#6627=EDGE_CURVE('',#8015,#8014,#867,.T.);
#6628=EDGE_CURVE('',#8015,#8012,#868,.T.);
#6629=EDGE_CURVE('',#8016,#8014,#8766,.T.);
#6630=EDGE_CURVE('',#8017,#8016,#869,.T.);
#6631=EDGE_CURVE('',#8017,#8015,#8767,.T.);
#6632=EDGE_CURVE('',#8016,#8018,#870,.T.);
#6633=EDGE_CURVE('',#8019,#8018,#871,.T.);
#6634=EDGE_CURVE('',#8017,#8019,#872,.T.);
#6635=EDGE_CURVE('',#8020,#8018,#8768,.T.);
#6636=EDGE_CURVE('',#8021,#8020,#873,.T.);
#6637=EDGE_CURVE('',#8021,#8019,#8769,.T.);
#6638=EDGE_CURVE('',#8020,#8022,#874,.T.);
#6639=EDGE_CURVE('',#8023,#8022,#875,.T.);
#6640=EDGE_CURVE('',#8021,#8023,#876,.T.);
#6641=EDGE_CURVE('',#8024,#8022,#8770,.T.);
#6642=EDGE_CURVE('',#8025,#8024,#877,.T.);
#6643=EDGE_CURVE('',#8025,#8023,#8771,.T.);
#6644=EDGE_CURVE('',#8026,#8027,#8772,.T.);
#6645=EDGE_CURVE('',#8028,#8026,#878,.T.);
#6646=EDGE_CURVE('',#8028,#8029,#8773,.T.);
#6647=EDGE_CURVE('',#8029,#8027,#879,.T.);
#6648=EDGE_CURVE('',#8026,#8030,#880,.T.);
#6649=EDGE_CURVE('',#8031,#8030,#881,.T.);
#6650=EDGE_CURVE('',#8028,#8031,#882,.T.);
#6651=EDGE_CURVE('',#8032,#8030,#8774,.T.);
#6652=EDGE_CURVE('',#8033,#8032,#883,.T.);
#6653=EDGE_CURVE('',#8033,#8031,#8775,.T.);
#6654=EDGE_CURVE('',#8032,#8034,#884,.T.);
#6655=EDGE_CURVE('',#8035,#8034,#885,.T.);
#6656=EDGE_CURVE('',#8033,#8035,#886,.T.);
#6657=EDGE_CURVE('',#8036,#8034,#8776,.T.);
#6658=EDGE_CURVE('',#8037,#8036,#887,.T.);
#6659=EDGE_CURVE('',#8037,#8035,#8777,.T.);
#6660=EDGE_CURVE('',#8038,#8036,#888,.T.);
#6661=EDGE_CURVE('',#8039,#8038,#889,.T.);
#6662=EDGE_CURVE('',#8039,#8037,#890,.T.);
#6663=EDGE_CURVE('',#8040,#8038,#8778,.T.);
#6664=EDGE_CURVE('',#8041,#8040,#891,.T.);
#6665=EDGE_CURVE('',#8041,#8039,#8779,.T.);
#6666=EDGE_CURVE('',#8042,#8043,#8780,.T.);
#6667=EDGE_CURVE('',#8044,#8042,#892,.T.);
#6668=EDGE_CURVE('',#8044,#8045,#8781,.T.);
#6669=EDGE_CURVE('',#8045,#8043,#893,.T.);
#6670=EDGE_CURVE('',#8042,#8046,#894,.T.);
#6671=EDGE_CURVE('',#8047,#8046,#895,.T.);
#6672=EDGE_CURVE('',#8044,#8047,#896,.T.);
#6673=EDGE_CURVE('',#8048,#8046,#8782,.T.);
#6674=EDGE_CURVE('',#8049,#8048,#897,.T.);
#6675=EDGE_CURVE('',#8049,#8047,#8783,.T.);
#6676=EDGE_CURVE('',#8048,#8050,#898,.T.);
#6677=EDGE_CURVE('',#8051,#8050,#899,.T.);
#6678=EDGE_CURVE('',#8049,#8051,#900,.T.);
#6679=EDGE_CURVE('',#8052,#8050,#8784,.T.);
#6680=EDGE_CURVE('',#8053,#8052,#901,.T.);
#6681=EDGE_CURVE('',#8053,#8051,#8785,.T.);
#6682=EDGE_CURVE('',#8054,#8052,#902,.T.);
#6683=EDGE_CURVE('',#8055,#8054,#903,.T.);
#6684=EDGE_CURVE('',#8055,#8053,#904,.T.);
#6685=EDGE_CURVE('',#8056,#8054,#8786,.T.);
#6686=EDGE_CURVE('',#8057,#8056,#905,.T.);
#6687=EDGE_CURVE('',#8057,#8055,#8787,.T.);
#6688=EDGE_CURVE('',#8058,#8059,#8788,.T.);
#6689=EDGE_CURVE('',#8060,#8058,#906,.T.);
#6690=EDGE_CURVE('',#8060,#8061,#8789,.T.);
#6691=EDGE_CURVE('',#8061,#8059,#907,.T.);
#6692=EDGE_CURVE('',#8062,#8058,#908,.T.);
#6693=EDGE_CURVE('',#8063,#8062,#909,.T.);
#6694=EDGE_CURVE('',#8063,#8060,#910,.T.);
#6695=EDGE_CURVE('',#8064,#8062,#8790,.T.);
#6696=EDGE_CURVE('',#8065,#8064,#911,.T.);
#6697=EDGE_CURVE('',#8065,#8063,#8791,.T.);
#6698=EDGE_CURVE('',#8064,#8066,#912,.T.);
#6699=EDGE_CURVE('',#8067,#8066,#913,.T.);
#6700=EDGE_CURVE('',#8065,#8067,#914,.T.);
#6701=EDGE_CURVE('',#8068,#8066,#8792,.T.);
#6702=EDGE_CURVE('',#8069,#8068,#915,.T.);
#6703=EDGE_CURVE('',#8069,#8067,#8793,.T.);
#6704=EDGE_CURVE('',#8068,#8070,#916,.T.);
#6705=EDGE_CURVE('',#8071,#8070,#917,.T.);
#6706=EDGE_CURVE('',#8069,#8071,#918,.T.);
#6707=EDGE_CURVE('',#8072,#8070,#8794,.T.);
#6708=EDGE_CURVE('',#8073,#8072,#919,.T.);
#6709=EDGE_CURVE('',#8073,#8071,#8795,.T.);
#6710=EDGE_CURVE('',#8074,#8075,#8796,.T.);
#6711=EDGE_CURVE('',#8076,#8074,#920,.T.);
#6712=EDGE_CURVE('',#8076,#8077,#8797,.T.);
#6713=EDGE_CURVE('',#8077,#8075,#921,.T.);
#6714=EDGE_CURVE('',#8078,#8074,#922,.T.);
#6715=EDGE_CURVE('',#8079,#8078,#923,.T.);
#6716=EDGE_CURVE('',#8079,#8076,#924,.T.);
#6717=EDGE_CURVE('',#8080,#8078,#8798,.T.);
#6718=EDGE_CURVE('',#8081,#8080,#925,.T.);
#6719=EDGE_CURVE('',#8081,#8079,#8799,.T.);
#6720=EDGE_CURVE('',#8080,#8082,#926,.T.);
#6721=EDGE_CURVE('',#8083,#8082,#927,.T.);
#6722=EDGE_CURVE('',#8081,#8083,#928,.T.);
#6723=EDGE_CURVE('',#8084,#8082,#8800,.T.);
#6724=EDGE_CURVE('',#8085,#8084,#929,.T.);
#6725=EDGE_CURVE('',#8085,#8083,#8801,.T.);
#6726=EDGE_CURVE('',#8084,#8086,#930,.T.);
#6727=EDGE_CURVE('',#8087,#8086,#931,.T.);
#6728=EDGE_CURVE('',#8085,#8087,#932,.T.);
#6729=EDGE_CURVE('',#8088,#8086,#8802,.T.);
#6730=EDGE_CURVE('',#8089,#8088,#933,.T.);
#6731=EDGE_CURVE('',#8089,#8087,#8803,.T.);
#6732=EDGE_CURVE('',#8090,#8091,#8804,.T.);
#6733=EDGE_CURVE('',#8092,#8090,#934,.T.);
#6734=EDGE_CURVE('',#8092,#8093,#8805,.T.);
#6735=EDGE_CURVE('',#8093,#8091,#935,.T.);
#6736=EDGE_CURVE('',#8090,#8094,#936,.T.);
#6737=EDGE_CURVE('',#8095,#8094,#937,.T.);
#6738=EDGE_CURVE('',#8092,#8095,#938,.T.);
#6739=EDGE_CURVE('',#8096,#8094,#8806,.T.);
#6740=EDGE_CURVE('',#8097,#8096,#939,.T.);
#6741=EDGE_CURVE('',#8097,#8095,#8807,.T.);
#6742=EDGE_CURVE('',#8098,#8096,#940,.T.);
#6743=EDGE_CURVE('',#8099,#8098,#941,.T.);
#6744=EDGE_CURVE('',#8099,#8097,#942,.T.);
#6745=EDGE_CURVE('',#8100,#8098,#8808,.T.);
#6746=EDGE_CURVE('',#8101,#8100,#943,.T.);
#6747=EDGE_CURVE('',#8101,#8099,#8809,.T.);
#6748=EDGE_CURVE('',#8102,#8100,#944,.T.);
#6749=EDGE_CURVE('',#8103,#8102,#945,.T.);
#6750=EDGE_CURVE('',#8103,#8101,#946,.T.);
#6751=EDGE_CURVE('',#8104,#8102,#8810,.T.);
#6752=EDGE_CURVE('',#8105,#8104,#947,.T.);
#6753=EDGE_CURVE('',#8105,#8103,#8811,.T.);
#6754=EDGE_CURVE('',#8106,#8107,#8812,.T.);
#6755=EDGE_CURVE('',#8108,#8106,#948,.T.);
#6756=EDGE_CURVE('',#8108,#8109,#8813,.T.);
#6757=EDGE_CURVE('',#8109,#8107,#949,.T.);
#6758=EDGE_CURVE('',#8106,#8110,#950,.T.);
#6759=EDGE_CURVE('',#8111,#8110,#951,.T.);
#6760=EDGE_CURVE('',#8108,#8111,#952,.T.);
#6761=EDGE_CURVE('',#8112,#8110,#8814,.T.);
#6762=EDGE_CURVE('',#8113,#8112,#953,.T.);
#6763=EDGE_CURVE('',#8113,#8111,#8815,.T.);
#6764=EDGE_CURVE('',#8114,#8112,#954,.T.);
#6765=EDGE_CURVE('',#8115,#8114,#955,.T.);
#6766=EDGE_CURVE('',#8115,#8113,#956,.T.);
#6767=EDGE_CURVE('',#8116,#8114,#8816,.T.);
#6768=EDGE_CURVE('',#8117,#8116,#957,.T.);
#6769=EDGE_CURVE('',#8117,#8115,#8817,.T.);
#6770=EDGE_CURVE('',#8118,#8116,#958,.T.);
#6771=EDGE_CURVE('',#8119,#8118,#959,.T.);
#6772=EDGE_CURVE('',#8119,#8117,#960,.T.);
#6773=EDGE_CURVE('',#8120,#8118,#8818,.T.);
#6774=EDGE_CURVE('',#8121,#8120,#961,.T.);
#6775=EDGE_CURVE('',#8121,#8119,#8819,.T.);
#6776=EDGE_CURVE('',#8122,#8123,#962,.T.);
#6777=EDGE_CURVE('',#8124,#8122,#963,.T.);
#6778=EDGE_CURVE('',#8124,#8125,#964,.T.);
#6779=EDGE_CURVE('',#8125,#8123,#965,.T.);
#6780=EDGE_CURVE('',#8126,#8122,#8820,.T.);
#6781=EDGE_CURVE('',#8127,#8126,#966,.T.);
#6782=EDGE_CURVE('',#8127,#8124,#8821,.T.);
#6783=EDGE_CURVE('',#8126,#8128,#967,.T.);
#6784=EDGE_CURVE('',#8129,#8128,#968,.T.);
#6785=EDGE_CURVE('',#8127,#8129,#969,.T.);
#6786=EDGE_CURVE('',#8130,#8128,#8822,.T.);
#6787=EDGE_CURVE('',#8131,#8130,#970,.T.);
#6788=EDGE_CURVE('',#8131,#8129,#8823,.T.);
#6789=EDGE_CURVE('',#8130,#8132,#971,.T.);
#6790=EDGE_CURVE('',#8133,#8132,#972,.T.);
#6791=EDGE_CURVE('',#8131,#8133,#973,.T.);
#6792=EDGE_CURVE('',#8134,#8132,#8824,.T.);
#6793=EDGE_CURVE('',#8135,#8134,#974,.T.);
#6794=EDGE_CURVE('',#8135,#8133,#8825,.T.);
#6795=EDGE_CURVE('',#8136,#8134,#975,.T.);
#6796=EDGE_CURVE('',#8137,#8136,#976,.T.);
#6797=EDGE_CURVE('',#8137,#8135,#977,.T.);
#6798=EDGE_CURVE('',#8138,#8139,#8826,.T.);
#6799=EDGE_CURVE('',#8140,#8138,#978,.T.);
#6800=EDGE_CURVE('',#8140,#8141,#8827,.T.);
#6801=EDGE_CURVE('',#8141,#8139,#979,.T.);
#6802=EDGE_CURVE('',#8142,#8138,#980,.T.);
#6803=EDGE_CURVE('',#8143,#8142,#981,.T.);
#6804=EDGE_CURVE('',#8143,#8140,#982,.T.);
#6805=EDGE_CURVE('',#8144,#8142,#8828,.T.);
#6806=EDGE_CURVE('',#8145,#8144,#983,.T.);
#6807=EDGE_CURVE('',#8145,#8143,#8829,.T.);
#6808=EDGE_CURVE('',#8146,#8144,#984,.T.);
#6809=EDGE_CURVE('',#8147,#8146,#985,.T.);
#6810=EDGE_CURVE('',#8147,#8145,#986,.T.);
#6811=EDGE_CURVE('',#8148,#8146,#8830,.T.);
#6812=EDGE_CURVE('',#8149,#8148,#987,.T.);
#6813=EDGE_CURVE('',#8149,#8147,#8831,.T.);
#6814=EDGE_CURVE('',#8148,#8150,#988,.T.);
#6815=EDGE_CURVE('',#8151,#8150,#989,.T.);
#6816=EDGE_CURVE('',#8149,#8151,#990,.T.);
#6817=EDGE_CURVE('',#8152,#8150,#8832,.T.);
#6818=EDGE_CURVE('',#8153,#8152,#991,.T.);
#6819=EDGE_CURVE('',#8153,#8151,#8833,.T.);
#6820=EDGE_CURVE('',#8154,#8155,#8834,.T.);
#6821=EDGE_CURVE('',#8156,#8154,#992,.T.);
#6822=EDGE_CURVE('',#8156,#8157,#8835,.T.);
#6823=EDGE_CURVE('',#8157,#8155,#993,.T.);
#6824=EDGE_CURVE('',#8154,#8158,#994,.T.);
#6825=EDGE_CURVE('',#8159,#8158,#995,.T.);
#6826=EDGE_CURVE('',#8156,#8159,#996,.T.);
#6827=EDGE_CURVE('',#8160,#8158,#8836,.T.);
#6828=EDGE_CURVE('',#8161,#8160,#997,.T.);
#6829=EDGE_CURVE('',#8161,#8159,#8837,.T.);
#6830=EDGE_CURVE('',#8162,#8160,#998,.T.);
#6831=EDGE_CURVE('',#8163,#8162,#999,.T.);
#6832=EDGE_CURVE('',#8163,#8161,#1000,.T.);
#6833=EDGE_CURVE('',#8164,#8162,#8838,.T.);
#6834=EDGE_CURVE('',#8165,#8164,#1001,.T.);
#6835=EDGE_CURVE('',#8165,#8163,#8839,.T.);
#6836=EDGE_CURVE('',#8166,#8164,#1002,.T.);
#6837=EDGE_CURVE('',#8167,#8166,#1003,.T.);
#6838=EDGE_CURVE('',#8167,#8165,#1004,.T.);
#6839=EDGE_CURVE('',#8168,#8166,#8840,.T.);
#6840=EDGE_CURVE('',#8169,#8168,#1005,.T.);
#6841=EDGE_CURVE('',#8169,#8167,#8841,.T.);
#6842=EDGE_CURVE('',#8170,#8171,#8842,.T.);
#6843=EDGE_CURVE('',#8172,#8170,#1006,.T.);
#6844=EDGE_CURVE('',#8172,#8173,#8843,.T.);
#6845=EDGE_CURVE('',#8173,#8171,#1007,.T.);
#6846=EDGE_CURVE('',#8174,#8170,#1008,.T.);
#6847=EDGE_CURVE('',#8175,#8174,#1009,.T.);
#6848=EDGE_CURVE('',#8175,#8172,#1010,.T.);
#6849=EDGE_CURVE('',#8176,#8174,#8844,.T.);
#6850=EDGE_CURVE('',#8177,#8176,#1011,.T.);
#6851=EDGE_CURVE('',#8177,#8175,#8845,.T.);
#6852=EDGE_CURVE('',#8178,#8176,#1012,.T.);
#6853=EDGE_CURVE('',#8179,#8178,#1013,.T.);
#6854=EDGE_CURVE('',#8179,#8177,#1014,.T.);
#6855=EDGE_CURVE('',#8180,#8178,#8846,.T.);
#6856=EDGE_CURVE('',#8181,#8180,#1015,.T.);
#6857=EDGE_CURVE('',#8181,#8179,#8847,.T.);
#6858=EDGE_CURVE('',#8180,#8182,#1016,.T.);
#6859=EDGE_CURVE('',#8183,#8182,#1017,.T.);
#6860=EDGE_CURVE('',#8181,#8183,#1018,.T.);
#6861=EDGE_CURVE('',#8184,#8182,#8848,.T.);
#6862=EDGE_CURVE('',#8185,#8184,#1019,.T.);
#6863=EDGE_CURVE('',#8185,#8183,#8849,.T.);
#6864=EDGE_CURVE('',#8186,#8187,#1020,.T.);
#6865=EDGE_CURVE('',#8188,#8186,#1021,.T.);
#6866=EDGE_CURVE('',#8188,#8189,#1022,.T.);
#6867=EDGE_CURVE('',#8189,#8187,#1023,.T.);
#6868=EDGE_CURVE('',#8190,#8186,#8850,.T.);
#6869=EDGE_CURVE('',#8191,#8190,#1024,.T.);
#6870=EDGE_CURVE('',#8191,#8188,#8851,.T.);
#6871=EDGE_CURVE('',#8192,#8190,#1025,.T.);
#6872=EDGE_CURVE('',#8193,#8192,#1026,.T.);
#6873=EDGE_CURVE('',#8193,#8191,#1027,.T.);
#6874=EDGE_CURVE('',#8194,#8192,#8852,.T.);
#6875=EDGE_CURVE('',#8195,#8194,#1028,.T.);
#6876=EDGE_CURVE('',#8195,#8193,#8853,.T.);
#6877=EDGE_CURVE('',#8194,#8196,#1029,.T.);
#6878=EDGE_CURVE('',#8197,#8196,#1030,.T.);
#6879=EDGE_CURVE('',#8195,#8197,#1031,.T.);
#6880=EDGE_CURVE('',#8198,#8196,#8854,.T.);
#6881=EDGE_CURVE('',#8199,#8198,#1032,.T.);
#6882=EDGE_CURVE('',#8199,#8197,#8855,.T.);
#6883=EDGE_CURVE('',#8198,#8200,#1033,.T.);
#6884=EDGE_CURVE('',#8201,#8200,#1034,.T.);
#6885=EDGE_CURVE('',#8199,#8201,#1035,.T.);
#6886=EDGE_CURVE('',#8202,#8203,#1036,.T.);
#6887=EDGE_CURVE('',#8204,#8202,#1037,.T.);
#6888=EDGE_CURVE('',#8204,#8205,#1038,.T.);
#6889=EDGE_CURVE('',#8205,#8203,#1039,.T.);
#6890=EDGE_CURVE('',#8206,#8202,#8856,.T.);
#6891=EDGE_CURVE('',#8207,#8206,#1040,.T.);
#6892=EDGE_CURVE('',#8207,#8204,#8857,.T.);
#6893=EDGE_CURVE('',#8206,#8208,#1041,.T.);
#6894=EDGE_CURVE('',#8209,#8208,#1042,.T.);
#6895=EDGE_CURVE('',#8207,#8209,#1043,.T.);
#6896=EDGE_CURVE('',#8210,#8208,#8858,.T.);
#6897=EDGE_CURVE('',#8211,#8210,#1044,.T.);
#6898=EDGE_CURVE('',#8211,#8209,#8859,.T.);
#6899=EDGE_CURVE('',#8210,#8212,#1045,.T.);
#6900=EDGE_CURVE('',#8213,#8212,#1046,.T.);
#6901=EDGE_CURVE('',#8211,#8213,#1047,.T.);
#6902=EDGE_CURVE('',#8214,#8212,#8860,.T.);
#6903=EDGE_CURVE('',#8215,#8214,#1048,.T.);
#6904=EDGE_CURVE('',#8215,#8213,#8861,.T.);
#6905=EDGE_CURVE('',#8216,#8214,#1049,.T.);
#6906=EDGE_CURVE('',#8217,#8216,#1050,.T.);
#6907=EDGE_CURVE('',#8217,#8215,#1051,.T.);
#6908=EDGE_CURVE('',#8218,#8219,#8862,.T.);
#6909=EDGE_CURVE('',#8220,#8218,#1052,.T.);
#6910=EDGE_CURVE('',#8220,#8221,#8863,.T.);
#6911=EDGE_CURVE('',#8221,#8219,#1053,.T.);
#6912=EDGE_CURVE('',#8218,#8222,#1054,.T.);
#6913=EDGE_CURVE('',#8223,#8222,#1055,.T.);
#6914=EDGE_CURVE('',#8220,#8223,#1056,.T.);
#6915=EDGE_CURVE('',#8224,#8222,#8864,.T.);
#6916=EDGE_CURVE('',#8225,#8224,#1057,.T.);
#6917=EDGE_CURVE('',#8225,#8223,#8865,.T.);
#6918=EDGE_CURVE('',#8226,#8224,#1058,.T.);
#6919=EDGE_CURVE('',#8227,#8226,#1059,.T.);
#6920=EDGE_CURVE('',#8227,#8225,#1060,.T.);
#6921=EDGE_CURVE('',#8228,#8226,#8866,.T.);
#6922=EDGE_CURVE('',#8229,#8228,#1061,.T.);
#6923=EDGE_CURVE('',#8229,#8227,#8867,.T.);
#6924=EDGE_CURVE('',#8230,#8228,#1062,.T.);
#6925=EDGE_CURVE('',#8231,#8230,#1063,.T.);
#6926=EDGE_CURVE('',#8231,#8229,#1064,.T.);
#6927=EDGE_CURVE('',#8232,#8230,#8868,.T.);
#6928=EDGE_CURVE('',#8233,#8232,#1065,.T.);
#6929=EDGE_CURVE('',#8233,#8231,#8869,.T.);
#6930=EDGE_CURVE('',#8234,#8235,#8870,.T.);
#6931=EDGE_CURVE('',#8236,#8234,#1066,.T.);
#6932=EDGE_CURVE('',#8236,#8237,#8871,.T.);
#6933=EDGE_CURVE('',#8237,#8235,#1067,.T.);
#6934=EDGE_CURVE('',#8234,#8238,#1068,.T.);
#6935=EDGE_CURVE('',#8239,#8238,#1069,.T.);
#6936=EDGE_CURVE('',#8236,#8239,#1070,.T.);
#6937=EDGE_CURVE('',#8240,#8238,#8872,.T.);
#6938=EDGE_CURVE('',#8241,#8240,#1071,.T.);
#6939=EDGE_CURVE('',#8241,#8239,#8873,.T.);
#6940=EDGE_CURVE('',#8242,#8240,#1072,.T.);
#6941=EDGE_CURVE('',#8243,#8242,#1073,.T.);
#6942=EDGE_CURVE('',#8243,#8241,#1074,.T.);
#6943=EDGE_CURVE('',#8244,#8242,#8874,.T.);
#6944=EDGE_CURVE('',#8245,#8244,#1075,.T.);
#6945=EDGE_CURVE('',#8245,#8243,#8875,.T.);
#6946=EDGE_CURVE('',#8246,#8244,#1076,.T.);
#6947=EDGE_CURVE('',#8247,#8246,#1077,.T.);
#6948=EDGE_CURVE('',#8247,#8245,#1078,.T.);
#6949=EDGE_CURVE('',#8248,#8246,#8876,.T.);
#6950=EDGE_CURVE('',#8249,#8248,#1079,.T.);
#6951=EDGE_CURVE('',#8249,#8247,#8877,.T.);
#6952=EDGE_CURVE('',#8250,#8251,#8878,.T.);
#6953=EDGE_CURVE('',#8252,#8250,#1080,.T.);
#6954=EDGE_CURVE('',#8252,#8253,#8879,.T.);
#6955=EDGE_CURVE('',#8253,#8251,#1081,.T.);
#6956=EDGE_CURVE('',#8250,#8254,#1082,.T.);
#6957=EDGE_CURVE('',#8255,#8254,#1083,.T.);
#6958=EDGE_CURVE('',#8252,#8255,#1084,.T.);
#6959=EDGE_CURVE('',#8256,#8254,#8880,.T.);
#6960=EDGE_CURVE('',#8257,#8256,#1085,.T.);
#6961=EDGE_CURVE('',#8257,#8255,#8881,.T.);
#6962=EDGE_CURVE('',#8258,#8256,#1086,.T.);
#6963=EDGE_CURVE('',#8259,#8258,#1087,.T.);
#6964=EDGE_CURVE('',#8259,#8257,#1088,.T.);
#6965=EDGE_CURVE('',#8260,#8258,#8882,.T.);
#6966=EDGE_CURVE('',#8261,#8260,#1089,.T.);
#6967=EDGE_CURVE('',#8261,#8259,#8883,.T.);
#6968=EDGE_CURVE('',#8262,#8260,#1090,.T.);
#6969=EDGE_CURVE('',#8263,#8262,#1091,.T.);
#6970=EDGE_CURVE('',#8263,#8261,#1092,.T.);
#6971=EDGE_CURVE('',#8264,#8262,#8884,.T.);
#6972=EDGE_CURVE('',#8265,#8264,#1093,.T.);
#6973=EDGE_CURVE('',#8265,#8263,#8885,.T.);
#6974=EDGE_CURVE('',#8266,#8267,#8886,.T.);
#6975=EDGE_CURVE('',#8268,#8266,#1094,.T.);
#6976=EDGE_CURVE('',#8268,#8269,#8887,.T.);
#6977=EDGE_CURVE('',#8269,#8267,#1095,.T.);
#6978=EDGE_CURVE('',#8266,#8270,#1096,.T.);
#6979=EDGE_CURVE('',#8271,#8270,#1097,.T.);
#6980=EDGE_CURVE('',#8268,#8271,#1098,.T.);
#6981=EDGE_CURVE('',#8272,#8270,#8888,.T.);
#6982=EDGE_CURVE('',#8273,#8272,#1099,.T.);
#6983=EDGE_CURVE('',#8273,#8271,#8889,.T.);
#6984=EDGE_CURVE('',#8272,#8274,#1100,.T.);
#6985=EDGE_CURVE('',#8275,#8274,#1101,.T.);
#6986=EDGE_CURVE('',#8273,#8275,#1102,.T.);
#6987=EDGE_CURVE('',#8276,#8274,#8890,.T.);
#6988=EDGE_CURVE('',#8277,#8276,#1103,.T.);
#6989=EDGE_CURVE('',#8277,#8275,#8891,.T.);
#6990=EDGE_CURVE('',#8278,#8276,#1104,.T.);
#6991=EDGE_CURVE('',#8279,#8278,#1105,.T.);
#6992=EDGE_CURVE('',#8279,#8277,#1106,.T.);
#6993=EDGE_CURVE('',#8280,#8278,#8892,.T.);
#6994=EDGE_CURVE('',#8281,#8280,#1107,.T.);
#6995=EDGE_CURVE('',#8281,#8279,#8893,.T.);
#6996=EDGE_CURVE('',#8282,#8283,#8894,.T.);
#6997=EDGE_CURVE('',#8284,#8282,#1108,.T.);
#6998=EDGE_CURVE('',#8284,#8285,#8895,.T.);
#6999=EDGE_CURVE('',#8285,#8283,#1109,.T.);
#7000=EDGE_CURVE('',#8282,#8286,#1110,.T.);
#7001=EDGE_CURVE('',#8287,#8286,#1111,.T.);
#7002=EDGE_CURVE('',#8284,#8287,#1112,.T.);
#7003=EDGE_CURVE('',#8288,#8286,#8896,.T.);
#7004=EDGE_CURVE('',#8289,#8288,#1113,.T.);
#7005=EDGE_CURVE('',#8289,#8287,#8897,.T.);
#7006=EDGE_CURVE('',#8290,#8288,#1114,.T.);
#7007=EDGE_CURVE('',#8291,#8290,#1115,.T.);
#7008=EDGE_CURVE('',#8291,#8289,#1116,.T.);
#7009=EDGE_CURVE('',#8292,#8290,#8898,.T.);
#7010=EDGE_CURVE('',#8293,#8292,#1117,.T.);
#7011=EDGE_CURVE('',#8293,#8291,#8899,.T.);
#7012=EDGE_CURVE('',#8294,#8292,#1118,.T.);
#7013=EDGE_CURVE('',#8295,#8294,#1119,.T.);
#7014=EDGE_CURVE('',#8295,#8293,#1120,.T.);
#7015=EDGE_CURVE('',#8296,#8294,#8900,.T.);
#7016=EDGE_CURVE('',#8297,#8296,#1121,.T.);
#7017=EDGE_CURVE('',#8297,#8295,#8901,.T.);
#7018=EDGE_CURVE('',#8298,#8299,#8902,.T.);
#7019=EDGE_CURVE('',#8300,#8298,#1122,.T.);
#7020=EDGE_CURVE('',#8300,#8301,#8903,.T.);
#7021=EDGE_CURVE('',#8301,#8299,#1123,.T.);
#7022=EDGE_CURVE('',#8298,#8302,#1124,.T.);
#7023=EDGE_CURVE('',#8303,#8302,#1125,.T.);
#7024=EDGE_CURVE('',#8300,#8303,#1126,.T.);
#7025=EDGE_CURVE('',#8304,#8302,#8904,.T.);
#7026=EDGE_CURVE('',#8305,#8304,#1127,.T.);
#7027=EDGE_CURVE('',#8305,#8303,#8905,.T.);
#7028=EDGE_CURVE('',#8306,#8304,#1128,.T.);
#7029=EDGE_CURVE('',#8307,#8306,#1129,.T.);
#7030=EDGE_CURVE('',#8307,#8305,#1130,.T.);
#7031=EDGE_CURVE('',#8308,#8306,#8906,.T.);
#7032=EDGE_CURVE('',#8309,#8308,#1131,.T.);
#7033=EDGE_CURVE('',#8309,#8307,#8907,.T.);
#7034=EDGE_CURVE('',#8310,#8308,#1132,.T.);
#7035=EDGE_CURVE('',#8311,#8310,#1133,.T.);
#7036=EDGE_CURVE('',#8311,#8309,#1134,.T.);
#7037=EDGE_CURVE('',#8312,#8310,#8908,.T.);
#7038=EDGE_CURVE('',#8313,#8312,#1135,.T.);
#7039=EDGE_CURVE('',#8313,#8311,#8909,.T.);
#7040=EDGE_CURVE('',#8314,#8315,#8910,.T.);
#7041=EDGE_CURVE('',#8316,#8314,#1136,.T.);
#7042=EDGE_CURVE('',#8316,#8317,#8911,.T.);
#7043=EDGE_CURVE('',#8317,#8315,#1137,.T.);
#7044=EDGE_CURVE('',#8314,#8318,#1138,.T.);
#7045=EDGE_CURVE('',#8319,#8318,#1139,.T.);
#7046=EDGE_CURVE('',#8316,#8319,#1140,.T.);
#7047=EDGE_CURVE('',#8320,#8318,#8912,.T.);
#7048=EDGE_CURVE('',#8321,#8320,#1141,.T.);
#7049=EDGE_CURVE('',#8321,#8319,#8913,.T.);
#7050=EDGE_CURVE('',#8322,#8320,#1142,.T.);
#7051=EDGE_CURVE('',#8323,#8322,#1143,.T.);
#7052=EDGE_CURVE('',#8323,#8321,#1144,.T.);
#7053=EDGE_CURVE('',#8324,#8322,#8914,.T.);
#7054=EDGE_CURVE('',#8325,#8324,#1145,.T.);
#7055=EDGE_CURVE('',#8325,#8323,#8915,.T.);
#7056=EDGE_CURVE('',#8326,#8324,#1146,.T.);
#7057=EDGE_CURVE('',#8327,#8326,#1147,.T.);
#7058=EDGE_CURVE('',#8327,#8325,#1148,.T.);
#7059=EDGE_CURVE('',#8328,#8326,#8916,.T.);
#7060=EDGE_CURVE('',#8329,#8328,#1149,.T.);
#7061=EDGE_CURVE('',#8329,#8327,#8917,.T.);
#7062=EDGE_CURVE('',#8330,#8331,#8918,.T.);
#7063=EDGE_CURVE('',#8332,#8330,#1150,.T.);
#7064=EDGE_CURVE('',#8332,#8333,#8919,.T.);
#7065=EDGE_CURVE('',#8333,#8331,#1151,.T.);
#7066=EDGE_CURVE('',#8334,#8330,#1152,.T.);
#7067=EDGE_CURVE('',#8335,#8334,#1153,.T.);
#7068=EDGE_CURVE('',#8335,#8332,#1154,.T.);
#7069=EDGE_CURVE('',#8336,#8334,#8920,.T.);
#7070=EDGE_CURVE('',#8337,#8336,#1155,.T.);
#7071=EDGE_CURVE('',#8337,#8335,#8921,.T.);
#7072=EDGE_CURVE('',#8336,#8338,#1156,.T.);
#7073=EDGE_CURVE('',#8339,#8338,#1157,.T.);
#7074=EDGE_CURVE('',#8337,#8339,#1158,.T.);
#7075=EDGE_CURVE('',#8340,#8338,#8922,.T.);
#7076=EDGE_CURVE('',#8341,#8340,#1159,.T.);
#7077=EDGE_CURVE('',#8341,#8339,#8923,.T.);
#7078=EDGE_CURVE('',#8340,#8342,#1160,.T.);
#7079=EDGE_CURVE('',#8343,#8342,#1161,.T.);
#7080=EDGE_CURVE('',#8341,#8343,#1162,.T.);
#7081=EDGE_CURVE('',#8344,#8342,#8924,.T.);
#7082=EDGE_CURVE('',#8345,#8344,#1163,.T.);
#7083=EDGE_CURVE('',#8345,#8343,#8925,.T.);
#7084=EDGE_CURVE('',#8346,#8347,#8926,.T.);
#7085=EDGE_CURVE('',#8348,#8346,#1164,.T.);
#7086=EDGE_CURVE('',#8348,#8349,#8927,.T.);
#7087=EDGE_CURVE('',#8349,#8347,#1165,.T.);
#7088=EDGE_CURVE('',#8346,#8350,#1166,.T.);
#7089=EDGE_CURVE('',#8351,#8350,#1167,.T.);
#7090=EDGE_CURVE('',#8348,#8351,#1168,.T.);
#7091=EDGE_CURVE('',#8352,#8350,#8928,.T.);
#7092=EDGE_CURVE('',#8353,#8352,#1169,.T.);
#7093=EDGE_CURVE('',#8353,#8351,#8929,.T.);
#7094=EDGE_CURVE('',#8354,#8352,#1170,.T.);
#7095=EDGE_CURVE('',#8355,#8354,#1171,.T.);
#7096=EDGE_CURVE('',#8355,#8353,#1172,.T.);
#7097=EDGE_CURVE('',#8356,#8354,#8930,.T.);
#7098=EDGE_CURVE('',#8357,#8356,#1173,.T.);
#7099=EDGE_CURVE('',#8357,#8355,#8931,.T.);
#7100=EDGE_CURVE('',#8358,#8356,#1174,.T.);
#7101=EDGE_CURVE('',#8359,#8358,#1175,.T.);
#7102=EDGE_CURVE('',#8359,#8357,#1176,.T.);
#7103=EDGE_CURVE('',#8360,#8358,#8932,.T.);
#7104=EDGE_CURVE('',#8361,#8360,#1177,.T.);
#7105=EDGE_CURVE('',#8361,#8359,#8933,.T.);
#7106=EDGE_CURVE('',#8362,#8363,#8934,.T.);
#7107=EDGE_CURVE('',#8364,#8362,#1178,.T.);
#7108=EDGE_CURVE('',#8364,#8365,#8935,.T.);
#7109=EDGE_CURVE('',#8365,#8363,#1179,.T.);
#7110=EDGE_CURVE('',#8362,#8366,#1180,.T.);
#7111=EDGE_CURVE('',#8367,#8366,#1181,.T.);
#7112=EDGE_CURVE('',#8364,#8367,#1182,.T.);
#7113=EDGE_CURVE('',#8368,#8366,#8936,.T.);
#7114=EDGE_CURVE('',#8369,#8368,#1183,.T.);
#7115=EDGE_CURVE('',#8369,#8367,#8937,.T.);
#7116=EDGE_CURVE('',#8370,#8368,#1184,.T.);
#7117=EDGE_CURVE('',#8371,#8370,#1185,.T.);
#7118=EDGE_CURVE('',#8371,#8369,#1186,.T.);
#7119=EDGE_CURVE('',#8372,#8370,#8938,.T.);
#7120=EDGE_CURVE('',#8373,#8372,#1187,.T.);
#7121=EDGE_CURVE('',#8373,#8371,#8939,.T.);
#7122=EDGE_CURVE('',#8374,#8372,#1188,.T.);
#7123=EDGE_CURVE('',#8375,#8374,#1189,.T.);
#7124=EDGE_CURVE('',#8375,#8373,#1190,.T.);
#7125=EDGE_CURVE('',#8376,#8374,#8940,.T.);
#7126=EDGE_CURVE('',#8377,#8376,#1191,.T.);
#7127=EDGE_CURVE('',#8377,#8375,#8941,.T.);
#7128=EDGE_CURVE('',#8378,#8379,#8942,.T.);
#7129=EDGE_CURVE('',#8380,#8378,#1192,.T.);
#7130=EDGE_CURVE('',#8380,#8381,#8943,.T.);
#7131=EDGE_CURVE('',#8381,#8379,#1193,.T.);
#7132=EDGE_CURVE('',#8382,#8378,#1194,.T.);
#7133=EDGE_CURVE('',#8383,#8382,#1195,.T.);
#7134=EDGE_CURVE('',#8383,#8380,#1196,.T.);
#7135=EDGE_CURVE('',#8384,#8382,#8944,.T.);
#7136=EDGE_CURVE('',#8385,#8384,#1197,.T.);
#7137=EDGE_CURVE('',#8385,#8383,#8945,.T.);
#7138=EDGE_CURVE('',#8384,#8386,#1198,.T.);
#7139=EDGE_CURVE('',#8387,#8386,#1199,.T.);
#7140=EDGE_CURVE('',#8385,#8387,#1200,.T.);
#7141=EDGE_CURVE('',#8388,#8386,#8946,.T.);
#7142=EDGE_CURVE('',#8389,#8388,#1201,.T.);
#7143=EDGE_CURVE('',#8389,#8387,#8947,.T.);
#7144=EDGE_CURVE('',#8388,#8390,#1202,.T.);
#7145=EDGE_CURVE('',#8391,#8390,#1203,.T.);
#7146=EDGE_CURVE('',#8389,#8391,#1204,.T.);
#7147=EDGE_CURVE('',#8392,#8390,#8948,.T.);
#7148=EDGE_CURVE('',#8393,#8392,#1205,.T.);
#7149=EDGE_CURVE('',#8393,#8391,#8949,.T.);
#7150=EDGE_CURVE('',#8394,#8395,#8950,.T.);
#7151=EDGE_CURVE('',#8396,#8394,#1206,.T.);
#7152=EDGE_CURVE('',#8396,#8397,#8951,.T.);
#7153=EDGE_CURVE('',#8397,#8395,#1207,.T.);
#7154=EDGE_CURVE('',#8394,#8398,#1208,.T.);
#7155=EDGE_CURVE('',#8399,#8398,#1209,.T.);
#7156=EDGE_CURVE('',#8396,#8399,#1210,.T.);
#7157=EDGE_CURVE('',#8400,#8398,#8952,.T.);
#7158=EDGE_CURVE('',#8401,#8400,#1211,.T.);
#7159=EDGE_CURVE('',#8401,#8399,#8953,.T.);
#7160=EDGE_CURVE('',#8400,#8402,#1212,.T.);
#7161=EDGE_CURVE('',#8403,#8402,#1213,.T.);
#7162=EDGE_CURVE('',#8401,#8403,#1214,.T.);
#7163=EDGE_CURVE('',#8404,#8402,#8954,.T.);
#7164=EDGE_CURVE('',#8405,#8404,#1215,.T.);
#7165=EDGE_CURVE('',#8405,#8403,#8955,.T.);
#7166=EDGE_CURVE('',#8406,#8404,#1216,.T.);
#7167=EDGE_CURVE('',#8407,#8406,#1217,.T.);
#7168=EDGE_CURVE('',#8407,#8405,#1218,.T.);
#7169=EDGE_CURVE('',#8408,#8406,#8956,.T.);
#7170=EDGE_CURVE('',#8409,#8408,#1219,.T.);
#7171=EDGE_CURVE('',#8409,#8407,#8957,.T.);
#7172=EDGE_CURVE('',#8410,#8411,#8958,.T.);
#7173=EDGE_CURVE('',#8412,#8410,#1220,.T.);
#7174=EDGE_CURVE('',#8412,#8413,#8959,.T.);
#7175=EDGE_CURVE('',#8413,#8411,#1221,.T.);
#7176=EDGE_CURVE('',#8410,#8414,#1222,.T.);
#7177=EDGE_CURVE('',#8415,#8414,#1223,.T.);
#7178=EDGE_CURVE('',#8412,#8415,#1224,.T.);
#7179=EDGE_CURVE('',#8416,#8414,#8960,.T.);
#7180=EDGE_CURVE('',#8417,#8416,#1225,.T.);
#7181=EDGE_CURVE('',#8417,#8415,#8961,.T.);
#7182=EDGE_CURVE('',#8418,#8416,#1226,.T.);
#7183=EDGE_CURVE('',#8419,#8418,#1227,.T.);
#7184=EDGE_CURVE('',#8419,#8417,#1228,.T.);
#7185=EDGE_CURVE('',#8420,#8418,#8962,.T.);
#7186=EDGE_CURVE('',#8421,#8420,#1229,.T.);
#7187=EDGE_CURVE('',#8421,#8419,#8963,.T.);
#7188=EDGE_CURVE('',#8422,#8420,#1230,.T.);
#7189=EDGE_CURVE('',#8423,#8422,#1231,.T.);
#7190=EDGE_CURVE('',#8423,#8421,#1232,.T.);
#7191=EDGE_CURVE('',#8424,#8422,#8964,.T.);
#7192=EDGE_CURVE('',#8425,#8424,#1233,.T.);
#7193=EDGE_CURVE('',#8425,#8423,#8965,.T.);
#7194=EDGE_CURVE('',#8426,#8427,#8966,.T.);
#7195=EDGE_CURVE('',#8428,#8426,#1234,.T.);
#7196=EDGE_CURVE('',#8428,#8429,#8967,.T.);
#7197=EDGE_CURVE('',#8429,#8427,#1235,.T.);
#7198=EDGE_CURVE('',#8426,#8430,#1236,.T.);
#7199=EDGE_CURVE('',#8431,#8430,#1237,.T.);
#7200=EDGE_CURVE('',#8428,#8431,#1238,.T.);
#7201=EDGE_CURVE('',#8432,#8430,#8968,.T.);
#7202=EDGE_CURVE('',#8433,#8432,#1239,.T.);
#7203=EDGE_CURVE('',#8433,#8431,#8969,.T.);
#7204=EDGE_CURVE('',#8434,#8432,#1240,.T.);
#7205=EDGE_CURVE('',#8435,#8434,#1241,.T.);
#7206=EDGE_CURVE('',#8435,#8433,#1242,.T.);
#7207=EDGE_CURVE('',#8436,#8434,#8970,.T.);
#7208=EDGE_CURVE('',#8437,#8436,#1243,.T.);
#7209=EDGE_CURVE('',#8437,#8435,#8971,.T.);
#7210=EDGE_CURVE('',#8438,#8436,#1244,.T.);
#7211=EDGE_CURVE('',#8439,#8438,#1245,.T.);
#7212=EDGE_CURVE('',#8439,#8437,#1246,.T.);
#7213=EDGE_CURVE('',#8440,#8438,#8972,.T.);
#7214=EDGE_CURVE('',#8441,#8440,#1247,.T.);
#7215=EDGE_CURVE('',#8441,#8439,#8973,.T.);
#7216=EDGE_CURVE('',#8442,#8443,#1248,.T.);
#7217=EDGE_CURVE('',#8444,#8442,#1249,.T.);
#7218=EDGE_CURVE('',#8444,#8445,#1250,.T.);
#7219=EDGE_CURVE('',#8445,#8443,#1251,.T.);
#7220=EDGE_CURVE('',#8446,#8442,#8974,.T.);
#7221=EDGE_CURVE('',#8447,#8446,#1252,.T.);
#7222=EDGE_CURVE('',#8447,#8444,#8975,.T.);
#7223=EDGE_CURVE('',#8446,#8448,#1253,.T.);
#7224=EDGE_CURVE('',#8449,#8448,#1254,.T.);
#7225=EDGE_CURVE('',#8447,#8449,#1255,.T.);
#7226=EDGE_CURVE('',#8450,#8448,#8976,.T.);
#7227=EDGE_CURVE('',#8451,#8450,#1256,.T.);
#7228=EDGE_CURVE('',#8451,#8449,#8977,.T.);
#7229=EDGE_CURVE('',#8450,#8452,#1257,.T.);
#7230=EDGE_CURVE('',#8453,#8452,#1258,.T.);
#7231=EDGE_CURVE('',#8451,#8453,#1259,.T.);
#7232=EDGE_CURVE('',#8454,#8452,#8978,.T.);
#7233=EDGE_CURVE('',#8455,#8454,#1260,.T.);
#7234=EDGE_CURVE('',#8455,#8453,#8979,.T.);
#7235=EDGE_CURVE('',#8456,#8454,#1261,.T.);
#7236=EDGE_CURVE('',#8457,#8456,#1262,.T.);
#7237=EDGE_CURVE('',#8457,#8455,#1263,.T.);
#7238=EDGE_CURVE('',#7402,#7389,#1264,.T.);
#7239=EDGE_CURVE('',#7403,#7391,#1265,.T.);
#7240=EDGE_CURVE('',#7418,#7405,#1266,.T.);
#7241=EDGE_CURVE('',#7419,#7407,#1267,.T.);
#7242=EDGE_CURVE('',#7434,#7421,#1268,.T.);
#7243=EDGE_CURVE('',#7435,#7423,#1269,.T.);
#7244=EDGE_CURVE('',#7437,#7450,#1270,.T.);
#7245=EDGE_CURVE('',#7439,#7451,#1271,.T.);
#7246=EDGE_CURVE('',#7453,#7466,#1272,.T.);
#7247=EDGE_CURVE('',#7455,#7467,#1273,.T.);
#7248=EDGE_CURVE('',#7482,#7469,#1274,.T.);
#7249=EDGE_CURVE('',#7483,#7471,#1275,.T.);
#7250=EDGE_CURVE('',#7485,#7498,#1276,.T.);
#7251=EDGE_CURVE('',#7487,#7499,#1277,.T.);
#7252=EDGE_CURVE('',#7514,#7501,#1278,.T.);
#7253=EDGE_CURVE('',#7515,#7503,#1279,.T.);
#7254=EDGE_CURVE('',#7530,#7517,#1280,.T.);
#7255=EDGE_CURVE('',#7531,#7519,#1281,.T.);
#7256=EDGE_CURVE('',#7546,#7533,#1282,.T.);
#7257=EDGE_CURVE('',#7547,#7535,#1283,.T.);
#7258=EDGE_CURVE('',#7562,#7549,#1284,.T.);
#7259=EDGE_CURVE('',#7563,#7551,#1285,.T.);
#7260=EDGE_CURVE('',#7565,#7578,#1286,.T.);
#7261=EDGE_CURVE('',#7567,#7579,#1287,.T.);
#7262=EDGE_CURVE('',#7581,#7594,#1288,.T.);
#7263=EDGE_CURVE('',#7583,#7595,#1289,.T.);
#7264=EDGE_CURVE('',#7610,#7597,#1290,.T.);
#7265=EDGE_CURVE('',#7611,#7599,#1291,.T.);
#7266=EDGE_CURVE('',#7613,#7626,#1292,.T.);
#7267=EDGE_CURVE('',#7615,#7627,#1293,.T.);
#7268=EDGE_CURVE('',#7629,#7642,#1294,.T.);
#7269=EDGE_CURVE('',#7631,#7643,#1295,.T.);
#7270=EDGE_CURVE('',#7658,#7645,#1296,.T.);
#7271=EDGE_CURVE('',#7659,#7647,#1297,.T.);
#7272=EDGE_CURVE('',#7661,#7674,#1298,.T.);
#7273=EDGE_CURVE('',#7663,#7675,#1299,.T.);
#7274=EDGE_CURVE('',#7690,#7677,#1300,.T.);
#7275=EDGE_CURVE('',#7691,#7679,#1301,.T.);
#7276=EDGE_CURVE('',#7692,#7720,#1302,.T.);
#7277=EDGE_CURVE('',#7695,#7721,#1303,.T.);
#7278=EDGE_CURVE('',#7723,#7736,#1304,.T.);
#7279=EDGE_CURVE('',#7725,#7737,#1305,.T.);
#7280=EDGE_CURVE('',#7752,#7739,#1306,.T.);
#7281=EDGE_CURVE('',#7753,#7741,#1307,.T.);
#7282=EDGE_CURVE('',#7768,#7755,#1308,.T.);
#7283=EDGE_CURVE('',#7769,#7757,#1309,.T.);
#7284=EDGE_CURVE('',#7771,#7784,#1310,.T.);
#7285=EDGE_CURVE('',#7773,#7785,#1311,.T.);
#7286=EDGE_CURVE('',#7787,#7800,#1312,.T.);
#7287=EDGE_CURVE('',#7789,#7801,#1313,.T.);
#7288=EDGE_CURVE('',#7803,#7816,#1314,.T.);
#7289=EDGE_CURVE('',#7805,#7817,#1315,.T.);
#7290=EDGE_CURVE('',#7819,#7832,#1316,.T.);
#7291=EDGE_CURVE('',#7821,#7833,#1317,.T.);
#7292=EDGE_CURVE('',#7835,#7848,#1318,.T.);
#7293=EDGE_CURVE('',#7837,#7849,#1319,.T.);
#7294=EDGE_CURVE('',#7864,#7851,#1320,.T.);
#7295=EDGE_CURVE('',#7865,#7853,#1321,.T.);
#7296=EDGE_CURVE('',#7867,#7880,#1322,.T.);
#7297=EDGE_CURVE('',#7869,#7881,#1323,.T.);
#7298=EDGE_CURVE('',#7883,#7896,#1324,.T.);
#7299=EDGE_CURVE('',#7885,#7897,#1325,.T.);
#7300=EDGE_CURVE('',#7912,#7899,#1326,.T.);
#7301=EDGE_CURVE('',#7913,#7901,#1327,.T.);
#7302=EDGE_CURVE('',#7915,#7928,#1328,.T.);
#7303=EDGE_CURVE('',#7917,#7929,#1329,.T.);
#7304=EDGE_CURVE('',#7944,#7931,#1330,.T.);
#7305=EDGE_CURVE('',#7945,#7933,#1331,.T.);
#7306=EDGE_CURVE('',#7947,#7960,#8980,.T.);
#7307=EDGE_CURVE('',#7949,#7961,#8981,.T.);
#7308=EDGE_CURVE('',#7976,#7963,#1332,.T.);
#7309=EDGE_CURVE('',#7977,#7965,#1333,.T.);
#7310=EDGE_CURVE('',#7992,#7979,#1334,.T.);
#7311=EDGE_CURVE('',#7993,#7981,#1335,.T.);
#7312=EDGE_CURVE('',#8008,#7995,#1336,.T.);
#7313=EDGE_CURVE('',#8009,#7997,#1337,.T.);
#7314=EDGE_CURVE('',#8011,#8024,#1338,.T.);
#7315=EDGE_CURVE('',#8013,#8025,#1339,.T.);
#7316=EDGE_CURVE('',#8027,#8040,#1340,.T.);
#7317=EDGE_CURVE('',#8029,#8041,#1341,.T.);
#7318=EDGE_CURVE('',#8043,#8056,#1342,.T.);
#7319=EDGE_CURVE('',#8045,#8057,#1343,.T.);
#7320=EDGE_CURVE('',#8059,#8072,#1344,.T.);
#7321=EDGE_CURVE('',#8061,#8073,#1345,.T.);
#7322=EDGE_CURVE('',#8075,#8088,#1346,.T.);
#7323=EDGE_CURVE('',#8077,#8089,#1347,.T.);
#7324=EDGE_CURVE('',#8104,#8091,#1348,.T.);
#7325=EDGE_CURVE('',#8105,#8093,#1349,.T.);
#7326=EDGE_CURVE('',#8120,#8107,#1350,.T.);
#7327=EDGE_CURVE('',#8121,#8109,#1351,.T.);
#7328=EDGE_CURVE('',#8123,#8136,#8982,.T.);
#7329=EDGE_CURVE('',#8125,#8137,#8983,.T.);
#7330=EDGE_CURVE('',#8152,#8139,#1352,.T.);
#7331=EDGE_CURVE('',#8153,#8141,#1353,.T.);
#7332=EDGE_CURVE('',#8168,#8155,#1354,.T.);
#7333=EDGE_CURVE('',#8169,#8157,#1355,.T.);
#7334=EDGE_CURVE('',#8184,#8171,#1356,.T.);
#7335=EDGE_CURVE('',#8185,#8173,#1357,.T.);
#7336=EDGE_CURVE('',#8187,#8200,#8984,.T.);
#7337=EDGE_CURVE('',#8189,#8201,#8985,.T.);
#7338=EDGE_CURVE('',#8203,#8216,#8986,.T.);
#7339=EDGE_CURVE('',#8205,#8217,#8987,.T.);
#7340=EDGE_CURVE('',#8232,#8219,#1358,.T.);
#7341=EDGE_CURVE('',#8233,#8221,#1359,.T.);
#7342=EDGE_CURVE('',#8248,#8235,#1360,.T.);
#7343=EDGE_CURVE('',#8249,#8237,#1361,.T.);
#7344=EDGE_CURVE('',#8264,#8251,#1362,.T.);
#7345=EDGE_CURVE('',#8265,#8253,#1363,.T.);
#7346=EDGE_CURVE('',#8267,#8280,#1364,.T.);
#7347=EDGE_CURVE('',#8269,#8281,#1365,.T.);
#7348=EDGE_CURVE('',#8296,#8283,#1366,.T.);
#7349=EDGE_CURVE('',#8297,#8285,#1367,.T.);
#7350=EDGE_CURVE('',#8312,#8299,#1368,.T.);
#7351=EDGE_CURVE('',#8313,#8301,#1369,.T.);
#7352=EDGE_CURVE('',#8328,#8315,#1370,.T.);
#7353=EDGE_CURVE('',#8329,#8317,#1371,.T.);
#7354=EDGE_CURVE('',#8331,#8344,#1372,.T.);
#7355=EDGE_CURVE('',#8333,#8345,#1373,.T.);
#7356=EDGE_CURVE('',#8360,#8347,#1374,.T.);
#7357=EDGE_CURVE('',#8361,#8349,#1375,.T.);
#7358=EDGE_CURVE('',#8376,#8363,#1376,.T.);
#7359=EDGE_CURVE('',#8377,#8365,#1377,.T.);
#7360=EDGE_CURVE('',#8379,#8392,#1378,.T.);
#7361=EDGE_CURVE('',#8381,#8393,#1379,.T.);
#7362=EDGE_CURVE('',#8395,#8408,#1380,.T.);
#7363=EDGE_CURVE('',#8397,#8409,#1381,.T.);
#7364=EDGE_CURVE('',#8424,#8411,#1382,.T.);
#7365=EDGE_CURVE('',#8425,#8413,#1383,.T.);
#7366=EDGE_CURVE('',#8440,#8427,#1384,.T.);
#7367=EDGE_CURVE('',#8441,#8429,#1385,.T.);
#7368=EDGE_CURVE('',#8443,#8456,#8988,.T.);
#7369=EDGE_CURVE('',#8445,#8457,#8989,.T.);
#7370=EDGE_CURVE('',#7386,#7373,#1386,.T.);
#7371=EDGE_CURVE('',#7387,#7375,#1387,.T.);
#7372=VERTEX_POINT('',#15501);
#7373=VERTEX_POINT('',#15502);
#7374=VERTEX_POINT('',#15504);
#7375=VERTEX_POINT('',#15506);
#7376=VERTEX_POINT('',#15510);
#7377=VERTEX_POINT('',#15512);
#7378=VERTEX_POINT('',#15516);
#7379=VERTEX_POINT('',#15518);
#7380=VERTEX_POINT('',#15522);
#7381=VERTEX_POINT('',#15524);
#7382=VERTEX_POINT('',#15528);
#7383=VERTEX_POINT('',#15530);
#7384=VERTEX_POINT('',#15534);
#7385=VERTEX_POINT('',#15536);
#7386=VERTEX_POINT('',#15540);
#7387=VERTEX_POINT('',#15542);
#7388=VERTEX_POINT('',#15546);
#7389=VERTEX_POINT('',#15547);
#7390=VERTEX_POINT('',#15549);
#7391=VERTEX_POINT('',#15551);
#7392=VERTEX_POINT('',#15555);
#7393=VERTEX_POINT('',#15557);
#7394=VERTEX_POINT('',#15561);
#7395=VERTEX_POINT('',#15563);
#7396=VERTEX_POINT('',#15567);
#7397=VERTEX_POINT('',#15569);
#7398=VERTEX_POINT('',#15573);
#7399=VERTEX_POINT('',#15575);
#7400=VERTEX_POINT('',#15579);
#7401=VERTEX_POINT('',#15581);
#7402=VERTEX_POINT('',#15585);
#7403=VERTEX_POINT('',#15587);
#7404=VERTEX_POINT('',#15591);
#7405=VERTEX_POINT('',#15592);
#7406=VERTEX_POINT('',#15594);
#7407=VERTEX_POINT('',#15596);
#7408=VERTEX_POINT('',#15600);
#7409=VERTEX_POINT('',#15602);
#7410=VERTEX_POINT('',#15606);
#7411=VERTEX_POINT('',#15608);
#7412=VERTEX_POINT('',#15612);
#7413=VERTEX_POINT('',#15614);
#7414=VERTEX_POINT('',#15618);
#7415=VERTEX_POINT('',#15620);
#7416=VERTEX_POINT('',#15624);
#7417=VERTEX_POINT('',#15626);
#7418=VERTEX_POINT('',#15630);
#7419=VERTEX_POINT('',#15632);
#7420=VERTEX_POINT('',#15636);
#7421=VERTEX_POINT('',#15637);
#7422=VERTEX_POINT('',#15639);
#7423=VERTEX_POINT('',#15641);
#7424=VERTEX_POINT('',#15645);
#7425=VERTEX_POINT('',#15647);
#7426=VERTEX_POINT('',#15651);
#7427=VERTEX_POINT('',#15653);
#7428=VERTEX_POINT('',#15657);
#7429=VERTEX_POINT('',#15659);
#7430=VERTEX_POINT('',#15663);
#7431=VERTEX_POINT('',#15665);
#7432=VERTEX_POINT('',#15669);
#7433=VERTEX_POINT('',#15671);
#7434=VERTEX_POINT('',#15675);
#7435=VERTEX_POINT('',#15677);
#7436=VERTEX_POINT('',#15681);
#7437=VERTEX_POINT('',#15682);
#7438=VERTEX_POINT('',#15684);
#7439=VERTEX_POINT('',#15686);
#7440=VERTEX_POINT('',#15690);
#7441=VERTEX_POINT('',#15692);
#7442=VERTEX_POINT('',#15696);
#7443=VERTEX_POINT('',#15698);
#7444=VERTEX_POINT('',#15702);
#7445=VERTEX_POINT('',#15704);
#7446=VERTEX_POINT('',#15708);
#7447=VERTEX_POINT('',#15710);
#7448=VERTEX_POINT('',#15714);
#7449=VERTEX_POINT('',#15716);
#7450=VERTEX_POINT('',#15720);
#7451=VERTEX_POINT('',#15722);
#7452=VERTEX_POINT('',#15726);
#7453=VERTEX_POINT('',#15727);
#7454=VERTEX_POINT('',#15729);
#7455=VERTEX_POINT('',#15731);
#7456=VERTEX_POINT('',#15735);
#7457=VERTEX_POINT('',#15737);
#7458=VERTEX_POINT('',#15741);
#7459=VERTEX_POINT('',#15743);
#7460=VERTEX_POINT('',#15747);
#7461=VERTEX_POINT('',#15749);
#7462=VERTEX_POINT('',#15753);
#7463=VERTEX_POINT('',#15755);
#7464=VERTEX_POINT('',#15759);
#7465=VERTEX_POINT('',#15761);
#7466=VERTEX_POINT('',#15765);
#7467=VERTEX_POINT('',#15767);
#7468=VERTEX_POINT('',#15771);
#7469=VERTEX_POINT('',#15772);
#7470=VERTEX_POINT('',#15774);
#7471=VERTEX_POINT('',#15776);
#7472=VERTEX_POINT('',#15780);
#7473=VERTEX_POINT('',#15782);
#7474=VERTEX_POINT('',#15786);
#7475=VERTEX_POINT('',#15788);
#7476=VERTEX_POINT('',#15792);
#7477=VERTEX_POINT('',#15794);
#7478=VERTEX_POINT('',#15798);
#7479=VERTEX_POINT('',#15800);
#7480=VERTEX_POINT('',#15804);
#7481=VERTEX_POINT('',#15806);
#7482=VERTEX_POINT('',#15810);
#7483=VERTEX_POINT('',#15812);
#7484=VERTEX_POINT('',#15816);
#7485=VERTEX_POINT('',#15817);
#7486=VERTEX_POINT('',#15819);
#7487=VERTEX_POINT('',#15821);
#7488=VERTEX_POINT('',#15825);
#7489=VERTEX_POINT('',#15827);
#7490=VERTEX_POINT('',#15831);
#7491=VERTEX_POINT('',#15833);
#7492=VERTEX_POINT('',#15837);
#7493=VERTEX_POINT('',#15839);
#7494=VERTEX_POINT('',#15843);
#7495=VERTEX_POINT('',#15845);
#7496=VERTEX_POINT('',#15849);
#7497=VERTEX_POINT('',#15851);
#7498=VERTEX_POINT('',#15855);
#7499=VERTEX_POINT('',#15857);
#7500=VERTEX_POINT('',#15861);
#7501=VERTEX_POINT('',#15862);
#7502=VERTEX_POINT('',#15864);
#7503=VERTEX_POINT('',#15866);
#7504=VERTEX_POINT('',#15870);
#7505=VERTEX_POINT('',#15872);
#7506=VERTEX_POINT('',#15876);
#7507=VERTEX_POINT('',#15878);
#7508=VERTEX_POINT('',#15882);
#7509=VERTEX_POINT('',#15884);
#7510=VERTEX_POINT('',#15888);
#7511=VERTEX_POINT('',#15890);
#7512=VERTEX_POINT('',#15894);
#7513=VERTEX_POINT('',#15896);
#7514=VERTEX_POINT('',#15900);
#7515=VERTEX_POINT('',#15902);
#7516=VERTEX_POINT('',#15906);
#7517=VERTEX_POINT('',#15907);
#7518=VERTEX_POINT('',#15909);
#7519=VERTEX_POINT('',#15911);
#7520=VERTEX_POINT('',#15915);
#7521=VERTEX_POINT('',#15917);
#7522=VERTEX_POINT('',#15921);
#7523=VERTEX_POINT('',#15923);
#7524=VERTEX_POINT('',#15927);
#7525=VERTEX_POINT('',#15929);
#7526=VERTEX_POINT('',#15933);
#7527=VERTEX_POINT('',#15935);
#7528=VERTEX_POINT('',#15939);
#7529=VERTEX_POINT('',#15941);
#7530=VERTEX_POINT('',#15945);
#7531=VERTEX_POINT('',#15947);
#7532=VERTEX_POINT('',#15951);
#7533=VERTEX_POINT('',#15952);
#7534=VERTEX_POINT('',#15954);
#7535=VERTEX_POINT('',#15956);
#7536=VERTEX_POINT('',#15960);
#7537=VERTEX_POINT('',#15962);
#7538=VERTEX_POINT('',#15966);
#7539=VERTEX_POINT('',#15968);
#7540=VERTEX_POINT('',#15972);
#7541=VERTEX_POINT('',#15974);
#7542=VERTEX_POINT('',#15978);
#7543=VERTEX_POINT('',#15980);
#7544=VERTEX_POINT('',#15984);
#7545=VERTEX_POINT('',#15986);
#7546=VERTEX_POINT('',#15990);
#7547=VERTEX_POINT('',#15992);
#7548=VERTEX_POINT('',#15996);
#7549=VERTEX_POINT('',#15997);
#7550=VERTEX_POINT('',#15999);
#7551=VERTEX_POINT('',#16001);
#7552=VERTEX_POINT('',#16005);
#7553=VERTEX_POINT('',#16007);
#7554=VERTEX_POINT('',#16011);
#7555=VERTEX_POINT('',#16013);
#7556=VERTEX_POINT('',#16017);
#7557=VERTEX_POINT('',#16019);
#7558=VERTEX_POINT('',#16023);
#7559=VERTEX_POINT('',#16025);
#7560=VERTEX_POINT('',#16029);
#7561=VERTEX_POINT('',#16031);
#7562=VERTEX_POINT('',#16035);
#7563=VERTEX_POINT('',#16037);
#7564=VERTEX_POINT('',#16041);
#7565=VERTEX_POINT('',#16042);
#7566=VERTEX_POINT('',#16044);
#7567=VERTEX_POINT('',#16046);
#7568=VERTEX_POINT('',#16050);
#7569=VERTEX_POINT('',#16052);
#7570=VERTEX_POINT('',#16056);
#7571=VERTEX_POINT('',#16058);
#7572=VERTEX_POINT('',#16062);
#7573=VERTEX_POINT('',#16064);
#7574=VERTEX_POINT('',#16068);
#7575=VERTEX_POINT('',#16070);
#7576=VERTEX_POINT('',#16074);
#7577=VERTEX_POINT('',#16076);
#7578=VERTEX_POINT('',#16080);
#7579=VERTEX_POINT('',#16082);
#7580=VERTEX_POINT('',#16086);
#7581=VERTEX_POINT('',#16087);
#7582=VERTEX_POINT('',#16089);
#7583=VERTEX_POINT('',#16091);
#7584=VERTEX_POINT('',#16095);
#7585=VERTEX_POINT('',#16097);
#7586=VERTEX_POINT('',#16101);
#7587=VERTEX_POINT('',#16103);
#7588=VERTEX_POINT('',#16107);
#7589=VERTEX_POINT('',#16109);
#7590=VERTEX_POINT('',#16113);
#7591=VERTEX_POINT('',#16115);
#7592=VERTEX_POINT('',#16119);
#7593=VERTEX_POINT('',#16121);
#7594=VERTEX_POINT('',#16125);
#7595=VERTEX_POINT('',#16127);
#7596=VERTEX_POINT('',#16131);
#7597=VERTEX_POINT('',#16132);
#7598=VERTEX_POINT('',#16134);
#7599=VERTEX_POINT('',#16136);
#7600=VERTEX_POINT('',#16140);
#7601=VERTEX_POINT('',#16142);
#7602=VERTEX_POINT('',#16146);
#7603=VERTEX_POINT('',#16148);
#7604=VERTEX_POINT('',#16152);
#7605=VERTEX_POINT('',#16154);
#7606=VERTEX_POINT('',#16158);
#7607=VERTEX_POINT('',#16160);
#7608=VERTEX_POINT('',#16164);
#7609=VERTEX_POINT('',#16166);
#7610=VERTEX_POINT('',#16170);
#7611=VERTEX_POINT('',#16172);
#7612=VERTEX_POINT('',#16176);
#7613=VERTEX_POINT('',#16177);
#7614=VERTEX_POINT('',#16179);
#7615=VERTEX_POINT('',#16181);
#7616=VERTEX_POINT('',#16185);
#7617=VERTEX_POINT('',#16187);
#7618=VERTEX_POINT('',#16191);
#7619=VERTEX_POINT('',#16193);
#7620=VERTEX_POINT('',#16197);
#7621=VERTEX_POINT('',#16199);
#7622=VERTEX_POINT('',#16203);
#7623=VERTEX_POINT('',#16205);
#7624=VERTEX_POINT('',#16209);
#7625=VERTEX_POINT('',#16211);
#7626=VERTEX_POINT('',#16215);
#7627=VERTEX_POINT('',#16217);
#7628=VERTEX_POINT('',#16221);
#7629=VERTEX_POINT('',#16222);
#7630=VERTEX_POINT('',#16224);
#7631=VERTEX_POINT('',#16226);
#7632=VERTEX_POINT('',#16230);
#7633=VERTEX_POINT('',#16232);
#7634=VERTEX_POINT('',#16236);
#7635=VERTEX_POINT('',#16238);
#7636=VERTEX_POINT('',#16242);
#7637=VERTEX_POINT('',#16244);
#7638=VERTEX_POINT('',#16248);
#7639=VERTEX_POINT('',#16250);
#7640=VERTEX_POINT('',#16254);
#7641=VERTEX_POINT('',#16256);
#7642=VERTEX_POINT('',#16260);
#7643=VERTEX_POINT('',#16262);
#7644=VERTEX_POINT('',#16266);
#7645=VERTEX_POINT('',#16267);
#7646=VERTEX_POINT('',#16269);
#7647=VERTEX_POINT('',#16271);
#7648=VERTEX_POINT('',#16275);
#7649=VERTEX_POINT('',#16277);
#7650=VERTEX_POINT('',#16281);
#7651=VERTEX_POINT('',#16283);
#7652=VERTEX_POINT('',#16287);
#7653=VERTEX_POINT('',#16289);
#7654=VERTEX_POINT('',#16293);
#7655=VERTEX_POINT('',#16295);
#7656=VERTEX_POINT('',#16299);
#7657=VERTEX_POINT('',#16301);
#7658=VERTEX_POINT('',#16305);
#7659=VERTEX_POINT('',#16307);
#7660=VERTEX_POINT('',#16311);
#7661=VERTEX_POINT('',#16312);
#7662=VERTEX_POINT('',#16314);
#7663=VERTEX_POINT('',#16316);
#7664=VERTEX_POINT('',#16320);
#7665=VERTEX_POINT('',#16322);
#7666=VERTEX_POINT('',#16326);
#7667=VERTEX_POINT('',#16328);
#7668=VERTEX_POINT('',#16332);
#7669=VERTEX_POINT('',#16334);
#7670=VERTEX_POINT('',#16338);
#7671=VERTEX_POINT('',#16340);
#7672=VERTEX_POINT('',#16344);
#7673=VERTEX_POINT('',#16346);
#7674=VERTEX_POINT('',#16350);
#7675=VERTEX_POINT('',#16352);
#7676=VERTEX_POINT('',#16356);
#7677=VERTEX_POINT('',#16357);
#7678=VERTEX_POINT('',#16359);
#7679=VERTEX_POINT('',#16361);
#7680=VERTEX_POINT('',#16365);
#7681=VERTEX_POINT('',#16367);
#7682=VERTEX_POINT('',#16371);
#7683=VERTEX_POINT('',#16373);
#7684=VERTEX_POINT('',#16377);
#7685=VERTEX_POINT('',#16379);
#7686=VERTEX_POINT('',#16383);
#7687=VERTEX_POINT('',#16385);
#7688=VERTEX_POINT('',#16389);
#7689=VERTEX_POINT('',#16391);
#7690=VERTEX_POINT('',#16395);
#7691=VERTEX_POINT('',#16397);
#7692=VERTEX_POINT('',#16401);
#7693=VERTEX_POINT('',#16402);
#7694=VERTEX_POINT('',#16404);
#7695=VERTEX_POINT('',#16406);
#7696=VERTEX_POINT('',#16410);
#7697=VERTEX_POINT('',#16412);
#7698=VERTEX_POINT('',#16416);
#7699=VERTEX_POINT('',#16418);
#7700=VERTEX_POINT('',#16422);
#7701=VERTEX_POINT('',#16424);
#7702=VERTEX_POINT('',#16428);
#7703=VERTEX_POINT('',#16430);
#7704=VERTEX_POINT('',#16434);
#7705=VERTEX_POINT('',#16436);
#7706=VERTEX_POINT('',#16440);
#7707=VERTEX_POINT('',#16442);
#7708=VERTEX_POINT('',#16446);
#7709=VERTEX_POINT('',#16448);
#7710=VERTEX_POINT('',#16452);
#7711=VERTEX_POINT('',#16454);
#7712=VERTEX_POINT('',#16458);
#7713=VERTEX_POINT('',#16460);
#7714=VERTEX_POINT('',#16464);
#7715=VERTEX_POINT('',#16466);
#7716=VERTEX_POINT('',#16470);
#7717=VERTEX_POINT('',#16472);
#7718=VERTEX_POINT('',#16476);
#7719=VERTEX_POINT('',#16478);
#7720=VERTEX_POINT('',#16482);
#7721=VERTEX_POINT('',#16484);
#7722=VERTEX_POINT('',#16488);
#7723=VERTEX_POINT('',#16489);
#7724=VERTEX_POINT('',#16491);
#7725=VERTEX_POINT('',#16493);
#7726=VERTEX_POINT('',#16497);
#7727=VERTEX_POINT('',#16499);
#7728=VERTEX_POINT('',#16503);
#7729=VERTEX_POINT('',#16505);
#7730=VERTEX_POINT('',#16509);
#7731=VERTEX_POINT('',#16511);
#7732=VERTEX_POINT('',#16515);
#7733=VERTEX_POINT('',#16517);
#7734=VERTEX_POINT('',#16521);
#7735=VERTEX_POINT('',#16523);
#7736=VERTEX_POINT('',#16527);
#7737=VERTEX_POINT('',#16529);
#7738=VERTEX_POINT('',#16533);
#7739=VERTEX_POINT('',#16534);
#7740=VERTEX_POINT('',#16536);
#7741=VERTEX_POINT('',#16538);
#7742=VERTEX_POINT('',#16542);
#7743=VERTEX_POINT('',#16544);
#7744=VERTEX_POINT('',#16548);
#7745=VERTEX_POINT('',#16550);
#7746=VERTEX_POINT('',#16554);
#7747=VERTEX_POINT('',#16556);
#7748=VERTEX_POINT('',#16560);
#7749=VERTEX_POINT('',#16562);
#7750=VERTEX_POINT('',#16566);
#7751=VERTEX_POINT('',#16568);
#7752=VERTEX_POINT('',#16572);
#7753=VERTEX_POINT('',#16574);
#7754=VERTEX_POINT('',#16578);
#7755=VERTEX_POINT('',#16579);
#7756=VERTEX_POINT('',#16581);
#7757=VERTEX_POINT('',#16583);
#7758=VERTEX_POINT('',#16587);
#7759=VERTEX_POINT('',#16589);
#7760=VERTEX_POINT('',#16593);
#7761=VERTEX_POINT('',#16595);
#7762=VERTEX_POINT('',#16599);
#7763=VERTEX_POINT('',#16601);
#7764=VERTEX_POINT('',#16605);
#7765=VERTEX_POINT('',#16607);
#7766=VERTEX_POINT('',#16611);
#7767=VERTEX_POINT('',#16613);
#7768=VERTEX_POINT('',#16617);
#7769=VERTEX_POINT('',#16619);
#7770=VERTEX_POINT('',#16623);
#7771=VERTEX_POINT('',#16624);
#7772=VERTEX_POINT('',#16626);
#7773=VERTEX_POINT('',#16628);
#7774=VERTEX_POINT('',#16632);
#7775=VERTEX_POINT('',#16634);
#7776=VERTEX_POINT('',#16638);
#7777=VERTEX_POINT('',#16640);
#7778=VERTEX_POINT('',#16644);
#7779=VERTEX_POINT('',#16646);
#7780=VERTEX_POINT('',#16650);
#7781=VERTEX_POINT('',#16652);
#7782=VERTEX_POINT('',#16656);
#7783=VERTEX_POINT('',#16658);
#7784=VERTEX_POINT('',#16662);
#7785=VERTEX_POINT('',#16664);
#7786=VERTEX_POINT('',#16668);
#7787=VERTEX_POINT('',#16669);
#7788=VERTEX_POINT('',#16671);
#7789=VERTEX_POINT('',#16673);
#7790=VERTEX_POINT('',#16677);
#7791=VERTEX_POINT('',#16679);
#7792=VERTEX_POINT('',#16683);
#7793=VERTEX_POINT('',#16685);
#7794=VERTEX_POINT('',#16689);
#7795=VERTEX_POINT('',#16691);
#7796=VERTEX_POINT('',#16695);
#7797=VERTEX_POINT('',#16697);
#7798=VERTEX_POINT('',#16701);
#7799=VERTEX_POINT('',#16703);
#7800=VERTEX_POINT('',#16707);
#7801=VERTEX_POINT('',#16709);
#7802=VERTEX_POINT('',#16713);
#7803=VERTEX_POINT('',#16714);
#7804=VERTEX_POINT('',#16716);
#7805=VERTEX_POINT('',#16718);
#7806=VERTEX_POINT('',#16722);
#7807=VERTEX_POINT('',#16724);
#7808=VERTEX_POINT('',#16728);
#7809=VERTEX_POINT('',#16730);
#7810=VERTEX_POINT('',#16734);
#7811=VERTEX_POINT('',#16736);
#7812=VERTEX_POINT('',#16740);
#7813=VERTEX_POINT('',#16742);
#7814=VERTEX_POINT('',#16746);
#7815=VERTEX_POINT('',#16748);
#7816=VERTEX_POINT('',#16752);
#7817=VERTEX_POINT('',#16754);
#7818=VERTEX_POINT('',#16758);
#7819=VERTEX_POINT('',#16759);
#7820=VERTEX_POINT('',#16761);
#7821=VERTEX_POINT('',#16763);
#7822=VERTEX_POINT('',#16767);
#7823=VERTEX_POINT('',#16769);
#7824=VERTEX_POINT('',#16773);
#7825=VERTEX_POINT('',#16775);
#7826=VERTEX_POINT('',#16779);
#7827=VERTEX_POINT('',#16781);
#7828=VERTEX_POINT('',#16785);
#7829=VERTEX_POINT('',#16787);
#7830=VERTEX_POINT('',#16791);
#7831=VERTEX_POINT('',#16793);
#7832=VERTEX_POINT('',#16797);
#7833=VERTEX_POINT('',#16799);
#7834=VERTEX_POINT('',#16803);
#7835=VERTEX_POINT('',#16804);
#7836=VERTEX_POINT('',#16806);
#7837=VERTEX_POINT('',#16808);
#7838=VERTEX_POINT('',#16812);
#7839=VERTEX_POINT('',#16814);
#7840=VERTEX_POINT('',#16818);
#7841=VERTEX_POINT('',#16820);
#7842=VERTEX_POINT('',#16824);
#7843=VERTEX_POINT('',#16826);
#7844=VERTEX_POINT('',#16830);
#7845=VERTEX_POINT('',#16832);
#7846=VERTEX_POINT('',#16836);
#7847=VERTEX_POINT('',#16838);
#7848=VERTEX_POINT('',#16842);
#7849=VERTEX_POINT('',#16844);
#7850=VERTEX_POINT('',#16848);
#7851=VERTEX_POINT('',#16849);
#7852=VERTEX_POINT('',#16851);
#7853=VERTEX_POINT('',#16853);
#7854=VERTEX_POINT('',#16857);
#7855=VERTEX_POINT('',#16859);
#7856=VERTEX_POINT('',#16863);
#7857=VERTEX_POINT('',#16865);
#7858=VERTEX_POINT('',#16869);
#7859=VERTEX_POINT('',#16871);
#7860=VERTEX_POINT('',#16875);
#7861=VERTEX_POINT('',#16877);
#7862=VERTEX_POINT('',#16881);
#7863=VERTEX_POINT('',#16883);
#7864=VERTEX_POINT('',#16887);
#7865=VERTEX_POINT('',#16889);
#7866=VERTEX_POINT('',#16893);
#7867=VERTEX_POINT('',#16894);
#7868=VERTEX_POINT('',#16896);
#7869=VERTEX_POINT('',#16898);
#7870=VERTEX_POINT('',#16902);
#7871=VERTEX_POINT('',#16904);
#7872=VERTEX_POINT('',#16908);
#7873=VERTEX_POINT('',#16910);
#7874=VERTEX_POINT('',#16914);
#7875=VERTEX_POINT('',#16916);
#7876=VERTEX_POINT('',#16920);
#7877=VERTEX_POINT('',#16922);
#7878=VERTEX_POINT('',#16926);
#7879=VERTEX_POINT('',#16928);
#7880=VERTEX_POINT('',#16932);
#7881=VERTEX_POINT('',#16934);
#7882=VERTEX_POINT('',#16938);
#7883=VERTEX_POINT('',#16939);
#7884=VERTEX_POINT('',#16941);
#7885=VERTEX_POINT('',#16943);
#7886=VERTEX_POINT('',#16947);
#7887=VERTEX_POINT('',#16949);
#7888=VERTEX_POINT('',#16953);
#7889=VERTEX_POINT('',#16955);
#7890=VERTEX_POINT('',#16959);
#7891=VERTEX_POINT('',#16961);
#7892=VERTEX_POINT('',#16965);
#7893=VERTEX_POINT('',#16967);
#7894=VERTEX_POINT('',#16971);
#7895=VERTEX_POINT('',#16973);
#7896=VERTEX_POINT('',#16977);
#7897=VERTEX_POINT('',#16979);
#7898=VERTEX_POINT('',#16983);
#7899=VERTEX_POINT('',#16984);
#7900=VERTEX_POINT('',#16986);
#7901=VERTEX_POINT('',#16988);
#7902=VERTEX_POINT('',#16992);
#7903=VERTEX_POINT('',#16994);
#7904=VERTEX_POINT('',#16998);
#7905=VERTEX_POINT('',#17000);
#7906=VERTEX_POINT('',#17004);
#7907=VERTEX_POINT('',#17006);
#7908=VERTEX_POINT('',#17010);
#7909=VERTEX_POINT('',#17012);
#7910=VERTEX_POINT('',#17016);
#7911=VERTEX_POINT('',#17018);
#7912=VERTEX_POINT('',#17022);
#7913=VERTEX_POINT('',#17024);
#7914=VERTEX_POINT('',#17028);
#7915=VERTEX_POINT('',#17029);
#7916=VERTEX_POINT('',#17031);
#7917=VERTEX_POINT('',#17033);
#7918=VERTEX_POINT('',#17037);
#7919=VERTEX_POINT('',#17039);
#7920=VERTEX_POINT('',#17043);
#7921=VERTEX_POINT('',#17045);
#7922=VERTEX_POINT('',#17049);
#7923=VERTEX_POINT('',#17051);
#7924=VERTEX_POINT('',#17055);
#7925=VERTEX_POINT('',#17057);
#7926=VERTEX_POINT('',#17061);
#7927=VERTEX_POINT('',#17063);
#7928=VERTEX_POINT('',#17067);
#7929=VERTEX_POINT('',#17069);
#7930=VERTEX_POINT('',#17073);
#7931=VERTEX_POINT('',#17074);
#7932=VERTEX_POINT('',#17076);
#7933=VERTEX_POINT('',#17078);
#7934=VERTEX_POINT('',#17082);
#7935=VERTEX_POINT('',#17084);
#7936=VERTEX_POINT('',#17088);
#7937=VERTEX_POINT('',#17090);
#7938=VERTEX_POINT('',#17094);
#7939=VERTEX_POINT('',#17096);
#7940=VERTEX_POINT('',#17100);
#7941=VERTEX_POINT('',#17102);
#7942=VERTEX_POINT('',#17106);
#7943=VERTEX_POINT('',#17108);
#7944=VERTEX_POINT('',#17112);
#7945=VERTEX_POINT('',#17114);
#7946=VERTEX_POINT('',#17118);
#7947=VERTEX_POINT('',#17119);
#7948=VERTEX_POINT('',#17121);
#7949=VERTEX_POINT('',#17123);
#7950=VERTEX_POINT('',#17127);
#7951=VERTEX_POINT('',#17129);
#7952=VERTEX_POINT('',#17133);
#7953=VERTEX_POINT('',#17135);
#7954=VERTEX_POINT('',#17139);
#7955=VERTEX_POINT('',#17141);
#7956=VERTEX_POINT('',#17145);
#7957=VERTEX_POINT('',#17147);
#7958=VERTEX_POINT('',#17151);
#7959=VERTEX_POINT('',#17153);
#7960=VERTEX_POINT('',#17157);
#7961=VERTEX_POINT('',#17159);
#7962=VERTEX_POINT('',#17163);
#7963=VERTEX_POINT('',#17164);
#7964=VERTEX_POINT('',#17166);
#7965=VERTEX_POINT('',#17168);
#7966=VERTEX_POINT('',#17172);
#7967=VERTEX_POINT('',#17174);
#7968=VERTEX_POINT('',#17178);
#7969=VERTEX_POINT('',#17180);
#7970=VERTEX_POINT('',#17184);
#7971=VERTEX_POINT('',#17186);
#7972=VERTEX_POINT('',#17190);
#7973=VERTEX_POINT('',#17192);
#7974=VERTEX_POINT('',#17196);
#7975=VERTEX_POINT('',#17198);
#7976=VERTEX_POINT('',#17202);
#7977=VERTEX_POINT('',#17204);
#7978=VERTEX_POINT('',#17208);
#7979=VERTEX_POINT('',#17209);
#7980=VERTEX_POINT('',#17211);
#7981=VERTEX_POINT('',#17213);
#7982=VERTEX_POINT('',#17217);
#7983=VERTEX_POINT('',#17219);
#7984=VERTEX_POINT('',#17223);
#7985=VERTEX_POINT('',#17225);
#7986=VERTEX_POINT('',#17229);
#7987=VERTEX_POINT('',#17231);
#7988=VERTEX_POINT('',#17235);
#7989=VERTEX_POINT('',#17237);
#7990=VERTEX_POINT('',#17241);
#7991=VERTEX_POINT('',#17243);
#7992=VERTEX_POINT('',#17247);
#7993=VERTEX_POINT('',#17249);
#7994=VERTEX_POINT('',#17253);
#7995=VERTEX_POINT('',#17254);
#7996=VERTEX_POINT('',#17256);
#7997=VERTEX_POINT('',#17258);
#7998=VERTEX_POINT('',#17262);
#7999=VERTEX_POINT('',#17264);
#8000=VERTEX_POINT('',#17268);
#8001=VERTEX_POINT('',#17270);
#8002=VERTEX_POINT('',#17274);
#8003=VERTEX_POINT('',#17276);
#8004=VERTEX_POINT('',#17280);
#8005=VERTEX_POINT('',#17282);
#8006=VERTEX_POINT('',#17286);
#8007=VERTEX_POINT('',#17288);
#8008=VERTEX_POINT('',#17292);
#8009=VERTEX_POINT('',#17294);
#8010=VERTEX_POINT('',#17298);
#8011=VERTEX_POINT('',#17299);
#8012=VERTEX_POINT('',#17301);
#8013=VERTEX_POINT('',#17303);
#8014=VERTEX_POINT('',#17307);
#8015=VERTEX_POINT('',#17309);
#8016=VERTEX_POINT('',#17313);
#8017=VERTEX_POINT('',#17315);
#8018=VERTEX_POINT('',#17319);
#8019=VERTEX_POINT('',#17321);
#8020=VERTEX_POINT('',#17325);
#8021=VERTEX_POINT('',#17327);
#8022=VERTEX_POINT('',#17331);
#8023=VERTEX_POINT('',#17333);
#8024=VERTEX_POINT('',#17337);
#8025=VERTEX_POINT('',#17339);
#8026=VERTEX_POINT('',#17343);
#8027=VERTEX_POINT('',#17344);
#8028=VERTEX_POINT('',#17346);
#8029=VERTEX_POINT('',#17348);
#8030=VERTEX_POINT('',#17352);
#8031=VERTEX_POINT('',#17354);
#8032=VERTEX_POINT('',#17358);
#8033=VERTEX_POINT('',#17360);
#8034=VERTEX_POINT('',#17364);
#8035=VERTEX_POINT('',#17366);
#8036=VERTEX_POINT('',#17370);
#8037=VERTEX_POINT('',#17372);
#8038=VERTEX_POINT('',#17376);
#8039=VERTEX_POINT('',#17378);
#8040=VERTEX_POINT('',#17382);
#8041=VERTEX_POINT('',#17384);
#8042=VERTEX_POINT('',#17388);
#8043=VERTEX_POINT('',#17389);
#8044=VERTEX_POINT('',#17391);
#8045=VERTEX_POINT('',#17393);
#8046=VERTEX_POINT('',#17397);
#8047=VERTEX_POINT('',#17399);
#8048=VERTEX_POINT('',#17403);
#8049=VERTEX_POINT('',#17405);
#8050=VERTEX_POINT('',#17409);
#8051=VERTEX_POINT('',#17411);
#8052=VERTEX_POINT('',#17415);
#8053=VERTEX_POINT('',#17417);
#8054=VERTEX_POINT('',#17421);
#8055=VERTEX_POINT('',#17423);
#8056=VERTEX_POINT('',#17427);
#8057=VERTEX_POINT('',#17429);
#8058=VERTEX_POINT('',#17433);
#8059=VERTEX_POINT('',#17434);
#8060=VERTEX_POINT('',#17436);
#8061=VERTEX_POINT('',#17438);
#8062=VERTEX_POINT('',#17442);
#8063=VERTEX_POINT('',#17444);
#8064=VERTEX_POINT('',#17448);
#8065=VERTEX_POINT('',#17450);
#8066=VERTEX_POINT('',#17454);
#8067=VERTEX_POINT('',#17456);
#8068=VERTEX_POINT('',#17460);
#8069=VERTEX_POINT('',#17462);
#8070=VERTEX_POINT('',#17466);
#8071=VERTEX_POINT('',#17468);
#8072=VERTEX_POINT('',#17472);
#8073=VERTEX_POINT('',#17474);
#8074=VERTEX_POINT('',#17478);
#8075=VERTEX_POINT('',#17479);
#8076=VERTEX_POINT('',#17481);
#8077=VERTEX_POINT('',#17483);
#8078=VERTEX_POINT('',#17487);
#8079=VERTEX_POINT('',#17489);
#8080=VERTEX_POINT('',#17493);
#8081=VERTEX_POINT('',#17495);
#8082=VERTEX_POINT('',#17499);
#8083=VERTEX_POINT('',#17501);
#8084=VERTEX_POINT('',#17505);
#8085=VERTEX_POINT('',#17507);
#8086=VERTEX_POINT('',#17511);
#8087=VERTEX_POINT('',#17513);
#8088=VERTEX_POINT('',#17517);
#8089=VERTEX_POINT('',#17519);
#8090=VERTEX_POINT('',#17523);
#8091=VERTEX_POINT('',#17524);
#8092=VERTEX_POINT('',#17526);
#8093=VERTEX_POINT('',#17528);
#8094=VERTEX_POINT('',#17532);
#8095=VERTEX_POINT('',#17534);
#8096=VERTEX_POINT('',#17538);
#8097=VERTEX_POINT('',#17540);
#8098=VERTEX_POINT('',#17544);
#8099=VERTEX_POINT('',#17546);
#8100=VERTEX_POINT('',#17550);
#8101=VERTEX_POINT('',#17552);
#8102=VERTEX_POINT('',#17556);
#8103=VERTEX_POINT('',#17558);
#8104=VERTEX_POINT('',#17562);
#8105=VERTEX_POINT('',#17564);
#8106=VERTEX_POINT('',#17568);
#8107=VERTEX_POINT('',#17569);
#8108=VERTEX_POINT('',#17571);
#8109=VERTEX_POINT('',#17573);
#8110=VERTEX_POINT('',#17577);
#8111=VERTEX_POINT('',#17579);
#8112=VERTEX_POINT('',#17583);
#8113=VERTEX_POINT('',#17585);
#8114=VERTEX_POINT('',#17589);
#8115=VERTEX_POINT('',#17591);
#8116=VERTEX_POINT('',#17595);
#8117=VERTEX_POINT('',#17597);
#8118=VERTEX_POINT('',#17601);
#8119=VERTEX_POINT('',#17603);
#8120=VERTEX_POINT('',#17607);
#8121=VERTEX_POINT('',#17609);
#8122=VERTEX_POINT('',#17613);
#8123=VERTEX_POINT('',#17614);
#8124=VERTEX_POINT('',#17616);
#8125=VERTEX_POINT('',#17618);
#8126=VERTEX_POINT('',#17622);
#8127=VERTEX_POINT('',#17624);
#8128=VERTEX_POINT('',#17628);
#8129=VERTEX_POINT('',#17630);
#8130=VERTEX_POINT('',#17634);
#8131=VERTEX_POINT('',#17636);
#8132=VERTEX_POINT('',#17640);
#8133=VERTEX_POINT('',#17642);
#8134=VERTEX_POINT('',#17646);
#8135=VERTEX_POINT('',#17648);
#8136=VERTEX_POINT('',#17652);
#8137=VERTEX_POINT('',#17654);
#8138=VERTEX_POINT('',#17658);
#8139=VERTEX_POINT('',#17659);
#8140=VERTEX_POINT('',#17661);
#8141=VERTEX_POINT('',#17663);
#8142=VERTEX_POINT('',#17667);
#8143=VERTEX_POINT('',#17669);
#8144=VERTEX_POINT('',#17673);
#8145=VERTEX_POINT('',#17675);
#8146=VERTEX_POINT('',#17679);
#8147=VERTEX_POINT('',#17681);
#8148=VERTEX_POINT('',#17685);
#8149=VERTEX_POINT('',#17687);
#8150=VERTEX_POINT('',#17691);
#8151=VERTEX_POINT('',#17693);
#8152=VERTEX_POINT('',#17697);
#8153=VERTEX_POINT('',#17699);
#8154=VERTEX_POINT('',#17703);
#8155=VERTEX_POINT('',#17704);
#8156=VERTEX_POINT('',#17706);
#8157=VERTEX_POINT('',#17708);
#8158=VERTEX_POINT('',#17712);
#8159=VERTEX_POINT('',#17714);
#8160=VERTEX_POINT('',#17718);
#8161=VERTEX_POINT('',#17720);
#8162=VERTEX_POINT('',#17724);
#8163=VERTEX_POINT('',#17726);
#8164=VERTEX_POINT('',#17730);
#8165=VERTEX_POINT('',#17732);
#8166=VERTEX_POINT('',#17736);
#8167=VERTEX_POINT('',#17738);
#8168=VERTEX_POINT('',#17742);
#8169=VERTEX_POINT('',#17744);
#8170=VERTEX_POINT('',#17748);
#8171=VERTEX_POINT('',#17749);
#8172=VERTEX_POINT('',#17751);
#8173=VERTEX_POINT('',#17753);
#8174=VERTEX_POINT('',#17757);
#8175=VERTEX_POINT('',#17759);
#8176=VERTEX_POINT('',#17763);
#8177=VERTEX_POINT('',#17765);
#8178=VERTEX_POINT('',#17769);
#8179=VERTEX_POINT('',#17771);
#8180=VERTEX_POINT('',#17775);
#8181=VERTEX_POINT('',#17777);
#8182=VERTEX_POINT('',#17781);
#8183=VERTEX_POINT('',#17783);
#8184=VERTEX_POINT('',#17787);
#8185=VERTEX_POINT('',#17789);
#8186=VERTEX_POINT('',#17793);
#8187=VERTEX_POINT('',#17794);
#8188=VERTEX_POINT('',#17796);
#8189=VERTEX_POINT('',#17798);
#8190=VERTEX_POINT('',#17802);
#8191=VERTEX_POINT('',#17804);
#8192=VERTEX_POINT('',#17808);
#8193=VERTEX_POINT('',#17810);
#8194=VERTEX_POINT('',#17814);
#8195=VERTEX_POINT('',#17816);
#8196=VERTEX_POINT('',#17820);
#8197=VERTEX_POINT('',#17822);
#8198=VERTEX_POINT('',#17826);
#8199=VERTEX_POINT('',#17828);
#8200=VERTEX_POINT('',#17832);
#8201=VERTEX_POINT('',#17834);
#8202=VERTEX_POINT('',#17838);
#8203=VERTEX_POINT('',#17839);
#8204=VERTEX_POINT('',#17841);
#8205=VERTEX_POINT('',#17843);
#8206=VERTEX_POINT('',#17847);
#8207=VERTEX_POINT('',#17849);
#8208=VERTEX_POINT('',#17853);
#8209=VERTEX_POINT('',#17855);
#8210=VERTEX_POINT('',#17859);
#8211=VERTEX_POINT('',#17861);
#8212=VERTEX_POINT('',#17865);
#8213=VERTEX_POINT('',#17867);
#8214=VERTEX_POINT('',#17871);
#8215=VERTEX_POINT('',#17873);
#8216=VERTEX_POINT('',#17877);
#8217=VERTEX_POINT('',#17879);
#8218=VERTEX_POINT('',#17883);
#8219=VERTEX_POINT('',#17884);
#8220=VERTEX_POINT('',#17886);
#8221=VERTEX_POINT('',#17888);
#8222=VERTEX_POINT('',#17892);
#8223=VERTEX_POINT('',#17894);
#8224=VERTEX_POINT('',#17898);
#8225=VERTEX_POINT('',#17900);
#8226=VERTEX_POINT('',#17904);
#8227=VERTEX_POINT('',#17906);
#8228=VERTEX_POINT('',#17910);
#8229=VERTEX_POINT('',#17912);
#8230=VERTEX_POINT('',#17916);
#8231=VERTEX_POINT('',#17918);
#8232=VERTEX_POINT('',#17922);
#8233=VERTEX_POINT('',#17924);
#8234=VERTEX_POINT('',#17928);
#8235=VERTEX_POINT('',#17929);
#8236=VERTEX_POINT('',#17931);
#8237=VERTEX_POINT('',#17933);
#8238=VERTEX_POINT('',#17937);
#8239=VERTEX_POINT('',#17939);
#8240=VERTEX_POINT('',#17943);
#8241=VERTEX_POINT('',#17945);
#8242=VERTEX_POINT('',#17949);
#8243=VERTEX_POINT('',#17951);
#8244=VERTEX_POINT('',#17955);
#8245=VERTEX_POINT('',#17957);
#8246=VERTEX_POINT('',#17961);
#8247=VERTEX_POINT('',#17963);
#8248=VERTEX_POINT('',#17967);
#8249=VERTEX_POINT('',#17969);
#8250=VERTEX_POINT('',#17973);
#8251=VERTEX_POINT('',#17974);
#8252=VERTEX_POINT('',#17976);
#8253=VERTEX_POINT('',#17978);
#8254=VERTEX_POINT('',#17982);
#8255=VERTEX_POINT('',#17984);
#8256=VERTEX_POINT('',#17988);
#8257=VERTEX_POINT('',#17990);
#8258=VERTEX_POINT('',#17994);
#8259=VERTEX_POINT('',#17996);
#8260=VERTEX_POINT('',#18000);
#8261=VERTEX_POINT('',#18002);
#8262=VERTEX_POINT('',#18006);
#8263=VERTEX_POINT('',#18008);
#8264=VERTEX_POINT('',#18012);
#8265=VERTEX_POINT('',#18014);
#8266=VERTEX_POINT('',#18018);
#8267=VERTEX_POINT('',#18019);
#8268=VERTEX_POINT('',#18021);
#8269=VERTEX_POINT('',#18023);
#8270=VERTEX_POINT('',#18027);
#8271=VERTEX_POINT('',#18029);
#8272=VERTEX_POINT('',#18033);
#8273=VERTEX_POINT('',#18035);
#8274=VERTEX_POINT('',#18039);
#8275=VERTEX_POINT('',#18041);
#8276=VERTEX_POINT('',#18045);
#8277=VERTEX_POINT('',#18047);
#8278=VERTEX_POINT('',#18051);
#8279=VERTEX_POINT('',#18053);
#8280=VERTEX_POINT('',#18057);
#8281=VERTEX_POINT('',#18059);
#8282=VERTEX_POINT('',#18063);
#8283=VERTEX_POINT('',#18064);
#8284=VERTEX_POINT('',#18066);
#8285=VERTEX_POINT('',#18068);
#8286=VERTEX_POINT('',#18072);
#8287=VERTEX_POINT('',#18074);
#8288=VERTEX_POINT('',#18078);
#8289=VERTEX_POINT('',#18080);
#8290=VERTEX_POINT('',#18084);
#8291=VERTEX_POINT('',#18086);
#8292=VERTEX_POINT('',#18090);
#8293=VERTEX_POINT('',#18092);
#8294=VERTEX_POINT('',#18096);
#8295=VERTEX_POINT('',#18098);
#8296=VERTEX_POINT('',#18102);
#8297=VERTEX_POINT('',#18104);
#8298=VERTEX_POINT('',#18108);
#8299=VERTEX_POINT('',#18109);
#8300=VERTEX_POINT('',#18111);
#8301=VERTEX_POINT('',#18113);
#8302=VERTEX_POINT('',#18117);
#8303=VERTEX_POINT('',#18119);
#8304=VERTEX_POINT('',#18123);
#8305=VERTEX_POINT('',#18125);
#8306=VERTEX_POINT('',#18129);
#8307=VERTEX_POINT('',#18131);
#8308=VERTEX_POINT('',#18135);
#8309=VERTEX_POINT('',#18137);
#8310=VERTEX_POINT('',#18141);
#8311=VERTEX_POINT('',#18143);
#8312=VERTEX_POINT('',#18147);
#8313=VERTEX_POINT('',#18149);
#8314=VERTEX_POINT('',#18153);
#8315=VERTEX_POINT('',#18154);
#8316=VERTEX_POINT('',#18156);
#8317=VERTEX_POINT('',#18158);
#8318=VERTEX_POINT('',#18162);
#8319=VERTEX_POINT('',#18164);
#8320=VERTEX_POINT('',#18168);
#8321=VERTEX_POINT('',#18170);
#8322=VERTEX_POINT('',#18174);
#8323=VERTEX_POINT('',#18176);
#8324=VERTEX_POINT('',#18180);
#8325=VERTEX_POINT('',#18182);
#8326=VERTEX_POINT('',#18186);
#8327=VERTEX_POINT('',#18188);
#8328=VERTEX_POINT('',#18192);
#8329=VERTEX_POINT('',#18194);
#8330=VERTEX_POINT('',#18198);
#8331=VERTEX_POINT('',#18199);
#8332=VERTEX_POINT('',#18201);
#8333=VERTEX_POINT('',#18203);
#8334=VERTEX_POINT('',#18207);
#8335=VERTEX_POINT('',#18209);
#8336=VERTEX_POINT('',#18213);
#8337=VERTEX_POINT('',#18215);
#8338=VERTEX_POINT('',#18219);
#8339=VERTEX_POINT('',#18221);
#8340=VERTEX_POINT('',#18225);
#8341=VERTEX_POINT('',#18227);
#8342=VERTEX_POINT('',#18231);
#8343=VERTEX_POINT('',#18233);
#8344=VERTEX_POINT('',#18237);
#8345=VERTEX_POINT('',#18239);
#8346=VERTEX_POINT('',#18243);
#8347=VERTEX_POINT('',#18244);
#8348=VERTEX_POINT('',#18246);
#8349=VERTEX_POINT('',#18248);
#8350=VERTEX_POINT('',#18252);
#8351=VERTEX_POINT('',#18254);
#8352=VERTEX_POINT('',#18258);
#8353=VERTEX_POINT('',#18260);
#8354=VERTEX_POINT('',#18264);
#8355=VERTEX_POINT('',#18266);
#8356=VERTEX_POINT('',#18270);
#8357=VERTEX_POINT('',#18272);
#8358=VERTEX_POINT('',#18276);
#8359=VERTEX_POINT('',#18278);
#8360=VERTEX_POINT('',#18282);
#8361=VERTEX_POINT('',#18284);
#8362=VERTEX_POINT('',#18288);
#8363=VERTEX_POINT('',#18289);
#8364=VERTEX_POINT('',#18291);
#8365=VERTEX_POINT('',#18293);
#8366=VERTEX_POINT('',#18297);
#8367=VERTEX_POINT('',#18299);
#8368=VERTEX_POINT('',#18303);
#8369=VERTEX_POINT('',#18305);
#8370=VERTEX_POINT('',#18309);
#8371=VERTEX_POINT('',#18311);
#8372=VERTEX_POINT('',#18315);
#8373=VERTEX_POINT('',#18317);
#8374=VERTEX_POINT('',#18321);
#8375=VERTEX_POINT('',#18323);
#8376=VERTEX_POINT('',#18327);
#8377=VERTEX_POINT('',#18329);
#8378=VERTEX_POINT('',#18333);
#8379=VERTEX_POINT('',#18334);
#8380=VERTEX_POINT('',#18336);
#8381=VERTEX_POINT('',#18338);
#8382=VERTEX_POINT('',#18342);
#8383=VERTEX_POINT('',#18344);
#8384=VERTEX_POINT('',#18348);
#8385=VERTEX_POINT('',#18350);
#8386=VERTEX_POINT('',#18354);
#8387=VERTEX_POINT('',#18356);
#8388=VERTEX_POINT('',#18360);
#8389=VERTEX_POINT('',#18362);
#8390=VERTEX_POINT('',#18366);
#8391=VERTEX_POINT('',#18368);
#8392=VERTEX_POINT('',#18372);
#8393=VERTEX_POINT('',#18374);
#8394=VERTEX_POINT('',#18378);
#8395=VERTEX_POINT('',#18379);
#8396=VERTEX_POINT('',#18381);
#8397=VERTEX_POINT('',#18383);
#8398=VERTEX_POINT('',#18387);
#8399=VERTEX_POINT('',#18389);
#8400=VERTEX_POINT('',#18393);
#8401=VERTEX_POINT('',#18395);
#8402=VERTEX_POINT('',#18399);
#8403=VERTEX_POINT('',#18401);
#8404=VERTEX_POINT('',#18405);
#8405=VERTEX_POINT('',#18407);
#8406=VERTEX_POINT('',#18411);
#8407=VERTEX_POINT('',#18413);
#8408=VERTEX_POINT('',#18417);
#8409=VERTEX_POINT('',#18419);
#8410=VERTEX_POINT('',#18423);
#8411=VERTEX_POINT('',#18424);
#8412=VERTEX_POINT('',#18426);
#8413=VERTEX_POINT('',#18428);
#8414=VERTEX_POINT('',#18432);
#8415=VERTEX_POINT('',#18434);
#8416=VERTEX_POINT('',#18438);
#8417=VERTEX_POINT('',#18440);
#8418=VERTEX_POINT('',#18444);
#8419=VERTEX_POINT('',#18446);
#8420=VERTEX_POINT('',#18450);
#8421=VERTEX_POINT('',#18452);
#8422=VERTEX_POINT('',#18456);
#8423=VERTEX_POINT('',#18458);
#8424=VERTEX_POINT('',#18462);
#8425=VERTEX_POINT('',#18464);
#8426=VERTEX_POINT('',#18468);
#8427=VERTEX_POINT('',#18469);
#8428=VERTEX_POINT('',#18471);
#8429=VERTEX_POINT('',#18473);
#8430=VERTEX_POINT('',#18477);
#8431=VERTEX_POINT('',#18479);
#8432=VERTEX_POINT('',#18483);
#8433=VERTEX_POINT('',#18485);
#8434=VERTEX_POINT('',#18489);
#8435=VERTEX_POINT('',#18491);
#8436=VERTEX_POINT('',#18495);
#8437=VERTEX_POINT('',#18497);
#8438=VERTEX_POINT('',#18501);
#8439=VERTEX_POINT('',#18503);
#8440=VERTEX_POINT('',#18507);
#8441=VERTEX_POINT('',#18509);
#8442=VERTEX_POINT('',#18513);
#8443=VERTEX_POINT('',#18514);
#8444=VERTEX_POINT('',#18516);
#8445=VERTEX_POINT('',#18518);
#8446=VERTEX_POINT('',#18522);
#8447=VERTEX_POINT('',#18524);
#8448=VERTEX_POINT('',#18528);
#8449=VERTEX_POINT('',#18530);
#8450=VERTEX_POINT('',#18534);
#8451=VERTEX_POINT('',#18536);
#8452=VERTEX_POINT('',#18540);
#8453=VERTEX_POINT('',#18542);
#8454=VERTEX_POINT('',#18546);
#8455=VERTEX_POINT('',#18548);
#8456=VERTEX_POINT('',#18552);
#8457=VERTEX_POINT('',#18554);
#8458=CIRCLE('',#11169,0.0005);
#8459=CIRCLE('',#11170,0.0005);
#8460=CIRCLE('',#11173,0.0005);
#8461=CIRCLE('',#11174,0.0005);
#8462=CIRCLE('',#11177,0.0005);
#8463=CIRCLE('',#11178,0.0005);
#8464=CIRCLE('',#11181,0.0005);
#8465=CIRCLE('',#11182,0.0005);
#8466=CIRCLE('',#11184,0.0005);
#8467=CIRCLE('',#11185,0.0005);
#8468=CIRCLE('',#11188,0.000499999999999987);
#8469=CIRCLE('',#11189,0.000499999999999987);
#8470=CIRCLE('',#11192,0.0005);
#8471=CIRCLE('',#11193,0.0005);
#8472=CIRCLE('',#11196,0.0005);
#8473=CIRCLE('',#11197,0.0005);
#8474=CIRCLE('',#11199,0.0005);
#8475=CIRCLE('',#11200,0.0005);
#8476=CIRCLE('',#11203,0.0005);
#8477=CIRCLE('',#11204,0.0005);
#8478=CIRCLE('',#11207,0.0005);
#8479=CIRCLE('',#11208,0.0005);
#8480=CIRCLE('',#11211,0.0005);
#8481=CIRCLE('',#11212,0.0005);
#8482=CIRCLE('',#11214,0.0005);
#8483=CIRCLE('',#11215,0.0005);
#8484=CIRCLE('',#11218,0.0005);
#8485=CIRCLE('',#11219,0.0005);
#8486=CIRCLE('',#11222,0.0005);
#8487=CIRCLE('',#11223,0.0005);
#8488=CIRCLE('',#11226,0.0005);
#8489=CIRCLE('',#11227,0.0005);
#8490=CIRCLE('',#11229,0.0005);
#8491=CIRCLE('',#11230,0.0005);
#8492=CIRCLE('',#11233,0.000499999999999975);
#8493=CIRCLE('',#11234,0.000499999999999975);
#8494=CIRCLE('',#11237,0.00049999999999995);
#8495=CIRCLE('',#11238,0.00049999999999995);
#8496=CIRCLE('',#11241,0.0005);
#8497=CIRCLE('',#11242,0.0005);
#8498=CIRCLE('',#11244,0.0005);
#8499=CIRCLE('',#11245,0.0005);
#8500=CIRCLE('',#11248,0.0005);
#8501=CIRCLE('',#11249,0.0005);
#8502=CIRCLE('',#11252,0.0005);
#8503=CIRCLE('',#11253,0.0005);
#8504=CIRCLE('',#11256,0.0005);
#8505=CIRCLE('',#11257,0.0005);
#8506=CIRCLE('',#11259,0.0005);
#8507=CIRCLE('',#11260,0.0005);
#8508=CIRCLE('',#11263,0.0005);
#8509=CIRCLE('',#11264,0.0005);
#8510=CIRCLE('',#11267,0.0005);
#8511=CIRCLE('',#11268,0.0005);
#8512=CIRCLE('',#11271,0.0005);
#8513=CIRCLE('',#11272,0.0005);
#8514=CIRCLE('',#11274,0.0005);
#8515=CIRCLE('',#11275,0.0005);
#8516=CIRCLE('',#11278,0.0005);
#8517=CIRCLE('',#11279,0.0005);
#8518=CIRCLE('',#11282,0.0005);
#8519=CIRCLE('',#11283,0.0005);
#8520=CIRCLE('',#11286,0.0005);
#8521=CIRCLE('',#11287,0.0005);
#8522=CIRCLE('',#11289,0.0005);
#8523=CIRCLE('',#11290,0.0005);
#8524=CIRCLE('',#11293,0.0005);
#8525=CIRCLE('',#11294,0.0005);
#8526=CIRCLE('',#11297,0.0005);
#8527=CIRCLE('',#11298,0.0005);
#8528=CIRCLE('',#11301,0.0005);
#8529=CIRCLE('',#11302,0.0005);
#8530=CIRCLE('',#11304,0.0005);
#8531=CIRCLE('',#11305,0.0005);
#8532=CIRCLE('',#11308,0.0005);
#8533=CIRCLE('',#11309,0.0005);
#8534=CIRCLE('',#11312,0.000500000000000026);
#8535=CIRCLE('',#11313,0.000500000000000026);
#8536=CIRCLE('',#11316,0.000500000000000049);
#8537=CIRCLE('',#11317,0.000500000000000049);
#8538=CIRCLE('',#11319,0.0005);
#8539=CIRCLE('',#11320,0.0005);
#8540=CIRCLE('',#11323,0.0005);
#8541=CIRCLE('',#11324,0.0005);
#8542=CIRCLE('',#11327,0.0005);
#8543=CIRCLE('',#11328,0.0005);
#8544=CIRCLE('',#11331,0.0005);
#8545=CIRCLE('',#11332,0.0005);
#8546=CIRCLE('',#11334,0.0005);
#8547=CIRCLE('',#11335,0.0005);
#8548=CIRCLE('',#11338,0.0005);
#8549=CIRCLE('',#11339,0.0005);
#8550=CIRCLE('',#11342,0.0005);
#8551=CIRCLE('',#11343,0.0005);
#8552=CIRCLE('',#11346,0.0005);
#8553=CIRCLE('',#11347,0.0005);
#8554=CIRCLE('',#11349,0.000500000000000025);
#8555=CIRCLE('',#11350,0.000500000000000025);
#8556=CIRCLE('',#11353,0.0005);
#8557=CIRCLE('',#11354,0.0005);
#8558=CIRCLE('',#11357,0.0005);
#8559=CIRCLE('',#11358,0.0005);
#8560=CIRCLE('',#11361,0.000500000000000013);
#8561=CIRCLE('',#11362,0.000500000000000013);
#8562=CIRCLE('',#11364,0.0005);
#8563=CIRCLE('',#11365,0.0005);
#8564=CIRCLE('',#11368,0.0005);
#8565=CIRCLE('',#11369,0.0005);
#8566=CIRCLE('',#11372,0.0005);
#8567=CIRCLE('',#11373,0.0005);
#8568=CIRCLE('',#11376,0.0005);
#8569=CIRCLE('',#11377,0.0005);
#8570=CIRCLE('',#11379,0.0005);
#8571=CIRCLE('',#11380,0.0005);
#8572=CIRCLE('',#11383,0.0005);
#8573=CIRCLE('',#11384,0.0005);
#8574=CIRCLE('',#11387,0.000500000000000053);
#8575=CIRCLE('',#11388,0.000500000000000053);
#8576=CIRCLE('',#11391,0.000500000000000049);
#8577=CIRCLE('',#11392,0.000500000000000049);
#8578=CIRCLE('',#11394,0.0005);
#8579=CIRCLE('',#11395,0.0005);
#8580=CIRCLE('',#11398,0.0005);
#8581=CIRCLE('',#11399,0.0005);
#8582=CIRCLE('',#11402,0.0005);
#8583=CIRCLE('',#11403,0.0005);
#8584=CIRCLE('',#11406,0.0005);
#8585=CIRCLE('',#11407,0.0005);
#8586=CIRCLE('',#11409,0.0005);
#8587=CIRCLE('',#11410,0.0005);
#8588=CIRCLE('',#11413,0.0005);
#8589=CIRCLE('',#11414,0.0005);
#8590=CIRCLE('',#11417,0.0005);
#8591=CIRCLE('',#11418,0.0005);
#8592=CIRCLE('',#11421,0.0005);
#8593=CIRCLE('',#11422,0.0005);
#8594=CIRCLE('',#11424,0.0005);
#8595=CIRCLE('',#11425,0.0005);
#8596=CIRCLE('',#11428,0.000499999999999987);
#8597=CIRCLE('',#11429,0.000499999999999987);
#8598=CIRCLE('',#11432,0.0005);
#8599=CIRCLE('',#11433,0.0005);
#8600=CIRCLE('',#11436,0.0005);
#8601=CIRCLE('',#11437,0.0005);
#8602=CIRCLE('',#11439,0.0005);
#8603=CIRCLE('',#11440,0.0005);
#8604=CIRCLE('',#11443,0.0005);
#8605=CIRCLE('',#11444,0.0005);
#8606=CIRCLE('',#11447,0.0005);
#8607=CIRCLE('',#11448,0.0005);
#8608=CIRCLE('',#11451,0.0005);
#8609=CIRCLE('',#11452,0.0005);
#8610=CIRCLE('',#11454,0.0005);
#8611=CIRCLE('',#11455,0.0005);
#8612=CIRCLE('',#11458,0.0005);
#8613=CIRCLE('',#11459,0.0005);
#8614=CIRCLE('',#11462,0.0005);
#8615=CIRCLE('',#11463,0.0005);
#8616=CIRCLE('',#11466,0.0005);
#8617=CIRCLE('',#11467,0.0005);
#8618=CIRCLE('',#11471,0.0015);
#8619=CIRCLE('',#11472,0.0015);
#8620=CIRCLE('',#11475,0.0015);
#8621=CIRCLE('',#11476,0.0015);
#8622=CIRCLE('',#11487,0.000500000000000007);
#8623=CIRCLE('',#11488,0.000500000000000007);
#8624=CIRCLE('',#11491,0.000500000000000006);
#8625=CIRCLE('',#11492,0.000500000000000006);
#8626=CIRCLE('',#11495,0.0005);
#8627=CIRCLE('',#11496,0.0005);
#8628=CIRCLE('',#11499,0.0005);
#8629=CIRCLE('',#11500,0.0005);
#8630=CIRCLE('',#11502,0.0005);
#8631=CIRCLE('',#11503,0.0005);
#8632=CIRCLE('',#11506,0.0005);
#8633=CIRCLE('',#11507,0.0005);
#8634=CIRCLE('',#11510,0.0005);
#8635=CIRCLE('',#11511,0.0005);
#8636=CIRCLE('',#11514,0.0005);
#8637=CIRCLE('',#11515,0.0005);
#8638=CIRCLE('',#11517,0.0005);
#8639=CIRCLE('',#11518,0.0005);
#8640=CIRCLE('',#11521,0.0005);
#8641=CIRCLE('',#11522,0.0005);
#8642=CIRCLE('',#11525,0.0005);
#8643=CIRCLE('',#11526,0.0005);
#8644=CIRCLE('',#11529,0.0005);
#8645=CIRCLE('',#11530,0.0005);
#8646=CIRCLE('',#11532,0.000500000000000013);
#8647=CIRCLE('',#11533,0.000500000000000013);
#8648=CIRCLE('',#11536,0.0005);
#8649=CIRCLE('',#11537,0.0005);
#8650=CIRCLE('',#11540,0.0005);
#8651=CIRCLE('',#11541,0.0005);
#8652=CIRCLE('',#11544,0.000500000000000013);
#8653=CIRCLE('',#11545,0.000500000000000013);
#8654=CIRCLE('',#11547,0.000500000000000025);
#8655=CIRCLE('',#11548,0.000500000000000025);
#8656=CIRCLE('',#11551,0.0005);
#8657=CIRCLE('',#11552,0.0005);
#8658=CIRCLE('',#11555,0.000499999999999952);
#8659=CIRCLE('',#11556,0.000499999999999952);
#8660=CIRCLE('',#11559,0.000500000000000025);
#8661=CIRCLE('',#11560,0.000500000000000025);
#8662=CIRCLE('',#11562,0.0005);
#8663=CIRCLE('',#11563,0.0005);
#8664=CIRCLE('',#11566,0.0005);
#8665=CIRCLE('',#11567,0.0005);
#8666=CIRCLE('',#11570,0.0005);
#8667=CIRCLE('',#11571,0.0005);
#8668=CIRCLE('',#11574,0.0005);
#8669=CIRCLE('',#11575,0.0005);
#8670=CIRCLE('',#11577,0.000500000000000032);
#8671=CIRCLE('',#11578,0.000500000000000032);
#8672=CIRCLE('',#11581,0.0005);
#8673=CIRCLE('',#11582,0.0005);
#8674=CIRCLE('',#11585,0.0005);
#8675=CIRCLE('',#11586,0.0005);
#8676=CIRCLE('',#11589,0.000500000000000018);
#8677=CIRCLE('',#11590,0.000500000000000018);
#8678=CIRCLE('',#11592,0.0005);
#8679=CIRCLE('',#11593,0.0005);
#8680=CIRCLE('',#11596,0.0005);
#8681=CIRCLE('',#11597,0.0005);
#8682=CIRCLE('',#11600,0.0005);
#8683=CIRCLE('',#11601,0.0005);
#8684=CIRCLE('',#11604,0.0005);
#8685=CIRCLE('',#11605,0.0005);
#8686=CIRCLE('',#11607,0.000500000000000007);
#8687=CIRCLE('',#11608,0.000500000000000007);
#8688=CIRCLE('',#11611,0.000500000000000013);
#8689=CIRCLE('',#11612,0.000500000000000013);
#8690=CIRCLE('',#11615,0.0005);
#8691=CIRCLE('',#11616,0.0005);
#8692=CIRCLE('',#11619,0.000499999999999994);
#8693=CIRCLE('',#11620,0.000499999999999994);
#8694=CIRCLE('',#11622,0.0005);
#8695=CIRCLE('',#11623,0.0005);
#8696=CIRCLE('',#11626,0.0005);
#8697=CIRCLE('',#11627,0.0005);
#8698=CIRCLE('',#11630,0.0005);
#8699=CIRCLE('',#11631,0.0005);
#8700=CIRCLE('',#11634,0.0005);
#8701=CIRCLE('',#11635,0.0005);
#8702=CIRCLE('',#11637,0.0005);
#8703=CIRCLE('',#11638,0.0005);
#8704=CIRCLE('',#11641,0.000499999999999988);
#8705=CIRCLE('',#11642,0.000499999999999988);
#8706=CIRCLE('',#11645,0.000499999999999976);
#8707=CIRCLE('',#11646,0.000499999999999976);
#8708=CIRCLE('',#11649,0.0005);
#8709=CIRCLE('',#11650,0.0005);
#8710=CIRCLE('',#11652,0.000499999999999948);
#8711=CIRCLE('',#11653,0.000499999999999948);
#8712=CIRCLE('',#11656,0.000500000000000053);
#8713=CIRCLE('',#11657,0.000500000000000053);
#8714=CIRCLE('',#11660,0.000500000000000049);
#8715=CIRCLE('',#11661,0.000500000000000049);
#8716=CIRCLE('',#11664,0.0005);
#8717=CIRCLE('',#11665,0.0005);
#8718=CIRCLE('',#11667,0.0005);
#8719=CIRCLE('',#11668,0.0005);
#8720=CIRCLE('',#11671,0.0005);
#8721=CIRCLE('',#11672,0.0005);
#8722=CIRCLE('',#11675,0.0005);
#8723=CIRCLE('',#11676,0.0005);
#8724=CIRCLE('',#11679,0.0005);
#8725=CIRCLE('',#11680,0.0005);
#8726=CIRCLE('',#11682,0.0005);
#8727=CIRCLE('',#11683,0.0005);
#8728=CIRCLE('',#11686,0.0005);
#8729=CIRCLE('',#11687,0.0005);
#8730=CIRCLE('',#11690,0.000500000000000049);
#8731=CIRCLE('',#11691,0.000500000000000049);
#8732=CIRCLE('',#11694,0.0005);
#8733=CIRCLE('',#11695,0.0005);
#8734=CIRCLE('',#11698,0.0005);
#8735=CIRCLE('',#11699,0.0005);
#8736=CIRCLE('',#11702,0.000499999999999987);
#8737=CIRCLE('',#11703,0.000499999999999987);
#8738=CIRCLE('',#11706,0.000499999999999976);
#8739=CIRCLE('',#11707,0.000499999999999976);
#8740=CIRCLE('',#11710,0.0005);
#8741=CIRCLE('',#11711,0.0005);
#8742=CIRCLE('',#11714,0.00049999999999995);
#8743=CIRCLE('',#11715,0.00049999999999995);
#8744=CIRCLE('',#11718,0.000500000000000027);
#8745=CIRCLE('',#11719,0.000500000000000027);
#8746=CIRCLE('',#11722,0.000500000000000025);
#8747=CIRCLE('',#11723,0.000500000000000025);
#8748=CIRCLE('',#11725,0.0005);
#8749=CIRCLE('',#11726,0.0005);
#8750=CIRCLE('',#11729,0.000500000000000053);
#8751=CIRCLE('',#11730,0.000500000000000053);
#8752=CIRCLE('',#11733,0.000500000000000053);
#8753=CIRCLE('',#11734,0.000500000000000053);
#8754=CIRCLE('',#11737,0.0005);
#8755=CIRCLE('',#11738,0.0005);
#8756=CIRCLE('',#11740,0.0005);
#8757=CIRCLE('',#11741,0.0005);
#8758=CIRCLE('',#11744,0.0005);
#8759=CIRCLE('',#11745,0.0005);
#8760=CIRCLE('',#11748,0.0005);
#8761=CIRCLE('',#11749,0.0005);
#8762=CIRCLE('',#11752,0.0005);
#8763=CIRCLE('',#11753,0.0005);
#8764=CIRCLE('',#11755,0.0005);
#8765=CIRCLE('',#11756,0.0005);
#8766=CIRCLE('',#11759,0.0005);
#8767=CIRCLE('',#11760,0.0005);
#8768=CIRCLE('',#11763,0.0005);
#8769=CIRCLE('',#11764,0.0005);
#8770=CIRCLE('',#11767,0.0005);
#8771=CIRCLE('',#11768,0.0005);
#8772=CIRCLE('',#11770,0.0005);
#8773=CIRCLE('',#11771,0.0005);
#8774=CIRCLE('',#11774,0.0005);
#8775=CIRCLE('',#11775,0.0005);
#8776=CIRCLE('',#11778,0.0005);
#8777=CIRCLE('',#11779,0.0005);
#8778=CIRCLE('',#11782,0.0005);
#8779=CIRCLE('',#11783,0.0005);
#8780=CIRCLE('',#11785,0.0005);
#8781=CIRCLE('',#11786,0.0005);
#8782=CIRCLE('',#11789,0.0005);
#8783=CIRCLE('',#11790,0.0005);
#8784=CIRCLE('',#11793,0.0005);
#8785=CIRCLE('',#11794,0.0005);
#8786=CIRCLE('',#11797,0.0005);
#8787=CIRCLE('',#11798,0.0005);
#8788=CIRCLE('',#11800,0.0005);
#8789=CIRCLE('',#11801,0.0005);
#8790=CIRCLE('',#11804,0.0005);
#8791=CIRCLE('',#11805,0.0005);
#8792=CIRCLE('',#11808,0.0005);
#8793=CIRCLE('',#11809,0.0005);
#8794=CIRCLE('',#11812,0.0005);
#8795=CIRCLE('',#11813,0.0005);
#8796=CIRCLE('',#11815,0.0005);
#8797=CIRCLE('',#11816,0.0005);
#8798=CIRCLE('',#11819,0.0005);
#8799=CIRCLE('',#11820,0.0005);
#8800=CIRCLE('',#11823,0.0005);
#8801=CIRCLE('',#11824,0.0005);
#8802=CIRCLE('',#11827,0.0005);
#8803=CIRCLE('',#11828,0.0005);
#8804=CIRCLE('',#11830,0.0005);
#8805=CIRCLE('',#11831,0.0005);
#8806=CIRCLE('',#11834,0.0005);
#8807=CIRCLE('',#11835,0.0005);
#8808=CIRCLE('',#11838,0.0005);
#8809=CIRCLE('',#11839,0.0005);
#8810=CIRCLE('',#11842,0.0005);
#8811=CIRCLE('',#11843,0.0005);
#8812=CIRCLE('',#11845,0.0005);
#8813=CIRCLE('',#11846,0.0005);
#8814=CIRCLE('',#11849,0.0005);
#8815=CIRCLE('',#11850,0.0005);
#8816=CIRCLE('',#11853,0.000500000000000013);
#8817=CIRCLE('',#11854,0.000500000000000013);
#8818=CIRCLE('',#11857,0.000500000000000025);
#8819=CIRCLE('',#11858,0.000500000000000025);
#8820=CIRCLE('',#11861,0.000500000000000049);
#8821=CIRCLE('',#11862,0.000500000000000049);
#8822=CIRCLE('',#11865,0.0005);
#8823=CIRCLE('',#11866,0.0005);
#8824=CIRCLE('',#11869,0.0005);
#8825=CIRCLE('',#11870,0.0005);
#8826=CIRCLE('',#11873,0.0005);
#8827=CIRCLE('',#11874,0.0005);
#8828=CIRCLE('',#11877,0.000500000000000053);
#8829=CIRCLE('',#11878,0.000500000000000053);
#8830=CIRCLE('',#11881,0.000500000000000049);
#8831=CIRCLE('',#11882,0.000500000000000049);
#8832=CIRCLE('',#11885,0.0005);
#8833=CIRCLE('',#11886,0.0005);
#8834=CIRCLE('',#11888,0.0005);
#8835=CIRCLE('',#11889,0.0005);
#8836=CIRCLE('',#11892,0.0005);
#8837=CIRCLE('',#11893,0.0005);
#8838=CIRCLE('',#11896,0.0005);
#8839=CIRCLE('',#11897,0.0005);
#8840=CIRCLE('',#11900,0.0005);
#8841=CIRCLE('',#11901,0.0005);
#8842=CIRCLE('',#11903,0.0005);
#8843=CIRCLE('',#11904,0.0005);
#8844=CIRCLE('',#11907,0.0005);
#8845=CIRCLE('',#11908,0.0005);
#8846=CIRCLE('',#11911,0.0005);
#8847=CIRCLE('',#11912,0.0005);
#8848=CIRCLE('',#11915,0.0005);
#8849=CIRCLE('',#11916,0.0005);
#8850=CIRCLE('',#11919,0.000500000000000027);
#8851=CIRCLE('',#11920,0.000500000000000027);
#8852=CIRCLE('',#11923,0.000500000000000026);
#8853=CIRCLE('',#11924,0.000500000000000026);
#8854=CIRCLE('',#11927,0.0005);
#8855=CIRCLE('',#11928,0.0005);
#8856=CIRCLE('',#11932,0.0005);
#8857=CIRCLE('',#11933,0.0005);
#8858=CIRCLE('',#11936,0.0005);
#8859=CIRCLE('',#11937,0.0005);
#8860=CIRCLE('',#11940,0.0005);
#8861=CIRCLE('',#11941,0.0005);
#8862=CIRCLE('',#11944,0.0005);
#8863=CIRCLE('',#11945,0.0005);
#8864=CIRCLE('',#11948,0.0005);
#8865=CIRCLE('',#11949,0.0005);
#8866=CIRCLE('',#11952,0.000500000000000049);
#8867=CIRCLE('',#11953,0.000500000000000049);
#8868=CIRCLE('',#11956,0.000500000000000049);
#8869=CIRCLE('',#11957,0.000500000000000049);
#8870=CIRCLE('',#11959,0.0005);
#8871=CIRCLE('',#11960,0.0005);
#8872=CIRCLE('',#11963,0.0005);
#8873=CIRCLE('',#11964,0.0005);
#8874=CIRCLE('',#11967,0.0005);
#8875=CIRCLE('',#11968,0.0005);
#8876=CIRCLE('',#11971,0.0005);
#8877=CIRCLE('',#11972,0.0005);
#8878=CIRCLE('',#11974,0.0005);
#8879=CIRCLE('',#11975,0.0005);
#8880=CIRCLE('',#11978,0.0005);
#8881=CIRCLE('',#11979,0.0005);
#8882=CIRCLE('',#11982,0.0005);
#8883=CIRCLE('',#11983,0.0005);
#8884=CIRCLE('',#11986,0.0005);
#8885=CIRCLE('',#11987,0.0005);
#8886=CIRCLE('',#11989,0.0005);
#8887=CIRCLE('',#11990,0.0005);
#8888=CIRCLE('',#11993,0.0005);
#8889=CIRCLE('',#11994,0.0005);
#8890=CIRCLE('',#11997,0.0005);
#8891=CIRCLE('',#11998,0.0005);
#8892=CIRCLE('',#12001,0.0005);
#8893=CIRCLE('',#12002,0.0005);
#8894=CIRCLE('',#12004,0.0005);
#8895=CIRCLE('',#12005,0.0005);
#8896=CIRCLE('',#12008,0.0005);
#8897=CIRCLE('',#12009,0.0005);
#8898=CIRCLE('',#12012,0.0005);
#8899=CIRCLE('',#12013,0.0005);
#8900=CIRCLE('',#12016,0.0005);
#8901=CIRCLE('',#12017,0.0005);
#8902=CIRCLE('',#12019,0.0005);
#8903=CIRCLE('',#12020,0.0005);
#8904=CIRCLE('',#12023,0.0005);
#8905=CIRCLE('',#12024,0.0005);
#8906=CIRCLE('',#12027,0.0005);
#8907=CIRCLE('',#12028,0.0005);
#8908=CIRCLE('',#12031,0.000500000000000025);
#8909=CIRCLE('',#12032,0.000500000000000025);
#8910=CIRCLE('',#12034,0.00049999999999999);
#8911=CIRCLE('',#12035,0.00049999999999999);
#8912=CIRCLE('',#12038,0.000499999999999988);
#8913=CIRCLE('',#12039,0.000499999999999988);
#8914=CIRCLE('',#12042,0.0005);
#8915=CIRCLE('',#12043,0.0005);
#8916=CIRCLE('',#12046,0.0005);
#8917=CIRCLE('',#12047,0.0005);
#8918=CIRCLE('',#12049,0.0005);
#8919=CIRCLE('',#12050,0.0005);
#8920=CIRCLE('',#12053,0.0005);
#8921=CIRCLE('',#12054,0.0005);
#8922=CIRCLE('',#12057,0.0005);
#8923=CIRCLE('',#12058,0.0005);
#8924=CIRCLE('',#12061,0.0005);
#8925=CIRCLE('',#12062,0.0005);
#8926=CIRCLE('',#12064,0.00049999999999999);
#8927=CIRCLE('',#12065,0.00049999999999999);
#8928=CIRCLE('',#12068,0.000499999999999983);
#8929=CIRCLE('',#12069,0.000499999999999983);
#8930=CIRCLE('',#12072,0.0005);
#8931=CIRCLE('',#12073,0.0005);
#8932=CIRCLE('',#12076,0.0005);
#8933=CIRCLE('',#12077,0.0005);
#8934=CIRCLE('',#12079,0.0005);
#8935=CIRCLE('',#12080,0.0005);
#8936=CIRCLE('',#12083,0.0005);
#8937=CIRCLE('',#12084,0.0005);
#8938=CIRCLE('',#12087,0.000500000000000014);
#8939=CIRCLE('',#12088,0.000500000000000014);
#8940=CIRCLE('',#12091,0.000500000000000007);
#8941=CIRCLE('',#12092,0.000500000000000007);
#8942=CIRCLE('',#12094,0.0005);
#8943=CIRCLE('',#12095,0.0005);
#8944=CIRCLE('',#12098,0.0005);
#8945=CIRCLE('',#12099,0.0005);
#8946=CIRCLE('',#12102,0.000499999999999987);
#8947=CIRCLE('',#12103,0.000499999999999987);
#8948=CIRCLE('',#12106,0.0005);
#8949=CIRCLE('',#12107,0.0005);
#8950=CIRCLE('',#12109,0.0005);
#8951=CIRCLE('',#12110,0.0005);
#8952=CIRCLE('',#12113,0.0005);
#8953=CIRCLE('',#12114,0.0005);
#8954=CIRCLE('',#12117,0.0005);
#8955=CIRCLE('',#12118,0.0005);
#8956=CIRCLE('',#12121,0.0005);
#8957=CIRCLE('',#12122,0.0005);
#8958=CIRCLE('',#12124,0.0005);
#8959=CIRCLE('',#12125,0.0005);
#8960=CIRCLE('',#12128,0.0005);
#8961=CIRCLE('',#12129,0.0005);
#8962=CIRCLE('',#12132,0.0005);
#8963=CIRCLE('',#12133,0.0005);
#8964=CIRCLE('',#12136,0.0005);
#8965=CIRCLE('',#12137,0.0005);
#8966=CIRCLE('',#12139,0.0005);
#8967=CIRCLE('',#12140,0.0005);
#8968=CIRCLE('',#12143,0.0005);
#8969=CIRCLE('',#12144,0.0005);
#8970=CIRCLE('',#12147,0.000500000000000013);
#8971=CIRCLE('',#12148,0.000500000000000013);
#8972=CIRCLE('',#12151,0.000500000000000013);
#8973=CIRCLE('',#12152,0.000500000000000013);
#8974=CIRCLE('',#12155,0.0005);
#8975=CIRCLE('',#12156,0.0005);
#8976=CIRCLE('',#12159,0.0005);
#8977=CIRCLE('',#12160,0.0005);
#8978=CIRCLE('',#12163,0.0005);
#8979=CIRCLE('',#12164,0.0005);
#8980=CIRCLE('',#12201,0.0005);
#8981=CIRCLE('',#12202,0.0005);
#8982=CIRCLE('',#12214,0.000500000000000026);
#8983=CIRCLE('',#12215,0.000500000000000026);
#8984=CIRCLE('',#12220,0.00049999999999995);
#8985=CIRCLE('',#12221,0.00049999999999995);
#8986=CIRCLE('',#12223,0.0005);
#8987=CIRCLE('',#12224,0.0005);
#8988=CIRCLE('',#12240,0.0005);
#8989=CIRCLE('',#12241,0.0005);
#8990=EDGE_LOOP('',(#2485,#2486,#2487,#2488));
#8991=EDGE_LOOP('',(#2489,#2490,#2491,#2492));
#8992=EDGE_LOOP('',(#2493,#2494,#2495,#2496));
#8993=EDGE_LOOP('',(#2497,#2498,#2499,#2500));
#8994=EDGE_LOOP('',(#2501,#2502,#2503,#2504));
#8995=EDGE_LOOP('',(#2505,#2506,#2507,#2508));
#8996=EDGE_LOOP('',(#2509,#2510,#2511,#2512));
#8997=EDGE_LOOP('',(#2513,#2514,#2515,#2516));
#8998=EDGE_LOOP('',(#2517,#2518,#2519,#2520));
#8999=EDGE_LOOP('',(#2521,#2522,#2523,#2524));
#9000=EDGE_LOOP('',(#2525,#2526,#2527,#2528));
#9001=EDGE_LOOP('',(#2529,#2530,#2531,#2532));
#9002=EDGE_LOOP('',(#2533,#2534,#2535,#2536));
#9003=EDGE_LOOP('',(#2537,#2538,#2539,#2540));
#9004=EDGE_LOOP('',(#2541,#2542,#2543,#2544));
#9005=EDGE_LOOP('',(#2545,#2546,#2547,#2548));
#9006=EDGE_LOOP('',(#2549,#2550,#2551,#2552));
#9007=EDGE_LOOP('',(#2553,#2554,#2555,#2556));
#9008=EDGE_LOOP('',(#2557,#2558,#2559,#2560));
#9009=EDGE_LOOP('',(#2561,#2562,#2563,#2564));
#9010=EDGE_LOOP('',(#2565,#2566,#2567,#2568));
#9011=EDGE_LOOP('',(#2569,#2570,#2571,#2572));
#9012=EDGE_LOOP('',(#2573,#2574,#2575,#2576));
#9013=EDGE_LOOP('',(#2577,#2578,#2579,#2580));
#9014=EDGE_LOOP('',(#2581,#2582,#2583,#2584));
#9015=EDGE_LOOP('',(#2585,#2586,#2587,#2588));
#9016=EDGE_LOOP('',(#2589,#2590,#2591,#2592));
#9017=EDGE_LOOP('',(#2593,#2594,#2595,#2596));
#9018=EDGE_LOOP('',(#2597,#2598,#2599,#2600));
#9019=EDGE_LOOP('',(#2601,#2602,#2603,#2604));
#9020=EDGE_LOOP('',(#2605,#2606,#2607,#2608));
#9021=EDGE_LOOP('',(#2609,#2610,#2611,#2612));
#9022=EDGE_LOOP('',(#2613,#2614,#2615,#2616));
#9023=EDGE_LOOP('',(#2617,#2618,#2619,#2620));
#9024=EDGE_LOOP('',(#2621,#2622,#2623,#2624));
#9025=EDGE_LOOP('',(#2625,#2626,#2627,#2628));
#9026=EDGE_LOOP('',(#2629,#2630,#2631,#2632));
#9027=EDGE_LOOP('',(#2633,#2634,#2635,#2636));
#9028=EDGE_LOOP('',(#2637,#2638,#2639,#2640));
#9029=EDGE_LOOP('',(#2641,#2642,#2643,#2644));
#9030=EDGE_LOOP('',(#2645,#2646,#2647,#2648));
#9031=EDGE_LOOP('',(#2649,#2650,#2651,#2652));
#9032=EDGE_LOOP('',(#2653,#2654,#2655,#2656));
#9033=EDGE_LOOP('',(#2657,#2658,#2659,#2660));
#9034=EDGE_LOOP('',(#2661,#2662,#2663,#2664));
#9035=EDGE_LOOP('',(#2665,#2666,#2667,#2668));
#9036=EDGE_LOOP('',(#2669,#2670,#2671,#2672));
#9037=EDGE_LOOP('',(#2673,#2674,#2675,#2676));
#9038=EDGE_LOOP('',(#2677,#2678,#2679,#2680));
#9039=EDGE_LOOP('',(#2681,#2682,#2683,#2684));
#9040=EDGE_LOOP('',(#2685,#2686,#2687,#2688));
#9041=EDGE_LOOP('',(#2689,#2690,#2691,#2692));
#9042=EDGE_LOOP('',(#2693,#2694,#2695,#2696));
#9043=EDGE_LOOP('',(#2697,#2698,#2699,#2700));
#9044=EDGE_LOOP('',(#2701,#2702,#2703,#2704));
#9045=EDGE_LOOP('',(#2705,#2706,#2707,#2708));
#9046=EDGE_LOOP('',(#2709,#2710,#2711,#2712));
#9047=EDGE_LOOP('',(#2713,#2714,#2715,#2716));
#9048=EDGE_LOOP('',(#2717,#2718,#2719,#2720));
#9049=EDGE_LOOP('',(#2721,#2722,#2723,#2724));
#9050=EDGE_LOOP('',(#2725,#2726,#2727,#2728));
#9051=EDGE_LOOP('',(#2729,#2730,#2731,#2732));
#9052=EDGE_LOOP('',(#2733,#2734,#2735,#2736));
#9053=EDGE_LOOP('',(#2737,#2738,#2739,#2740));
#9054=EDGE_LOOP('',(#2741,#2742,#2743,#2744));
#9055=EDGE_LOOP('',(#2745,#2746,#2747,#2748));
#9056=EDGE_LOOP('',(#2749,#2750,#2751,#2752));
#9057=EDGE_LOOP('',(#2753,#2754,#2755,#2756));
#9058=EDGE_LOOP('',(#2757,#2758,#2759,#2760));
#9059=EDGE_LOOP('',(#2761,#2762,#2763,#2764));
#9060=EDGE_LOOP('',(#2765,#2766,#2767,#2768));
#9061=EDGE_LOOP('',(#2769,#2770,#2771,#2772));
#9062=EDGE_LOOP('',(#2773,#2774,#2775,#2776));
#9063=EDGE_LOOP('',(#2777,#2778,#2779,#2780));
#9064=EDGE_LOOP('',(#2781,#2782,#2783,#2784));
#9065=EDGE_LOOP('',(#2785,#2786,#2787,#2788));
#9066=EDGE_LOOP('',(#2789,#2790,#2791,#2792));
#9067=EDGE_LOOP('',(#2793,#2794,#2795,#2796));
#9068=EDGE_LOOP('',(#2797,#2798,#2799,#2800));
#9069=EDGE_LOOP('',(#2801,#2802,#2803,#2804));
#9070=EDGE_LOOP('',(#2805,#2806,#2807,#2808));
#9071=EDGE_LOOP('',(#2809,#2810,#2811,#2812));
#9072=EDGE_LOOP('',(#2813,#2814,#2815,#2816));
#9073=EDGE_LOOP('',(#2817,#2818,#2819,#2820));
#9074=EDGE_LOOP('',(#2821,#2822,#2823,#2824));
#9075=EDGE_LOOP('',(#2825,#2826,#2827,#2828));
#9076=EDGE_LOOP('',(#2829,#2830,#2831,#2832));
#9077=EDGE_LOOP('',(#2833,#2834,#2835,#2836));
#9078=EDGE_LOOP('',(#2837,#2838,#2839,#2840));
#9079=EDGE_LOOP('',(#2841,#2842,#2843,#2844));
#9080=EDGE_LOOP('',(#2845,#2846,#2847,#2848));
#9081=EDGE_LOOP('',(#2849,#2850,#2851,#2852));
#9082=EDGE_LOOP('',(#2853,#2854,#2855,#2856));
#9083=EDGE_LOOP('',(#2857,#2858,#2859,#2860));
#9084=EDGE_LOOP('',(#2861,#2862,#2863,#2864));
#9085=EDGE_LOOP('',(#2865,#2866,#2867,#2868));
#9086=EDGE_LOOP('',(#2869,#2870,#2871,#2872));
#9087=EDGE_LOOP('',(#2873,#2874,#2875,#2876));
#9088=EDGE_LOOP('',(#2877,#2878,#2879,#2880));
#9089=EDGE_LOOP('',(#2881,#2882,#2883,#2884));
#9090=EDGE_LOOP('',(#2885,#2886,#2887,#2888));
#9091=EDGE_LOOP('',(#2889,#2890,#2891,#2892));
#9092=EDGE_LOOP('',(#2893,#2894,#2895,#2896));
#9093=EDGE_LOOP('',(#2897,#2898,#2899,#2900));
#9094=EDGE_LOOP('',(#2901,#2902,#2903,#2904));
#9095=EDGE_LOOP('',(#2905,#2906,#2907,#2908));
#9096=EDGE_LOOP('',(#2909,#2910,#2911,#2912));
#9097=EDGE_LOOP('',(#2913,#2914,#2915,#2916));
#9098=EDGE_LOOP('',(#2917,#2918,#2919,#2920));
#9099=EDGE_LOOP('',(#2921,#2922,#2923,#2924));
#9100=EDGE_LOOP('',(#2925,#2926,#2927,#2928));
#9101=EDGE_LOOP('',(#2929,#2930,#2931,#2932));
#9102=EDGE_LOOP('',(#2933,#2934,#2935,#2936));
#9103=EDGE_LOOP('',(#2937,#2938,#2939,#2940));
#9104=EDGE_LOOP('',(#2941,#2942,#2943,#2944));
#9105=EDGE_LOOP('',(#2945,#2946,#2947,#2948));
#9106=EDGE_LOOP('',(#2949,#2950,#2951,#2952));
#9107=EDGE_LOOP('',(#2953,#2954,#2955,#2956));
#9108=EDGE_LOOP('',(#2957,#2958,#2959,#2960));
#9109=EDGE_LOOP('',(#2961,#2962,#2963,#2964));
#9110=EDGE_LOOP('',(#2965,#2966,#2967,#2968));
#9111=EDGE_LOOP('',(#2969,#2970,#2971,#2972));
#9112=EDGE_LOOP('',(#2973,#2974,#2975,#2976));
#9113=EDGE_LOOP('',(#2977,#2978,#2979,#2980));
#9114=EDGE_LOOP('',(#2981,#2982,#2983,#2984));
#9115=EDGE_LOOP('',(#2985,#2986,#2987,#2988));
#9116=EDGE_LOOP('',(#2989,#2990,#2991,#2992));
#9117=EDGE_LOOP('',(#2993,#2994,#2995,#2996));
#9118=EDGE_LOOP('',(#2997,#2998,#2999,#3000));
#9119=EDGE_LOOP('',(#3001,#3002,#3003,#3004));
#9120=EDGE_LOOP('',(#3005,#3006,#3007,#3008));
#9121=EDGE_LOOP('',(#3009,#3010,#3011,#3012));
#9122=EDGE_LOOP('',(#3013,#3014,#3015,#3016));
#9123=EDGE_LOOP('',(#3017,#3018,#3019,#3020));
#9124=EDGE_LOOP('',(#3021,#3022,#3023,#3024));
#9125=EDGE_LOOP('',(#3025,#3026,#3027,#3028));
#9126=EDGE_LOOP('',(#3029,#3030,#3031,#3032));
#9127=EDGE_LOOP('',(#3033,#3034,#3035,#3036));
#9128=EDGE_LOOP('',(#3037,#3038,#3039,#3040));
#9129=EDGE_LOOP('',(#3041,#3042,#3043,#3044));
#9130=EDGE_LOOP('',(#3045,#3046,#3047,#3048));
#9131=EDGE_LOOP('',(#3049,#3050,#3051,#3052));
#9132=EDGE_LOOP('',(#3053,#3054,#3055,#3056));
#9133=EDGE_LOOP('',(#3057,#3058,#3059,#3060));
#9134=EDGE_LOOP('',(#3061,#3062,#3063,#3064));
#9135=EDGE_LOOP('',(#3065,#3066,#3067,#3068));
#9136=EDGE_LOOP('',(#3069,#3070,#3071,#3072));
#9137=EDGE_LOOP('',(#3073,#3074,#3075,#3076));
#9138=EDGE_LOOP('',(#3077,#3078,#3079,#3080));
#9139=EDGE_LOOP('',(#3081,#3082,#3083,#3084));
#9140=EDGE_LOOP('',(#3085,#3086,#3087,#3088));
#9141=EDGE_LOOP('',(#3089,#3090,#3091,#3092));
#9142=EDGE_LOOP('',(#3093,#3094,#3095,#3096));
#9143=EDGE_LOOP('',(#3097,#3098,#3099,#3100));
#9144=EDGE_LOOP('',(#3101,#3102,#3103,#3104));
#9145=EDGE_LOOP('',(#3105,#3106,#3107,#3108));
#9146=EDGE_LOOP('',(#3109,#3110,#3111,#3112));
#9147=EDGE_LOOP('',(#3113,#3114,#3115,#3116));
#9148=EDGE_LOOP('',(#3117,#3118,#3119,#3120));
#9149=EDGE_LOOP('',(#3121,#3122,#3123,#3124));
#9150=EDGE_LOOP('',(#3125,#3126,#3127,#3128));
#9151=EDGE_LOOP('',(#3129,#3130,#3131,#3132));
#9152=EDGE_LOOP('',(#3133,#3134,#3135,#3136));
#9153=EDGE_LOOP('',(#3137,#3138,#3139,#3140));
#9154=EDGE_LOOP('',(#3141,#3142,#3143,#3144));
#9155=EDGE_LOOP('',(#3145,#3146,#3147,#3148));
#9156=EDGE_LOOP('',(#3149,#3150,#3151,#3152));
#9157=EDGE_LOOP('',(#3153,#3154,#3155,#3156));
#9158=EDGE_LOOP('',(#3157,#3158,#3159,#3160));
#9159=EDGE_LOOP('',(#3161,#3162,#3163,#3164));
#9160=EDGE_LOOP('',(#3165,#3166,#3167,#3168));
#9161=EDGE_LOOP('',(#3169,#3170,#3171,#3172));
#9162=EDGE_LOOP('',(#3173,#3174,#3175,#3176));
#9163=EDGE_LOOP('',(#3177,#3178,#3179,#3180));
#9164=EDGE_LOOP('',(#3181,#3182,#3183,#3184));
#9165=EDGE_LOOP('',(#3185,#3186,#3187,#3188));
#9166=EDGE_LOOP('',(#3189,#3190,#3191,#3192));
#9167=EDGE_LOOP('',(#3193,#3194,#3195,#3196));
#9168=EDGE_LOOP('',(#3197,#3198,#3199,#3200));
#9169=EDGE_LOOP('',(#3201,#3202,#3203,#3204));
#9170=EDGE_LOOP('',(#3205,#3206,#3207,#3208));
#9171=EDGE_LOOP('',(#3209,#3210,#3211,#3212));
#9172=EDGE_LOOP('',(#3213,#3214,#3215,#3216));
#9173=EDGE_LOOP('',(#3217,#3218,#3219,#3220));
#9174=EDGE_LOOP('',(#3221,#3222,#3223,#3224));
#9175=EDGE_LOOP('',(#3225,#3226,#3227,#3228));
#9176=EDGE_LOOP('',(#3229,#3230,#3231,#3232));
#9177=EDGE_LOOP('',(#3233,#3234,#3235,#3236));
#9178=EDGE_LOOP('',(#3237,#3238,#3239,#3240));
#9179=EDGE_LOOP('',(#3241,#3242,#3243,#3244));
#9180=EDGE_LOOP('',(#3245,#3246,#3247,#3248));
#9181=EDGE_LOOP('',(#3249,#3250,#3251,#3252));
#9182=EDGE_LOOP('',(#3253,#3254,#3255,#3256));
#9183=EDGE_LOOP('',(#3257,#3258,#3259,#3260));
#9184=EDGE_LOOP('',(#3261,#3262,#3263,#3264));
#9185=EDGE_LOOP('',(#3265,#3266,#3267,#3268));
#9186=EDGE_LOOP('',(#3269,#3270,#3271,#3272));
#9187=EDGE_LOOP('',(#3273,#3274,#3275,#3276));
#9188=EDGE_LOOP('',(#3277,#3278,#3279,#3280));
#9189=EDGE_LOOP('',(#3281,#3282,#3283,#3284));
#9190=EDGE_LOOP('',(#3285,#3286,#3287,#3288));
#9191=EDGE_LOOP('',(#3289,#3290,#3291,#3292));
#9192=EDGE_LOOP('',(#3293,#3294,#3295,#3296));
#9193=EDGE_LOOP('',(#3297,#3298,#3299,#3300));
#9194=EDGE_LOOP('',(#3301,#3302,#3303,#3304));
#9195=EDGE_LOOP('',(#3305,#3306,#3307,#3308));
#9196=EDGE_LOOP('',(#3309,#3310,#3311,#3312));
#9197=EDGE_LOOP('',(#3313,#3314,#3315,#3316));
#9198=EDGE_LOOP('',(#3317,#3318,#3319,#3320));
#9199=EDGE_LOOP('',(#3321,#3322,#3323,#3324));
#9200=EDGE_LOOP('',(#3325,#3326,#3327,#3328));
#9201=EDGE_LOOP('',(#3329,#3330,#3331,#3332));
#9202=EDGE_LOOP('',(#3333,#3334,#3335,#3336));
#9203=EDGE_LOOP('',(#3337,#3338,#3339,#3340));
#9204=EDGE_LOOP('',(#3341,#3342,#3343,#3344));
#9205=EDGE_LOOP('',(#3345,#3346,#3347,#3348));
#9206=EDGE_LOOP('',(#3349,#3350,#3351,#3352));
#9207=EDGE_LOOP('',(#3353,#3354,#3355,#3356));
#9208=EDGE_LOOP('',(#3357,#3358,#3359,#3360));
#9209=EDGE_LOOP('',(#3361,#3362,#3363,#3364));
#9210=EDGE_LOOP('',(#3365,#3366,#3367,#3368));
#9211=EDGE_LOOP('',(#3369,#3370,#3371,#3372));
#9212=EDGE_LOOP('',(#3373,#3374,#3375,#3376));
#9213=EDGE_LOOP('',(#3377,#3378,#3379,#3380));
#9214=EDGE_LOOP('',(#3381,#3382,#3383,#3384));
#9215=EDGE_LOOP('',(#3385,#3386,#3387,#3388));
#9216=EDGE_LOOP('',(#3389,#3390,#3391,#3392));
#9217=EDGE_LOOP('',(#3393,#3394,#3395,#3396));
#9218=EDGE_LOOP('',(#3397,#3398,#3399,#3400));
#9219=EDGE_LOOP('',(#3401,#3402,#3403,#3404));
#9220=EDGE_LOOP('',(#3405,#3406,#3407,#3408));
#9221=EDGE_LOOP('',(#3409,#3410,#3411,#3412));
#9222=EDGE_LOOP('',(#3413,#3414,#3415,#3416));
#9223=EDGE_LOOP('',(#3417,#3418,#3419,#3420));
#9224=EDGE_LOOP('',(#3421,#3422,#3423,#3424));
#9225=EDGE_LOOP('',(#3425,#3426,#3427,#3428));
#9226=EDGE_LOOP('',(#3429,#3430,#3431,#3432));
#9227=EDGE_LOOP('',(#3433,#3434,#3435,#3436));
#9228=EDGE_LOOP('',(#3437,#3438,#3439,#3440));
#9229=EDGE_LOOP('',(#3441,#3442,#3443,#3444));
#9230=EDGE_LOOP('',(#3445,#3446,#3447,#3448));
#9231=EDGE_LOOP('',(#3449,#3450,#3451,#3452));
#9232=EDGE_LOOP('',(#3453,#3454,#3455,#3456));
#9233=EDGE_LOOP('',(#3457,#3458,#3459,#3460));
#9234=EDGE_LOOP('',(#3461,#3462,#3463,#3464));
#9235=EDGE_LOOP('',(#3465,#3466,#3467,#3468));
#9236=EDGE_LOOP('',(#3469,#3470,#3471,#3472));
#9237=EDGE_LOOP('',(#3473,#3474,#3475,#3476));
#9238=EDGE_LOOP('',(#3477,#3478,#3479,#3480));
#9239=EDGE_LOOP('',(#3481,#3482,#3483,#3484));
#9240=EDGE_LOOP('',(#3485,#3486,#3487,#3488));
#9241=EDGE_LOOP('',(#3489,#3490,#3491,#3492));
#9242=EDGE_LOOP('',(#3493,#3494,#3495,#3496));
#9243=EDGE_LOOP('',(#3497,#3498,#3499,#3500));
#9244=EDGE_LOOP('',(#3501,#3502,#3503,#3504));
#9245=EDGE_LOOP('',(#3505,#3506,#3507,#3508));
#9246=EDGE_LOOP('',(#3509,#3510,#3511,#3512));
#9247=EDGE_LOOP('',(#3513,#3514,#3515,#3516));
#9248=EDGE_LOOP('',(#3517,#3518,#3519,#3520));
#9249=EDGE_LOOP('',(#3521,#3522,#3523,#3524));
#9250=EDGE_LOOP('',(#3525,#3526,#3527,#3528));
#9251=EDGE_LOOP('',(#3529,#3530,#3531,#3532));
#9252=EDGE_LOOP('',(#3533,#3534,#3535,#3536));
#9253=EDGE_LOOP('',(#3537,#3538,#3539,#3540));
#9254=EDGE_LOOP('',(#3541,#3542,#3543,#3544));
#9255=EDGE_LOOP('',(#3545,#3546,#3547,#3548));
#9256=EDGE_LOOP('',(#3549,#3550,#3551,#3552));
#9257=EDGE_LOOP('',(#3553,#3554,#3555,#3556));
#9258=EDGE_LOOP('',(#3557,#3558,#3559,#3560));
#9259=EDGE_LOOP('',(#3561,#3562,#3563,#3564));
#9260=EDGE_LOOP('',(#3565,#3566,#3567,#3568));
#9261=EDGE_LOOP('',(#3569,#3570,#3571,#3572));
#9262=EDGE_LOOP('',(#3573,#3574,#3575,#3576));
#9263=EDGE_LOOP('',(#3577,#3578,#3579,#3580));
#9264=EDGE_LOOP('',(#3581,#3582,#3583,#3584));
#9265=EDGE_LOOP('',(#3585,#3586,#3587,#3588));
#9266=EDGE_LOOP('',(#3589,#3590,#3591,#3592));
#9267=EDGE_LOOP('',(#3593,#3594,#3595,#3596));
#9268=EDGE_LOOP('',(#3597,#3598,#3599,#3600));
#9269=EDGE_LOOP('',(#3601,#3602,#3603,#3604));
#9270=EDGE_LOOP('',(#3605,#3606,#3607,#3608));
#9271=EDGE_LOOP('',(#3609,#3610,#3611,#3612));
#9272=EDGE_LOOP('',(#3613,#3614,#3615,#3616));
#9273=EDGE_LOOP('',(#3617,#3618,#3619,#3620));
#9274=EDGE_LOOP('',(#3621,#3622,#3623,#3624));
#9275=EDGE_LOOP('',(#3625,#3626,#3627,#3628));
#9276=EDGE_LOOP('',(#3629,#3630,#3631,#3632));
#9277=EDGE_LOOP('',(#3633,#3634,#3635,#3636));
#9278=EDGE_LOOP('',(#3637,#3638,#3639,#3640));
#9279=EDGE_LOOP('',(#3641,#3642,#3643,#3644));
#9280=EDGE_LOOP('',(#3645,#3646,#3647,#3648));
#9281=EDGE_LOOP('',(#3649,#3650,#3651,#3652));
#9282=EDGE_LOOP('',(#3653,#3654,#3655,#3656));
#9283=EDGE_LOOP('',(#3657,#3658,#3659,#3660));
#9284=EDGE_LOOP('',(#3661,#3662,#3663,#3664));
#9285=EDGE_LOOP('',(#3665,#3666,#3667,#3668));
#9286=EDGE_LOOP('',(#3669,#3670,#3671,#3672));
#9287=EDGE_LOOP('',(#3673,#3674,#3675,#3676));
#9288=EDGE_LOOP('',(#3677,#3678,#3679,#3680));
#9289=EDGE_LOOP('',(#3681,#3682,#3683,#3684));
#9290=EDGE_LOOP('',(#3685,#3686,#3687,#3688));
#9291=EDGE_LOOP('',(#3689,#3690,#3691,#3692));
#9292=EDGE_LOOP('',(#3693,#3694,#3695,#3696));
#9293=EDGE_LOOP('',(#3697,#3698,#3699,#3700));
#9294=EDGE_LOOP('',(#3701,#3702,#3703,#3704));
#9295=EDGE_LOOP('',(#3705,#3706,#3707,#3708));
#9296=EDGE_LOOP('',(#3709,#3710,#3711,#3712));
#9297=EDGE_LOOP('',(#3713,#3714,#3715,#3716));
#9298=EDGE_LOOP('',(#3717,#3718,#3719,#3720));
#9299=EDGE_LOOP('',(#3721,#3722,#3723,#3724));
#9300=EDGE_LOOP('',(#3725,#3726,#3727,#3728));
#9301=EDGE_LOOP('',(#3729,#3730,#3731,#3732));
#9302=EDGE_LOOP('',(#3733,#3734,#3735,#3736));
#9303=EDGE_LOOP('',(#3737,#3738,#3739,#3740));
#9304=EDGE_LOOP('',(#3741,#3742,#3743,#3744));
#9305=EDGE_LOOP('',(#3745,#3746,#3747,#3748));
#9306=EDGE_LOOP('',(#3749,#3750,#3751,#3752));
#9307=EDGE_LOOP('',(#3753,#3754,#3755,#3756));
#9308=EDGE_LOOP('',(#3757,#3758,#3759,#3760));
#9309=EDGE_LOOP('',(#3761,#3762,#3763,#3764));
#9310=EDGE_LOOP('',(#3765,#3766,#3767,#3768));
#9311=EDGE_LOOP('',(#3769,#3770,#3771,#3772));
#9312=EDGE_LOOP('',(#3773,#3774,#3775,#3776));
#9313=EDGE_LOOP('',(#3777,#3778,#3779,#3780));
#9314=EDGE_LOOP('',(#3781,#3782,#3783,#3784));
#9315=EDGE_LOOP('',(#3785,#3786,#3787,#3788));
#9316=EDGE_LOOP('',(#3789,#3790,#3791,#3792));
#9317=EDGE_LOOP('',(#3793,#3794,#3795,#3796));
#9318=EDGE_LOOP('',(#3797,#3798,#3799,#3800));
#9319=EDGE_LOOP('',(#3801,#3802,#3803,#3804));
#9320=EDGE_LOOP('',(#3805,#3806,#3807,#3808));
#9321=EDGE_LOOP('',(#3809,#3810,#3811,#3812));
#9322=EDGE_LOOP('',(#3813,#3814,#3815,#3816));
#9323=EDGE_LOOP('',(#3817,#3818,#3819,#3820));
#9324=EDGE_LOOP('',(#3821,#3822,#3823,#3824));
#9325=EDGE_LOOP('',(#3825,#3826,#3827,#3828));
#9326=EDGE_LOOP('',(#3829,#3830,#3831,#3832));
#9327=EDGE_LOOP('',(#3833,#3834,#3835,#3836));
#9328=EDGE_LOOP('',(#3837,#3838,#3839,#3840));
#9329=EDGE_LOOP('',(#3841,#3842,#3843,#3844));
#9330=EDGE_LOOP('',(#3845,#3846,#3847,#3848));
#9331=EDGE_LOOP('',(#3849,#3850,#3851,#3852));
#9332=EDGE_LOOP('',(#3853,#3854,#3855,#3856));
#9333=EDGE_LOOP('',(#3857,#3858,#3859,#3860));
#9334=EDGE_LOOP('',(#3861,#3862,#3863,#3864));
#9335=EDGE_LOOP('',(#3865,#3866,#3867,#3868));
#9336=EDGE_LOOP('',(#3869,#3870,#3871,#3872));
#9337=EDGE_LOOP('',(#3873,#3874,#3875,#3876));
#9338=EDGE_LOOP('',(#3877,#3878,#3879,#3880));
#9339=EDGE_LOOP('',(#3881,#3882,#3883,#3884));
#9340=EDGE_LOOP('',(#3885,#3886,#3887,#3888));
#9341=EDGE_LOOP('',(#3889,#3890,#3891,#3892));
#9342=EDGE_LOOP('',(#3893,#3894,#3895,#3896));
#9343=EDGE_LOOP('',(#3897,#3898,#3899,#3900));
#9344=EDGE_LOOP('',(#3901,#3902,#3903,#3904));
#9345=EDGE_LOOP('',(#3905,#3906,#3907,#3908));
#9346=EDGE_LOOP('',(#3909,#3910,#3911,#3912));
#9347=EDGE_LOOP('',(#3913,#3914,#3915,#3916));
#9348=EDGE_LOOP('',(#3917,#3918,#3919,#3920));
#9349=EDGE_LOOP('',(#3921,#3922,#3923,#3924));
#9350=EDGE_LOOP('',(#3925,#3926,#3927,#3928));
#9351=EDGE_LOOP('',(#3929,#3930,#3931,#3932));
#9352=EDGE_LOOP('',(#3933,#3934,#3935,#3936));
#9353=EDGE_LOOP('',(#3937,#3938,#3939,#3940));
#9354=EDGE_LOOP('',(#3941,#3942,#3943,#3944));
#9355=EDGE_LOOP('',(#3945,#3946,#3947,#3948));
#9356=EDGE_LOOP('',(#3949,#3950,#3951,#3952));
#9357=EDGE_LOOP('',(#3953,#3954,#3955,#3956));
#9358=EDGE_LOOP('',(#3957,#3958,#3959,#3960));
#9359=EDGE_LOOP('',(#3961,#3962,#3963,#3964));
#9360=EDGE_LOOP('',(#3965,#3966,#3967,#3968));
#9361=EDGE_LOOP('',(#3969,#3970,#3971,#3972));
#9362=EDGE_LOOP('',(#3973,#3974,#3975,#3976));
#9363=EDGE_LOOP('',(#3977,#3978,#3979,#3980));
#9364=EDGE_LOOP('',(#3981,#3982,#3983,#3984));
#9365=EDGE_LOOP('',(#3985,#3986,#3987,#3988));
#9366=EDGE_LOOP('',(#3989,#3990,#3991,#3992));
#9367=EDGE_LOOP('',(#3993,#3994,#3995,#3996));
#9368=EDGE_LOOP('',(#3997,#3998,#3999,#4000));
#9369=EDGE_LOOP('',(#4001,#4002,#4003,#4004));
#9370=EDGE_LOOP('',(#4005,#4006,#4007,#4008));
#9371=EDGE_LOOP('',(#4009,#4010,#4011,#4012));
#9372=EDGE_LOOP('',(#4013,#4014,#4015,#4016));
#9373=EDGE_LOOP('',(#4017,#4018,#4019,#4020));
#9374=EDGE_LOOP('',(#4021,#4022,#4023,#4024));
#9375=EDGE_LOOP('',(#4025,#4026,#4027,#4028));
#9376=EDGE_LOOP('',(#4029,#4030,#4031,#4032));
#9377=EDGE_LOOP('',(#4033,#4034,#4035,#4036));
#9378=EDGE_LOOP('',(#4037,#4038,#4039,#4040));
#9379=EDGE_LOOP('',(#4041,#4042,#4043,#4044));
#9380=EDGE_LOOP('',(#4045,#4046,#4047,#4048));
#9381=EDGE_LOOP('',(#4049,#4050,#4051,#4052));
#9382=EDGE_LOOP('',(#4053,#4054,#4055,#4056));
#9383=EDGE_LOOP('',(#4057,#4058,#4059,#4060));
#9384=EDGE_LOOP('',(#4061,#4062,#4063,#4064));
#9385=EDGE_LOOP('',(#4065,#4066,#4067,#4068));
#9386=EDGE_LOOP('',(#4069,#4070,#4071,#4072));
#9387=EDGE_LOOP('',(#4073,#4074,#4075,#4076));
#9388=EDGE_LOOP('',(#4077,#4078,#4079,#4080));
#9389=EDGE_LOOP('',(#4081,#4082,#4083,#4084));
#9390=EDGE_LOOP('',(#4085,#4086,#4087,#4088));
#9391=EDGE_LOOP('',(#4089,#4090,#4091,#4092));
#9392=EDGE_LOOP('',(#4093,#4094,#4095,#4096));
#9393=EDGE_LOOP('',(#4097,#4098,#4099,#4100));
#9394=EDGE_LOOP('',(#4101,#4102,#4103,#4104));
#9395=EDGE_LOOP('',(#4105,#4106,#4107,#4108));
#9396=EDGE_LOOP('',(#4109,#4110,#4111,#4112));
#9397=EDGE_LOOP('',(#4113,#4114,#4115,#4116));
#9398=EDGE_LOOP('',(#4117,#4118,#4119,#4120));
#9399=EDGE_LOOP('',(#4121,#4122,#4123,#4124));
#9400=EDGE_LOOP('',(#4125,#4126,#4127,#4128));
#9401=EDGE_LOOP('',(#4129,#4130,#4131,#4132));
#9402=EDGE_LOOP('',(#4133,#4134,#4135,#4136));
#9403=EDGE_LOOP('',(#4137,#4138,#4139,#4140));
#9404=EDGE_LOOP('',(#4141,#4142,#4143,#4144));
#9405=EDGE_LOOP('',(#4145,#4146,#4147,#4148));
#9406=EDGE_LOOP('',(#4149,#4150,#4151,#4152));
#9407=EDGE_LOOP('',(#4153,#4154,#4155,#4156));
#9408=EDGE_LOOP('',(#4157,#4158,#4159,#4160));
#9409=EDGE_LOOP('',(#4161,#4162,#4163,#4164));
#9410=EDGE_LOOP('',(#4165,#4166,#4167,#4168));
#9411=EDGE_LOOP('',(#4169,#4170,#4171,#4172));
#9412=EDGE_LOOP('',(#4173,#4174,#4175,#4176));
#9413=EDGE_LOOP('',(#4177,#4178,#4179,#4180));
#9414=EDGE_LOOP('',(#4181,#4182,#4183,#4184));
#9415=EDGE_LOOP('',(#4185,#4186,#4187,#4188));
#9416=EDGE_LOOP('',(#4189,#4190,#4191,#4192));
#9417=EDGE_LOOP('',(#4193,#4194,#4195,#4196));
#9418=EDGE_LOOP('',(#4197,#4198,#4199,#4200));
#9419=EDGE_LOOP('',(#4201,#4202,#4203,#4204));
#9420=EDGE_LOOP('',(#4205,#4206,#4207,#4208));
#9421=EDGE_LOOP('',(#4209,#4210,#4211,#4212));
#9422=EDGE_LOOP('',(#4213,#4214,#4215,#4216));
#9423=EDGE_LOOP('',(#4217,#4218,#4219,#4220));
#9424=EDGE_LOOP('',(#4221,#4222,#4223,#4224));
#9425=EDGE_LOOP('',(#4225,#4226,#4227,#4228));
#9426=EDGE_LOOP('',(#4229,#4230,#4231,#4232));
#9427=EDGE_LOOP('',(#4233,#4234,#4235,#4236));
#9428=EDGE_LOOP('',(#4237,#4238,#4239,#4240));
#9429=EDGE_LOOP('',(#4241,#4242,#4243,#4244));
#9430=EDGE_LOOP('',(#4245,#4246,#4247,#4248));
#9431=EDGE_LOOP('',(#4249,#4250,#4251,#4252));
#9432=EDGE_LOOP('',(#4253,#4254,#4255,#4256));
#9433=EDGE_LOOP('',(#4257,#4258,#4259,#4260));
#9434=EDGE_LOOP('',(#4261,#4262,#4263,#4264));
#9435=EDGE_LOOP('',(#4265,#4266,#4267,#4268));
#9436=EDGE_LOOP('',(#4269,#4270,#4271,#4272));
#9437=EDGE_LOOP('',(#4273,#4274,#4275,#4276));
#9438=EDGE_LOOP('',(#4277,#4278,#4279,#4280));
#9439=EDGE_LOOP('',(#4281,#4282,#4283,#4284));
#9440=EDGE_LOOP('',(#4285,#4286,#4287,#4288));
#9441=EDGE_LOOP('',(#4289,#4290,#4291,#4292));
#9442=EDGE_LOOP('',(#4293,#4294,#4295,#4296));
#9443=EDGE_LOOP('',(#4297,#4298,#4299,#4300));
#9444=EDGE_LOOP('',(#4301,#4302,#4303,#4304));
#9445=EDGE_LOOP('',(#4305,#4306,#4307,#4308));
#9446=EDGE_LOOP('',(#4309,#4310,#4311,#4312));
#9447=EDGE_LOOP('',(#4313,#4314,#4315,#4316));
#9448=EDGE_LOOP('',(#4317,#4318,#4319,#4320));
#9449=EDGE_LOOP('',(#4321,#4322,#4323,#4324));
#9450=EDGE_LOOP('',(#4325,#4326,#4327,#4328));
#9451=EDGE_LOOP('',(#4329,#4330,#4331,#4332));
#9452=EDGE_LOOP('',(#4333,#4334,#4335,#4336));
#9453=EDGE_LOOP('',(#4337,#4338,#4339,#4340));
#9454=EDGE_LOOP('',(#4341,#4342,#4343,#4344));
#9455=EDGE_LOOP('',(#4345,#4346,#4347,#4348));
#9456=EDGE_LOOP('',(#4349,#4350,#4351,#4352));
#9457=EDGE_LOOP('',(#4353,#4354,#4355,#4356));
#9458=EDGE_LOOP('',(#4357,#4358,#4359,#4360));
#9459=EDGE_LOOP('',(#4361,#4362,#4363,#4364));
#9460=EDGE_LOOP('',(#4365,#4366,#4367,#4368));
#9461=EDGE_LOOP('',(#4369,#4370,#4371,#4372));
#9462=EDGE_LOOP('',(#4373,#4374,#4375,#4376));
#9463=EDGE_LOOP('',(#4377,#4378,#4379,#4380));
#9464=EDGE_LOOP('',(#4381,#4382,#4383,#4384));
#9465=EDGE_LOOP('',(#4385,#4386,#4387,#4388));
#9466=EDGE_LOOP('',(#4389,#4390,#4391,#4392));
#9467=EDGE_LOOP('',(#4393,#4394,#4395,#4396));
#9468=EDGE_LOOP('',(#4397,#4398,#4399,#4400));
#9469=EDGE_LOOP('',(#4401,#4402,#4403,#4404));
#9470=EDGE_LOOP('',(#4405,#4406,#4407,#4408));
#9471=EDGE_LOOP('',(#4409,#4410,#4411,#4412));
#9472=EDGE_LOOP('',(#4413,#4414,#4415,#4416));
#9473=EDGE_LOOP('',(#4417,#4418,#4419,#4420));
#9474=EDGE_LOOP('',(#4421,#4422,#4423,#4424));
#9475=EDGE_LOOP('',(#4425,#4426,#4427,#4428));
#9476=EDGE_LOOP('',(#4429,#4430,#4431,#4432));
#9477=EDGE_LOOP('',(#4433,#4434,#4435,#4436));
#9478=EDGE_LOOP('',(#4437,#4438,#4439,#4440));
#9479=EDGE_LOOP('',(#4441,#4442,#4443,#4444));
#9480=EDGE_LOOP('',(#4445,#4446,#4447,#4448));
#9481=EDGE_LOOP('',(#4449,#4450,#4451,#4452));
#9482=EDGE_LOOP('',(#4453,#4454,#4455,#4456));
#9483=EDGE_LOOP('',(#4457,#4458,#4459,#4460));
#9484=EDGE_LOOP('',(#4461,#4462,#4463,#4464));
#9485=EDGE_LOOP('',(#4465,#4466,#4467,#4468));
#9486=EDGE_LOOP('',(#4469,#4470,#4471,#4472));
#9487=EDGE_LOOP('',(#4473,#4474,#4475,#4476));
#9488=EDGE_LOOP('',(#4477,#4478,#4479,#4480));
#9489=EDGE_LOOP('',(#4481,#4482,#4483,#4484));
#9490=EDGE_LOOP('',(#4485,#4486,#4487,#4488));
#9491=EDGE_LOOP('',(#4489,#4490,#4491,#4492));
#9492=EDGE_LOOP('',(#4493,#4494,#4495,#4496));
#9493=EDGE_LOOP('',(#4497,#4498,#4499,#4500));
#9494=EDGE_LOOP('',(#4501,#4502,#4503,#4504));
#9495=EDGE_LOOP('',(#4505,#4506,#4507,#4508));
#9496=EDGE_LOOP('',(#4509,#4510,#4511,#4512));
#9497=EDGE_LOOP('',(#4513,#4514,#4515,#4516));
#9498=EDGE_LOOP('',(#4517,#4518,#4519,#4520));
#9499=EDGE_LOOP('',(#4521,#4522,#4523,#4524));
#9500=EDGE_LOOP('',(#4525,#4526,#4527,#4528));
#9501=EDGE_LOOP('',(#4529,#4530,#4531,#4532));
#9502=EDGE_LOOP('',(#4533,#4534,#4535,#4536));
#9503=EDGE_LOOP('',(#4537,#4538,#4539,#4540));
#9504=EDGE_LOOP('',(#4541,#4542,#4543,#4544));
#9505=EDGE_LOOP('',(#4545,#4546,#4547,#4548));
#9506=EDGE_LOOP('',(#4549,#4550,#4551,#4552));
#9507=EDGE_LOOP('',(#4553,#4554,#4555,#4556));
#9508=EDGE_LOOP('',(#4557,#4558,#4559,#4560));
#9509=EDGE_LOOP('',(#4561,#4562,#4563,#4564));
#9510=EDGE_LOOP('',(#4565,#4566,#4567,#4568));
#9511=EDGE_LOOP('',(#4569,#4570,#4571,#4572));
#9512=EDGE_LOOP('',(#4573,#4574,#4575,#4576));
#9513=EDGE_LOOP('',(#4577,#4578,#4579,#4580));
#9514=EDGE_LOOP('',(#4581,#4582,#4583,#4584));
#9515=EDGE_LOOP('',(#4585,#4586,#4587,#4588));
#9516=EDGE_LOOP('',(#4589,#4590,#4591,#4592));
#9517=EDGE_LOOP('',(#4593,#4594,#4595,#4596));
#9518=EDGE_LOOP('',(#4597,#4598,#4599,#4600));
#9519=EDGE_LOOP('',(#4601,#4602,#4603,#4604));
#9520=EDGE_LOOP('',(#4605,#4606,#4607,#4608));
#9521=EDGE_LOOP('',(#4609,#4610,#4611,#4612));
#9522=EDGE_LOOP('',(#4613,#4614,#4615,#4616));
#9523=EDGE_LOOP('',(#4617,#4618,#4619,#4620));
#9524=EDGE_LOOP('',(#4621,#4622,#4623,#4624));
#9525=EDGE_LOOP('',(#4625,#4626,#4627,#4628));
#9526=EDGE_LOOP('',(#4629,#4630,#4631,#4632));
#9527=EDGE_LOOP('',(#4633,#4634,#4635,#4636));
#9528=EDGE_LOOP('',(#4637,#4638,#4639,#4640));
#9529=EDGE_LOOP('',(#4641,#4642,#4643,#4644));
#9530=EDGE_LOOP('',(#4645,#4646,#4647,#4648));
#9531=EDGE_LOOP('',(#4649,#4650,#4651,#4652));
#9532=EDGE_LOOP('',(#4653,#4654,#4655,#4656));
#9533=EDGE_LOOP('',(#4657,#4658,#4659,#4660,#4661,#4662,#4663,#4664));
#9534=EDGE_LOOP('',(#4665,#4666,#4667,#4668,#4669,#4670,#4671,#4672));
#9535=EDGE_LOOP('',(#4673,#4674,#4675,#4676,#4677,#4678,#4679,#4680));
#9536=EDGE_LOOP('',(#4681,#4682,#4683,#4684,#4685,#4686,#4687,#4688));
#9537=EDGE_LOOP('',(#4689,#4690,#4691,#4692,#4693,#4694,#4695,#4696));
#9538=EDGE_LOOP('',(#4697,#4698,#4699,#4700,#4701,#4702,#4703,#4704));
#9539=EDGE_LOOP('',(#4705,#4706,#4707,#4708,#4709,#4710,#4711,#4712));
#9540=EDGE_LOOP('',(#4713,#4714,#4715,#4716,#4717,#4718,#4719,#4720));
#9541=EDGE_LOOP('',(#4721,#4722,#4723,#4724,#4725,#4726,#4727,#4728));
#9542=EDGE_LOOP('',(#4729,#4730,#4731,#4732,#4733,#4734,#4735,#4736));
#9543=EDGE_LOOP('',(#4737,#4738,#4739,#4740,#4741,#4742,#4743,#4744));
#9544=EDGE_LOOP('',(#4745,#4746,#4747,#4748,#4749,#4750,#4751,#4752));
#9545=EDGE_LOOP('',(#4753,#4754,#4755,#4756,#4757,#4758,#4759,#4760));
#9546=EDGE_LOOP('',(#4761,#4762,#4763,#4764,#4765,#4766,#4767,#4768));
#9547=EDGE_LOOP('',(#4769,#4770,#4771,#4772,#4773,#4774,#4775,#4776));
#9548=EDGE_LOOP('',(#4777,#4778,#4779,#4780,#4781,#4782,#4783,#4784));
#9549=EDGE_LOOP('',(#4785,#4786,#4787,#4788,#4789,#4790,#4791,#4792));
#9550=EDGE_LOOP('',(#4793,#4794,#4795,#4796,#4797,#4798,#4799,#4800));
#9551=EDGE_LOOP('',(#4801,#4802,#4803,#4804,#4805,#4806,#4807,#4808));
#9552=EDGE_LOOP('',(#4809,#4810,#4811,#4812,#4813,#4814,#4815,#4816));
#9553=EDGE_LOOP('',(#4817,#4818,#4819,#4820,#4821,#4822,#4823,#4824));
#9554=EDGE_LOOP('',(#4825,#4826,#4827,#4828,#4829,#4830,#4831,#4832));
#9555=EDGE_LOOP('',(#4833,#4834,#4835,#4836,#4837,#4838,#4839,#4840));
#9556=EDGE_LOOP('',(#4841,#4842,#4843,#4844,#4845,#4846,#4847,#4848));
#9557=EDGE_LOOP('',(#4849,#4850,#4851,#4852,#4853,#4854,#4855,#4856));
#9558=EDGE_LOOP('',(#4857,#4858,#4859,#4860,#4861,#4862,#4863,#4864));
#9559=EDGE_LOOP('',(#4865,#4866,#4867,#4868,#4869,#4870,#4871,#4872));
#9560=EDGE_LOOP('',(#4873,#4874,#4875,#4876,#4877,#4878,#4879,#4880));
#9561=EDGE_LOOP('',(#4881,#4882,#4883,#4884,#4885,#4886,#4887,#4888));
#9562=EDGE_LOOP('',(#4889,#4890,#4891,#4892,#4893,#4894,#4895,#4896));
#9563=EDGE_LOOP('',(#4897,#4898,#4899,#4900,#4901,#4902,#4903,#4904));
#9564=EDGE_LOOP('',(#4905,#4906,#4907,#4908,#4909,#4910,#4911,#4912));
#9565=EDGE_LOOP('',(#4913,#4914,#4915,#4916,#4917,#4918,#4919,#4920));
#9566=EDGE_LOOP('',(#4921,#4922,#4923,#4924,#4925,#4926,#4927,#4928));
#9567=EDGE_LOOP('',(#4929,#4930,#4931,#4932,#4933,#4934,#4935,#4936));
#9568=EDGE_LOOP('',(#4937,#4938,#4939,#4940,#4941,#4942,#4943,#4944));
#9569=EDGE_LOOP('',(#4945,#4946,#4947,#4948,#4949,#4950,#4951,#4952));
#9570=EDGE_LOOP('',(#4953,#4954,#4955,#4956,#4957,#4958,#4959,#4960));
#9571=EDGE_LOOP('',(#4961,#4962,#4963,#4964,#4965,#4966,#4967,#4968));
#9572=EDGE_LOOP('',(#4969,#4970,#4971,#4972,#4973,#4974,#4975,#4976));
#9573=EDGE_LOOP('',(#4977,#4978,#4979,#4980,#4981,#4982,#4983,#4984));
#9574=EDGE_LOOP('',(#4985,#4986,#4987,#4988,#4989,#4990,#4991,#4992));
#9575=EDGE_LOOP('',(#4993,#4994,#4995,#4996,#4997,#4998,#4999,#5000));
#9576=EDGE_LOOP('',(#5001,#5002,#5003,#5004,#5005,#5006,#5007,#5008));
#9577=EDGE_LOOP('',(#5009,#5010,#5011,#5012,#5013,#5014,#5015,#5016));
#9578=EDGE_LOOP('',(#5017,#5018,#5019,#5020,#5021,#5022,#5023,#5024));
#9579=EDGE_LOOP('',(#5025,#5026,#5027,#5028,#5029,#5030,#5031,#5032,#5033,
#5034,#5035,#5036,#5037,#5038,#5039));
#9580=EDGE_LOOP('',(#5040,#5041,#5042,#5043,#5044,#5045,#5046,#5047));
#9581=EDGE_LOOP('',(#5048,#5049,#5050,#5051,#5052,#5053,#5054,#5055));
#9582=EDGE_LOOP('',(#5056,#5057,#5058,#5059,#5060,#5061,#5062,#5063));
#9583=EDGE_LOOP('',(#5064,#5065,#5066,#5067,#5068,#5069,#5070,#5071));
#9584=EDGE_LOOP('',(#5072,#5073,#5074,#5075,#5076,#5077,#5078,#5079));
#9585=EDGE_LOOP('',(#5080,#5081,#5082,#5083,#5084,#5085,#5086,#5087));
#9586=EDGE_LOOP('',(#5088,#5089,#5090,#5091,#5092,#5093,#5094,#5095));
#9587=EDGE_LOOP('',(#5096,#5097,#5098,#5099,#5100,#5101,#5102,#5103));
#9588=EDGE_LOOP('',(#5104,#5105,#5106,#5107,#5108,#5109,#5110,#5111));
#9589=EDGE_LOOP('',(#5112,#5113,#5114,#5115,#5116,#5117,#5118,#5119));
#9590=EDGE_LOOP('',(#5120,#5121,#5122,#5123,#5124,#5125,#5126,#5127));
#9591=EDGE_LOOP('',(#5128,#5129,#5130,#5131,#5132,#5133,#5134,#5135));
#9592=EDGE_LOOP('',(#5136,#5137,#5138,#5139,#5140,#5141,#5142,#5143));
#9593=EDGE_LOOP('',(#5144,#5145,#5146,#5147,#5148,#5149,#5150,#5151));
#9594=EDGE_LOOP('',(#5152,#5153,#5154,#5155,#5156,#5157,#5158,#5159));
#9595=EDGE_LOOP('',(#5160,#5161,#5162,#5163,#5164,#5165,#5166,#5167));
#9596=EDGE_LOOP('',(#5168,#5169,#5170,#5171,#5172,#5173,#5174,#5175));
#9597=EDGE_LOOP('',(#5176,#5177,#5178,#5179,#5180,#5181,#5182,#5183));
#9598=EDGE_LOOP('',(#5184,#5185,#5186,#5187,#5188,#5189,#5190,#5191));
#9599=EDGE_LOOP('',(#5192,#5193,#5194,#5195,#5196,#5197,#5198,#5199));
#9600=EDGE_LOOP('',(#5200,#5201,#5202,#5203,#5204,#5205,#5206,#5207));
#9601=EDGE_LOOP('',(#5208,#5209,#5210,#5211,#5212,#5213,#5214,#5215));
#9602=EDGE_LOOP('',(#5216,#5217,#5218,#5219,#5220,#5221,#5222,#5223));
#9603=EDGE_LOOP('',(#5224,#5225,#5226,#5227,#5228,#5229,#5230,#5231));
#9604=EDGE_LOOP('',(#5232,#5233,#5234,#5235,#5236,#5237,#5238,#5239));
#9605=EDGE_LOOP('',(#5240,#5241,#5242,#5243,#5244,#5245,#5246,#5247));
#9606=EDGE_LOOP('',(#5248,#5249,#5250,#5251,#5252,#5253,#5254,#5255));
#9607=EDGE_LOOP('',(#5256,#5257,#5258,#5259,#5260,#5261,#5262,#5263));
#9608=EDGE_LOOP('',(#5264,#5265,#5266,#5267,#5268,#5269,#5270,#5271));
#9609=EDGE_LOOP('',(#5272,#5273,#5274,#5275,#5276,#5277,#5278,#5279));
#9610=EDGE_LOOP('',(#5280,#5281,#5282,#5283,#5284,#5285,#5286,#5287));
#9611=EDGE_LOOP('',(#5288,#5289,#5290,#5291,#5292,#5293,#5294,#5295));
#9612=EDGE_LOOP('',(#5296,#5297,#5298,#5299,#5300,#5301,#5302,#5303));
#9613=EDGE_LOOP('',(#5304,#5305,#5306,#5307,#5308,#5309,#5310,#5311));
#9614=EDGE_LOOP('',(#5312,#5313,#5314,#5315,#5316,#5317,#5318,#5319));
#9615=EDGE_LOOP('',(#5320,#5321,#5322,#5323,#5324,#5325,#5326,#5327));
#9616=EDGE_LOOP('',(#5328,#5329,#5330,#5331,#5332,#5333,#5334,#5335));
#9617=EDGE_LOOP('',(#5336,#5337,#5338,#5339,#5340,#5341,#5342,#5343));
#9618=EDGE_LOOP('',(#5344,#5345,#5346,#5347,#5348,#5349,#5350,#5351));
#9619=EDGE_LOOP('',(#5352,#5353,#5354,#5355,#5356,#5357,#5358,#5359));
#9620=EDGE_LOOP('',(#5360,#5361,#5362,#5363,#5364,#5365,#5366,#5367));
#9621=EDGE_LOOP('',(#5368,#5369,#5370,#5371,#5372,#5373,#5374,#5375));
#9622=EDGE_LOOP('',(#5376,#5377,#5378,#5379,#5380,#5381,#5382,#5383));
#9623=EDGE_LOOP('',(#5384,#5385,#5386,#5387,#5388,#5389,#5390,#5391));
#9624=EDGE_LOOP('',(#5392,#5393,#5394,#5395,#5396,#5397,#5398,#5399));
#9625=EDGE_LOOP('',(#5400,#5401,#5402,#5403,#5404,#5405,#5406,#5407));
#9626=EDGE_LOOP('',(#5408,#5409,#5410,#5411,#5412,#5413,#5414,#5415));
#9627=EDGE_LOOP('',(#5416,#5417,#5418,#5419,#5420,#5421,#5422,#5423));
#9628=EDGE_LOOP('',(#5424,#5425,#5426,#5427,#5428,#5429,#5430,#5431));
#9629=EDGE_LOOP('',(#5432,#5433,#5434,#5435,#5436,#5437,#5438,#5439));
#9630=EDGE_LOOP('',(#5440,#5441,#5442,#5443,#5444,#5445,#5446,#5447));
#9631=EDGE_LOOP('',(#5448,#5449,#5450,#5451,#5452,#5453,#5454,#5455));
#9632=EDGE_LOOP('',(#5456,#5457,#5458,#5459,#5460,#5461,#5462,#5463));
#9633=EDGE_LOOP('',(#5464,#5465,#5466,#5467,#5468,#5469,#5470,#5471));
#9634=EDGE_LOOP('',(#5472,#5473,#5474,#5475,#5476,#5477,#5478,#5479));
#9635=EDGE_LOOP('',(#5480,#5481,#5482,#5483,#5484,#5485,#5486,#5487));
#9636=EDGE_LOOP('',(#5488,#5489,#5490,#5491,#5492,#5493,#5494,#5495));
#9637=EDGE_LOOP('',(#5496,#5497,#5498,#5499,#5500,#5501,#5502,#5503));
#9638=EDGE_LOOP('',(#5504,#5505,#5506,#5507,#5508,#5509,#5510,#5511));
#9639=EDGE_LOOP('',(#5512,#5513,#5514,#5515,#5516,#5517,#5518,#5519));
#9640=EDGE_LOOP('',(#5520,#5521,#5522,#5523,#5524,#5525,#5526,#5527));
#9641=EDGE_LOOP('',(#5528,#5529,#5530,#5531,#5532,#5533,#5534,#5535));
#9642=EDGE_LOOP('',(#5536,#5537,#5538,#5539,#5540,#5541,#5542,#5543));
#9643=EDGE_LOOP('',(#5544,#5545,#5546,#5547,#5548,#5549,#5550,#5551));
#9644=EDGE_LOOP('',(#5552,#5553,#5554,#5555,#5556,#5557,#5558,#5559));
#9645=EDGE_LOOP('',(#5560,#5561,#5562,#5563,#5564,#5565,#5566,#5567));
#9646=EDGE_LOOP('',(#5568,#5569,#5570,#5571,#5572,#5573,#5574,#5575,#5576,
#5577,#5578,#5579,#5580,#5581,#5582));
#9647=EDGE_LOOP('',(#5583,#5584,#5585,#5586,#5587,#5588,#5589,#5590));
#9648=EDGE_LOOP('',(#5591,#5592,#5593,#5594,#5595,#5596,#5597,#5598));
#9649=EDGE_LOOP('',(#5599,#5600,#5601,#5602,#5603,#5604,#5605,#5606));
#9650=EDGE_LOOP('',(#5607,#5608,#5609,#5610,#5611,#5612,#5613,#5614));
#9651=EDGE_LOOP('',(#5615,#5616,#5617,#5618,#5619,#5620,#5621,#5622));
#9652=EDGE_LOOP('',(#5623,#5624,#5625,#5626,#5627,#5628,#5629,#5630));
#9653=EDGE_LOOP('',(#5631,#5632,#5633,#5634,#5635,#5636,#5637,#5638));
#9654=EDGE_LOOP('',(#5639,#5640,#5641,#5642,#5643,#5644,#5645,#5646));
#9655=EDGE_LOOP('',(#5647,#5648,#5649,#5650,#5651,#5652,#5653,#5654));
#9656=EDGE_LOOP('',(#5655,#5656,#5657,#5658,#5659,#5660,#5661,#5662));
#9657=EDGE_LOOP('',(#5663,#5664,#5665,#5666,#5667,#5668,#5669,#5670));
#9658=EDGE_LOOP('',(#5671,#5672,#5673,#5674,#5675,#5676,#5677,#5678));
#9659=EDGE_LOOP('',(#5679,#5680,#5681,#5682,#5683,#5684,#5685,#5686));
#9660=EDGE_LOOP('',(#5687,#5688,#5689,#5690,#5691,#5692,#5693,#5694));
#9661=EDGE_LOOP('',(#5695,#5696,#5697,#5698,#5699,#5700,#5701,#5702));
#9662=EDGE_LOOP('',(#5703,#5704,#5705,#5706,#5707,#5708,#5709,#5710));
#9663=EDGE_LOOP('',(#5711,#5712,#5713,#5714,#5715,#5716,#5717,#5718));
#9664=EDGE_LOOP('',(#5719,#5720,#5721,#5722,#5723,#5724,#5725,#5726));
#9665=EDGE_LOOP('',(#5727,#5728,#5729,#5730,#5731,#5732,#5733,#5734));
#9666=EDGE_LOOP('',(#5735,#5736,#5737,#5738,#5739,#5740,#5741,#5742));
#9667=FACE_BOUND('',#8990,.T.);
#9668=FACE_BOUND('',#8991,.T.);
#9669=FACE_BOUND('',#8992,.T.);
#9670=FACE_BOUND('',#8993,.T.);
#9671=FACE_BOUND('',#8994,.T.);
#9672=FACE_BOUND('',#8995,.T.);
#9673=FACE_BOUND('',#8996,.T.);
#9674=FACE_BOUND('',#8997,.T.);
#9675=FACE_BOUND('',#8998,.T.);
#9676=FACE_BOUND('',#8999,.T.);
#9677=FACE_BOUND('',#9000,.T.);
#9678=FACE_BOUND('',#9001,.T.);
#9679=FACE_BOUND('',#9002,.T.);
#9680=FACE_BOUND('',#9003,.T.);
#9681=FACE_BOUND('',#9004,.T.);
#9682=FACE_BOUND('',#9005,.T.);
#9683=FACE_BOUND('',#9006,.T.);
#9684=FACE_BOUND('',#9007,.T.);
#9685=FACE_BOUND('',#9008,.T.);
#9686=FACE_BOUND('',#9009,.T.);
#9687=FACE_BOUND('',#9010,.T.);
#9688=FACE_BOUND('',#9011,.T.);
#9689=FACE_BOUND('',#9012,.T.);
#9690=FACE_BOUND('',#9013,.T.);
#9691=FACE_BOUND('',#9014,.T.);
#9692=FACE_BOUND('',#9015,.T.);
#9693=FACE_BOUND('',#9016,.T.);
#9694=FACE_BOUND('',#9017,.T.);
#9695=FACE_BOUND('',#9018,.T.);
#9696=FACE_BOUND('',#9019,.T.);
#9697=FACE_BOUND('',#9020,.T.);
#9698=FACE_BOUND('',#9021,.T.);
#9699=FACE_BOUND('',#9022,.T.);
#9700=FACE_BOUND('',#9023,.T.);
#9701=FACE_BOUND('',#9024,.T.);
#9702=FACE_BOUND('',#9025,.T.);
#9703=FACE_BOUND('',#9026,.T.);
#9704=FACE_BOUND('',#9027,.T.);
#9705=FACE_BOUND('',#9028,.T.);
#9706=FACE_BOUND('',#9029,.T.);
#9707=FACE_BOUND('',#9030,.T.);
#9708=FACE_BOUND('',#9031,.T.);
#9709=FACE_BOUND('',#9032,.T.);
#9710=FACE_BOUND('',#9033,.T.);
#9711=FACE_BOUND('',#9034,.T.);
#9712=FACE_BOUND('',#9035,.T.);
#9713=FACE_BOUND('',#9036,.T.);
#9714=FACE_BOUND('',#9037,.T.);
#9715=FACE_BOUND('',#9038,.T.);
#9716=FACE_BOUND('',#9039,.T.);
#9717=FACE_BOUND('',#9040,.T.);
#9718=FACE_BOUND('',#9041,.T.);
#9719=FACE_BOUND('',#9042,.T.);
#9720=FACE_BOUND('',#9043,.T.);
#9721=FACE_BOUND('',#9044,.T.);
#9722=FACE_BOUND('',#9045,.T.);
#9723=FACE_BOUND('',#9046,.T.);
#9724=FACE_BOUND('',#9047,.T.);
#9725=FACE_BOUND('',#9048,.T.);
#9726=FACE_BOUND('',#9049,.T.);
#9727=FACE_BOUND('',#9050,.T.);
#9728=FACE_BOUND('',#9051,.T.);
#9729=FACE_BOUND('',#9052,.T.);
#9730=FACE_BOUND('',#9053,.T.);
#9731=FACE_BOUND('',#9054,.T.);
#9732=FACE_BOUND('',#9055,.T.);
#9733=FACE_BOUND('',#9056,.T.);
#9734=FACE_BOUND('',#9057,.T.);
#9735=FACE_BOUND('',#9058,.T.);
#9736=FACE_BOUND('',#9059,.T.);
#9737=FACE_BOUND('',#9060,.T.);
#9738=FACE_BOUND('',#9061,.T.);
#9739=FACE_BOUND('',#9062,.T.);
#9740=FACE_BOUND('',#9063,.T.);
#9741=FACE_BOUND('',#9064,.T.);
#9742=FACE_BOUND('',#9065,.T.);
#9743=FACE_BOUND('',#9066,.T.);
#9744=FACE_BOUND('',#9067,.T.);
#9745=FACE_BOUND('',#9068,.T.);
#9746=FACE_BOUND('',#9069,.T.);
#9747=FACE_BOUND('',#9070,.T.);
#9748=FACE_BOUND('',#9071,.T.);
#9749=FACE_BOUND('',#9072,.T.);
#9750=FACE_BOUND('',#9073,.T.);
#9751=FACE_BOUND('',#9074,.T.);
#9752=FACE_BOUND('',#9075,.T.);
#9753=FACE_BOUND('',#9076,.T.);
#9754=FACE_BOUND('',#9077,.T.);
#9755=FACE_BOUND('',#9078,.T.);
#9756=FACE_BOUND('',#9079,.T.);
#9757=FACE_BOUND('',#9080,.T.);
#9758=FACE_BOUND('',#9081,.T.);
#9759=FACE_BOUND('',#9082,.T.);
#9760=FACE_BOUND('',#9083,.T.);
#9761=FACE_BOUND('',#9084,.T.);
#9762=FACE_BOUND('',#9085,.T.);
#9763=FACE_BOUND('',#9086,.T.);
#9764=FACE_BOUND('',#9087,.T.);
#9765=FACE_BOUND('',#9088,.T.);
#9766=FACE_BOUND('',#9089,.T.);
#9767=FACE_BOUND('',#9090,.T.);
#9768=FACE_BOUND('',#9091,.T.);
#9769=FACE_BOUND('',#9092,.T.);
#9770=FACE_BOUND('',#9093,.T.);
#9771=FACE_BOUND('',#9094,.T.);
#9772=FACE_BOUND('',#9095,.T.);
#9773=FACE_BOUND('',#9096,.T.);
#9774=FACE_BOUND('',#9097,.T.);
#9775=FACE_BOUND('',#9098,.T.);
#9776=FACE_BOUND('',#9099,.T.);
#9777=FACE_BOUND('',#9100,.T.);
#9778=FACE_BOUND('',#9101,.T.);
#9779=FACE_BOUND('',#9102,.T.);
#9780=FACE_BOUND('',#9103,.T.);
#9781=FACE_BOUND('',#9104,.T.);
#9782=FACE_BOUND('',#9105,.T.);
#9783=FACE_BOUND('',#9106,.T.);
#9784=FACE_BOUND('',#9107,.T.);
#9785=FACE_BOUND('',#9108,.T.);
#9786=FACE_BOUND('',#9109,.T.);
#9787=FACE_BOUND('',#9110,.T.);
#9788=FACE_BOUND('',#9111,.T.);
#9789=FACE_BOUND('',#9112,.T.);
#9790=FACE_BOUND('',#9113,.T.);
#9791=FACE_BOUND('',#9114,.T.);
#9792=FACE_BOUND('',#9115,.T.);
#9793=FACE_BOUND('',#9116,.T.);
#9794=FACE_BOUND('',#9117,.T.);
#9795=FACE_BOUND('',#9118,.T.);
#9796=FACE_BOUND('',#9119,.T.);
#9797=FACE_BOUND('',#9120,.T.);
#9798=FACE_BOUND('',#9121,.T.);
#9799=FACE_BOUND('',#9122,.T.);
#9800=FACE_BOUND('',#9123,.T.);
#9801=FACE_BOUND('',#9124,.T.);
#9802=FACE_BOUND('',#9125,.T.);
#9803=FACE_BOUND('',#9126,.T.);
#9804=FACE_BOUND('',#9127,.T.);
#9805=FACE_BOUND('',#9128,.T.);
#9806=FACE_BOUND('',#9129,.T.);
#9807=FACE_BOUND('',#9130,.T.);
#9808=FACE_BOUND('',#9131,.T.);
#9809=FACE_BOUND('',#9132,.T.);
#9810=FACE_BOUND('',#9133,.T.);
#9811=FACE_BOUND('',#9134,.T.);
#9812=FACE_BOUND('',#9135,.T.);
#9813=FACE_BOUND('',#9136,.T.);
#9814=FACE_BOUND('',#9137,.T.);
#9815=FACE_BOUND('',#9138,.T.);
#9816=FACE_BOUND('',#9139,.T.);
#9817=FACE_BOUND('',#9140,.T.);
#9818=FACE_BOUND('',#9141,.T.);
#9819=FACE_BOUND('',#9142,.T.);
#9820=FACE_BOUND('',#9143,.T.);
#9821=FACE_BOUND('',#9144,.T.);
#9822=FACE_BOUND('',#9145,.T.);
#9823=FACE_BOUND('',#9146,.T.);
#9824=FACE_BOUND('',#9147,.T.);
#9825=FACE_BOUND('',#9148,.T.);
#9826=FACE_BOUND('',#9149,.T.);
#9827=FACE_BOUND('',#9150,.T.);
#9828=FACE_BOUND('',#9151,.T.);
#9829=FACE_BOUND('',#9152,.T.);
#9830=FACE_BOUND('',#9153,.T.);
#9831=FACE_BOUND('',#9154,.T.);
#9832=FACE_BOUND('',#9155,.T.);
#9833=FACE_BOUND('',#9156,.T.);
#9834=FACE_BOUND('',#9157,.T.);
#9835=FACE_BOUND('',#9158,.T.);
#9836=FACE_BOUND('',#9159,.T.);
#9837=FACE_BOUND('',#9160,.T.);
#9838=FACE_BOUND('',#9161,.T.);
#9839=FACE_BOUND('',#9162,.T.);
#9840=FACE_BOUND('',#9163,.T.);
#9841=FACE_BOUND('',#9164,.T.);
#9842=FACE_BOUND('',#9165,.T.);
#9843=FACE_BOUND('',#9166,.T.);
#9844=FACE_BOUND('',#9167,.T.);
#9845=FACE_BOUND('',#9168,.T.);
#9846=FACE_BOUND('',#9169,.T.);
#9847=FACE_BOUND('',#9170,.T.);
#9848=FACE_BOUND('',#9171,.T.);
#9849=FACE_BOUND('',#9172,.T.);
#9850=FACE_BOUND('',#9173,.T.);
#9851=FACE_BOUND('',#9174,.T.);
#9852=FACE_BOUND('',#9175,.T.);
#9853=FACE_BOUND('',#9176,.T.);
#9854=FACE_BOUND('',#9177,.T.);
#9855=FACE_BOUND('',#9178,.T.);
#9856=FACE_BOUND('',#9179,.T.);
#9857=FACE_BOUND('',#9180,.T.);
#9858=FACE_BOUND('',#9181,.T.);
#9859=FACE_BOUND('',#9182,.T.);
#9860=FACE_BOUND('',#9183,.T.);
#9861=FACE_BOUND('',#9184,.T.);
#9862=FACE_BOUND('',#9185,.T.);
#9863=FACE_BOUND('',#9186,.T.);
#9864=FACE_BOUND('',#9187,.T.);
#9865=FACE_BOUND('',#9188,.T.);
#9866=FACE_BOUND('',#9189,.T.);
#9867=FACE_BOUND('',#9190,.T.);
#9868=FACE_BOUND('',#9191,.T.);
#9869=FACE_BOUND('',#9192,.T.);
#9870=FACE_BOUND('',#9193,.T.);
#9871=FACE_BOUND('',#9194,.T.);
#9872=FACE_BOUND('',#9195,.T.);
#9873=FACE_BOUND('',#9196,.T.);
#9874=FACE_BOUND('',#9197,.T.);
#9875=FACE_BOUND('',#9198,.T.);
#9876=FACE_BOUND('',#9199,.T.);
#9877=FACE_BOUND('',#9200,.T.);
#9878=FACE_BOUND('',#9201,.T.);
#9879=FACE_BOUND('',#9202,.T.);
#9880=FACE_BOUND('',#9203,.T.);
#9881=FACE_BOUND('',#9204,.T.);
#9882=FACE_BOUND('',#9205,.T.);
#9883=FACE_BOUND('',#9206,.T.);
#9884=FACE_BOUND('',#9207,.T.);
#9885=FACE_BOUND('',#9208,.T.);
#9886=FACE_BOUND('',#9209,.T.);
#9887=FACE_BOUND('',#9210,.T.);
#9888=FACE_BOUND('',#9211,.T.);
#9889=FACE_BOUND('',#9212,.T.);
#9890=FACE_BOUND('',#9213,.T.);
#9891=FACE_BOUND('',#9214,.T.);
#9892=FACE_BOUND('',#9215,.T.);
#9893=FACE_BOUND('',#9216,.T.);
#9894=FACE_BOUND('',#9217,.T.);
#9895=FACE_BOUND('',#9218,.T.);
#9896=FACE_BOUND('',#9219,.T.);
#9897=FACE_BOUND('',#9220,.T.);
#9898=FACE_BOUND('',#9221,.T.);
#9899=FACE_BOUND('',#9222,.T.);
#9900=FACE_BOUND('',#9223,.T.);
#9901=FACE_BOUND('',#9224,.T.);
#9902=FACE_BOUND('',#9225,.T.);
#9903=FACE_BOUND('',#9226,.T.);
#9904=FACE_BOUND('',#9227,.T.);
#9905=FACE_BOUND('',#9228,.T.);
#9906=FACE_BOUND('',#9229,.T.);
#9907=FACE_BOUND('',#9230,.T.);
#9908=FACE_BOUND('',#9231,.T.);
#9909=FACE_BOUND('',#9232,.T.);
#9910=FACE_BOUND('',#9233,.T.);
#9911=FACE_BOUND('',#9234,.T.);
#9912=FACE_BOUND('',#9235,.T.);
#9913=FACE_BOUND('',#9236,.T.);
#9914=FACE_BOUND('',#9237,.T.);
#9915=FACE_BOUND('',#9238,.T.);
#9916=FACE_BOUND('',#9239,.T.);
#9917=FACE_BOUND('',#9240,.T.);
#9918=FACE_BOUND('',#9241,.T.);
#9919=FACE_BOUND('',#9242,.T.);
#9920=FACE_BOUND('',#9243,.T.);
#9921=FACE_BOUND('',#9244,.T.);
#9922=FACE_BOUND('',#9245,.T.);
#9923=FACE_BOUND('',#9246,.T.);
#9924=FACE_BOUND('',#9247,.T.);
#9925=FACE_BOUND('',#9248,.T.);
#9926=FACE_BOUND('',#9249,.T.);
#9927=FACE_BOUND('',#9250,.T.);
#9928=FACE_BOUND('',#9251,.T.);
#9929=FACE_BOUND('',#9252,.T.);
#9930=FACE_BOUND('',#9253,.T.);
#9931=FACE_BOUND('',#9254,.T.);
#9932=FACE_BOUND('',#9255,.T.);
#9933=FACE_BOUND('',#9256,.T.);
#9934=FACE_BOUND('',#9257,.T.);
#9935=FACE_BOUND('',#9258,.T.);
#9936=FACE_BOUND('',#9259,.T.);
#9937=FACE_BOUND('',#9260,.T.);
#9938=FACE_BOUND('',#9261,.T.);
#9939=FACE_BOUND('',#9262,.T.);
#9940=FACE_BOUND('',#9263,.T.);
#9941=FACE_BOUND('',#9264,.T.);
#9942=FACE_BOUND('',#9265,.T.);
#9943=FACE_BOUND('',#9266,.T.);
#9944=FACE_BOUND('',#9267,.T.);
#9945=FACE_BOUND('',#9268,.T.);
#9946=FACE_BOUND('',#9269,.T.);
#9947=FACE_BOUND('',#9270,.T.);
#9948=FACE_BOUND('',#9271,.T.);
#9949=FACE_BOUND('',#9272,.T.);
#9950=FACE_BOUND('',#9273,.T.);
#9951=FACE_BOUND('',#9274,.T.);
#9952=FACE_BOUND('',#9275,.T.);
#9953=FACE_BOUND('',#9276,.T.);
#9954=FACE_BOUND('',#9277,.T.);
#9955=FACE_BOUND('',#9278,.T.);
#9956=FACE_BOUND('',#9279,.T.);
#9957=FACE_BOUND('',#9280,.T.);
#9958=FACE_BOUND('',#9281,.T.);
#9959=FACE_BOUND('',#9282,.T.);
#9960=FACE_BOUND('',#9283,.T.);
#9961=FACE_BOUND('',#9284,.T.);
#9962=FACE_BOUND('',#9285,.T.);
#9963=FACE_BOUND('',#9286,.T.);
#9964=FACE_BOUND('',#9287,.T.);
#9965=FACE_BOUND('',#9288,.T.);
#9966=FACE_BOUND('',#9289,.T.);
#9967=FACE_BOUND('',#9290,.T.);
#9968=FACE_BOUND('',#9291,.T.);
#9969=FACE_BOUND('',#9292,.T.);
#9970=FACE_BOUND('',#9293,.T.);
#9971=FACE_BOUND('',#9294,.T.);
#9972=FACE_BOUND('',#9295,.T.);
#9973=FACE_BOUND('',#9296,.T.);
#9974=FACE_BOUND('',#9297,.T.);
#9975=FACE_BOUND('',#9298,.T.);
#9976=FACE_BOUND('',#9299,.T.);
#9977=FACE_BOUND('',#9300,.T.);
#9978=FACE_BOUND('',#9301,.T.);
#9979=FACE_BOUND('',#9302,.T.);
#9980=FACE_BOUND('',#9303,.T.);
#9981=FACE_BOUND('',#9304,.T.);
#9982=FACE_BOUND('',#9305,.T.);
#9983=FACE_BOUND('',#9306,.T.);
#9984=FACE_BOUND('',#9307,.T.);
#9985=FACE_BOUND('',#9308,.T.);
#9986=FACE_BOUND('',#9309,.T.);
#9987=FACE_BOUND('',#9310,.T.);
#9988=FACE_BOUND('',#9311,.T.);
#9989=FACE_BOUND('',#9312,.T.);
#9990=FACE_BOUND('',#9313,.T.);
#9991=FACE_BOUND('',#9314,.T.);
#9992=FACE_BOUND('',#9315,.T.);
#9993=FACE_BOUND('',#9316,.T.);
#9994=FACE_BOUND('',#9317,.T.);
#9995=FACE_BOUND('',#9318,.T.);
#9996=FACE_BOUND('',#9319,.T.);
#9997=FACE_BOUND('',#9320,.T.);
#9998=FACE_BOUND('',#9321,.T.);
#9999=FACE_BOUND('',#9322,.T.);
#10000=FACE_BOUND('',#9323,.T.);
#10001=FACE_BOUND('',#9324,.T.);
#10002=FACE_BOUND('',#9325,.T.);
#10003=FACE_BOUND('',#9326,.T.);
#10004=FACE_BOUND('',#9327,.T.);
#10005=FACE_BOUND('',#9328,.T.);
#10006=FACE_BOUND('',#9329,.T.);
#10007=FACE_BOUND('',#9330,.T.);
#10008=FACE_BOUND('',#9331,.T.);
#10009=FACE_BOUND('',#9332,.T.);
#10010=FACE_BOUND('',#9333,.T.);
#10011=FACE_BOUND('',#9334,.T.);
#10012=FACE_BOUND('',#9335,.T.);
#10013=FACE_BOUND('',#9336,.T.);
#10014=FACE_BOUND('',#9337,.T.);
#10015=FACE_BOUND('',#9338,.T.);
#10016=FACE_BOUND('',#9339,.T.);
#10017=FACE_BOUND('',#9340,.T.);
#10018=FACE_BOUND('',#9341,.T.);
#10019=FACE_BOUND('',#9342,.T.);
#10020=FACE_BOUND('',#9343,.T.);
#10021=FACE_BOUND('',#9344,.T.);
#10022=FACE_BOUND('',#9345,.T.);
#10023=FACE_BOUND('',#9346,.T.);
#10024=FACE_BOUND('',#9347,.T.);
#10025=FACE_BOUND('',#9348,.T.);
#10026=FACE_BOUND('',#9349,.T.);
#10027=FACE_BOUND('',#9350,.T.);
#10028=FACE_BOUND('',#9351,.T.);
#10029=FACE_BOUND('',#9352,.T.);
#10030=FACE_BOUND('',#9353,.T.);
#10031=FACE_BOUND('',#9354,.T.);
#10032=FACE_BOUND('',#9355,.T.);
#10033=FACE_BOUND('',#9356,.T.);
#10034=FACE_BOUND('',#9357,.T.);
#10035=FACE_BOUND('',#9358,.T.);
#10036=FACE_BOUND('',#9359,.T.);
#10037=FACE_BOUND('',#9360,.T.);
#10038=FACE_BOUND('',#9361,.T.);
#10039=FACE_BOUND('',#9362,.T.);
#10040=FACE_BOUND('',#9363,.T.);
#10041=FACE_BOUND('',#9364,.T.);
#10042=FACE_BOUND('',#9365,.T.);
#10043=FACE_BOUND('',#9366,.T.);
#10044=FACE_BOUND('',#9367,.T.);
#10045=FACE_BOUND('',#9368,.T.);
#10046=FACE_BOUND('',#9369,.T.);
#10047=FACE_BOUND('',#9370,.T.);
#10048=FACE_BOUND('',#9371,.T.);
#10049=FACE_BOUND('',#9372,.T.);
#10050=FACE_BOUND('',#9373,.T.);
#10051=FACE_BOUND('',#9374,.T.);
#10052=FACE_BOUND('',#9375,.T.);
#10053=FACE_BOUND('',#9376,.T.);
#10054=FACE_BOUND('',#9377,.T.);
#10055=FACE_BOUND('',#9378,.T.);
#10056=FACE_BOUND('',#9379,.T.);
#10057=FACE_BOUND('',#9380,.T.);
#10058=FACE_BOUND('',#9381,.T.);
#10059=FACE_BOUND('',#9382,.T.);
#10060=FACE_BOUND('',#9383,.T.);
#10061=FACE_BOUND('',#9384,.T.);
#10062=FACE_BOUND('',#9385,.T.);
#10063=FACE_BOUND('',#9386,.T.);
#10064=FACE_BOUND('',#9387,.T.);
#10065=FACE_BOUND('',#9388,.T.);
#10066=FACE_BOUND('',#9389,.T.);
#10067=FACE_BOUND('',#9390,.T.);
#10068=FACE_BOUND('',#9391,.T.);
#10069=FACE_BOUND('',#9392,.T.);
#10070=FACE_BOUND('',#9393,.T.);
#10071=FACE_BOUND('',#9394,.T.);
#10072=FACE_BOUND('',#9395,.T.);
#10073=FACE_BOUND('',#9396,.T.);
#10074=FACE_BOUND('',#9397,.T.);
#10075=FACE_BOUND('',#9398,.T.);
#10076=FACE_BOUND('',#9399,.T.);
#10077=FACE_BOUND('',#9400,.T.);
#10078=FACE_BOUND('',#9401,.T.);
#10079=FACE_BOUND('',#9402,.T.);
#10080=FACE_BOUND('',#9403,.T.);
#10081=FACE_BOUND('',#9404,.T.);
#10082=FACE_BOUND('',#9405,.T.);
#10083=FACE_BOUND('',#9406,.T.);
#10084=FACE_BOUND('',#9407,.T.);
#10085=FACE_BOUND('',#9408,.T.);
#10086=FACE_BOUND('',#9409,.T.);
#10087=FACE_BOUND('',#9410,.T.);
#10088=FACE_BOUND('',#9411,.T.);
#10089=FACE_BOUND('',#9412,.T.);
#10090=FACE_BOUND('',#9413,.T.);
#10091=FACE_BOUND('',#9414,.T.);
#10092=FACE_BOUND('',#9415,.T.);
#10093=FACE_BOUND('',#9416,.T.);
#10094=FACE_BOUND('',#9417,.T.);
#10095=FACE_BOUND('',#9418,.T.);
#10096=FACE_BOUND('',#9419,.T.);
#10097=FACE_BOUND('',#9420,.T.);
#10098=FACE_BOUND('',#9421,.T.);
#10099=FACE_BOUND('',#9422,.T.);
#10100=FACE_BOUND('',#9423,.T.);
#10101=FACE_BOUND('',#9424,.T.);
#10102=FACE_BOUND('',#9425,.T.);
#10103=FACE_BOUND('',#9426,.T.);
#10104=FACE_BOUND('',#9427,.T.);
#10105=FACE_BOUND('',#9428,.T.);
#10106=FACE_BOUND('',#9429,.T.);
#10107=FACE_BOUND('',#9430,.T.);
#10108=FACE_BOUND('',#9431,.T.);
#10109=FACE_BOUND('',#9432,.T.);
#10110=FACE_BOUND('',#9433,.T.);
#10111=FACE_BOUND('',#9434,.T.);
#10112=FACE_BOUND('',#9435,.T.);
#10113=FACE_BOUND('',#9436,.T.);
#10114=FACE_BOUND('',#9437,.T.);
#10115=FACE_BOUND('',#9438,.T.);
#10116=FACE_BOUND('',#9439,.T.);
#10117=FACE_BOUND('',#9440,.T.);
#10118=FACE_BOUND('',#9441,.T.);
#10119=FACE_BOUND('',#9442,.T.);
#10120=FACE_BOUND('',#9443,.T.);
#10121=FACE_BOUND('',#9444,.T.);
#10122=FACE_BOUND('',#9445,.T.);
#10123=FACE_BOUND('',#9446,.T.);
#10124=FACE_BOUND('',#9447,.T.);
#10125=FACE_BOUND('',#9448,.T.);
#10126=FACE_BOUND('',#9449,.T.);
#10127=FACE_BOUND('',#9450,.T.);
#10128=FACE_BOUND('',#9451,.T.);
#10129=FACE_BOUND('',#9452,.T.);
#10130=FACE_BOUND('',#9453,.T.);
#10131=FACE_BOUND('',#9454,.T.);
#10132=FACE_BOUND('',#9455,.T.);
#10133=FACE_BOUND('',#9456,.T.);
#10134=FACE_BOUND('',#9457,.T.);
#10135=FACE_BOUND('',#9458,.T.);
#10136=FACE_BOUND('',#9459,.T.);
#10137=FACE_BOUND('',#9460,.T.);
#10138=FACE_BOUND('',#9461,.T.);
#10139=FACE_BOUND('',#9462,.T.);
#10140=FACE_BOUND('',#9463,.T.);
#10141=FACE_BOUND('',#9464,.T.);
#10142=FACE_BOUND('',#9465,.T.);
#10143=FACE_BOUND('',#9466,.T.);
#10144=FACE_BOUND('',#9467,.T.);
#10145=FACE_BOUND('',#9468,.T.);
#10146=FACE_BOUND('',#9469,.T.);
#10147=FACE_BOUND('',#9470,.T.);
#10148=FACE_BOUND('',#9471,.T.);
#10149=FACE_BOUND('',#9472,.T.);
#10150=FACE_BOUND('',#9473,.T.);
#10151=FACE_BOUND('',#9474,.T.);
#10152=FACE_BOUND('',#9475,.T.);
#10153=FACE_BOUND('',#9476,.T.);
#10154=FACE_BOUND('',#9477,.T.);
#10155=FACE_BOUND('',#9478,.T.);
#10156=FACE_BOUND('',#9479,.T.);
#10157=FACE_BOUND('',#9480,.T.);
#10158=FACE_BOUND('',#9481,.T.);
#10159=FACE_BOUND('',#9482,.T.);
#10160=FACE_BOUND('',#9483,.T.);
#10161=FACE_BOUND('',#9484,.T.);
#10162=FACE_BOUND('',#9485,.T.);
#10163=FACE_BOUND('',#9486,.T.);
#10164=FACE_BOUND('',#9487,.T.);
#10165=FACE_BOUND('',#9488,.T.);
#10166=FACE_BOUND('',#9489,.T.);
#10167=FACE_BOUND('',#9490,.T.);
#10168=FACE_BOUND('',#9491,.T.);
#10169=FACE_BOUND('',#9492,.T.);
#10170=FACE_BOUND('',#9493,.T.);
#10171=FACE_BOUND('',#9494,.T.);
#10172=FACE_BOUND('',#9495,.T.);
#10173=FACE_BOUND('',#9496,.T.);
#10174=FACE_BOUND('',#9497,.T.);
#10175=FACE_BOUND('',#9498,.T.);
#10176=FACE_BOUND('',#9499,.T.);
#10177=FACE_BOUND('',#9500,.T.);
#10178=FACE_BOUND('',#9501,.T.);
#10179=FACE_BOUND('',#9502,.T.);
#10180=FACE_BOUND('',#9503,.T.);
#10181=FACE_BOUND('',#9504,.T.);
#10182=FACE_BOUND('',#9505,.T.);
#10183=FACE_BOUND('',#9506,.T.);
#10184=FACE_BOUND('',#9507,.T.);
#10185=FACE_BOUND('',#9508,.T.);
#10186=FACE_BOUND('',#9509,.T.);
#10187=FACE_BOUND('',#9510,.T.);
#10188=FACE_BOUND('',#9511,.T.);
#10189=FACE_BOUND('',#9512,.T.);
#10190=FACE_BOUND('',#9513,.T.);
#10191=FACE_BOUND('',#9514,.T.);
#10192=FACE_BOUND('',#9515,.T.);
#10193=FACE_BOUND('',#9516,.T.);
#10194=FACE_BOUND('',#9517,.T.);
#10195=FACE_BOUND('',#9518,.T.);
#10196=FACE_BOUND('',#9519,.T.);
#10197=FACE_BOUND('',#9520,.T.);
#10198=FACE_BOUND('',#9521,.T.);
#10199=FACE_BOUND('',#9522,.T.);
#10200=FACE_BOUND('',#9523,.T.);
#10201=FACE_BOUND('',#9524,.T.);
#10202=FACE_BOUND('',#9525,.T.);
#10203=FACE_BOUND('',#9526,.T.);
#10204=FACE_BOUND('',#9527,.T.);
#10205=FACE_BOUND('',#9528,.T.);
#10206=FACE_BOUND('',#9529,.T.);
#10207=FACE_BOUND('',#9530,.T.);
#10208=FACE_BOUND('',#9531,.T.);
#10209=FACE_BOUND('',#9532,.T.);
#10210=FACE_BOUND('',#9533,.T.);
#10211=FACE_BOUND('',#9534,.T.);
#10212=FACE_BOUND('',#9535,.T.);
#10213=FACE_BOUND('',#9536,.T.);
#10214=FACE_BOUND('',#9537,.T.);
#10215=FACE_BOUND('',#9538,.T.);
#10216=FACE_BOUND('',#9539,.T.);
#10217=FACE_BOUND('',#9540,.T.);
#10218=FACE_BOUND('',#9541,.T.);
#10219=FACE_BOUND('',#9542,.T.);
#10220=FACE_BOUND('',#9543,.T.);
#10221=FACE_BOUND('',#9544,.T.);
#10222=FACE_BOUND('',#9545,.T.);
#10223=FACE_BOUND('',#9546,.T.);
#10224=FACE_BOUND('',#9547,.T.);
#10225=FACE_BOUND('',#9548,.T.);
#10226=FACE_BOUND('',#9549,.T.);
#10227=FACE_BOUND('',#9550,.T.);
#10228=FACE_BOUND('',#9551,.T.);
#10229=FACE_BOUND('',#9552,.T.);
#10230=FACE_BOUND('',#9553,.T.);
#10231=FACE_BOUND('',#9554,.T.);
#10232=FACE_BOUND('',#9555,.T.);
#10233=FACE_BOUND('',#9556,.T.);
#10234=FACE_BOUND('',#9557,.T.);
#10235=FACE_BOUND('',#9558,.T.);
#10236=FACE_BOUND('',#9559,.T.);
#10237=FACE_BOUND('',#9560,.T.);
#10238=FACE_BOUND('',#9561,.T.);
#10239=FACE_BOUND('',#9562,.T.);
#10240=FACE_BOUND('',#9563,.T.);
#10241=FACE_BOUND('',#9564,.T.);
#10242=FACE_BOUND('',#9565,.T.);
#10243=FACE_BOUND('',#9566,.T.);
#10244=FACE_BOUND('',#9567,.T.);
#10245=FACE_BOUND('',#9568,.T.);
#10246=FACE_BOUND('',#9569,.T.);
#10247=FACE_BOUND('',#9570,.T.);
#10248=FACE_BOUND('',#9571,.T.);
#10249=FACE_BOUND('',#9572,.T.);
#10250=FACE_BOUND('',#9573,.T.);
#10251=FACE_BOUND('',#9574,.T.);
#10252=FACE_BOUND('',#9575,.T.);
#10253=FACE_BOUND('',#9576,.T.);
#10254=FACE_BOUND('',#9577,.T.);
#10255=FACE_BOUND('',#9578,.T.);
#10256=FACE_BOUND('',#9579,.T.);
#10257=FACE_BOUND('',#9580,.T.);
#10258=FACE_BOUND('',#9581,.T.);
#10259=FACE_BOUND('',#9582,.T.);
#10260=FACE_BOUND('',#9583,.T.);
#10261=FACE_BOUND('',#9584,.T.);
#10262=FACE_BOUND('',#9585,.T.);
#10263=FACE_BOUND('',#9586,.T.);
#10264=FACE_BOUND('',#9587,.T.);
#10265=FACE_BOUND('',#9588,.T.);
#10266=FACE_BOUND('',#9589,.T.);
#10267=FACE_BOUND('',#9590,.T.);
#10268=FACE_BOUND('',#9591,.T.);
#10269=FACE_BOUND('',#9592,.T.);
#10270=FACE_BOUND('',#9593,.T.);
#10271=FACE_BOUND('',#9594,.T.);
#10272=FACE_BOUND('',#9595,.T.);
#10273=FACE_BOUND('',#9596,.T.);
#10274=FACE_BOUND('',#9597,.T.);
#10275=FACE_BOUND('',#9598,.T.);
#10276=FACE_BOUND('',#9599,.T.);
#10277=FACE_BOUND('',#9600,.T.);
#10278=FACE_BOUND('',#9601,.T.);
#10279=FACE_BOUND('',#9602,.T.);
#10280=FACE_BOUND('',#9603,.T.);
#10281=FACE_BOUND('',#9604,.T.);
#10282=FACE_BOUND('',#9605,.T.);
#10283=FACE_BOUND('',#9606,.T.);
#10284=FACE_BOUND('',#9607,.T.);
#10285=FACE_BOUND('',#9608,.T.);
#10286=FACE_BOUND('',#9609,.T.);
#10287=FACE_BOUND('',#9610,.T.);
#10288=FACE_BOUND('',#9611,.T.);
#10289=FACE_BOUND('',#9612,.T.);
#10290=FACE_BOUND('',#9613,.T.);
#10291=FACE_BOUND('',#9614,.T.);
#10292=FACE_BOUND('',#9615,.T.);
#10293=FACE_BOUND('',#9616,.T.);
#10294=FACE_BOUND('',#9617,.T.);
#10295=FACE_BOUND('',#9618,.T.);
#10296=FACE_BOUND('',#9619,.T.);
#10297=FACE_BOUND('',#9620,.T.);
#10298=FACE_BOUND('',#9621,.T.);
#10299=FACE_BOUND('',#9622,.T.);
#10300=FACE_BOUND('',#9623,.T.);
#10301=FACE_BOUND('',#9624,.T.);
#10302=FACE_BOUND('',#9625,.T.);
#10303=FACE_BOUND('',#9626,.T.);
#10304=FACE_BOUND('',#9627,.T.);
#10305=FACE_BOUND('',#9628,.T.);
#10306=FACE_BOUND('',#9629,.T.);
#10307=FACE_BOUND('',#9630,.T.);
#10308=FACE_BOUND('',#9631,.T.);
#10309=FACE_BOUND('',#9632,.T.);
#10310=FACE_BOUND('',#9633,.T.);
#10311=FACE_BOUND('',#9634,.T.);
#10312=FACE_BOUND('',#9635,.T.);
#10313=FACE_BOUND('',#9636,.T.);
#10314=FACE_BOUND('',#9637,.T.);
#10315=FACE_BOUND('',#9638,.T.);
#10316=FACE_BOUND('',#9639,.T.);
#10317=FACE_BOUND('',#9640,.T.);
#10318=FACE_BOUND('',#9641,.T.);
#10319=FACE_BOUND('',#9642,.T.);
#10320=FACE_BOUND('',#9643,.T.);
#10321=FACE_BOUND('',#9644,.T.);
#10322=FACE_BOUND('',#9645,.T.);
#10323=FACE_BOUND('',#9646,.T.);
#10324=FACE_BOUND('',#9647,.T.);
#10325=FACE_BOUND('',#9648,.T.);
#10326=FACE_BOUND('',#9649,.T.);
#10327=FACE_BOUND('',#9650,.T.);
#10328=FACE_BOUND('',#9651,.T.);
#10329=FACE_BOUND('',#9652,.T.);
#10330=FACE_BOUND('',#9653,.T.);
#10331=FACE_BOUND('',#9654,.T.);
#10332=FACE_BOUND('',#9655,.T.);
#10333=FACE_BOUND('',#9656,.T.);
#10334=FACE_BOUND('',#9657,.T.);
#10335=FACE_BOUND('',#9658,.T.);
#10336=FACE_BOUND('',#9659,.T.);
#10337=FACE_BOUND('',#9660,.T.);
#10338=FACE_BOUND('',#9661,.T.);
#10339=FACE_BOUND('',#9662,.T.);
#10340=FACE_BOUND('',#9663,.T.);
#10341=FACE_BOUND('',#9664,.T.);
#10342=FACE_BOUND('',#9665,.T.);
#10343=FACE_BOUND('',#9666,.T.);
#10344=CYLINDRICAL_SURFACE('',#11168,0.0005);
#10345=CYLINDRICAL_SURFACE('',#11172,0.0005);
#10346=CYLINDRICAL_SURFACE('',#11176,0.0005);
#10347=CYLINDRICAL_SURFACE('',#11180,0.0005);
#10348=CYLINDRICAL_SURFACE('',#11183,0.0005);
#10349=CYLINDRICAL_SURFACE('',#11187,0.000499999999999987);
#10350=CYLINDRICAL_SURFACE('',#11191,0.0005);
#10351=CYLINDRICAL_SURFACE('',#11195,0.0005);
#10352=CYLINDRICAL_SURFACE('',#11198,0.0005);
#10353=CYLINDRICAL_SURFACE('',#11202,0.0005);
#10354=CYLINDRICAL_SURFACE('',#11206,0.0005);
#10355=CYLINDRICAL_SURFACE('',#11210,0.0005);
#10356=CYLINDRICAL_SURFACE('',#11213,0.0005);
#10357=CYLINDRICAL_SURFACE('',#11217,0.0005);
#10358=CYLINDRICAL_SURFACE('',#11221,0.0005);
#10359=CYLINDRICAL_SURFACE('',#11225,0.0005);
#10360=CYLINDRICAL_SURFACE('',#11228,0.0005);
#10361=CYLINDRICAL_SURFACE('',#11232,0.000499999999999975);
#10362=CYLINDRICAL_SURFACE('',#11236,0.00049999999999995);
#10363=CYLINDRICAL_SURFACE('',#11240,0.0005);
#10364=CYLINDRICAL_SURFACE('',#11243,0.0005);
#10365=CYLINDRICAL_SURFACE('',#11247,0.0005);
#10366=CYLINDRICAL_SURFACE('',#11251,0.0005);
#10367=CYLINDRICAL_SURFACE('',#11255,0.0005);
#10368=CYLINDRICAL_SURFACE('',#11258,0.0005);
#10369=CYLINDRICAL_SURFACE('',#11262,0.0005);
#10370=CYLINDRICAL_SURFACE('',#11266,0.0005);
#10371=CYLINDRICAL_SURFACE('',#11270,0.0005);
#10372=CYLINDRICAL_SURFACE('',#11273,0.0005);
#10373=CYLINDRICAL_SURFACE('',#11277,0.0005);
#10374=CYLINDRICAL_SURFACE('',#11281,0.0005);
#10375=CYLINDRICAL_SURFACE('',#11285,0.0005);
#10376=CYLINDRICAL_SURFACE('',#11288,0.0005);
#10377=CYLINDRICAL_SURFACE('',#11292,0.0005);
#10378=CYLINDRICAL_SURFACE('',#11296,0.0005);
#10379=CYLINDRICAL_SURFACE('',#11300,0.0005);
#10380=CYLINDRICAL_SURFACE('',#11303,0.0005);
#10381=CYLINDRICAL_SURFACE('',#11307,0.0005);
#10382=CYLINDRICAL_SURFACE('',#11311,0.000500000000000026);
#10383=CYLINDRICAL_SURFACE('',#11315,0.000500000000000049);
#10384=CYLINDRICAL_SURFACE('',#11318,0.0005);
#10385=CYLINDRICAL_SURFACE('',#11322,0.0005);
#10386=CYLINDRICAL_SURFACE('',#11326,0.0005);
#10387=CYLINDRICAL_SURFACE('',#11330,0.0005);
#10388=CYLINDRICAL_SURFACE('',#11333,0.0005);
#10389=CYLINDRICAL_SURFACE('',#11337,0.0005);
#10390=CYLINDRICAL_SURFACE('',#11341,0.0005);
#10391=CYLINDRICAL_SURFACE('',#11345,0.0005);
#10392=CYLINDRICAL_SURFACE('',#11348,0.000500000000000025);
#10393=CYLINDRICAL_SURFACE('',#11352,0.0005);
#10394=CYLINDRICAL_SURFACE('',#11356,0.0005);
#10395=CYLINDRICAL_SURFACE('',#11360,0.000500000000000013);
#10396=CYLINDRICAL_SURFACE('',#11363,0.0005);
#10397=CYLINDRICAL_SURFACE('',#11367,0.0005);
#10398=CYLINDRICAL_SURFACE('',#11371,0.0005);
#10399=CYLINDRICAL_SURFACE('',#11375,0.0005);
#10400=CYLINDRICAL_SURFACE('',#11378,0.0005);
#10401=CYLINDRICAL_SURFACE('',#11382,0.0005);
#10402=CYLINDRICAL_SURFACE('',#11386,0.000500000000000053);
#10403=CYLINDRICAL_SURFACE('',#11390,0.000500000000000049);
#10404=CYLINDRICAL_SURFACE('',#11393,0.0005);
#10405=CYLINDRICAL_SURFACE('',#11397,0.0005);
#10406=CYLINDRICAL_SURFACE('',#11401,0.0005);
#10407=CYLINDRICAL_SURFACE('',#11405,0.0005);
#10408=CYLINDRICAL_SURFACE('',#11408,0.0005);
#10409=CYLINDRICAL_SURFACE('',#11412,0.0005);
#10410=CYLINDRICAL_SURFACE('',#11416,0.0005);
#10411=CYLINDRICAL_SURFACE('',#11420,0.0005);
#10412=CYLINDRICAL_SURFACE('',#11423,0.0005);
#10413=CYLINDRICAL_SURFACE('',#11427,0.000499999999999987);
#10414=CYLINDRICAL_SURFACE('',#11431,0.0005);
#10415=CYLINDRICAL_SURFACE('',#11435,0.0005);
#10416=CYLINDRICAL_SURFACE('',#11438,0.0005);
#10417=CYLINDRICAL_SURFACE('',#11442,0.0005);
#10418=CYLINDRICAL_SURFACE('',#11446,0.0005);
#10419=CYLINDRICAL_SURFACE('',#11450,0.0005);
#10420=CYLINDRICAL_SURFACE('',#11453,0.0005);
#10421=CYLINDRICAL_SURFACE('',#11457,0.0005);
#10422=CYLINDRICAL_SURFACE('',#11461,0.0005);
#10423=CYLINDRICAL_SURFACE('',#11465,0.0005);
#10424=CYLINDRICAL_SURFACE('',#11470,0.0015);
#10425=CYLINDRICAL_SURFACE('',#11474,0.0015);
#10426=CYLINDRICAL_SURFACE('',#11486,0.000500000000000007);
#10427=CYLINDRICAL_SURFACE('',#11490,0.000500000000000006);
#10428=CYLINDRICAL_SURFACE('',#11494,0.0005);
#10429=CYLINDRICAL_SURFACE('',#11498,0.0005);
#10430=CYLINDRICAL_SURFACE('',#11501,0.0005);
#10431=CYLINDRICAL_SURFACE('',#11505,0.0005);
#10432=CYLINDRICAL_SURFACE('',#11509,0.0005);
#10433=CYLINDRICAL_SURFACE('',#11513,0.0005);
#10434=CYLINDRICAL_SURFACE('',#11516,0.0005);
#10435=CYLINDRICAL_SURFACE('',#11520,0.0005);
#10436=CYLINDRICAL_SURFACE('',#11524,0.0005);
#10437=CYLINDRICAL_SURFACE('',#11528,0.0005);
#10438=CYLINDRICAL_SURFACE('',#11531,0.000500000000000013);
#10439=CYLINDRICAL_SURFACE('',#11535,0.0005);
#10440=CYLINDRICAL_SURFACE('',#11539,0.0005);
#10441=CYLINDRICAL_SURFACE('',#11543,0.000500000000000013);
#10442=CYLINDRICAL_SURFACE('',#11546,0.000500000000000025);
#10443=CYLINDRICAL_SURFACE('',#11550,0.0005);
#10444=CYLINDRICAL_SURFACE('',#11554,0.000499999999999952);
#10445=CYLINDRICAL_SURFACE('',#11558,0.000500000000000025);
#10446=CYLINDRICAL_SURFACE('',#11561,0.0005);
#10447=CYLINDRICAL_SURFACE('',#11565,0.0005);
#10448=CYLINDRICAL_SURFACE('',#11569,0.0005);
#10449=CYLINDRICAL_SURFACE('',#11573,0.0005);
#10450=CYLINDRICAL_SURFACE('',#11576,0.000500000000000032);
#10451=CYLINDRICAL_SURFACE('',#11580,0.0005);
#10452=CYLINDRICAL_SURFACE('',#11584,0.0005);
#10453=CYLINDRICAL_SURFACE('',#11588,0.000500000000000018);
#10454=CYLINDRICAL_SURFACE('',#11591,0.0005);
#10455=CYLINDRICAL_SURFACE('',#11595,0.0005);
#10456=CYLINDRICAL_SURFACE('',#11599,0.0005);
#10457=CYLINDRICAL_SURFACE('',#11603,0.0005);
#10458=CYLINDRICAL_SURFACE('',#11606,0.000500000000000007);
#10459=CYLINDRICAL_SURFACE('',#11610,0.000500000000000013);
#10460=CYLINDRICAL_SURFACE('',#11614,0.0005);
#10461=CYLINDRICAL_SURFACE('',#11618,0.000499999999999994);
#10462=CYLINDRICAL_SURFACE('',#11621,0.0005);
#10463=CYLINDRICAL_SURFACE('',#11625,0.0005);
#10464=CYLINDRICAL_SURFACE('',#11629,0.0005);
#10465=CYLINDRICAL_SURFACE('',#11633,0.0005);
#10466=CYLINDRICAL_SURFACE('',#11636,0.0005);
#10467=CYLINDRICAL_SURFACE('',#11640,0.000499999999999988);
#10468=CYLINDRICAL_SURFACE('',#11644,0.000499999999999976);
#10469=CYLINDRICAL_SURFACE('',#11648,0.0005);
#10470=CYLINDRICAL_SURFACE('',#11651,0.000499999999999948);
#10471=CYLINDRICAL_SURFACE('',#11655,0.000500000000000053);
#10472=CYLINDRICAL_SURFACE('',#11659,0.000500000000000049);
#10473=CYLINDRICAL_SURFACE('',#11663,0.0005);
#10474=CYLINDRICAL_SURFACE('',#11666,0.0005);
#10475=CYLINDRICAL_SURFACE('',#11670,0.0005);
#10476=CYLINDRICAL_SURFACE('',#11674,0.0005);
#10477=CYLINDRICAL_SURFACE('',#11678,0.0005);
#10478=CYLINDRICAL_SURFACE('',#11681,0.0005);
#10479=CYLINDRICAL_SURFACE('',#11685,0.0005);
#10480=CYLINDRICAL_SURFACE('',#11689,0.000500000000000049);
#10481=CYLINDRICAL_SURFACE('',#11693,0.0005);
#10482=CYLINDRICAL_SURFACE('',#11697,0.0005);
#10483=CYLINDRICAL_SURFACE('',#11701,0.000499999999999987);
#10484=CYLINDRICAL_SURFACE('',#11705,0.000499999999999976);
#10485=CYLINDRICAL_SURFACE('',#11709,0.0005);
#10486=CYLINDRICAL_SURFACE('',#11713,0.00049999999999995);
#10487=CYLINDRICAL_SURFACE('',#11717,0.000500000000000027);
#10488=CYLINDRICAL_SURFACE('',#11721,0.000500000000000025);
#10489=CYLINDRICAL_SURFACE('',#11724,0.0005);
#10490=CYLINDRICAL_SURFACE('',#11728,0.000500000000000053);
#10491=CYLINDRICAL_SURFACE('',#11732,0.000500000000000053);
#10492=CYLINDRICAL_SURFACE('',#11736,0.0005);
#10493=CYLINDRICAL_SURFACE('',#11739,0.0005);
#10494=CYLINDRICAL_SURFACE('',#11743,0.0005);
#10495=CYLINDRICAL_SURFACE('',#11747,0.0005);
#10496=CYLINDRICAL_SURFACE('',#11751,0.0005);
#10497=CYLINDRICAL_SURFACE('',#11754,0.0005);
#10498=CYLINDRICAL_SURFACE('',#11758,0.0005);
#10499=CYLINDRICAL_SURFACE('',#11762,0.0005);
#10500=CYLINDRICAL_SURFACE('',#11766,0.0005);
#10501=CYLINDRICAL_SURFACE('',#11769,0.0005);
#10502=CYLINDRICAL_SURFACE('',#11773,0.0005);
#10503=CYLINDRICAL_SURFACE('',#11777,0.0005);
#10504=CYLINDRICAL_SURFACE('',#11781,0.0005);
#10505=CYLINDRICAL_SURFACE('',#11784,0.0005);
#10506=CYLINDRICAL_SURFACE('',#11788,0.0005);
#10507=CYLINDRICAL_SURFACE('',#11792,0.0005);
#10508=CYLINDRICAL_SURFACE('',#11796,0.0005);
#10509=CYLINDRICAL_SURFACE('',#11799,0.0005);
#10510=CYLINDRICAL_SURFACE('',#11803,0.0005);
#10511=CYLINDRICAL_SURFACE('',#11807,0.0005);
#10512=CYLINDRICAL_SURFACE('',#11811,0.0005);
#10513=CYLINDRICAL_SURFACE('',#11814,0.0005);
#10514=CYLINDRICAL_SURFACE('',#11818,0.0005);
#10515=CYLINDRICAL_SURFACE('',#11822,0.0005);
#10516=CYLINDRICAL_SURFACE('',#11826,0.0005);
#10517=CYLINDRICAL_SURFACE('',#11829,0.0005);
#10518=CYLINDRICAL_SURFACE('',#11833,0.0005);
#10519=CYLINDRICAL_SURFACE('',#11837,0.0005);
#10520=CYLINDRICAL_SURFACE('',#11841,0.0005);
#10521=CYLINDRICAL_SURFACE('',#11844,0.0005);
#10522=CYLINDRICAL_SURFACE('',#11848,0.0005);
#10523=CYLINDRICAL_SURFACE('',#11852,0.000500000000000013);
#10524=CYLINDRICAL_SURFACE('',#11856,0.000500000000000025);
#10525=CYLINDRICAL_SURFACE('',#11860,0.000500000000000049);
#10526=CYLINDRICAL_SURFACE('',#11864,0.0005);
#10527=CYLINDRICAL_SURFACE('',#11868,0.0005);
#10528=CYLINDRICAL_SURFACE('',#11872,0.0005);
#10529=CYLINDRICAL_SURFACE('',#11876,0.000500000000000053);
#10530=CYLINDRICAL_SURFACE('',#11880,0.000500000000000049);
#10531=CYLINDRICAL_SURFACE('',#11884,0.0005);
#10532=CYLINDRICAL_SURFACE('',#11887,0.0005);
#10533=CYLINDRICAL_SURFACE('',#11891,0.0005);
#10534=CYLINDRICAL_SURFACE('',#11895,0.0005);
#10535=CYLINDRICAL_SURFACE('',#11899,0.0005);
#10536=CYLINDRICAL_SURFACE('',#11902,0.0005);
#10537=CYLINDRICAL_SURFACE('',#11906,0.0005);
#10538=CYLINDRICAL_SURFACE('',#11910,0.0005);
#10539=CYLINDRICAL_SURFACE('',#11914,0.0005);
#10540=CYLINDRICAL_SURFACE('',#11918,0.000500000000000027);
#10541=CYLINDRICAL_SURFACE('',#11922,0.000500000000000026);
#10542=CYLINDRICAL_SURFACE('',#11926,0.0005);
#10543=CYLINDRICAL_SURFACE('',#11931,0.0005);
#10544=CYLINDRICAL_SURFACE('',#11935,0.0005);
#10545=CYLINDRICAL_SURFACE('',#11939,0.0005);
#10546=CYLINDRICAL_SURFACE('',#11943,0.0005);
#10547=CYLINDRICAL_SURFACE('',#11947,0.0005);
#10548=CYLINDRICAL_SURFACE('',#11951,0.000500000000000049);
#10549=CYLINDRICAL_SURFACE('',#11955,0.000500000000000049);
#10550=CYLINDRICAL_SURFACE('',#11958,0.0005);
#10551=CYLINDRICAL_SURFACE('',#11962,0.0005);
#10552=CYLINDRICAL_SURFACE('',#11966,0.0005);
#10553=CYLINDRICAL_SURFACE('',#11970,0.0005);
#10554=CYLINDRICAL_SURFACE('',#11973,0.0005);
#10555=CYLINDRICAL_SURFACE('',#11977,0.0005);
#10556=CYLINDRICAL_SURFACE('',#11981,0.0005);
#10557=CYLINDRICAL_SURFACE('',#11985,0.0005);
#10558=CYLINDRICAL_SURFACE('',#11988,0.0005);
#10559=CYLINDRICAL_SURFACE('',#11992,0.0005);
#10560=CYLINDRICAL_SURFACE('',#11996,0.0005);
#10561=CYLINDRICAL_SURFACE('',#12000,0.0005);
#10562=CYLINDRICAL_SURFACE('',#12003,0.0005);
#10563=CYLINDRICAL_SURFACE('',#12007,0.0005);
#10564=CYLINDRICAL_SURFACE('',#12011,0.0005);
#10565=CYLINDRICAL_SURFACE('',#12015,0.0005);
#10566=CYLINDRICAL_SURFACE('',#12018,0.0005);
#10567=CYLINDRICAL_SURFACE('',#12022,0.0005);
#10568=CYLINDRICAL_SURFACE('',#12026,0.0005);
#10569=CYLINDRICAL_SURFACE('',#12030,0.000500000000000025);
#10570=CYLINDRICAL_SURFACE('',#12033,0.00049999999999999);
#10571=CYLINDRICAL_SURFACE('',#12037,0.000499999999999988);
#10572=CYLINDRICAL_SURFACE('',#12041,0.0005);
#10573=CYLINDRICAL_SURFACE('',#12045,0.0005);
#10574=CYLINDRICAL_SURFACE('',#12048,0.0005);
#10575=CYLINDRICAL_SURFACE('',#12052,0.0005);
#10576=CYLINDRICAL_SURFACE('',#12056,0.0005);
#10577=CYLINDRICAL_SURFACE('',#12060,0.0005);
#10578=CYLINDRICAL_SURFACE('',#12063,0.00049999999999999);
#10579=CYLINDRICAL_SURFACE('',#12067,0.000499999999999983);
#10580=CYLINDRICAL_SURFACE('',#12071,0.0005);
#10581=CYLINDRICAL_SURFACE('',#12075,0.0005);
#10582=CYLINDRICAL_SURFACE('',#12078,0.0005);
#10583=CYLINDRICAL_SURFACE('',#12082,0.0005);
#10584=CYLINDRICAL_SURFACE('',#12086,0.000500000000000014);
#10585=CYLINDRICAL_SURFACE('',#12090,0.000500000000000007);
#10586=CYLINDRICAL_SURFACE('',#12093,0.0005);
#10587=CYLINDRICAL_SURFACE('',#12097,0.0005);
#10588=CYLINDRICAL_SURFACE('',#12101,0.000499999999999987);
#10589=CYLINDRICAL_SURFACE('',#12105,0.0005);
#10590=CYLINDRICAL_SURFACE('',#12108,0.0005);
#10591=CYLINDRICAL_SURFACE('',#12112,0.0005);
#10592=CYLINDRICAL_SURFACE('',#12116,0.0005);
#10593=CYLINDRICAL_SURFACE('',#12120,0.0005);
#10594=CYLINDRICAL_SURFACE('',#12123,0.0005);
#10595=CYLINDRICAL_SURFACE('',#12127,0.0005);
#10596=CYLINDRICAL_SURFACE('',#12131,0.0005);
#10597=CYLINDRICAL_SURFACE('',#12135,0.0005);
#10598=CYLINDRICAL_SURFACE('',#12138,0.0005);
#10599=CYLINDRICAL_SURFACE('',#12142,0.0005);
#10600=CYLINDRICAL_SURFACE('',#12146,0.000500000000000013);
#10601=CYLINDRICAL_SURFACE('',#12150,0.000500000000000013);
#10602=CYLINDRICAL_SURFACE('',#12154,0.0005);
#10603=CYLINDRICAL_SURFACE('',#12158,0.0005);
#10604=CYLINDRICAL_SURFACE('',#12162,0.0005);
#10605=CYLINDRICAL_SURFACE('',#12200,0.0005);
#10606=CYLINDRICAL_SURFACE('',#12213,0.000500000000000026);
#10607=CYLINDRICAL_SURFACE('',#12219,0.00049999999999995);
#10608=CYLINDRICAL_SURFACE('',#12222,0.0005);
#10609=CYLINDRICAL_SURFACE('',#12239,0.0005);
#10610=ADVANCED_FACE('',(#9667),#10344,.F.);
#10611=ADVANCED_FACE('',(#9668),#12,.F.);
#10612=ADVANCED_FACE('',(#9669),#10345,.F.);
#10613=ADVANCED_FACE('',(#9670),#13,.T.);
#10614=ADVANCED_FACE('',(#9671),#10346,.F.);
#10615=ADVANCED_FACE('',(#9672),#14,.T.);
#10616=ADVANCED_FACE('',(#9673),#10347,.F.);
#10617=ADVANCED_FACE('',(#9674),#10348,.F.);
#10618=ADVANCED_FACE('',(#9675),#15,.F.);
#10619=ADVANCED_FACE('',(#9676),#10349,.F.);
#10620=ADVANCED_FACE('',(#9677),#16,.T.);
#10621=ADVANCED_FACE('',(#9678),#10350,.F.);
#10622=ADVANCED_FACE('',(#9679),#17,.T.);
#10623=ADVANCED_FACE('',(#9680),#10351,.F.);
#10624=ADVANCED_FACE('',(#9681),#10352,.F.);
#10625=ADVANCED_FACE('',(#9682),#18,.F.);
#10626=ADVANCED_FACE('',(#9683),#10353,.F.);
#10627=ADVANCED_FACE('',(#9684),#19,.T.);
#10628=ADVANCED_FACE('',(#9685),#10354,.F.);
#10629=ADVANCED_FACE('',(#9686),#20,.T.);
#10630=ADVANCED_FACE('',(#9687),#10355,.F.);
#10631=ADVANCED_FACE('',(#9688),#10356,.F.);
#10632=ADVANCED_FACE('',(#9689),#21,.F.);
#10633=ADVANCED_FACE('',(#9690),#10357,.F.);
#10634=ADVANCED_FACE('',(#9691),#22,.T.);
#10635=ADVANCED_FACE('',(#9692),#10358,.F.);
#10636=ADVANCED_FACE('',(#9693),#23,.T.);
#10637=ADVANCED_FACE('',(#9694),#10359,.F.);
#10638=ADVANCED_FACE('',(#9695),#10360,.F.);
#10639=ADVANCED_FACE('',(#9696),#24,.F.);
#10640=ADVANCED_FACE('',(#9697),#10361,.F.);
#10641=ADVANCED_FACE('',(#9698),#25,.F.);
#10642=ADVANCED_FACE('',(#9699),#10362,.F.);
#10643=ADVANCED_FACE('',(#9700),#26,.T.);
#10644=ADVANCED_FACE('',(#9701),#10363,.F.);
#10645=ADVANCED_FACE('',(#9702),#10364,.F.);
#10646=ADVANCED_FACE('',(#9703),#27,.F.);
#10647=ADVANCED_FACE('',(#9704),#10365,.F.);
#10648=ADVANCED_FACE('',(#9705),#28,.F.);
#10649=ADVANCED_FACE('',(#9706),#10366,.F.);
#10650=ADVANCED_FACE('',(#9707),#29,.T.);
#10651=ADVANCED_FACE('',(#9708),#10367,.F.);
#10652=ADVANCED_FACE('',(#9709),#10368,.F.);
#10653=ADVANCED_FACE('',(#9710),#30,.F.);
#10654=ADVANCED_FACE('',(#9711),#10369,.F.);
#10655=ADVANCED_FACE('',(#9712),#31,.T.);
#10656=ADVANCED_FACE('',(#9713),#10370,.F.);
#10657=ADVANCED_FACE('',(#9714),#32,.T.);
#10658=ADVANCED_FACE('',(#9715),#10371,.F.);
#10659=ADVANCED_FACE('',(#9716),#10372,.F.);
#10660=ADVANCED_FACE('',(#9717),#33,.F.);
#10661=ADVANCED_FACE('',(#9718),#10373,.F.);
#10662=ADVANCED_FACE('',(#9719),#34,.F.);
#10663=ADVANCED_FACE('',(#9720),#10374,.F.);
#10664=ADVANCED_FACE('',(#9721),#35,.T.);
#10665=ADVANCED_FACE('',(#9722),#10375,.F.);
#10666=ADVANCED_FACE('',(#9723),#10376,.F.);
#10667=ADVANCED_FACE('',(#9724),#36,.F.);
#10668=ADVANCED_FACE('',(#9725),#10377,.F.);
#10669=ADVANCED_FACE('',(#9726),#37,.T.);
#10670=ADVANCED_FACE('',(#9727),#10378,.F.);
#10671=ADVANCED_FACE('',(#9728),#38,.T.);
#10672=ADVANCED_FACE('',(#9729),#10379,.F.);
#10673=ADVANCED_FACE('',(#9730),#10380,.F.);
#10674=ADVANCED_FACE('',(#9731),#39,.F.);
#10675=ADVANCED_FACE('',(#9732),#10381,.F.);
#10676=ADVANCED_FACE('',(#9733),#40,.T.);
#10677=ADVANCED_FACE('',(#9734),#10382,.F.);
#10678=ADVANCED_FACE('',(#9735),#41,.T.);
#10679=ADVANCED_FACE('',(#9736),#10383,.F.);
#10680=ADVANCED_FACE('',(#9737),#10384,.F.);
#10681=ADVANCED_FACE('',(#9738),#42,.F.);
#10682=ADVANCED_FACE('',(#9739),#10385,.F.);
#10683=ADVANCED_FACE('',(#9740),#43,.T.);
#10684=ADVANCED_FACE('',(#9741),#10386,.F.);
#10685=ADVANCED_FACE('',(#9742),#44,.T.);
#10686=ADVANCED_FACE('',(#9743),#10387,.F.);
#10687=ADVANCED_FACE('',(#9744),#10388,.F.);
#10688=ADVANCED_FACE('',(#9745),#45,.F.);
#10689=ADVANCED_FACE('',(#9746),#10389,.F.);
#10690=ADVANCED_FACE('',(#9747),#46,.T.);
#10691=ADVANCED_FACE('',(#9748),#10390,.F.);
#10692=ADVANCED_FACE('',(#9749),#47,.T.);
#10693=ADVANCED_FACE('',(#9750),#10391,.F.);
#10694=ADVANCED_FACE('',(#9751),#10392,.F.);
#10695=ADVANCED_FACE('',(#9752),#48,.F.);
#10696=ADVANCED_FACE('',(#9753),#10393,.F.);
#10697=ADVANCED_FACE('',(#9754),#49,.F.);
#10698=ADVANCED_FACE('',(#9755),#10394,.F.);
#10699=ADVANCED_FACE('',(#9756),#50,.T.);
#10700=ADVANCED_FACE('',(#9757),#10395,.F.);
#10701=ADVANCED_FACE('',(#9758),#10396,.F.);
#10702=ADVANCED_FACE('',(#9759),#51,.F.);
#10703=ADVANCED_FACE('',(#9760),#10397,.F.);
#10704=ADVANCED_FACE('',(#9761),#52,.F.);
#10705=ADVANCED_FACE('',(#9762),#10398,.F.);
#10706=ADVANCED_FACE('',(#9763),#53,.T.);
#10707=ADVANCED_FACE('',(#9764),#10399,.F.);
#10708=ADVANCED_FACE('',(#9765),#10400,.F.);
#10709=ADVANCED_FACE('',(#9766),#54,.F.);
#10710=ADVANCED_FACE('',(#9767),#10401,.F.);
#10711=ADVANCED_FACE('',(#9768),#55,.T.);
#10712=ADVANCED_FACE('',(#9769),#10402,.F.);
#10713=ADVANCED_FACE('',(#9770),#56,.T.);
#10714=ADVANCED_FACE('',(#9771),#10403,.F.);
#10715=ADVANCED_FACE('',(#9772),#10404,.F.);
#10716=ADVANCED_FACE('',(#9773),#57,.F.);
#10717=ADVANCED_FACE('',(#9774),#10405,.F.);
#10718=ADVANCED_FACE('',(#9775),#58,.F.);
#10719=ADVANCED_FACE('',(#9776),#10406,.F.);
#10720=ADVANCED_FACE('',(#9777),#59,.T.);
#10721=ADVANCED_FACE('',(#9778),#10407,.F.);
#10722=ADVANCED_FACE('',(#9779),#10408,.F.);
#10723=ADVANCED_FACE('',(#9780),#60,.F.);
#10724=ADVANCED_FACE('',(#9781),#10409,.F.);
#10725=ADVANCED_FACE('',(#9782),#61,.F.);
#10726=ADVANCED_FACE('',(#9783),#10410,.F.);
#10727=ADVANCED_FACE('',(#9784),#62,.T.);
#10728=ADVANCED_FACE('',(#9785),#10411,.F.);
#10729=ADVANCED_FACE('',(#9786),#10412,.F.);
#10730=ADVANCED_FACE('',(#9787),#63,.F.);
#10731=ADVANCED_FACE('',(#9788),#10413,.F.);
#10732=ADVANCED_FACE('',(#9789),#64,.T.);
#10733=ADVANCED_FACE('',(#9790),#10414,.F.);
#10734=ADVANCED_FACE('',(#9791),#65,.T.);
#10735=ADVANCED_FACE('',(#9792),#10415,.F.);
#10736=ADVANCED_FACE('',(#9793),#10416,.F.);
#10737=ADVANCED_FACE('',(#9794),#66,.F.);
#10738=ADVANCED_FACE('',(#9795),#10417,.F.);
#10739=ADVANCED_FACE('',(#9796),#67,.F.);
#10740=ADVANCED_FACE('',(#9797),#10418,.F.);
#10741=ADVANCED_FACE('',(#9798),#68,.T.);
#10742=ADVANCED_FACE('',(#9799),#10419,.F.);
#10743=ADVANCED_FACE('',(#9800),#10420,.F.);
#10744=ADVANCED_FACE('',(#9801),#69,.F.);
#10745=ADVANCED_FACE('',(#9802),#10421,.F.);
#10746=ADVANCED_FACE('',(#9803),#70,.T.);
#10747=ADVANCED_FACE('',(#9804),#10422,.F.);
#10748=ADVANCED_FACE('',(#9805),#71,.T.);
#10749=ADVANCED_FACE('',(#9806),#10423,.F.);
#10750=ADVANCED_FACE('',(#9807),#72,.F.);
#10751=ADVANCED_FACE('',(#9808),#73,.F.);
#10752=ADVANCED_FACE('',(#9809),#10424,.T.);
#10753=ADVANCED_FACE('',(#9810),#74,.F.);
#10754=ADVANCED_FACE('',(#9811),#10425,.T.);
#10755=ADVANCED_FACE('',(#9812),#75,.F.);
#10756=ADVANCED_FACE('',(#9813),#76,.F.);
#10757=ADVANCED_FACE('',(#9814),#77,.T.);
#10758=ADVANCED_FACE('',(#9815),#78,.T.);
#10759=ADVANCED_FACE('',(#9816),#79,.F.);
#10760=ADVANCED_FACE('',(#9817),#80,.T.);
#10761=ADVANCED_FACE('',(#9818),#81,.F.);
#10762=ADVANCED_FACE('',(#9819),#82,.T.);
#10763=ADVANCED_FACE('',(#9820),#83,.T.);
#10764=ADVANCED_FACE('',(#9821),#10426,.F.);
#10765=ADVANCED_FACE('',(#9822),#84,.T.);
#10766=ADVANCED_FACE('',(#9823),#10427,.F.);
#10767=ADVANCED_FACE('',(#9824),#85,.F.);
#10768=ADVANCED_FACE('',(#9825),#10428,.F.);
#10769=ADVANCED_FACE('',(#9826),#86,.F.);
#10770=ADVANCED_FACE('',(#9827),#10429,.F.);
#10771=ADVANCED_FACE('',(#9828),#10430,.F.);
#10772=ADVANCED_FACE('',(#9829),#87,.F.);
#10773=ADVANCED_FACE('',(#9830),#10431,.F.);
#10774=ADVANCED_FACE('',(#9831),#88,.T.);
#10775=ADVANCED_FACE('',(#9832),#10432,.F.);
#10776=ADVANCED_FACE('',(#9833),#89,.T.);
#10777=ADVANCED_FACE('',(#9834),#10433,.F.);
#10778=ADVANCED_FACE('',(#9835),#10434,.F.);
#10779=ADVANCED_FACE('',(#9836),#90,.F.);
#10780=ADVANCED_FACE('',(#9837),#10435,.F.);
#10781=ADVANCED_FACE('',(#9838),#91,.T.);
#10782=ADVANCED_FACE('',(#9839),#10436,.F.);
#10783=ADVANCED_FACE('',(#9840),#92,.T.);
#10784=ADVANCED_FACE('',(#9841),#10437,.F.);
#10785=ADVANCED_FACE('',(#9842),#10438,.F.);
#10786=ADVANCED_FACE('',(#9843),#93,.F.);
#10787=ADVANCED_FACE('',(#9844),#10439,.F.);
#10788=ADVANCED_FACE('',(#9845),#94,.F.);
#10789=ADVANCED_FACE('',(#9846),#10440,.F.);
#10790=ADVANCED_FACE('',(#9847),#95,.T.);
#10791=ADVANCED_FACE('',(#9848),#10441,.F.);
#10792=ADVANCED_FACE('',(#9849),#10442,.F.);
#10793=ADVANCED_FACE('',(#9850),#96,.F.);
#10794=ADVANCED_FACE('',(#9851),#10443,.F.);
#10795=ADVANCED_FACE('',(#9852),#97,.F.);
#10796=ADVANCED_FACE('',(#9853),#10444,.F.);
#10797=ADVANCED_FACE('',(#9854),#98,.T.);
#10798=ADVANCED_FACE('',(#9855),#10445,.F.);
#10799=ADVANCED_FACE('',(#9856),#10446,.F.);
#10800=ADVANCED_FACE('',(#9857),#99,.T.);
#10801=ADVANCED_FACE('',(#9858),#10447,.F.);
#10802=ADVANCED_FACE('',(#9859),#100,.F.);
#10803=ADVANCED_FACE('',(#9860),#10448,.F.);
#10804=ADVANCED_FACE('',(#9861),#101,.F.);
#10805=ADVANCED_FACE('',(#9862),#10449,.F.);
#10806=ADVANCED_FACE('',(#9863),#10450,.F.);
#10807=ADVANCED_FACE('',(#9864),#102,.F.);
#10808=ADVANCED_FACE('',(#9865),#10451,.F.);
#10809=ADVANCED_FACE('',(#9866),#103,.F.);
#10810=ADVANCED_FACE('',(#9867),#10452,.F.);
#10811=ADVANCED_FACE('',(#9868),#104,.T.);
#10812=ADVANCED_FACE('',(#9869),#10453,.F.);
#10813=ADVANCED_FACE('',(#9870),#10454,.F.);
#10814=ADVANCED_FACE('',(#9871),#105,.F.);
#10815=ADVANCED_FACE('',(#9872),#10455,.F.);
#10816=ADVANCED_FACE('',(#9873),#106,.F.);
#10817=ADVANCED_FACE('',(#9874),#10456,.F.);
#10818=ADVANCED_FACE('',(#9875),#107,.T.);
#10819=ADVANCED_FACE('',(#9876),#10457,.F.);
#10820=ADVANCED_FACE('',(#9877),#10458,.F.);
#10821=ADVANCED_FACE('',(#9878),#108,.T.);
#10822=ADVANCED_FACE('',(#9879),#10459,.F.);
#10823=ADVANCED_FACE('',(#9880),#109,.T.);
#10824=ADVANCED_FACE('',(#9881),#10460,.F.);
#10825=ADVANCED_FACE('',(#9882),#110,.F.);
#10826=ADVANCED_FACE('',(#9883),#10461,.F.);
#10827=ADVANCED_FACE('',(#9884),#10462,.F.);
#10828=ADVANCED_FACE('',(#9885),#111,.F.);
#10829=ADVANCED_FACE('',(#9886),#10463,.F.);
#10830=ADVANCED_FACE('',(#9887),#112,.F.);
#10831=ADVANCED_FACE('',(#9888),#10464,.F.);
#10832=ADVANCED_FACE('',(#9889),#113,.T.);
#10833=ADVANCED_FACE('',(#9890),#10465,.F.);
#10834=ADVANCED_FACE('',(#9891),#10466,.F.);
#10835=ADVANCED_FACE('',(#9892),#114,.F.);
#10836=ADVANCED_FACE('',(#9893),#10467,.F.);
#10837=ADVANCED_FACE('',(#9894),#115,.F.);
#10838=ADVANCED_FACE('',(#9895),#10468,.F.);
#10839=ADVANCED_FACE('',(#9896),#116,.T.);
#10840=ADVANCED_FACE('',(#9897),#10469,.F.);
#10841=ADVANCED_FACE('',(#9898),#10470,.F.);
#10842=ADVANCED_FACE('',(#9899),#117,.T.);
#10843=ADVANCED_FACE('',(#9900),#10471,.F.);
#10844=ADVANCED_FACE('',(#9901),#118,.T.);
#10845=ADVANCED_FACE('',(#9902),#10472,.F.);
#10846=ADVANCED_FACE('',(#9903),#119,.F.);
#10847=ADVANCED_FACE('',(#9904),#10473,.F.);
#10848=ADVANCED_FACE('',(#9905),#10474,.F.);
#10849=ADVANCED_FACE('',(#9906),#120,.F.);
#10850=ADVANCED_FACE('',(#9907),#10475,.F.);
#10851=ADVANCED_FACE('',(#9908),#121,.F.);
#10852=ADVANCED_FACE('',(#9909),#10476,.F.);
#10853=ADVANCED_FACE('',(#9910),#122,.T.);
#10854=ADVANCED_FACE('',(#9911),#10477,.F.);
#10855=ADVANCED_FACE('',(#9912),#10478,.F.);
#10856=ADVANCED_FACE('',(#9913),#123,.F.);
#10857=ADVANCED_FACE('',(#9914),#10479,.F.);
#10858=ADVANCED_FACE('',(#9915),#124,.T.);
#10859=ADVANCED_FACE('',(#9916),#10480,.F.);
#10860=ADVANCED_FACE('',(#9917),#125,.T.);
#10861=ADVANCED_FACE('',(#9918),#10481,.F.);
#10862=ADVANCED_FACE('',(#9919),#126,.T.);
#10863=ADVANCED_FACE('',(#9920),#10482,.F.);
#10864=ADVANCED_FACE('',(#9921),#127,.F.);
#10865=ADVANCED_FACE('',(#9922),#10483,.F.);
#10866=ADVANCED_FACE('',(#9923),#128,.F.);
#10867=ADVANCED_FACE('',(#9924),#10484,.F.);
#10868=ADVANCED_FACE('',(#9925),#129,.T.);
#10869=ADVANCED_FACE('',(#9926),#10485,.F.);
#10870=ADVANCED_FACE('',(#9927),#130,.F.);
#10871=ADVANCED_FACE('',(#9928),#10486,.F.);
#10872=ADVANCED_FACE('',(#9929),#131,.T.);
#10873=ADVANCED_FACE('',(#9930),#10487,.F.);
#10874=ADVANCED_FACE('',(#9931),#132,.T.);
#10875=ADVANCED_FACE('',(#9932),#10488,.F.);
#10876=ADVANCED_FACE('',(#9933),#10489,.F.);
#10877=ADVANCED_FACE('',(#9934),#133,.T.);
#10878=ADVANCED_FACE('',(#9935),#10490,.F.);
#10879=ADVANCED_FACE('',(#9936),#134,.T.);
#10880=ADVANCED_FACE('',(#9937),#10491,.F.);
#10881=ADVANCED_FACE('',(#9938),#135,.F.);
#10882=ADVANCED_FACE('',(#9939),#10492,.F.);
#10883=ADVANCED_FACE('',(#9940),#10493,.F.);
#10884=ADVANCED_FACE('',(#9941),#136,.F.);
#10885=ADVANCED_FACE('',(#9942),#10494,.F.);
#10886=ADVANCED_FACE('',(#9943),#137,.T.);
#10887=ADVANCED_FACE('',(#9944),#10495,.F.);
#10888=ADVANCED_FACE('',(#9945),#138,.T.);
#10889=ADVANCED_FACE('',(#9946),#10496,.F.);
#10890=ADVANCED_FACE('',(#9947),#10497,.F.);
#10891=ADVANCED_FACE('',(#9948),#139,.T.);
#10892=ADVANCED_FACE('',(#9949),#10498,.F.);
#10893=ADVANCED_FACE('',(#9950),#140,.F.);
#10894=ADVANCED_FACE('',(#9951),#10499,.F.);
#10895=ADVANCED_FACE('',(#9952),#141,.F.);
#10896=ADVANCED_FACE('',(#9953),#10500,.F.);
#10897=ADVANCED_FACE('',(#9954),#10501,.F.);
#10898=ADVANCED_FACE('',(#9955),#142,.F.);
#10899=ADVANCED_FACE('',(#9956),#10502,.F.);
#10900=ADVANCED_FACE('',(#9957),#143,.F.);
#10901=ADVANCED_FACE('',(#9958),#10503,.F.);
#10902=ADVANCED_FACE('',(#9959),#144,.T.);
#10903=ADVANCED_FACE('',(#9960),#10504,.F.);
#10904=ADVANCED_FACE('',(#9961),#10505,.F.);
#10905=ADVANCED_FACE('',(#9962),#145,.F.);
#10906=ADVANCED_FACE('',(#9963),#10506,.F.);
#10907=ADVANCED_FACE('',(#9964),#146,.F.);
#10908=ADVANCED_FACE('',(#9965),#10507,.F.);
#10909=ADVANCED_FACE('',(#9966),#147,.T.);
#10910=ADVANCED_FACE('',(#9967),#10508,.F.);
#10911=ADVANCED_FACE('',(#9968),#10509,.F.);
#10912=ADVANCED_FACE('',(#9969),#148,.T.);
#10913=ADVANCED_FACE('',(#9970),#10510,.F.);
#10914=ADVANCED_FACE('',(#9971),#149,.F.);
#10915=ADVANCED_FACE('',(#9972),#10511,.F.);
#10916=ADVANCED_FACE('',(#9973),#150,.F.);
#10917=ADVANCED_FACE('',(#9974),#10512,.F.);
#10918=ADVANCED_FACE('',(#9975),#10513,.F.);
#10919=ADVANCED_FACE('',(#9976),#151,.T.);
#10920=ADVANCED_FACE('',(#9977),#10514,.F.);
#10921=ADVANCED_FACE('',(#9978),#152,.F.);
#10922=ADVANCED_FACE('',(#9979),#10515,.F.);
#10923=ADVANCED_FACE('',(#9980),#153,.F.);
#10924=ADVANCED_FACE('',(#9981),#10516,.F.);
#10925=ADVANCED_FACE('',(#9982),#10517,.F.);
#10926=ADVANCED_FACE('',(#9983),#154,.F.);
#10927=ADVANCED_FACE('',(#9984),#10518,.F.);
#10928=ADVANCED_FACE('',(#9985),#155,.T.);
#10929=ADVANCED_FACE('',(#9986),#10519,.F.);
#10930=ADVANCED_FACE('',(#9987),#156,.T.);
#10931=ADVANCED_FACE('',(#9988),#10520,.F.);
#10932=ADVANCED_FACE('',(#9989),#10521,.F.);
#10933=ADVANCED_FACE('',(#9990),#157,.F.);
#10934=ADVANCED_FACE('',(#9991),#10522,.F.);
#10935=ADVANCED_FACE('',(#9992),#158,.T.);
#10936=ADVANCED_FACE('',(#9993),#10523,.F.);
#10937=ADVANCED_FACE('',(#9994),#159,.T.);
#10938=ADVANCED_FACE('',(#9995),#10524,.F.);
#10939=ADVANCED_FACE('',(#9996),#160,.T.);
#10940=ADVANCED_FACE('',(#9997),#10525,.F.);
#10941=ADVANCED_FACE('',(#9998),#161,.F.);
#10942=ADVANCED_FACE('',(#9999),#10526,.F.);
#10943=ADVANCED_FACE('',(#10000),#162,.F.);
#10944=ADVANCED_FACE('',(#10001),#10527,.F.);
#10945=ADVANCED_FACE('',(#10002),#163,.T.);
#10946=ADVANCED_FACE('',(#10003),#10528,.F.);
#10947=ADVANCED_FACE('',(#10004),#164,.T.);
#10948=ADVANCED_FACE('',(#10005),#10529,.F.);
#10949=ADVANCED_FACE('',(#10006),#165,.T.);
#10950=ADVANCED_FACE('',(#10007),#10530,.F.);
#10951=ADVANCED_FACE('',(#10008),#166,.F.);
#10952=ADVANCED_FACE('',(#10009),#10531,.F.);
#10953=ADVANCED_FACE('',(#10010),#10532,.F.);
#10954=ADVANCED_FACE('',(#10011),#167,.F.);
#10955=ADVANCED_FACE('',(#10012),#10533,.F.);
#10956=ADVANCED_FACE('',(#10013),#168,.T.);
#10957=ADVANCED_FACE('',(#10014),#10534,.F.);
#10958=ADVANCED_FACE('',(#10015),#169,.T.);
#10959=ADVANCED_FACE('',(#10016),#10535,.F.);
#10960=ADVANCED_FACE('',(#10017),#10536,.F.);
#10961=ADVANCED_FACE('',(#10018),#170,.T.);
#10962=ADVANCED_FACE('',(#10019),#10537,.F.);
#10963=ADVANCED_FACE('',(#10020),#171,.T.);
#10964=ADVANCED_FACE('',(#10021),#10538,.F.);
#10965=ADVANCED_FACE('',(#10022),#172,.F.);
#10966=ADVANCED_FACE('',(#10023),#10539,.F.);
#10967=ADVANCED_FACE('',(#10024),#173,.T.);
#10968=ADVANCED_FACE('',(#10025),#10540,.F.);
#10969=ADVANCED_FACE('',(#10026),#174,.T.);
#10970=ADVANCED_FACE('',(#10027),#10541,.F.);
#10971=ADVANCED_FACE('',(#10028),#175,.F.);
#10972=ADVANCED_FACE('',(#10029),#10542,.F.);
#10973=ADVANCED_FACE('',(#10030),#176,.F.);
#10974=ADVANCED_FACE('',(#10031),#177,.T.);
#10975=ADVANCED_FACE('',(#10032),#10543,.F.);
#10976=ADVANCED_FACE('',(#10033),#178,.F.);
#10977=ADVANCED_FACE('',(#10034),#10544,.F.);
#10978=ADVANCED_FACE('',(#10035),#179,.F.);
#10979=ADVANCED_FACE('',(#10036),#10545,.F.);
#10980=ADVANCED_FACE('',(#10037),#180,.T.);
#10981=ADVANCED_FACE('',(#10038),#10546,.F.);
#10982=ADVANCED_FACE('',(#10039),#181,.F.);
#10983=ADVANCED_FACE('',(#10040),#10547,.F.);
#10984=ADVANCED_FACE('',(#10041),#182,.T.);
#10985=ADVANCED_FACE('',(#10042),#10548,.F.);
#10986=ADVANCED_FACE('',(#10043),#183,.T.);
#10987=ADVANCED_FACE('',(#10044),#10549,.F.);
#10988=ADVANCED_FACE('',(#10045),#10550,.F.);
#10989=ADVANCED_FACE('',(#10046),#184,.F.);
#10990=ADVANCED_FACE('',(#10047),#10551,.F.);
#10991=ADVANCED_FACE('',(#10048),#185,.T.);
#10992=ADVANCED_FACE('',(#10049),#10552,.F.);
#10993=ADVANCED_FACE('',(#10050),#186,.T.);
#10994=ADVANCED_FACE('',(#10051),#10553,.F.);
#10995=ADVANCED_FACE('',(#10052),#10554,.F.);
#10996=ADVANCED_FACE('',(#10053),#187,.F.);
#10997=ADVANCED_FACE('',(#10054),#10555,.F.);
#10998=ADVANCED_FACE('',(#10055),#188,.T.);
#10999=ADVANCED_FACE('',(#10056),#10556,.F.);
#11000=ADVANCED_FACE('',(#10057),#189,.T.);
#11001=ADVANCED_FACE('',(#10058),#10557,.F.);
#11002=ADVANCED_FACE('',(#10059),#10558,.F.);
#11003=ADVANCED_FACE('',(#10060),#190,.F.);
#11004=ADVANCED_FACE('',(#10061),#10559,.F.);
#11005=ADVANCED_FACE('',(#10062),#191,.F.);
#11006=ADVANCED_FACE('',(#10063),#10560,.F.);
#11007=ADVANCED_FACE('',(#10064),#192,.T.);
#11008=ADVANCED_FACE('',(#10065),#10561,.F.);
#11009=ADVANCED_FACE('',(#10066),#10562,.F.);
#11010=ADVANCED_FACE('',(#10067),#193,.F.);
#11011=ADVANCED_FACE('',(#10068),#10563,.F.);
#11012=ADVANCED_FACE('',(#10069),#194,.T.);
#11013=ADVANCED_FACE('',(#10070),#10564,.F.);
#11014=ADVANCED_FACE('',(#10071),#195,.T.);
#11015=ADVANCED_FACE('',(#10072),#10565,.F.);
#11016=ADVANCED_FACE('',(#10073),#10566,.F.);
#11017=ADVANCED_FACE('',(#10074),#196,.F.);
#11018=ADVANCED_FACE('',(#10075),#10567,.F.);
#11019=ADVANCED_FACE('',(#10076),#197,.T.);
#11020=ADVANCED_FACE('',(#10077),#10568,.F.);
#11021=ADVANCED_FACE('',(#10078),#198,.T.);
#11022=ADVANCED_FACE('',(#10079),#10569,.F.);
#11023=ADVANCED_FACE('',(#10080),#10570,.F.);
#11024=ADVANCED_FACE('',(#10081),#199,.F.);
#11025=ADVANCED_FACE('',(#10082),#10571,.F.);
#11026=ADVANCED_FACE('',(#10083),#200,.T.);
#11027=ADVANCED_FACE('',(#10084),#10572,.F.);
#11028=ADVANCED_FACE('',(#10085),#201,.T.);
#11029=ADVANCED_FACE('',(#10086),#10573,.F.);
#11030=ADVANCED_FACE('',(#10087),#10574,.F.);
#11031=ADVANCED_FACE('',(#10088),#202,.T.);
#11032=ADVANCED_FACE('',(#10089),#10575,.F.);
#11033=ADVANCED_FACE('',(#10090),#203,.F.);
#11034=ADVANCED_FACE('',(#10091),#10576,.F.);
#11035=ADVANCED_FACE('',(#10092),#204,.F.);
#11036=ADVANCED_FACE('',(#10093),#10577,.F.);
#11037=ADVANCED_FACE('',(#10094),#10578,.F.);
#11038=ADVANCED_FACE('',(#10095),#205,.F.);
#11039=ADVANCED_FACE('',(#10096),#10579,.F.);
#11040=ADVANCED_FACE('',(#10097),#206,.T.);
#11041=ADVANCED_FACE('',(#10098),#10580,.F.);
#11042=ADVANCED_FACE('',(#10099),#207,.T.);
#11043=ADVANCED_FACE('',(#10100),#10581,.F.);
#11044=ADVANCED_FACE('',(#10101),#10582,.F.);
#11045=ADVANCED_FACE('',(#10102),#208,.F.);
#11046=ADVANCED_FACE('',(#10103),#10583,.F.);
#11047=ADVANCED_FACE('',(#10104),#209,.T.);
#11048=ADVANCED_FACE('',(#10105),#10584,.F.);
#11049=ADVANCED_FACE('',(#10106),#210,.T.);
#11050=ADVANCED_FACE('',(#10107),#10585,.F.);
#11051=ADVANCED_FACE('',(#10108),#10586,.F.);
#11052=ADVANCED_FACE('',(#10109),#211,.T.);
#11053=ADVANCED_FACE('',(#10110),#10587,.F.);
#11054=ADVANCED_FACE('',(#10111),#212,.F.);
#11055=ADVANCED_FACE('',(#10112),#10588,.F.);
#11056=ADVANCED_FACE('',(#10113),#213,.F.);
#11057=ADVANCED_FACE('',(#10114),#10589,.F.);
#11058=ADVANCED_FACE('',(#10115),#10590,.F.);
#11059=ADVANCED_FACE('',(#10116),#214,.F.);
#11060=ADVANCED_FACE('',(#10117),#10591,.F.);
#11061=ADVANCED_FACE('',(#10118),#215,.F.);
#11062=ADVANCED_FACE('',(#10119),#10592,.F.);
#11063=ADVANCED_FACE('',(#10120),#216,.T.);
#11064=ADVANCED_FACE('',(#10121),#10593,.F.);
#11065=ADVANCED_FACE('',(#10122),#10594,.F.);
#11066=ADVANCED_FACE('',(#10123),#217,.F.);
#11067=ADVANCED_FACE('',(#10124),#10595,.F.);
#11068=ADVANCED_FACE('',(#10125),#218,.T.);
#11069=ADVANCED_FACE('',(#10126),#10596,.F.);
#11070=ADVANCED_FACE('',(#10127),#219,.T.);
#11071=ADVANCED_FACE('',(#10128),#10597,.F.);
#11072=ADVANCED_FACE('',(#10129),#10598,.F.);
#11073=ADVANCED_FACE('',(#10130),#220,.F.);
#11074=ADVANCED_FACE('',(#10131),#10599,.F.);
#11075=ADVANCED_FACE('',(#10132),#221,.T.);
#11076=ADVANCED_FACE('',(#10133),#10600,.F.);
#11077=ADVANCED_FACE('',(#10134),#222,.T.);
#11078=ADVANCED_FACE('',(#10135),#10601,.F.);
#11079=ADVANCED_FACE('',(#10136),#223,.T.);
#11080=ADVANCED_FACE('',(#10137),#10602,.F.);
#11081=ADVANCED_FACE('',(#10138),#224,.F.);
#11082=ADVANCED_FACE('',(#10139),#10603,.F.);
#11083=ADVANCED_FACE('',(#10140),#225,.F.);
#11084=ADVANCED_FACE('',(#10141),#10604,.F.);
#11085=ADVANCED_FACE('',(#10142),#226,.T.);
#11086=ADVANCED_FACE('',(#10143),#227,.F.);
#11087=ADVANCED_FACE('',(#10144),#228,.F.);
#11088=ADVANCED_FACE('',(#10145),#229,.F.);
#11089=ADVANCED_FACE('',(#10146),#230,.T.);
#11090=ADVANCED_FACE('',(#10147),#231,.T.);
#11091=ADVANCED_FACE('',(#10148),#232,.F.);
#11092=ADVANCED_FACE('',(#10149),#233,.T.);
#11093=ADVANCED_FACE('',(#10150),#234,.F.);
#11094=ADVANCED_FACE('',(#10151),#235,.F.);
#11095=ADVANCED_FACE('',(#10152),#236,.F.);
#11096=ADVANCED_FACE('',(#10153),#237,.F.);
#11097=ADVANCED_FACE('',(#10154),#238,.T.);
#11098=ADVANCED_FACE('',(#10155),#239,.T.);
#11099=ADVANCED_FACE('',(#10156),#240,.F.);
#11100=ADVANCED_FACE('',(#10157),#241,.T.);
#11101=ADVANCED_FACE('',(#10158),#242,.T.);
#11102=ADVANCED_FACE('',(#10159),#243,.F.);
#11103=ADVANCED_FACE('',(#10160),#244,.T.);
#11104=ADVANCED_FACE('',(#10161),#245,.F.);
#11105=ADVANCED_FACE('',(#10162),#246,.T.);
#11106=ADVANCED_FACE('',(#10163),#247,.T.);
#11107=ADVANCED_FACE('',(#10164),#248,.F.);
#11108=ADVANCED_FACE('',(#10165),#249,.F.);
#11109=ADVANCED_FACE('',(#10166),#250,.T.);
#11110=ADVANCED_FACE('',(#10167),#251,.T.);
#11111=ADVANCED_FACE('',(#10168),#252,.T.);
#11112=ADVANCED_FACE('',(#10169),#253,.T.);
#11113=ADVANCED_FACE('',(#10170),#254,.T.);
#11114=ADVANCED_FACE('',(#10171),#255,.F.);
#11115=ADVANCED_FACE('',(#10172),#256,.T.);
#11116=ADVANCED_FACE('',(#10173),#257,.T.);
#11117=ADVANCED_FACE('',(#10174),#258,.F.);
#11118=ADVANCED_FACE('',(#10175),#259,.T.);
#11119=ADVANCED_FACE('',(#10176),#260,.F.);
#11120=ADVANCED_FACE('',(#10177),#10605,.F.);
#11121=ADVANCED_FACE('',(#10178),#261,.F.);
#11122=ADVANCED_FACE('',(#10179),#262,.F.);
#11123=ADVANCED_FACE('',(#10180),#263,.F.);
#11124=ADVANCED_FACE('',(#10181),#264,.T.);
#11125=ADVANCED_FACE('',(#10182),#265,.T.);
#11126=ADVANCED_FACE('',(#10183),#266,.T.);
#11127=ADVANCED_FACE('',(#10184),#267,.T.);
#11128=ADVANCED_FACE('',(#10185),#268,.T.);
#11129=ADVANCED_FACE('',(#10186),#269,.F.);
#11130=ADVANCED_FACE('',(#10187),#270,.F.);
#11131=ADVANCED_FACE('',(#10188),#10606,.F.);
#11132=ADVANCED_FACE('',(#10189),#271,.F.);
#11133=ADVANCED_FACE('',(#10190),#272,.F.);
#11134=ADVANCED_FACE('',(#10191),#273,.F.);
#11135=ADVANCED_FACE('',(#10192),#10607,.F.);
#11136=ADVANCED_FACE('',(#10193),#10608,.F.);
#11137=ADVANCED_FACE('',(#10194),#274,.F.);
#11138=ADVANCED_FACE('',(#10195),#275,.F.);
#11139=ADVANCED_FACE('',(#10196),#276,.F.);
#11140=ADVANCED_FACE('',(#10197),#277,.T.);
#11141=ADVANCED_FACE('',(#10198),#278,.F.);
#11142=ADVANCED_FACE('',(#10199),#279,.F.);
#11143=ADVANCED_FACE('',(#10200),#280,.F.);
#11144=ADVANCED_FACE('',(#10201),#281,.T.);
#11145=ADVANCED_FACE('',(#10202),#282,.F.);
#11146=ADVANCED_FACE('',(#10203),#283,.F.);
#11147=ADVANCED_FACE('',(#10204),#284,.T.);
#11148=ADVANCED_FACE('',(#10205),#285,.T.);
#11149=ADVANCED_FACE('',(#10206),#286,.F.);
#11150=ADVANCED_FACE('',(#10207),#287,.F.);
#11151=ADVANCED_FACE('',(#10208),#10609,.F.);
#11152=ADVANCED_FACE('',(#10209),#288,.F.);
#11153=ADVANCED_FACE('',(#10210,#10211,#10212,#10213,#10214,#10215,#10216,
#10217,#10218,#10219,#10220,#10221,#10222,#10223,#10224,#10225,#10226,#10227,
#10228,#10229,#10230,#10231,#10232,#10233,#10234,#10235,#10236,#10237,#10238,
#10239,#10240,#10241,#10242,#10243,#10244,#10245,#10246,#10247,#10248,#10249,
#10250,#10251,#10252,#10253,#10254,#10255,#10256,#10257,#10258,#10259,#10260,
#10261,#10262,#10263,#10264,#10265,#10266,#10267,#10268,#10269,#10270,#10271,
#10272,#10273,#10274,#10275,#10276),#289,.T.);
#11154=ADVANCED_FACE('',(#10277,#10278,#10279,#10280,#10281,#10282,#10283,
#10284,#10285,#10286,#10287,#10288,#10289,#10290,#10291,#10292,#10293,#10294,
#10295,#10296,#10297,#10298,#10299,#10300,#10301,#10302,#10303,#10304,#10305,
#10306,#10307,#10308,#10309,#10310,#10311,#10312,#10313,#10314,#10315,#10316,
#10317,#10318,#10319,#10320,#10321,#10322,#10323,#10324,#10325,#10326,#10327,
#10328,#10329,#10330,#10331,#10332,#10333,#10334,#10335,#10336,#10337,#10338,
#10339,#10340,#10341,#10342,#10343),#290,.F.);
#11155=CLOSED_SHELL('',(#10610,#10611,#10612,#10613,#10614,#10615,#10616,
#10617,#10618,#10619,#10620,#10621,#10622,#10623,#10624,#10625,#10626,#10627,
#10628,#10629,#10630,#10631,#10632,#10633,#10634,#10635,#10636,#10637,#10638,
#10639,#10640,#10641,#10642,#10643,#10644,#10645,#10646,#10647,#10648,#10649,
#10650,#10651,#10652,#10653,#10654,#10655,#10656,#10657,#10658,#10659,#10660,
#10661,#10662,#10663,#10664,#10665,#10666,#10667,#10668,#10669,#10670,#10671,
#10672,#10673,#10674,#10675,#10676,#10677,#10678,#10679,#10680,#10681,#10682,
#10683,#10684,#10685,#10686,#10687,#10688,#10689,#10690,#10691,#10692,#10693,
#10694,#10695,#10696,#10697,#10698,#10699,#10700,#10701,#10702,#10703,#10704,
#10705,#10706,#10707,#10708,#10709,#10710,#10711,#10712,#10713,#10714,#10715,
#10716,#10717,#10718,#10719,#10720,#10721,#10722,#10723,#10724,#10725,#10726,
#10727,#10728,#10729,#10730,#10731,#10732,#10733,#10734,#10735,#10736,#10737,
#10738,#10739,#10740,#10741,#10742,#10743,#10744,#10745,#10746,#10747,#10748,
#10749,#10750,#10751,#10752,#10753,#10754,#10755,#10756,#10757,#10758,#10759,
#10760,#10761,#10762,#10763,#10764,#10765,#10766,#10767,#10768,#10769,#10770,
#10771,#10772,#10773,#10774,#10775,#10776,#10777,#10778,#10779,#10780,#10781,
#10782,#10783,#10784,#10785,#10786,#10787,#10788,#10789,#10790,#10791,#10792,
#10793,#10794,#10795,#10796,#10797,#10798,#10799,#10800,#10801,#10802,#10803,
#10804,#10805,#10806,#10807,#10808,#10809,#10810,#10811,#10812,#10813,#10814,
#10815,#10816,#10817,#10818,#10819,#10820,#10821,#10822,#10823,#10824,#10825,
#10826,#10827,#10828,#10829,#10830,#10831,#10832,#10833,#10834,#10835,#10836,
#10837,#10838,#10839,#10840,#10841,#10842,#10843,#10844,#10845,#10846,#10847,
#10848,#10849,#10850,#10851,#10852,#10853,#10854,#10855,#10856,#10857,#10858,
#10859,#10860,#10861,#10862,#10863,#10864,#10865,#10866,#10867,#10868,#10869,
#10870,#10871,#10872,#10873,#10874,#10875,#10876,#10877,#10878,#10879,#10880,
#10881,#10882,#10883,#10884,#10885,#10886,#10887,#10888,#10889,#10890,#10891,
#10892,#10893,#10894,#10895,#10896,#10897,#10898,#10899,#10900,#10901,#10902,
#10903,#10904,#10905,#10906,#10907,#10908,#10909,#10910,#10911,#10912,#10913,
#10914,#10915,#10916,#10917,#10918,#10919,#10920,#10921,#10922,#10923,#10924,
#10925,#10926,#10927,#10928,#10929,#10930,#10931,#10932,#10933,#10934,#10935,
#10936,#10937,#10938,#10939,#10940,#10941,#10942,#10943,#10944,#10945,#10946,
#10947,#10948,#10949,#10950,#10951,#10952,#10953,#10954,#10955,#10956,#10957,
#10958,#10959,#10960,#10961,#10962,#10963,#10964,#10965,#10966,#10967,#10968,
#10969,#10970,#10971,#10972,#10973,#10974,#10975,#10976,#10977,#10978,#10979,
#10980,#10981,#10982,#10983,#10984,#10985,#10986,#10987,#10988,#10989,#10990,
#10991,#10992,#10993,#10994,#10995,#10996,#10997,#10998,#10999,#11000,#11001,
#11002,#11003,#11004,#11005,#11006,#11007,#11008,#11009,#11010,#11011,#11012,
#11013,#11014,#11015,#11016,#11017,#11018,#11019,#11020,#11021,#11022,#11023,
#11024,#11025,#11026,#11027,#11028,#11029,#11030,#11031,#11032,#11033,#11034,
#11035,#11036,#11037,#11038,#11039,#11040,#11041,#11042,#11043,#11044,#11045,
#11046,#11047,#11048,#11049,#11050,#11051,#11052,#11053,#11054,#11055,#11056,
#11057,#11058,#11059,#11060,#11061,#11062,#11063,#11064,#11065,#11066,#11067,
#11068,#11069,#11070,#11071,#11072,#11073,#11074,#11075,#11076,#11077,#11078,
#11079,#11080,#11081,#11082,#11083,#11084,#11085,#11086,#11087,#11088,#11089,
#11090,#11091,#11092,#11093,#11094,#11095,#11096,#11097,#11098,#11099,#11100,
#11101,#11102,#11103,#11104,#11105,#11106,#11107,#11108,#11109,#11110,#11111,
#11112,#11113,#11114,#11115,#11116,#11117,#11118,#11119,#11120,#11121,#11122,
#11123,#11124,#11125,#11126,#11127,#11128,#11129,#11130,#11131,#11132,#11133,
#11134,#11135,#11136,#11137,#11138,#11139,#11140,#11141,#11142,#11143,#11144,
#11145,#11146,#11147,#11148,#11149,#11150,#11151,#11152,#11153,#11154));
#11156=STYLED_ITEM('',(#11157),#11164);
#11157=PRESENTATION_STYLE_ASSIGNMENT((#11158));
#11158=SURFACE_STYLE_USAGE(.BOTH.,#11159);
#11159=SURFACE_SIDE_STYLE('',(#11160));
#11160=SURFACE_STYLE_FILL_AREA(#11161);
#11161=FILL_AREA_STYLE('',(#11162));
#11162=FILL_AREA_STYLE_COLOUR('',#11163);
#11163=COLOUR_RGB('',0.647058823529412,0.647058823529412,0.647058823529412);
#11164=MANIFOLD_SOLID_BREP('Part 2',#11155);
#11165=SHAPE_DEFINITION_REPRESENTATION(#18765,#11166);
#11166=SHAPE_REPRESENTATION('Part 2',(#11167),#18760);
#11167=AXIS2_PLACEMENT_3D('',#15498,#12245,#12246);
#11168=AXIS2_PLACEMENT_3D('',#15499,#12247,#12248);
#11169=AXIS2_PLACEMENT_3D('',#15500,#12249,#12250);
#11170=AXIS2_PLACEMENT_3D('',#15505,#12252,#12253);
#11171=AXIS2_PLACEMENT_3D('',#15508,#12255,#12256);
#11172=AXIS2_PLACEMENT_3D('',#15514,#12260,#12261);
#11173=AXIS2_PLACEMENT_3D('',#15515,#12262,#12263);
#11174=AXIS2_PLACEMENT_3D('',#15519,#12265,#12266);
#11175=AXIS2_PLACEMENT_3D('',#15520,#12267,#12268);
#11176=AXIS2_PLACEMENT_3D('',#15526,#12272,#12273);
#11177=AXIS2_PLACEMENT_3D('',#15527,#12274,#12275);
#11178=AXIS2_PLACEMENT_3D('',#15531,#12277,#12278);
#11179=AXIS2_PLACEMENT_3D('',#15532,#12279,#12280);
#11180=AXIS2_PLACEMENT_3D('',#15538,#12284,#12285);
#11181=AXIS2_PLACEMENT_3D('',#15539,#12286,#12287);
#11182=AXIS2_PLACEMENT_3D('',#15543,#12289,#12290);
#11183=AXIS2_PLACEMENT_3D('',#15544,#12291,#12292);
#11184=AXIS2_PLACEMENT_3D('',#15545,#12293,#12294);
#11185=AXIS2_PLACEMENT_3D('',#15550,#12296,#12297);
#11186=AXIS2_PLACEMENT_3D('',#15553,#12299,#12300);
#11187=AXIS2_PLACEMENT_3D('',#15559,#12304,#12305);
#11188=AXIS2_PLACEMENT_3D('',#15560,#12306,#12307);
#11189=AXIS2_PLACEMENT_3D('',#15564,#12309,#12310);
#11190=AXIS2_PLACEMENT_3D('',#15565,#12311,#12312);
#11191=AXIS2_PLACEMENT_3D('',#15571,#12316,#12317);
#11192=AXIS2_PLACEMENT_3D('',#15572,#12318,#12319);
#11193=AXIS2_PLACEMENT_3D('',#15576,#12321,#12322);
#11194=AXIS2_PLACEMENT_3D('',#15577,#12323,#12324);
#11195=AXIS2_PLACEMENT_3D('',#15583,#12328,#12329);
#11196=AXIS2_PLACEMENT_3D('',#15584,#12330,#12331);
#11197=AXIS2_PLACEMENT_3D('',#15588,#12333,#12334);
#11198=AXIS2_PLACEMENT_3D('',#15589,#12335,#12336);
#11199=AXIS2_PLACEMENT_3D('',#15590,#12337,#12338);
#11200=AXIS2_PLACEMENT_3D('',#15595,#12340,#12341);
#11201=AXIS2_PLACEMENT_3D('',#15598,#12343,#12344);
#11202=AXIS2_PLACEMENT_3D('',#15604,#12348,#12349);
#11203=AXIS2_PLACEMENT_3D('',#15605,#12350,#12351);
#11204=AXIS2_PLACEMENT_3D('',#15609,#12353,#12354);
#11205=AXIS2_PLACEMENT_3D('',#15610,#12355,#12356);
#11206=AXIS2_PLACEMENT_3D('',#15616,#12360,#12361);
#11207=AXIS2_PLACEMENT_3D('',#15617,#12362,#12363);
#11208=AXIS2_PLACEMENT_3D('',#15621,#12365,#12366);
#11209=AXIS2_PLACEMENT_3D('',#15622,#12367,#12368);
#11210=AXIS2_PLACEMENT_3D('',#15628,#12372,#12373);
#11211=AXIS2_PLACEMENT_3D('',#15629,#12374,#12375);
#11212=AXIS2_PLACEMENT_3D('',#15633,#12377,#12378);
#11213=AXIS2_PLACEMENT_3D('',#15634,#12379,#12380);
#11214=AXIS2_PLACEMENT_3D('',#15635,#12381,#12382);
#11215=AXIS2_PLACEMENT_3D('',#15640,#12384,#12385);
#11216=AXIS2_PLACEMENT_3D('',#15643,#12387,#12388);
#11217=AXIS2_PLACEMENT_3D('',#15649,#12392,#12393);
#11218=AXIS2_PLACEMENT_3D('',#15650,#12394,#12395);
#11219=AXIS2_PLACEMENT_3D('',#15654,#12397,#12398);
#11220=AXIS2_PLACEMENT_3D('',#15655,#12399,#12400);
#11221=AXIS2_PLACEMENT_3D('',#15661,#12404,#12405);
#11222=AXIS2_PLACEMENT_3D('',#15662,#12406,#12407);
#11223=AXIS2_PLACEMENT_3D('',#15666,#12409,#12410);
#11224=AXIS2_PLACEMENT_3D('',#15667,#12411,#12412);
#11225=AXIS2_PLACEMENT_3D('',#15673,#12416,#12417);
#11226=AXIS2_PLACEMENT_3D('',#15674,#12418,#12419);
#11227=AXIS2_PLACEMENT_3D('',#15678,#12421,#12422);
#11228=AXIS2_PLACEMENT_3D('',#15679,#12423,#12424);
#11229=AXIS2_PLACEMENT_3D('',#15680,#12425,#12426);
#11230=AXIS2_PLACEMENT_3D('',#15685,#12428,#12429);
#11231=AXIS2_PLACEMENT_3D('',#15688,#12431,#12432);
#11232=AXIS2_PLACEMENT_3D('',#15694,#12436,#12437);
#11233=AXIS2_PLACEMENT_3D('',#15695,#12438,#12439);
#11234=AXIS2_PLACEMENT_3D('',#15699,#12441,#12442);
#11235=AXIS2_PLACEMENT_3D('',#15700,#12443,#12444);
#11236=AXIS2_PLACEMENT_3D('',#15706,#12448,#12449);
#11237=AXIS2_PLACEMENT_3D('',#15707,#12450,#12451);
#11238=AXIS2_PLACEMENT_3D('',#15711,#12453,#12454);
#11239=AXIS2_PLACEMENT_3D('',#15712,#12455,#12456);
#11240=AXIS2_PLACEMENT_3D('',#15718,#12460,#12461);
#11241=AXIS2_PLACEMENT_3D('',#15719,#12462,#12463);
#11242=AXIS2_PLACEMENT_3D('',#15723,#12465,#12466);
#11243=AXIS2_PLACEMENT_3D('',#15724,#12467,#12468);
#11244=AXIS2_PLACEMENT_3D('',#15725,#12469,#12470);
#11245=AXIS2_PLACEMENT_3D('',#15730,#12472,#12473);
#11246=AXIS2_PLACEMENT_3D('',#15733,#12475,#12476);
#11247=AXIS2_PLACEMENT_3D('',#15739,#12480,#12481);
#11248=AXIS2_PLACEMENT_3D('',#15740,#12482,#12483);
#11249=AXIS2_PLACEMENT_3D('',#15744,#12485,#12486);
#11250=AXIS2_PLACEMENT_3D('',#15745,#12487,#12488);
#11251=AXIS2_PLACEMENT_3D('',#15751,#12492,#12493);
#11252=AXIS2_PLACEMENT_3D('',#15752,#12494,#12495);
#11253=AXIS2_PLACEMENT_3D('',#15756,#12497,#12498);
#11254=AXIS2_PLACEMENT_3D('',#15757,#12499,#12500);
#11255=AXIS2_PLACEMENT_3D('',#15763,#12504,#12505);
#11256=AXIS2_PLACEMENT_3D('',#15764,#12506,#12507);
#11257=AXIS2_PLACEMENT_3D('',#15768,#12509,#12510);
#11258=AXIS2_PLACEMENT_3D('',#15769,#12511,#12512);
#11259=AXIS2_PLACEMENT_3D('',#15770,#12513,#12514);
#11260=AXIS2_PLACEMENT_3D('',#15775,#12516,#12517);
#11261=AXIS2_PLACEMENT_3D('',#15778,#12519,#12520);
#11262=AXIS2_PLACEMENT_3D('',#15784,#12524,#12525);
#11263=AXIS2_PLACEMENT_3D('',#15785,#12526,#12527);
#11264=AXIS2_PLACEMENT_3D('',#15789,#12529,#12530);
#11265=AXIS2_PLACEMENT_3D('',#15790,#12531,#12532);
#11266=AXIS2_PLACEMENT_3D('',#15796,#12536,#12537);
#11267=AXIS2_PLACEMENT_3D('',#15797,#12538,#12539);
#11268=AXIS2_PLACEMENT_3D('',#15801,#12541,#12542);
#11269=AXIS2_PLACEMENT_3D('',#15802,#12543,#12544);
#11270=AXIS2_PLACEMENT_3D('',#15808,#12548,#12549);
#11271=AXIS2_PLACEMENT_3D('',#15809,#12550,#12551);
#11272=AXIS2_PLACEMENT_3D('',#15813,#12553,#12554);
#11273=AXIS2_PLACEMENT_3D('',#15814,#12555,#12556);
#11274=AXIS2_PLACEMENT_3D('',#15815,#12557,#12558);
#11275=AXIS2_PLACEMENT_3D('',#15820,#12560,#12561);
#11276=AXIS2_PLACEMENT_3D('',#15823,#12563,#12564);
#11277=AXIS2_PLACEMENT_3D('',#15829,#12568,#12569);
#11278=AXIS2_PLACEMENT_3D('',#15830,#12570,#12571);
#11279=AXIS2_PLACEMENT_3D('',#15834,#12573,#12574);
#11280=AXIS2_PLACEMENT_3D('',#15835,#12575,#12576);
#11281=AXIS2_PLACEMENT_3D('',#15841,#12580,#12581);
#11282=AXIS2_PLACEMENT_3D('',#15842,#12582,#12583);
#11283=AXIS2_PLACEMENT_3D('',#15846,#12585,#12586);
#11284=AXIS2_PLACEMENT_3D('',#15847,#12587,#12588);
#11285=AXIS2_PLACEMENT_3D('',#15853,#12592,#12593);
#11286=AXIS2_PLACEMENT_3D('',#15854,#12594,#12595);
#11287=AXIS2_PLACEMENT_3D('',#15858,#12597,#12598);
#11288=AXIS2_PLACEMENT_3D('',#15859,#12599,#12600);
#11289=AXIS2_PLACEMENT_3D('',#15860,#12601,#12602);
#11290=AXIS2_PLACEMENT_3D('',#15865,#12604,#12605);
#11291=AXIS2_PLACEMENT_3D('',#15868,#12607,#12608);
#11292=AXIS2_PLACEMENT_3D('',#15874,#12612,#12613);
#11293=AXIS2_PLACEMENT_3D('',#15875,#12614,#12615);
#11294=AXIS2_PLACEMENT_3D('',#15879,#12617,#12618);
#11295=AXIS2_PLACEMENT_3D('',#15880,#12619,#12620);
#11296=AXIS2_PLACEMENT_3D('',#15886,#12624,#12625);
#11297=AXIS2_PLACEMENT_3D('',#15887,#12626,#12627);
#11298=AXIS2_PLACEMENT_3D('',#15891,#12629,#12630);
#11299=AXIS2_PLACEMENT_3D('',#15892,#12631,#12632);
#11300=AXIS2_PLACEMENT_3D('',#15898,#12636,#12637);
#11301=AXIS2_PLACEMENT_3D('',#15899,#12638,#12639);
#11302=AXIS2_PLACEMENT_3D('',#15903,#12641,#12642);
#11303=AXIS2_PLACEMENT_3D('',#15904,#12643,#12644);
#11304=AXIS2_PLACEMENT_3D('',#15905,#12645,#12646);
#11305=AXIS2_PLACEMENT_3D('',#15910,#12648,#12649);
#11306=AXIS2_PLACEMENT_3D('',#15913,#12651,#12652);
#11307=AXIS2_PLACEMENT_3D('',#15919,#12656,#12657);
#11308=AXIS2_PLACEMENT_3D('',#15920,#12658,#12659);
#11309=AXIS2_PLACEMENT_3D('',#15924,#12661,#12662);
#11310=AXIS2_PLACEMENT_3D('',#15925,#12663,#12664);
#11311=AXIS2_PLACEMENT_3D('',#15931,#12668,#12669);
#11312=AXIS2_PLACEMENT_3D('',#15932,#12670,#12671);
#11313=AXIS2_PLACEMENT_3D('',#15936,#12673,#12674);
#11314=AXIS2_PLACEMENT_3D('',#15937,#12675,#12676);
#11315=AXIS2_PLACEMENT_3D('',#15943,#12680,#12681);
#11316=AXIS2_PLACEMENT_3D('',#15944,#12682,#12683);
#11317=AXIS2_PLACEMENT_3D('',#15948,#12685,#12686);
#11318=AXIS2_PLACEMENT_3D('',#15949,#12687,#12688);
#11319=AXIS2_PLACEMENT_3D('',#15950,#12689,#12690);
#11320=AXIS2_PLACEMENT_3D('',#15955,#12692,#12693);
#11321=AXIS2_PLACEMENT_3D('',#15958,#12695,#12696);
#11322=AXIS2_PLACEMENT_3D('',#15964,#12700,#12701);
#11323=AXIS2_PLACEMENT_3D('',#15965,#12702,#12703);
#11324=AXIS2_PLACEMENT_3D('',#15969,#12705,#12706);
#11325=AXIS2_PLACEMENT_3D('',#15970,#12707,#12708);
#11326=AXIS2_PLACEMENT_3D('',#15976,#12712,#12713);
#11327=AXIS2_PLACEMENT_3D('',#15977,#12714,#12715);
#11328=AXIS2_PLACEMENT_3D('',#15981,#12717,#12718);
#11329=AXIS2_PLACEMENT_3D('',#15982,#12719,#12720);
#11330=AXIS2_PLACEMENT_3D('',#15988,#12724,#12725);
#11331=AXIS2_PLACEMENT_3D('',#15989,#12726,#12727);
#11332=AXIS2_PLACEMENT_3D('',#15993,#12729,#12730);
#11333=AXIS2_PLACEMENT_3D('',#15994,#12731,#12732);
#11334=AXIS2_PLACEMENT_3D('',#15995,#12733,#12734);
#11335=AXIS2_PLACEMENT_3D('',#16000,#12736,#12737);
#11336=AXIS2_PLACEMENT_3D('',#16003,#12739,#12740);
#11337=AXIS2_PLACEMENT_3D('',#16009,#12744,#12745);
#11338=AXIS2_PLACEMENT_3D('',#16010,#12746,#12747);
#11339=AXIS2_PLACEMENT_3D('',#16014,#12749,#12750);
#11340=AXIS2_PLACEMENT_3D('',#16015,#12751,#12752);
#11341=AXIS2_PLACEMENT_3D('',#16021,#12756,#12757);
#11342=AXIS2_PLACEMENT_3D('',#16022,#12758,#12759);
#11343=AXIS2_PLACEMENT_3D('',#16026,#12761,#12762);
#11344=AXIS2_PLACEMENT_3D('',#16027,#12763,#12764);
#11345=AXIS2_PLACEMENT_3D('',#16033,#12768,#12769);
#11346=AXIS2_PLACEMENT_3D('',#16034,#12770,#12771);
#11347=AXIS2_PLACEMENT_3D('',#16038,#12773,#12774);
#11348=AXIS2_PLACEMENT_3D('',#16039,#12775,#12776);
#11349=AXIS2_PLACEMENT_3D('',#16040,#12777,#12778);
#11350=AXIS2_PLACEMENT_3D('',#16045,#12780,#12781);
#11351=AXIS2_PLACEMENT_3D('',#16048,#12783,#12784);
#11352=AXIS2_PLACEMENT_3D('',#16054,#12788,#12789);
#11353=AXIS2_PLACEMENT_3D('',#16055,#12790,#12791);
#11354=AXIS2_PLACEMENT_3D('',#16059,#12793,#12794);
#11355=AXIS2_PLACEMENT_3D('',#16060,#12795,#12796);
#11356=AXIS2_PLACEMENT_3D('',#16066,#12800,#12801);
#11357=AXIS2_PLACEMENT_3D('',#16067,#12802,#12803);
#11358=AXIS2_PLACEMENT_3D('',#16071,#12805,#12806);
#11359=AXIS2_PLACEMENT_3D('',#16072,#12807,#12808);
#11360=AXIS2_PLACEMENT_3D('',#16078,#12812,#12813);
#11361=AXIS2_PLACEMENT_3D('',#16079,#12814,#12815);
#11362=AXIS2_PLACEMENT_3D('',#16083,#12817,#12818);
#11363=AXIS2_PLACEMENT_3D('',#16084,#12819,#12820);
#11364=AXIS2_PLACEMENT_3D('',#16085,#12821,#12822);
#11365=AXIS2_PLACEMENT_3D('',#16090,#12824,#12825);
#11366=AXIS2_PLACEMENT_3D('',#16093,#12827,#12828);
#11367=AXIS2_PLACEMENT_3D('',#16099,#12832,#12833);
#11368=AXIS2_PLACEMENT_3D('',#16100,#12834,#12835);
#11369=AXIS2_PLACEMENT_3D('',#16104,#12837,#12838);
#11370=AXIS2_PLACEMENT_3D('',#16105,#12839,#12840);
#11371=AXIS2_PLACEMENT_3D('',#16111,#12844,#12845);
#11372=AXIS2_PLACEMENT_3D('',#16112,#12846,#12847);
#11373=AXIS2_PLACEMENT_3D('',#16116,#12849,#12850);
#11374=AXIS2_PLACEMENT_3D('',#16117,#12851,#12852);
#11375=AXIS2_PLACEMENT_3D('',#16123,#12856,#12857);
#11376=AXIS2_PLACEMENT_3D('',#16124,#12858,#12859);
#11377=AXIS2_PLACEMENT_3D('',#16128,#12861,#12862);
#11378=AXIS2_PLACEMENT_3D('',#16129,#12863,#12864);
#11379=AXIS2_PLACEMENT_3D('',#16130,#12865,#12866);
#11380=AXIS2_PLACEMENT_3D('',#16135,#12868,#12869);
#11381=AXIS2_PLACEMENT_3D('',#16138,#12871,#12872);
#11382=AXIS2_PLACEMENT_3D('',#16144,#12876,#12877);
#11383=AXIS2_PLACEMENT_3D('',#16145,#12878,#12879);
#11384=AXIS2_PLACEMENT_3D('',#16149,#12881,#12882);
#11385=AXIS2_PLACEMENT_3D('',#16150,#12883,#12884);
#11386=AXIS2_PLACEMENT_3D('',#16156,#12888,#12889);
#11387=AXIS2_PLACEMENT_3D('',#16157,#12890,#12891);
#11388=AXIS2_PLACEMENT_3D('',#16161,#12893,#12894);
#11389=AXIS2_PLACEMENT_3D('',#16162,#12895,#12896);
#11390=AXIS2_PLACEMENT_3D('',#16168,#12900,#12901);
#11391=AXIS2_PLACEMENT_3D('',#16169,#12902,#12903);
#11392=AXIS2_PLACEMENT_3D('',#16173,#12905,#12906);
#11393=AXIS2_PLACEMENT_3D('',#16174,#12907,#12908);
#11394=AXIS2_PLACEMENT_3D('',#16175,#12909,#12910);
#11395=AXIS2_PLACEMENT_3D('',#16180,#12912,#12913);
#11396=AXIS2_PLACEMENT_3D('',#16183,#12915,#12916);
#11397=AXIS2_PLACEMENT_3D('',#16189,#12920,#12921);
#11398=AXIS2_PLACEMENT_3D('',#16190,#12922,#12923);
#11399=AXIS2_PLACEMENT_3D('',#16194,#12925,#12926);
#11400=AXIS2_PLACEMENT_3D('',#16195,#12927,#12928);
#11401=AXIS2_PLACEMENT_3D('',#16201,#12932,#12933);
#11402=AXIS2_PLACEMENT_3D('',#16202,#12934,#12935);
#11403=AXIS2_PLACEMENT_3D('',#16206,#12937,#12938);
#11404=AXIS2_PLACEMENT_3D('',#16207,#12939,#12940);
#11405=AXIS2_PLACEMENT_3D('',#16213,#12944,#12945);
#11406=AXIS2_PLACEMENT_3D('',#16214,#12946,#12947);
#11407=AXIS2_PLACEMENT_3D('',#16218,#12949,#12950);
#11408=AXIS2_PLACEMENT_3D('',#16219,#12951,#12952);
#11409=AXIS2_PLACEMENT_3D('',#16220,#12953,#12954);
#11410=AXIS2_PLACEMENT_3D('',#16225,#12956,#12957);
#11411=AXIS2_PLACEMENT_3D('',#16228,#12959,#12960);
#11412=AXIS2_PLACEMENT_3D('',#16234,#12964,#12965);
#11413=AXIS2_PLACEMENT_3D('',#16235,#12966,#12967);
#11414=AXIS2_PLACEMENT_3D('',#16239,#12969,#12970);
#11415=AXIS2_PLACEMENT_3D('',#16240,#12971,#12972);
#11416=AXIS2_PLACEMENT_3D('',#16246,#12976,#12977);
#11417=AXIS2_PLACEMENT_3D('',#16247,#12978,#12979);
#11418=AXIS2_PLACEMENT_3D('',#16251,#12981,#12982);
#11419=AXIS2_PLACEMENT_3D('',#16252,#12983,#12984);
#11420=AXIS2_PLACEMENT_3D('',#16258,#12988,#12989);
#11421=AXIS2_PLACEMENT_3D('',#16259,#12990,#12991);
#11422=AXIS2_PLACEMENT_3D('',#16263,#12993,#12994);
#11423=AXIS2_PLACEMENT_3D('',#16264,#12995,#12996);
#11424=AXIS2_PLACEMENT_3D('',#16265,#12997,#12998);
#11425=AXIS2_PLACEMENT_3D('',#16270,#13000,#13001);
#11426=AXIS2_PLACEMENT_3D('',#16273,#13003,#13004);
#11427=AXIS2_PLACEMENT_3D('',#16279,#13008,#13009);
#11428=AXIS2_PLACEMENT_3D('',#16280,#13010,#13011);
#11429=AXIS2_PLACEMENT_3D('',#16284,#13013,#13014);
#11430=AXIS2_PLACEMENT_3D('',#16285,#13015,#13016);
#11431=AXIS2_PLACEMENT_3D('',#16291,#13020,#13021);
#11432=AXIS2_PLACEMENT_3D('',#16292,#13022,#13023);
#11433=AXIS2_PLACEMENT_3D('',#16296,#13025,#13026);
#11434=AXIS2_PLACEMENT_3D('',#16297,#13027,#13028);
#11435=AXIS2_PLACEMENT_3D('',#16303,#13032,#13033);
#11436=AXIS2_PLACEMENT_3D('',#16304,#13034,#13035);
#11437=AXIS2_PLACEMENT_3D('',#16308,#13037,#13038);
#11438=AXIS2_PLACEMENT_3D('',#16309,#13039,#13040);
#11439=AXIS2_PLACEMENT_3D('',#16310,#13041,#13042);
#11440=AXIS2_PLACEMENT_3D('',#16315,#13044,#13045);
#11441=AXIS2_PLACEMENT_3D('',#16318,#13047,#13048);
#11442=AXIS2_PLACEMENT_3D('',#16324,#13052,#13053);
#11443=AXIS2_PLACEMENT_3D('',#16325,#13054,#13055);
#11444=AXIS2_PLACEMENT_3D('',#16329,#13057,#13058);
#11445=AXIS2_PLACEMENT_3D('',#16330,#13059,#13060);
#11446=AXIS2_PLACEMENT_3D('',#16336,#13064,#13065);
#11447=AXIS2_PLACEMENT_3D('',#16337,#13066,#13067);
#11448=AXIS2_PLACEMENT_3D('',#16341,#13069,#13070);
#11449=AXIS2_PLACEMENT_3D('',#16342,#13071,#13072);
#11450=AXIS2_PLACEMENT_3D('',#16348,#13076,#13077);
#11451=AXIS2_PLACEMENT_3D('',#16349,#13078,#13079);
#11452=AXIS2_PLACEMENT_3D('',#16353,#13081,#13082);
#11453=AXIS2_PLACEMENT_3D('',#16354,#13083,#13084);
#11454=AXIS2_PLACEMENT_3D('',#16355,#13085,#13086);
#11455=AXIS2_PLACEMENT_3D('',#16360,#13088,#13089);
#11456=AXIS2_PLACEMENT_3D('',#16363,#13091,#13092);
#11457=AXIS2_PLACEMENT_3D('',#16369,#13096,#13097);
#11458=AXIS2_PLACEMENT_3D('',#16370,#13098,#13099);
#11459=AXIS2_PLACEMENT_3D('',#16374,#13101,#13102);
#11460=AXIS2_PLACEMENT_3D('',#16375,#13103,#13104);
#11461=AXIS2_PLACEMENT_3D('',#16381,#13108,#13109);
#11462=AXIS2_PLACEMENT_3D('',#16382,#13110,#13111);
#11463=AXIS2_PLACEMENT_3D('',#16386,#13113,#13114);
#11464=AXIS2_PLACEMENT_3D('',#16387,#13115,#13116);
#11465=AXIS2_PLACEMENT_3D('',#16393,#13120,#13121);
#11466=AXIS2_PLACEMENT_3D('',#16394,#13122,#13123);
#11467=AXIS2_PLACEMENT_3D('',#16398,#13125,#13126);
#11468=AXIS2_PLACEMENT_3D('',#16399,#13127,#13128);
#11469=AXIS2_PLACEMENT_3D('',#16408,#13133,#13134);
#11470=AXIS2_PLACEMENT_3D('',#16414,#13138,#13139);
#11471=AXIS2_PLACEMENT_3D('',#16415,#13140,#13141);
#11472=AXIS2_PLACEMENT_3D('',#16419,#13143,#13144);
#11473=AXIS2_PLACEMENT_3D('',#16420,#13145,#13146);
#11474=AXIS2_PLACEMENT_3D('',#16426,#13150,#13151);
#11475=AXIS2_PLACEMENT_3D('',#16427,#13152,#13153);
#11476=AXIS2_PLACEMENT_3D('',#16431,#13155,#13156);
#11477=AXIS2_PLACEMENT_3D('',#16432,#13157,#13158);
#11478=AXIS2_PLACEMENT_3D('',#16438,#13162,#13163);
#11479=AXIS2_PLACEMENT_3D('',#16444,#13167,#13168);
#11480=AXIS2_PLACEMENT_3D('',#16450,#13172,#13173);
#11481=AXIS2_PLACEMENT_3D('',#16456,#13177,#13178);
#11482=AXIS2_PLACEMENT_3D('',#16462,#13182,#13183);
#11483=AXIS2_PLACEMENT_3D('',#16468,#13187,#13188);
#11484=AXIS2_PLACEMENT_3D('',#16474,#13192,#13193);
#11485=AXIS2_PLACEMENT_3D('',#16480,#13197,#13198);
#11486=AXIS2_PLACEMENT_3D('',#16486,#13202,#13203);
#11487=AXIS2_PLACEMENT_3D('',#16487,#13204,#13205);
#11488=AXIS2_PLACEMENT_3D('',#16492,#13207,#13208);
#11489=AXIS2_PLACEMENT_3D('',#16495,#13210,#13211);
#11490=AXIS2_PLACEMENT_3D('',#16501,#13215,#13216);
#11491=AXIS2_PLACEMENT_3D('',#16502,#13217,#13218);
#11492=AXIS2_PLACEMENT_3D('',#16506,#13220,#13221);
#11493=AXIS2_PLACEMENT_3D('',#16507,#13222,#13223);
#11494=AXIS2_PLACEMENT_3D('',#16513,#13227,#13228);
#11495=AXIS2_PLACEMENT_3D('',#16514,#13229,#13230);
#11496=AXIS2_PLACEMENT_3D('',#16518,#13232,#13233);
#11497=AXIS2_PLACEMENT_3D('',#16519,#13234,#13235);
#11498=AXIS2_PLACEMENT_3D('',#16525,#13239,#13240);
#11499=AXIS2_PLACEMENT_3D('',#16526,#13241,#13242);
#11500=AXIS2_PLACEMENT_3D('',#16530,#13244,#13245);
#11501=AXIS2_PLACEMENT_3D('',#16531,#13246,#13247);
#11502=AXIS2_PLACEMENT_3D('',#16532,#13248,#13249);
#11503=AXIS2_PLACEMENT_3D('',#16537,#13251,#13252);
#11504=AXIS2_PLACEMENT_3D('',#16540,#13254,#13255);
#11505=AXIS2_PLACEMENT_3D('',#16546,#13259,#13260);
#11506=AXIS2_PLACEMENT_3D('',#16547,#13261,#13262);
#11507=AXIS2_PLACEMENT_3D('',#16551,#13264,#13265);
#11508=AXIS2_PLACEMENT_3D('',#16552,#13266,#13267);
#11509=AXIS2_PLACEMENT_3D('',#16558,#13271,#13272);
#11510=AXIS2_PLACEMENT_3D('',#16559,#13273,#13274);
#11511=AXIS2_PLACEMENT_3D('',#16563,#13276,#13277);
#11512=AXIS2_PLACEMENT_3D('',#16564,#13278,#13279);
#11513=AXIS2_PLACEMENT_3D('',#16570,#13283,#13284);
#11514=AXIS2_PLACEMENT_3D('',#16571,#13285,#13286);
#11515=AXIS2_PLACEMENT_3D('',#16575,#13288,#13289);
#11516=AXIS2_PLACEMENT_3D('',#16576,#13290,#13291);
#11517=AXIS2_PLACEMENT_3D('',#16577,#13292,#13293);
#11518=AXIS2_PLACEMENT_3D('',#16582,#13295,#13296);
#11519=AXIS2_PLACEMENT_3D('',#16585,#13298,#13299);
#11520=AXIS2_PLACEMENT_3D('',#16591,#13303,#13304);
#11521=AXIS2_PLACEMENT_3D('',#16592,#13305,#13306);
#11522=AXIS2_PLACEMENT_3D('',#16596,#13308,#13309);
#11523=AXIS2_PLACEMENT_3D('',#16597,#13310,#13311);
#11524=AXIS2_PLACEMENT_3D('',#16603,#13315,#13316);
#11525=AXIS2_PLACEMENT_3D('',#16604,#13317,#13318);
#11526=AXIS2_PLACEMENT_3D('',#16608,#13320,#13321);
#11527=AXIS2_PLACEMENT_3D('',#16609,#13322,#13323);
#11528=AXIS2_PLACEMENT_3D('',#16615,#13327,#13328);
#11529=AXIS2_PLACEMENT_3D('',#16616,#13329,#13330);
#11530=AXIS2_PLACEMENT_3D('',#16620,#13332,#13333);
#11531=AXIS2_PLACEMENT_3D('',#16621,#13334,#13335);
#11532=AXIS2_PLACEMENT_3D('',#16622,#13336,#13337);
#11533=AXIS2_PLACEMENT_3D('',#16627,#13339,#13340);
#11534=AXIS2_PLACEMENT_3D('',#16630,#13342,#13343);
#11535=AXIS2_PLACEMENT_3D('',#16636,#13347,#13348);
#11536=AXIS2_PLACEMENT_3D('',#16637,#13349,#13350);
#11537=AXIS2_PLACEMENT_3D('',#16641,#13352,#13353);
#11538=AXIS2_PLACEMENT_3D('',#16642,#13354,#13355);
#11539=AXIS2_PLACEMENT_3D('',#16648,#13359,#13360);
#11540=AXIS2_PLACEMENT_3D('',#16649,#13361,#13362);
#11541=AXIS2_PLACEMENT_3D('',#16653,#13364,#13365);
#11542=AXIS2_PLACEMENT_3D('',#16654,#13366,#13367);
#11543=AXIS2_PLACEMENT_3D('',#16660,#13371,#13372);
#11544=AXIS2_PLACEMENT_3D('',#16661,#13373,#13374);
#11545=AXIS2_PLACEMENT_3D('',#16665,#13376,#13377);
#11546=AXIS2_PLACEMENT_3D('',#16666,#13378,#13379);
#11547=AXIS2_PLACEMENT_3D('',#16667,#13380,#13381);
#11548=AXIS2_PLACEMENT_3D('',#16672,#13383,#13384);
#11549=AXIS2_PLACEMENT_3D('',#16675,#13386,#13387);
#11550=AXIS2_PLACEMENT_3D('',#16681,#13391,#13392);
#11551=AXIS2_PLACEMENT_3D('',#16682,#13393,#13394);
#11552=AXIS2_PLACEMENT_3D('',#16686,#13396,#13397);
#11553=AXIS2_PLACEMENT_3D('',#16687,#13398,#13399);
#11554=AXIS2_PLACEMENT_3D('',#16693,#13403,#13404);
#11555=AXIS2_PLACEMENT_3D('',#16694,#13405,#13406);
#11556=AXIS2_PLACEMENT_3D('',#16698,#13408,#13409);
#11557=AXIS2_PLACEMENT_3D('',#16699,#13410,#13411);
#11558=AXIS2_PLACEMENT_3D('',#16705,#13415,#13416);
#11559=AXIS2_PLACEMENT_3D('',#16706,#13417,#13418);
#11560=AXIS2_PLACEMENT_3D('',#16710,#13420,#13421);
#11561=AXIS2_PLACEMENT_3D('',#16711,#13422,#13423);
#11562=AXIS2_PLACEMENT_3D('',#16712,#13424,#13425);
#11563=AXIS2_PLACEMENT_3D('',#16717,#13427,#13428);
#11564=AXIS2_PLACEMENT_3D('',#16720,#13430,#13431);
#11565=AXIS2_PLACEMENT_3D('',#16726,#13435,#13436);
#11566=AXIS2_PLACEMENT_3D('',#16727,#13437,#13438);
#11567=AXIS2_PLACEMENT_3D('',#16731,#13440,#13441);
#11568=AXIS2_PLACEMENT_3D('',#16732,#13442,#13443);
#11569=AXIS2_PLACEMENT_3D('',#16738,#13447,#13448);
#11570=AXIS2_PLACEMENT_3D('',#16739,#13449,#13450);
#11571=AXIS2_PLACEMENT_3D('',#16743,#13452,#13453);
#11572=AXIS2_PLACEMENT_3D('',#16744,#13454,#13455);
#11573=AXIS2_PLACEMENT_3D('',#16750,#13459,#13460);
#11574=AXIS2_PLACEMENT_3D('',#16751,#13461,#13462);
#11575=AXIS2_PLACEMENT_3D('',#16755,#13464,#13465);
#11576=AXIS2_PLACEMENT_3D('',#16756,#13466,#13467);
#11577=AXIS2_PLACEMENT_3D('',#16757,#13468,#13469);
#11578=AXIS2_PLACEMENT_3D('',#16762,#13471,#13472);
#11579=AXIS2_PLACEMENT_3D('',#16765,#13474,#13475);
#11580=AXIS2_PLACEMENT_3D('',#16771,#13479,#13480);
#11581=AXIS2_PLACEMENT_3D('',#16772,#13481,#13482);
#11582=AXIS2_PLACEMENT_3D('',#16776,#13484,#13485);
#11583=AXIS2_PLACEMENT_3D('',#16777,#13486,#13487);
#11584=AXIS2_PLACEMENT_3D('',#16783,#13491,#13492);
#11585=AXIS2_PLACEMENT_3D('',#16784,#13493,#13494);
#11586=AXIS2_PLACEMENT_3D('',#16788,#13496,#13497);
#11587=AXIS2_PLACEMENT_3D('',#16789,#13498,#13499);
#11588=AXIS2_PLACEMENT_3D('',#16795,#13503,#13504);
#11589=AXIS2_PLACEMENT_3D('',#16796,#13505,#13506);
#11590=AXIS2_PLACEMENT_3D('',#16800,#13508,#13509);
#11591=AXIS2_PLACEMENT_3D('',#16801,#13510,#13511);
#11592=AXIS2_PLACEMENT_3D('',#16802,#13512,#13513);
#11593=AXIS2_PLACEMENT_3D('',#16807,#13515,#13516);
#11594=AXIS2_PLACEMENT_3D('',#16810,#13518,#13519);
#11595=AXIS2_PLACEMENT_3D('',#16816,#13523,#13524);
#11596=AXIS2_PLACEMENT_3D('',#16817,#13525,#13526);
#11597=AXIS2_PLACEMENT_3D('',#16821,#13528,#13529);
#11598=AXIS2_PLACEMENT_3D('',#16822,#13530,#13531);
#11599=AXIS2_PLACEMENT_3D('',#16828,#13535,#13536);
#11600=AXIS2_PLACEMENT_3D('',#16829,#13537,#13538);
#11601=AXIS2_PLACEMENT_3D('',#16833,#13540,#13541);
#11602=AXIS2_PLACEMENT_3D('',#16834,#13542,#13543);
#11603=AXIS2_PLACEMENT_3D('',#16840,#13547,#13548);
#11604=AXIS2_PLACEMENT_3D('',#16841,#13549,#13550);
#11605=AXIS2_PLACEMENT_3D('',#16845,#13552,#13553);
#11606=AXIS2_PLACEMENT_3D('',#16846,#13554,#13555);
#11607=AXIS2_PLACEMENT_3D('',#16847,#13556,#13557);
#11608=AXIS2_PLACEMENT_3D('',#16852,#13559,#13560);
#11609=AXIS2_PLACEMENT_3D('',#16855,#13562,#13563);
#11610=AXIS2_PLACEMENT_3D('',#16861,#13567,#13568);
#11611=AXIS2_PLACEMENT_3D('',#16862,#13569,#13570);
#11612=AXIS2_PLACEMENT_3D('',#16866,#13572,#13573);
#11613=AXIS2_PLACEMENT_3D('',#16867,#13574,#13575);
#11614=AXIS2_PLACEMENT_3D('',#16873,#13579,#13580);
#11615=AXIS2_PLACEMENT_3D('',#16874,#13581,#13582);
#11616=AXIS2_PLACEMENT_3D('',#16878,#13584,#13585);
#11617=AXIS2_PLACEMENT_3D('',#16879,#13586,#13587);
#11618=AXIS2_PLACEMENT_3D('',#16885,#13591,#13592);
#11619=AXIS2_PLACEMENT_3D('',#16886,#13593,#13594);
#11620=AXIS2_PLACEMENT_3D('',#16890,#13596,#13597);
#11621=AXIS2_PLACEMENT_3D('',#16891,#13598,#13599);
#11622=AXIS2_PLACEMENT_3D('',#16892,#13600,#13601);
#11623=AXIS2_PLACEMENT_3D('',#16897,#13603,#13604);
#11624=AXIS2_PLACEMENT_3D('',#16900,#13606,#13607);
#11625=AXIS2_PLACEMENT_3D('',#16906,#13611,#13612);
#11626=AXIS2_PLACEMENT_3D('',#16907,#13613,#13614);
#11627=AXIS2_PLACEMENT_3D('',#16911,#13616,#13617);
#11628=AXIS2_PLACEMENT_3D('',#16912,#13618,#13619);
#11629=AXIS2_PLACEMENT_3D('',#16918,#13623,#13624);
#11630=AXIS2_PLACEMENT_3D('',#16919,#13625,#13626);
#11631=AXIS2_PLACEMENT_3D('',#16923,#13628,#13629);
#11632=AXIS2_PLACEMENT_3D('',#16924,#13630,#13631);
#11633=AXIS2_PLACEMENT_3D('',#16930,#13635,#13636);
#11634=AXIS2_PLACEMENT_3D('',#16931,#13637,#13638);
#11635=AXIS2_PLACEMENT_3D('',#16935,#13640,#13641);
#11636=AXIS2_PLACEMENT_3D('',#16936,#13642,#13643);
#11637=AXIS2_PLACEMENT_3D('',#16937,#13644,#13645);
#11638=AXIS2_PLACEMENT_3D('',#16942,#13647,#13648);
#11639=AXIS2_PLACEMENT_3D('',#16945,#13650,#13651);
#11640=AXIS2_PLACEMENT_3D('',#16951,#13655,#13656);
#11641=AXIS2_PLACEMENT_3D('',#16952,#13657,#13658);
#11642=AXIS2_PLACEMENT_3D('',#16956,#13660,#13661);
#11643=AXIS2_PLACEMENT_3D('',#16957,#13662,#13663);
#11644=AXIS2_PLACEMENT_3D('',#16963,#13667,#13668);
#11645=AXIS2_PLACEMENT_3D('',#16964,#13669,#13670);
#11646=AXIS2_PLACEMENT_3D('',#16968,#13672,#13673);
#11647=AXIS2_PLACEMENT_3D('',#16969,#13674,#13675);
#11648=AXIS2_PLACEMENT_3D('',#16975,#13679,#13680);
#11649=AXIS2_PLACEMENT_3D('',#16976,#13681,#13682);
#11650=AXIS2_PLACEMENT_3D('',#16980,#13684,#13685);
#11651=AXIS2_PLACEMENT_3D('',#16981,#13686,#13687);
#11652=AXIS2_PLACEMENT_3D('',#16982,#13688,#13689);
#11653=AXIS2_PLACEMENT_3D('',#16987,#13691,#13692);
#11654=AXIS2_PLACEMENT_3D('',#16990,#13694,#13695);
#11655=AXIS2_PLACEMENT_3D('',#16996,#13699,#13700);
#11656=AXIS2_PLACEMENT_3D('',#16997,#13701,#13702);
#11657=AXIS2_PLACEMENT_3D('',#17001,#13704,#13705);
#11658=AXIS2_PLACEMENT_3D('',#17002,#13706,#13707);
#11659=AXIS2_PLACEMENT_3D('',#17008,#13711,#13712);
#11660=AXIS2_PLACEMENT_3D('',#17009,#13713,#13714);
#11661=AXIS2_PLACEMENT_3D('',#17013,#13716,#13717);
#11662=AXIS2_PLACEMENT_3D('',#17014,#13718,#13719);
#11663=AXIS2_PLACEMENT_3D('',#17020,#13723,#13724);
#11664=AXIS2_PLACEMENT_3D('',#17021,#13725,#13726);
#11665=AXIS2_PLACEMENT_3D('',#17025,#13728,#13729);
#11666=AXIS2_PLACEMENT_3D('',#17026,#13730,#13731);
#11667=AXIS2_PLACEMENT_3D('',#17027,#13732,#13733);
#11668=AXIS2_PLACEMENT_3D('',#17032,#13735,#13736);
#11669=AXIS2_PLACEMENT_3D('',#17035,#13738,#13739);
#11670=AXIS2_PLACEMENT_3D('',#17041,#13743,#13744);
#11671=AXIS2_PLACEMENT_3D('',#17042,#13745,#13746);
#11672=AXIS2_PLACEMENT_3D('',#17046,#13748,#13749);
#11673=AXIS2_PLACEMENT_3D('',#17047,#13750,#13751);
#11674=AXIS2_PLACEMENT_3D('',#17053,#13755,#13756);
#11675=AXIS2_PLACEMENT_3D('',#17054,#13757,#13758);
#11676=AXIS2_PLACEMENT_3D('',#17058,#13760,#13761);
#11677=AXIS2_PLACEMENT_3D('',#17059,#13762,#13763);
#11678=AXIS2_PLACEMENT_3D('',#17065,#13767,#13768);
#11679=AXIS2_PLACEMENT_3D('',#17066,#13769,#13770);
#11680=AXIS2_PLACEMENT_3D('',#17070,#13772,#13773);
#11681=AXIS2_PLACEMENT_3D('',#17071,#13774,#13775);
#11682=AXIS2_PLACEMENT_3D('',#17072,#13776,#13777);
#11683=AXIS2_PLACEMENT_3D('',#17077,#13779,#13780);
#11684=AXIS2_PLACEMENT_3D('',#17080,#13782,#13783);
#11685=AXIS2_PLACEMENT_3D('',#17086,#13787,#13788);
#11686=AXIS2_PLACEMENT_3D('',#17087,#13789,#13790);
#11687=AXIS2_PLACEMENT_3D('',#17091,#13792,#13793);
#11688=AXIS2_PLACEMENT_3D('',#17092,#13794,#13795);
#11689=AXIS2_PLACEMENT_3D('',#17098,#13799,#13800);
#11690=AXIS2_PLACEMENT_3D('',#17099,#13801,#13802);
#11691=AXIS2_PLACEMENT_3D('',#17103,#13804,#13805);
#11692=AXIS2_PLACEMENT_3D('',#17104,#13806,#13807);
#11693=AXIS2_PLACEMENT_3D('',#17110,#13811,#13812);
#11694=AXIS2_PLACEMENT_3D('',#17111,#13813,#13814);
#11695=AXIS2_PLACEMENT_3D('',#17115,#13816,#13817);
#11696=AXIS2_PLACEMENT_3D('',#17116,#13818,#13819);
#11697=AXIS2_PLACEMENT_3D('',#17125,#13824,#13825);
#11698=AXIS2_PLACEMENT_3D('',#17126,#13826,#13827);
#11699=AXIS2_PLACEMENT_3D('',#17130,#13829,#13830);
#11700=AXIS2_PLACEMENT_3D('',#17131,#13831,#13832);
#11701=AXIS2_PLACEMENT_3D('',#17137,#13836,#13837);
#11702=AXIS2_PLACEMENT_3D('',#17138,#13838,#13839);
#11703=AXIS2_PLACEMENT_3D('',#17142,#13841,#13842);
#11704=AXIS2_PLACEMENT_3D('',#17143,#13843,#13844);
#11705=AXIS2_PLACEMENT_3D('',#17149,#13848,#13849);
#11706=AXIS2_PLACEMENT_3D('',#17150,#13850,#13851);
#11707=AXIS2_PLACEMENT_3D('',#17154,#13853,#13854);
#11708=AXIS2_PLACEMENT_3D('',#17155,#13855,#13856);
#11709=AXIS2_PLACEMENT_3D('',#17161,#13860,#13861);
#11710=AXIS2_PLACEMENT_3D('',#17162,#13862,#13863);
#11711=AXIS2_PLACEMENT_3D('',#17167,#13865,#13866);
#11712=AXIS2_PLACEMENT_3D('',#17170,#13868,#13869);
#11713=AXIS2_PLACEMENT_3D('',#17176,#13873,#13874);
#11714=AXIS2_PLACEMENT_3D('',#17177,#13875,#13876);
#11715=AXIS2_PLACEMENT_3D('',#17181,#13878,#13879);
#11716=AXIS2_PLACEMENT_3D('',#17182,#13880,#13881);
#11717=AXIS2_PLACEMENT_3D('',#17188,#13885,#13886);
#11718=AXIS2_PLACEMENT_3D('',#17189,#13887,#13888);
#11719=AXIS2_PLACEMENT_3D('',#17193,#13890,#13891);
#11720=AXIS2_PLACEMENT_3D('',#17194,#13892,#13893);
#11721=AXIS2_PLACEMENT_3D('',#17200,#13897,#13898);
#11722=AXIS2_PLACEMENT_3D('',#17201,#13899,#13900);
#11723=AXIS2_PLACEMENT_3D('',#17205,#13902,#13903);
#11724=AXIS2_PLACEMENT_3D('',#17206,#13904,#13905);
#11725=AXIS2_PLACEMENT_3D('',#17207,#13906,#13907);
#11726=AXIS2_PLACEMENT_3D('',#17212,#13909,#13910);
#11727=AXIS2_PLACEMENT_3D('',#17215,#13912,#13913);
#11728=AXIS2_PLACEMENT_3D('',#17221,#13917,#13918);
#11729=AXIS2_PLACEMENT_3D('',#17222,#13919,#13920);
#11730=AXIS2_PLACEMENT_3D('',#17226,#13922,#13923);
#11731=AXIS2_PLACEMENT_3D('',#17227,#13924,#13925);
#11732=AXIS2_PLACEMENT_3D('',#17233,#13929,#13930);
#11733=AXIS2_PLACEMENT_3D('',#17234,#13931,#13932);
#11734=AXIS2_PLACEMENT_3D('',#17238,#13934,#13935);
#11735=AXIS2_PLACEMENT_3D('',#17239,#13936,#13937);
#11736=AXIS2_PLACEMENT_3D('',#17245,#13941,#13942);
#11737=AXIS2_PLACEMENT_3D('',#17246,#13943,#13944);
#11738=AXIS2_PLACEMENT_3D('',#17250,#13946,#13947);
#11739=AXIS2_PLACEMENT_3D('',#17251,#13948,#13949);
#11740=AXIS2_PLACEMENT_3D('',#17252,#13950,#13951);
#11741=AXIS2_PLACEMENT_3D('',#17257,#13953,#13954);
#11742=AXIS2_PLACEMENT_3D('',#17260,#13956,#13957);
#11743=AXIS2_PLACEMENT_3D('',#17266,#13961,#13962);
#11744=AXIS2_PLACEMENT_3D('',#17267,#13963,#13964);
#11745=AXIS2_PLACEMENT_3D('',#17271,#13966,#13967);
#11746=AXIS2_PLACEMENT_3D('',#17272,#13968,#13969);
#11747=AXIS2_PLACEMENT_3D('',#17278,#13973,#13974);
#11748=AXIS2_PLACEMENT_3D('',#17279,#13975,#13976);
#11749=AXIS2_PLACEMENT_3D('',#17283,#13978,#13979);
#11750=AXIS2_PLACEMENT_3D('',#17284,#13980,#13981);
#11751=AXIS2_PLACEMENT_3D('',#17290,#13985,#13986);
#11752=AXIS2_PLACEMENT_3D('',#17291,#13987,#13988);
#11753=AXIS2_PLACEMENT_3D('',#17295,#13990,#13991);
#11754=AXIS2_PLACEMENT_3D('',#17296,#13992,#13993);
#11755=AXIS2_PLACEMENT_3D('',#17297,#13994,#13995);
#11756=AXIS2_PLACEMENT_3D('',#17302,#13997,#13998);
#11757=AXIS2_PLACEMENT_3D('',#17305,#14000,#14001);
#11758=AXIS2_PLACEMENT_3D('',#17311,#14005,#14006);
#11759=AXIS2_PLACEMENT_3D('',#17312,#14007,#14008);
#11760=AXIS2_PLACEMENT_3D('',#17316,#14010,#14011);
#11761=AXIS2_PLACEMENT_3D('',#17317,#14012,#14013);
#11762=AXIS2_PLACEMENT_3D('',#17323,#14017,#14018);
#11763=AXIS2_PLACEMENT_3D('',#17324,#14019,#14020);
#11764=AXIS2_PLACEMENT_3D('',#17328,#14022,#14023);
#11765=AXIS2_PLACEMENT_3D('',#17329,#14024,#14025);
#11766=AXIS2_PLACEMENT_3D('',#17335,#14029,#14030);
#11767=AXIS2_PLACEMENT_3D('',#17336,#14031,#14032);
#11768=AXIS2_PLACEMENT_3D('',#17340,#14034,#14035);
#11769=AXIS2_PLACEMENT_3D('',#17341,#14036,#14037);
#11770=AXIS2_PLACEMENT_3D('',#17342,#14038,#14039);
#11771=AXIS2_PLACEMENT_3D('',#17347,#14041,#14042);
#11772=AXIS2_PLACEMENT_3D('',#17350,#14044,#14045);
#11773=AXIS2_PLACEMENT_3D('',#17356,#14049,#14050);
#11774=AXIS2_PLACEMENT_3D('',#17357,#14051,#14052);
#11775=AXIS2_PLACEMENT_3D('',#17361,#14054,#14055);
#11776=AXIS2_PLACEMENT_3D('',#17362,#14056,#14057);
#11777=AXIS2_PLACEMENT_3D('',#17368,#14061,#14062);
#11778=AXIS2_PLACEMENT_3D('',#17369,#14063,#14064);
#11779=AXIS2_PLACEMENT_3D('',#17373,#14066,#14067);
#11780=AXIS2_PLACEMENT_3D('',#17374,#14068,#14069);
#11781=AXIS2_PLACEMENT_3D('',#17380,#14073,#14074);
#11782=AXIS2_PLACEMENT_3D('',#17381,#14075,#14076);
#11783=AXIS2_PLACEMENT_3D('',#17385,#14078,#14079);
#11784=AXIS2_PLACEMENT_3D('',#17386,#14080,#14081);
#11785=AXIS2_PLACEMENT_3D('',#17387,#14082,#14083);
#11786=AXIS2_PLACEMENT_3D('',#17392,#14085,#14086);
#11787=AXIS2_PLACEMENT_3D('',#17395,#14088,#14089);
#11788=AXIS2_PLACEMENT_3D('',#17401,#14093,#14094);
#11789=AXIS2_PLACEMENT_3D('',#17402,#14095,#14096);
#11790=AXIS2_PLACEMENT_3D('',#17406,#14098,#14099);
#11791=AXIS2_PLACEMENT_3D('',#17407,#14100,#14101);
#11792=AXIS2_PLACEMENT_3D('',#17413,#14105,#14106);
#11793=AXIS2_PLACEMENT_3D('',#17414,#14107,#14108);
#11794=AXIS2_PLACEMENT_3D('',#17418,#14110,#14111);
#11795=AXIS2_PLACEMENT_3D('',#17419,#14112,#14113);
#11796=AXIS2_PLACEMENT_3D('',#17425,#14117,#14118);
#11797=AXIS2_PLACEMENT_3D('',#17426,#14119,#14120);
#11798=AXIS2_PLACEMENT_3D('',#17430,#14122,#14123);
#11799=AXIS2_PLACEMENT_3D('',#17431,#14124,#14125);
#11800=AXIS2_PLACEMENT_3D('',#17432,#14126,#14127);
#11801=AXIS2_PLACEMENT_3D('',#17437,#14129,#14130);
#11802=AXIS2_PLACEMENT_3D('',#17440,#14132,#14133);
#11803=AXIS2_PLACEMENT_3D('',#17446,#14137,#14138);
#11804=AXIS2_PLACEMENT_3D('',#17447,#14139,#14140);
#11805=AXIS2_PLACEMENT_3D('',#17451,#14142,#14143);
#11806=AXIS2_PLACEMENT_3D('',#17452,#14144,#14145);
#11807=AXIS2_PLACEMENT_3D('',#17458,#14149,#14150);
#11808=AXIS2_PLACEMENT_3D('',#17459,#14151,#14152);
#11809=AXIS2_PLACEMENT_3D('',#17463,#14154,#14155);
#11810=AXIS2_PLACEMENT_3D('',#17464,#14156,#14157);
#11811=AXIS2_PLACEMENT_3D('',#17470,#14161,#14162);
#11812=AXIS2_PLACEMENT_3D('',#17471,#14163,#14164);
#11813=AXIS2_PLACEMENT_3D('',#17475,#14166,#14167);
#11814=AXIS2_PLACEMENT_3D('',#17476,#14168,#14169);
#11815=AXIS2_PLACEMENT_3D('',#17477,#14170,#14171);
#11816=AXIS2_PLACEMENT_3D('',#17482,#14173,#14174);
#11817=AXIS2_PLACEMENT_3D('',#17485,#14176,#14177);
#11818=AXIS2_PLACEMENT_3D('',#17491,#14181,#14182);
#11819=AXIS2_PLACEMENT_3D('',#17492,#14183,#14184);
#11820=AXIS2_PLACEMENT_3D('',#17496,#14186,#14187);
#11821=AXIS2_PLACEMENT_3D('',#17497,#14188,#14189);
#11822=AXIS2_PLACEMENT_3D('',#17503,#14193,#14194);
#11823=AXIS2_PLACEMENT_3D('',#17504,#14195,#14196);
#11824=AXIS2_PLACEMENT_3D('',#17508,#14198,#14199);
#11825=AXIS2_PLACEMENT_3D('',#17509,#14200,#14201);
#11826=AXIS2_PLACEMENT_3D('',#17515,#14205,#14206);
#11827=AXIS2_PLACEMENT_3D('',#17516,#14207,#14208);
#11828=AXIS2_PLACEMENT_3D('',#17520,#14210,#14211);
#11829=AXIS2_PLACEMENT_3D('',#17521,#14212,#14213);
#11830=AXIS2_PLACEMENT_3D('',#17522,#14214,#14215);
#11831=AXIS2_PLACEMENT_3D('',#17527,#14217,#14218);
#11832=AXIS2_PLACEMENT_3D('',#17530,#14220,#14221);
#11833=AXIS2_PLACEMENT_3D('',#17536,#14225,#14226);
#11834=AXIS2_PLACEMENT_3D('',#17537,#14227,#14228);
#11835=AXIS2_PLACEMENT_3D('',#17541,#14230,#14231);
#11836=AXIS2_PLACEMENT_3D('',#17542,#14232,#14233);
#11837=AXIS2_PLACEMENT_3D('',#17548,#14237,#14238);
#11838=AXIS2_PLACEMENT_3D('',#17549,#14239,#14240);
#11839=AXIS2_PLACEMENT_3D('',#17553,#14242,#14243);
#11840=AXIS2_PLACEMENT_3D('',#17554,#14244,#14245);
#11841=AXIS2_PLACEMENT_3D('',#17560,#14249,#14250);
#11842=AXIS2_PLACEMENT_3D('',#17561,#14251,#14252);
#11843=AXIS2_PLACEMENT_3D('',#17565,#14254,#14255);
#11844=AXIS2_PLACEMENT_3D('',#17566,#14256,#14257);
#11845=AXIS2_PLACEMENT_3D('',#17567,#14258,#14259);
#11846=AXIS2_PLACEMENT_3D('',#17572,#14261,#14262);
#11847=AXIS2_PLACEMENT_3D('',#17575,#14264,#14265);
#11848=AXIS2_PLACEMENT_3D('',#17581,#14269,#14270);
#11849=AXIS2_PLACEMENT_3D('',#17582,#14271,#14272);
#11850=AXIS2_PLACEMENT_3D('',#17586,#14274,#14275);
#11851=AXIS2_PLACEMENT_3D('',#17587,#14276,#14277);
#11852=AXIS2_PLACEMENT_3D('',#17593,#14281,#14282);
#11853=AXIS2_PLACEMENT_3D('',#17594,#14283,#14284);
#11854=AXIS2_PLACEMENT_3D('',#17598,#14286,#14287);
#11855=AXIS2_PLACEMENT_3D('',#17599,#14288,#14289);
#11856=AXIS2_PLACEMENT_3D('',#17605,#14293,#14294);
#11857=AXIS2_PLACEMENT_3D('',#17606,#14295,#14296);
#11858=AXIS2_PLACEMENT_3D('',#17610,#14298,#14299);
#11859=AXIS2_PLACEMENT_3D('',#17611,#14300,#14301);
#11860=AXIS2_PLACEMENT_3D('',#17620,#14306,#14307);
#11861=AXIS2_PLACEMENT_3D('',#17621,#14308,#14309);
#11862=AXIS2_PLACEMENT_3D('',#17625,#14311,#14312);
#11863=AXIS2_PLACEMENT_3D('',#17626,#14313,#14314);
#11864=AXIS2_PLACEMENT_3D('',#17632,#14318,#14319);
#11865=AXIS2_PLACEMENT_3D('',#17633,#14320,#14321);
#11866=AXIS2_PLACEMENT_3D('',#17637,#14323,#14324);
#11867=AXIS2_PLACEMENT_3D('',#17638,#14325,#14326);
#11868=AXIS2_PLACEMENT_3D('',#17644,#14330,#14331);
#11869=AXIS2_PLACEMENT_3D('',#17645,#14332,#14333);
#11870=AXIS2_PLACEMENT_3D('',#17649,#14335,#14336);
#11871=AXIS2_PLACEMENT_3D('',#17650,#14337,#14338);
#11872=AXIS2_PLACEMENT_3D('',#17656,#14342,#14343);
#11873=AXIS2_PLACEMENT_3D('',#17657,#14344,#14345);
#11874=AXIS2_PLACEMENT_3D('',#17662,#14347,#14348);
#11875=AXIS2_PLACEMENT_3D('',#17665,#14350,#14351);
#11876=AXIS2_PLACEMENT_3D('',#17671,#14355,#14356);
#11877=AXIS2_PLACEMENT_3D('',#17672,#14357,#14358);
#11878=AXIS2_PLACEMENT_3D('',#17676,#14360,#14361);
#11879=AXIS2_PLACEMENT_3D('',#17677,#14362,#14363);
#11880=AXIS2_PLACEMENT_3D('',#17683,#14367,#14368);
#11881=AXIS2_PLACEMENT_3D('',#17684,#14369,#14370);
#11882=AXIS2_PLACEMENT_3D('',#17688,#14372,#14373);
#11883=AXIS2_PLACEMENT_3D('',#17689,#14374,#14375);
#11884=AXIS2_PLACEMENT_3D('',#17695,#14379,#14380);
#11885=AXIS2_PLACEMENT_3D('',#17696,#14381,#14382);
#11886=AXIS2_PLACEMENT_3D('',#17700,#14384,#14385);
#11887=AXIS2_PLACEMENT_3D('',#17701,#14386,#14387);
#11888=AXIS2_PLACEMENT_3D('',#17702,#14388,#14389);
#11889=AXIS2_PLACEMENT_3D('',#17707,#14391,#14392);
#11890=AXIS2_PLACEMENT_3D('',#17710,#14394,#14395);
#11891=AXIS2_PLACEMENT_3D('',#17716,#14399,#14400);
#11892=AXIS2_PLACEMENT_3D('',#17717,#14401,#14402);
#11893=AXIS2_PLACEMENT_3D('',#17721,#14404,#14405);
#11894=AXIS2_PLACEMENT_3D('',#17722,#14406,#14407);
#11895=AXIS2_PLACEMENT_3D('',#17728,#14411,#14412);
#11896=AXIS2_PLACEMENT_3D('',#17729,#14413,#14414);
#11897=AXIS2_PLACEMENT_3D('',#17733,#14416,#14417);
#11898=AXIS2_PLACEMENT_3D('',#17734,#14418,#14419);
#11899=AXIS2_PLACEMENT_3D('',#17740,#14423,#14424);
#11900=AXIS2_PLACEMENT_3D('',#17741,#14425,#14426);
#11901=AXIS2_PLACEMENT_3D('',#17745,#14428,#14429);
#11902=AXIS2_PLACEMENT_3D('',#17746,#14430,#14431);
#11903=AXIS2_PLACEMENT_3D('',#17747,#14432,#14433);
#11904=AXIS2_PLACEMENT_3D('',#17752,#14435,#14436);
#11905=AXIS2_PLACEMENT_3D('',#17755,#14438,#14439);
#11906=AXIS2_PLACEMENT_3D('',#17761,#14443,#14444);
#11907=AXIS2_PLACEMENT_3D('',#17762,#14445,#14446);
#11908=AXIS2_PLACEMENT_3D('',#17766,#14448,#14449);
#11909=AXIS2_PLACEMENT_3D('',#17767,#14450,#14451);
#11910=AXIS2_PLACEMENT_3D('',#17773,#14455,#14456);
#11911=AXIS2_PLACEMENT_3D('',#17774,#14457,#14458);
#11912=AXIS2_PLACEMENT_3D('',#17778,#14460,#14461);
#11913=AXIS2_PLACEMENT_3D('',#17779,#14462,#14463);
#11914=AXIS2_PLACEMENT_3D('',#17785,#14467,#14468);
#11915=AXIS2_PLACEMENT_3D('',#17786,#14469,#14470);
#11916=AXIS2_PLACEMENT_3D('',#17790,#14472,#14473);
#11917=AXIS2_PLACEMENT_3D('',#17791,#14474,#14475);
#11918=AXIS2_PLACEMENT_3D('',#17800,#14480,#14481);
#11919=AXIS2_PLACEMENT_3D('',#17801,#14482,#14483);
#11920=AXIS2_PLACEMENT_3D('',#17805,#14485,#14486);
#11921=AXIS2_PLACEMENT_3D('',#17806,#14487,#14488);
#11922=AXIS2_PLACEMENT_3D('',#17812,#14492,#14493);
#11923=AXIS2_PLACEMENT_3D('',#17813,#14494,#14495);
#11924=AXIS2_PLACEMENT_3D('',#17817,#14497,#14498);
#11925=AXIS2_PLACEMENT_3D('',#17818,#14499,#14500);
#11926=AXIS2_PLACEMENT_3D('',#17824,#14504,#14505);
#11927=AXIS2_PLACEMENT_3D('',#17825,#14506,#14507);
#11928=AXIS2_PLACEMENT_3D('',#17829,#14509,#14510);
#11929=AXIS2_PLACEMENT_3D('',#17830,#14511,#14512);
#11930=AXIS2_PLACEMENT_3D('',#17836,#14516,#14517);
#11931=AXIS2_PLACEMENT_3D('',#17845,#14522,#14523);
#11932=AXIS2_PLACEMENT_3D('',#17846,#14524,#14525);
#11933=AXIS2_PLACEMENT_3D('',#17850,#14527,#14528);
#11934=AXIS2_PLACEMENT_3D('',#17851,#14529,#14530);
#11935=AXIS2_PLACEMENT_3D('',#17857,#14534,#14535);
#11936=AXIS2_PLACEMENT_3D('',#17858,#14536,#14537);
#11937=AXIS2_PLACEMENT_3D('',#17862,#14539,#14540);
#11938=AXIS2_PLACEMENT_3D('',#17863,#14541,#14542);
#11939=AXIS2_PLACEMENT_3D('',#17869,#14546,#14547);
#11940=AXIS2_PLACEMENT_3D('',#17870,#14548,#14549);
#11941=AXIS2_PLACEMENT_3D('',#17874,#14551,#14552);
#11942=AXIS2_PLACEMENT_3D('',#17875,#14553,#14554);
#11943=AXIS2_PLACEMENT_3D('',#17881,#14558,#14559);
#11944=AXIS2_PLACEMENT_3D('',#17882,#14560,#14561);
#11945=AXIS2_PLACEMENT_3D('',#17887,#14563,#14564);
#11946=AXIS2_PLACEMENT_3D('',#17890,#14566,#14567);
#11947=AXIS2_PLACEMENT_3D('',#17896,#14571,#14572);
#11948=AXIS2_PLACEMENT_3D('',#17897,#14573,#14574);
#11949=AXIS2_PLACEMENT_3D('',#17901,#14576,#14577);
#11950=AXIS2_PLACEMENT_3D('',#17902,#14578,#14579);
#11951=AXIS2_PLACEMENT_3D('',#17908,#14583,#14584);
#11952=AXIS2_PLACEMENT_3D('',#17909,#14585,#14586);
#11953=AXIS2_PLACEMENT_3D('',#17913,#14588,#14589);
#11954=AXIS2_PLACEMENT_3D('',#17914,#14590,#14591);
#11955=AXIS2_PLACEMENT_3D('',#17920,#14595,#14596);
#11956=AXIS2_PLACEMENT_3D('',#17921,#14597,#14598);
#11957=AXIS2_PLACEMENT_3D('',#17925,#14600,#14601);
#11958=AXIS2_PLACEMENT_3D('',#17926,#14602,#14603);
#11959=AXIS2_PLACEMENT_3D('',#17927,#14604,#14605);
#11960=AXIS2_PLACEMENT_3D('',#17932,#14607,#14608);
#11961=AXIS2_PLACEMENT_3D('',#17935,#14610,#14611);
#11962=AXIS2_PLACEMENT_3D('',#17941,#14615,#14616);
#11963=AXIS2_PLACEMENT_3D('',#17942,#14617,#14618);
#11964=AXIS2_PLACEMENT_3D('',#17946,#14620,#14621);
#11965=AXIS2_PLACEMENT_3D('',#17947,#14622,#14623);
#11966=AXIS2_PLACEMENT_3D('',#17953,#14627,#14628);
#11967=AXIS2_PLACEMENT_3D('',#17954,#14629,#14630);
#11968=AXIS2_PLACEMENT_3D('',#17958,#14632,#14633);
#11969=AXIS2_PLACEMENT_3D('',#17959,#14634,#14635);
#11970=AXIS2_PLACEMENT_3D('',#17965,#14639,#14640);
#11971=AXIS2_PLACEMENT_3D('',#17966,#14641,#14642);
#11972=AXIS2_PLACEMENT_3D('',#17970,#14644,#14645);
#11973=AXIS2_PLACEMENT_3D('',#17971,#14646,#14647);
#11974=AXIS2_PLACEMENT_3D('',#17972,#14648,#14649);
#11975=AXIS2_PLACEMENT_3D('',#17977,#14651,#14652);
#11976=AXIS2_PLACEMENT_3D('',#17980,#14654,#14655);
#11977=AXIS2_PLACEMENT_3D('',#17986,#14659,#14660);
#11978=AXIS2_PLACEMENT_3D('',#17987,#14661,#14662);
#11979=AXIS2_PLACEMENT_3D('',#17991,#14664,#14665);
#11980=AXIS2_PLACEMENT_3D('',#17992,#14666,#14667);
#11981=AXIS2_PLACEMENT_3D('',#17998,#14671,#14672);
#11982=AXIS2_PLACEMENT_3D('',#17999,#14673,#14674);
#11983=AXIS2_PLACEMENT_3D('',#18003,#14676,#14677);
#11984=AXIS2_PLACEMENT_3D('',#18004,#14678,#14679);
#11985=AXIS2_PLACEMENT_3D('',#18010,#14683,#14684);
#11986=AXIS2_PLACEMENT_3D('',#18011,#14685,#14686);
#11987=AXIS2_PLACEMENT_3D('',#18015,#14688,#14689);
#11988=AXIS2_PLACEMENT_3D('',#18016,#14690,#14691);
#11989=AXIS2_PLACEMENT_3D('',#18017,#14692,#14693);
#11990=AXIS2_PLACEMENT_3D('',#18022,#14695,#14696);
#11991=AXIS2_PLACEMENT_3D('',#18025,#14698,#14699);
#11992=AXIS2_PLACEMENT_3D('',#18031,#14703,#14704);
#11993=AXIS2_PLACEMENT_3D('',#18032,#14705,#14706);
#11994=AXIS2_PLACEMENT_3D('',#18036,#14708,#14709);
#11995=AXIS2_PLACEMENT_3D('',#18037,#14710,#14711);
#11996=AXIS2_PLACEMENT_3D('',#18043,#14715,#14716);
#11997=AXIS2_PLACEMENT_3D('',#18044,#14717,#14718);
#11998=AXIS2_PLACEMENT_3D('',#18048,#14720,#14721);
#11999=AXIS2_PLACEMENT_3D('',#18049,#14722,#14723);
#12000=AXIS2_PLACEMENT_3D('',#18055,#14727,#14728);
#12001=AXIS2_PLACEMENT_3D('',#18056,#14729,#14730);
#12002=AXIS2_PLACEMENT_3D('',#18060,#14732,#14733);
#12003=AXIS2_PLACEMENT_3D('',#18061,#14734,#14735);
#12004=AXIS2_PLACEMENT_3D('',#18062,#14736,#14737);
#12005=AXIS2_PLACEMENT_3D('',#18067,#14739,#14740);
#12006=AXIS2_PLACEMENT_3D('',#18070,#14742,#14743);
#12007=AXIS2_PLACEMENT_3D('',#18076,#14747,#14748);
#12008=AXIS2_PLACEMENT_3D('',#18077,#14749,#14750);
#12009=AXIS2_PLACEMENT_3D('',#18081,#14752,#14753);
#12010=AXIS2_PLACEMENT_3D('',#18082,#14754,#14755);
#12011=AXIS2_PLACEMENT_3D('',#18088,#14759,#14760);
#12012=AXIS2_PLACEMENT_3D('',#18089,#14761,#14762);
#12013=AXIS2_PLACEMENT_3D('',#18093,#14764,#14765);
#12014=AXIS2_PLACEMENT_3D('',#18094,#14766,#14767);
#12015=AXIS2_PLACEMENT_3D('',#18100,#14771,#14772);
#12016=AXIS2_PLACEMENT_3D('',#18101,#14773,#14774);
#12017=AXIS2_PLACEMENT_3D('',#18105,#14776,#14777);
#12018=AXIS2_PLACEMENT_3D('',#18106,#14778,#14779);
#12019=AXIS2_PLACEMENT_3D('',#18107,#14780,#14781);
#12020=AXIS2_PLACEMENT_3D('',#18112,#14783,#14784);
#12021=AXIS2_PLACEMENT_3D('',#18115,#14786,#14787);
#12022=AXIS2_PLACEMENT_3D('',#18121,#14791,#14792);
#12023=AXIS2_PLACEMENT_3D('',#18122,#14793,#14794);
#12024=AXIS2_PLACEMENT_3D('',#18126,#14796,#14797);
#12025=AXIS2_PLACEMENT_3D('',#18127,#14798,#14799);
#12026=AXIS2_PLACEMENT_3D('',#18133,#14803,#14804);
#12027=AXIS2_PLACEMENT_3D('',#18134,#14805,#14806);
#12028=AXIS2_PLACEMENT_3D('',#18138,#14808,#14809);
#12029=AXIS2_PLACEMENT_3D('',#18139,#14810,#14811);
#12030=AXIS2_PLACEMENT_3D('',#18145,#14815,#14816);
#12031=AXIS2_PLACEMENT_3D('',#18146,#14817,#14818);
#12032=AXIS2_PLACEMENT_3D('',#18150,#14820,#14821);
#12033=AXIS2_PLACEMENT_3D('',#18151,#14822,#14823);
#12034=AXIS2_PLACEMENT_3D('',#18152,#14824,#14825);
#12035=AXIS2_PLACEMENT_3D('',#18157,#14827,#14828);
#12036=AXIS2_PLACEMENT_3D('',#18160,#14830,#14831);
#12037=AXIS2_PLACEMENT_3D('',#18166,#14835,#14836);
#12038=AXIS2_PLACEMENT_3D('',#18167,#14837,#14838);
#12039=AXIS2_PLACEMENT_3D('',#18171,#14840,#14841);
#12040=AXIS2_PLACEMENT_3D('',#18172,#14842,#14843);
#12041=AXIS2_PLACEMENT_3D('',#18178,#14847,#14848);
#12042=AXIS2_PLACEMENT_3D('',#18179,#14849,#14850);
#12043=AXIS2_PLACEMENT_3D('',#18183,#14852,#14853);
#12044=AXIS2_PLACEMENT_3D('',#18184,#14854,#14855);
#12045=AXIS2_PLACEMENT_3D('',#18190,#14859,#14860);
#12046=AXIS2_PLACEMENT_3D('',#18191,#14861,#14862);
#12047=AXIS2_PLACEMENT_3D('',#18195,#14864,#14865);
#12048=AXIS2_PLACEMENT_3D('',#18196,#14866,#14867);
#12049=AXIS2_PLACEMENT_3D('',#18197,#14868,#14869);
#12050=AXIS2_PLACEMENT_3D('',#18202,#14871,#14872);
#12051=AXIS2_PLACEMENT_3D('',#18205,#14874,#14875);
#12052=AXIS2_PLACEMENT_3D('',#18211,#14879,#14880);
#12053=AXIS2_PLACEMENT_3D('',#18212,#14881,#14882);
#12054=AXIS2_PLACEMENT_3D('',#18216,#14884,#14885);
#12055=AXIS2_PLACEMENT_3D('',#18217,#14886,#14887);
#12056=AXIS2_PLACEMENT_3D('',#18223,#14891,#14892);
#12057=AXIS2_PLACEMENT_3D('',#18224,#14893,#14894);
#12058=AXIS2_PLACEMENT_3D('',#18228,#14896,#14897);
#12059=AXIS2_PLACEMENT_3D('',#18229,#14898,#14899);
#12060=AXIS2_PLACEMENT_3D('',#18235,#14903,#14904);
#12061=AXIS2_PLACEMENT_3D('',#18236,#14905,#14906);
#12062=AXIS2_PLACEMENT_3D('',#18240,#14908,#14909);
#12063=AXIS2_PLACEMENT_3D('',#18241,#14910,#14911);
#12064=AXIS2_PLACEMENT_3D('',#18242,#14912,#14913);
#12065=AXIS2_PLACEMENT_3D('',#18247,#14915,#14916);
#12066=AXIS2_PLACEMENT_3D('',#18250,#14918,#14919);
#12067=AXIS2_PLACEMENT_3D('',#18256,#14923,#14924);
#12068=AXIS2_PLACEMENT_3D('',#18257,#14925,#14926);
#12069=AXIS2_PLACEMENT_3D('',#18261,#14928,#14929);
#12070=AXIS2_PLACEMENT_3D('',#18262,#14930,#14931);
#12071=AXIS2_PLACEMENT_3D('',#18268,#14935,#14936);
#12072=AXIS2_PLACEMENT_3D('',#18269,#14937,#14938);
#12073=AXIS2_PLACEMENT_3D('',#18273,#14940,#14941);
#12074=AXIS2_PLACEMENT_3D('',#18274,#14942,#14943);
#12075=AXIS2_PLACEMENT_3D('',#18280,#14947,#14948);
#12076=AXIS2_PLACEMENT_3D('',#18281,#14949,#14950);
#12077=AXIS2_PLACEMENT_3D('',#18285,#14952,#14953);
#12078=AXIS2_PLACEMENT_3D('',#18286,#14954,#14955);
#12079=AXIS2_PLACEMENT_3D('',#18287,#14956,#14957);
#12080=AXIS2_PLACEMENT_3D('',#18292,#14959,#14960);
#12081=AXIS2_PLACEMENT_3D('',#18295,#14962,#14963);
#12082=AXIS2_PLACEMENT_3D('',#18301,#14967,#14968);
#12083=AXIS2_PLACEMENT_3D('',#18302,#14969,#14970);
#12084=AXIS2_PLACEMENT_3D('',#18306,#14972,#14973);
#12085=AXIS2_PLACEMENT_3D('',#18307,#14974,#14975);
#12086=AXIS2_PLACEMENT_3D('',#18313,#14979,#14980);
#12087=AXIS2_PLACEMENT_3D('',#18314,#14981,#14982);
#12088=AXIS2_PLACEMENT_3D('',#18318,#14984,#14985);
#12089=AXIS2_PLACEMENT_3D('',#18319,#14986,#14987);
#12090=AXIS2_PLACEMENT_3D('',#18325,#14991,#14992);
#12091=AXIS2_PLACEMENT_3D('',#18326,#14993,#14994);
#12092=AXIS2_PLACEMENT_3D('',#18330,#14996,#14997);
#12093=AXIS2_PLACEMENT_3D('',#18331,#14998,#14999);
#12094=AXIS2_PLACEMENT_3D('',#18332,#15000,#15001);
#12095=AXIS2_PLACEMENT_3D('',#18337,#15003,#15004);
#12096=AXIS2_PLACEMENT_3D('',#18340,#15006,#15007);
#12097=AXIS2_PLACEMENT_3D('',#18346,#15011,#15012);
#12098=AXIS2_PLACEMENT_3D('',#18347,#15013,#15014);
#12099=AXIS2_PLACEMENT_3D('',#18351,#15016,#15017);
#12100=AXIS2_PLACEMENT_3D('',#18352,#15018,#15019);
#12101=AXIS2_PLACEMENT_3D('',#18358,#15023,#15024);
#12102=AXIS2_PLACEMENT_3D('',#18359,#15025,#15026);
#12103=AXIS2_PLACEMENT_3D('',#18363,#15028,#15029);
#12104=AXIS2_PLACEMENT_3D('',#18364,#15030,#15031);
#12105=AXIS2_PLACEMENT_3D('',#18370,#15035,#15036);
#12106=AXIS2_PLACEMENT_3D('',#18371,#15037,#15038);
#12107=AXIS2_PLACEMENT_3D('',#18375,#15040,#15041);
#12108=AXIS2_PLACEMENT_3D('',#18376,#15042,#15043);
#12109=AXIS2_PLACEMENT_3D('',#18377,#15044,#15045);
#12110=AXIS2_PLACEMENT_3D('',#18382,#15047,#15048);
#12111=AXIS2_PLACEMENT_3D('',#18385,#15050,#15051);
#12112=AXIS2_PLACEMENT_3D('',#18391,#15055,#15056);
#12113=AXIS2_PLACEMENT_3D('',#18392,#15057,#15058);
#12114=AXIS2_PLACEMENT_3D('',#18396,#15060,#15061);
#12115=AXIS2_PLACEMENT_3D('',#18397,#15062,#15063);
#12116=AXIS2_PLACEMENT_3D('',#18403,#15067,#15068);
#12117=AXIS2_PLACEMENT_3D('',#18404,#15069,#15070);
#12118=AXIS2_PLACEMENT_3D('',#18408,#15072,#15073);
#12119=AXIS2_PLACEMENT_3D('',#18409,#15074,#15075);
#12120=AXIS2_PLACEMENT_3D('',#18415,#15079,#15080);
#12121=AXIS2_PLACEMENT_3D('',#18416,#15081,#15082);
#12122=AXIS2_PLACEMENT_3D('',#18420,#15084,#15085);
#12123=AXIS2_PLACEMENT_3D('',#18421,#15086,#15087);
#12124=AXIS2_PLACEMENT_3D('',#18422,#15088,#15089);
#12125=AXIS2_PLACEMENT_3D('',#18427,#15091,#15092);
#12126=AXIS2_PLACEMENT_3D('',#18430,#15094,#15095);
#12127=AXIS2_PLACEMENT_3D('',#18436,#15099,#15100);
#12128=AXIS2_PLACEMENT_3D('',#18437,#15101,#15102);
#12129=AXIS2_PLACEMENT_3D('',#18441,#15104,#15105);
#12130=AXIS2_PLACEMENT_3D('',#18442,#15106,#15107);
#12131=AXIS2_PLACEMENT_3D('',#18448,#15111,#15112);
#12132=AXIS2_PLACEMENT_3D('',#18449,#15113,#15114);
#12133=AXIS2_PLACEMENT_3D('',#18453,#15116,#15117);
#12134=AXIS2_PLACEMENT_3D('',#18454,#15118,#15119);
#12135=AXIS2_PLACEMENT_3D('',#18460,#15123,#15124);
#12136=AXIS2_PLACEMENT_3D('',#18461,#15125,#15126);
#12137=AXIS2_PLACEMENT_3D('',#18465,#15128,#15129);
#12138=AXIS2_PLACEMENT_3D('',#18466,#15130,#15131);
#12139=AXIS2_PLACEMENT_3D('',#18467,#15132,#15133);
#12140=AXIS2_PLACEMENT_3D('',#18472,#15135,#15136);
#12141=AXIS2_PLACEMENT_3D('',#18475,#15138,#15139);
#12142=AXIS2_PLACEMENT_3D('',#18481,#15143,#15144);
#12143=AXIS2_PLACEMENT_3D('',#18482,#15145,#15146);
#12144=AXIS2_PLACEMENT_3D('',#18486,#15148,#15149);
#12145=AXIS2_PLACEMENT_3D('',#18487,#15150,#15151);
#12146=AXIS2_PLACEMENT_3D('',#18493,#15155,#15156);
#12147=AXIS2_PLACEMENT_3D('',#18494,#15157,#15158);
#12148=AXIS2_PLACEMENT_3D('',#18498,#15160,#15161);
#12149=AXIS2_PLACEMENT_3D('',#18499,#15162,#15163);
#12150=AXIS2_PLACEMENT_3D('',#18505,#15167,#15168);
#12151=AXIS2_PLACEMENT_3D('',#18506,#15169,#15170);
#12152=AXIS2_PLACEMENT_3D('',#18510,#15172,#15173);
#12153=AXIS2_PLACEMENT_3D('',#18511,#15174,#15175);
#12154=AXIS2_PLACEMENT_3D('',#18520,#15180,#15181);
#12155=AXIS2_PLACEMENT_3D('',#18521,#15182,#15183);
#12156=AXIS2_PLACEMENT_3D('',#18525,#15185,#15186);
#12157=AXIS2_PLACEMENT_3D('',#18526,#15187,#15188);
#12158=AXIS2_PLACEMENT_3D('',#18532,#15192,#15193);
#12159=AXIS2_PLACEMENT_3D('',#18533,#15194,#15195);
#12160=AXIS2_PLACEMENT_3D('',#18537,#15197,#15198);
#12161=AXIS2_PLACEMENT_3D('',#18538,#15199,#15200);
#12162=AXIS2_PLACEMENT_3D('',#18544,#15204,#15205);
#12163=AXIS2_PLACEMENT_3D('',#18545,#15206,#15207);
#12164=AXIS2_PLACEMENT_3D('',#18549,#15209,#15210);
#12165=AXIS2_PLACEMENT_3D('',#18550,#15211,#15212);
#12166=AXIS2_PLACEMENT_3D('',#18556,#15216,#15217);
#12167=AXIS2_PLACEMENT_3D('',#18559,#15220,#15221);
#12168=AXIS2_PLACEMENT_3D('',#18562,#15224,#15225);
#12169=AXIS2_PLACEMENT_3D('',#18565,#15228,#15229);
#12170=AXIS2_PLACEMENT_3D('',#18568,#15232,#15233);
#12171=AXIS2_PLACEMENT_3D('',#18571,#15236,#15237);
#12172=AXIS2_PLACEMENT_3D('',#18574,#15240,#15241);
#12173=AXIS2_PLACEMENT_3D('',#18577,#15244,#15245);
#12174=AXIS2_PLACEMENT_3D('',#18580,#15248,#15249);
#12175=AXIS2_PLACEMENT_3D('',#18583,#15252,#15253);
#12176=AXIS2_PLACEMENT_3D('',#18586,#15256,#15257);
#12177=AXIS2_PLACEMENT_3D('',#18589,#15260,#15261);
#12178=AXIS2_PLACEMENT_3D('',#18592,#15264,#15265);
#12179=AXIS2_PLACEMENT_3D('',#18595,#15268,#15269);
#12180=AXIS2_PLACEMENT_3D('',#18598,#15272,#15273);
#12181=AXIS2_PLACEMENT_3D('',#18601,#15276,#15277);
#12182=AXIS2_PLACEMENT_3D('',#18604,#15280,#15281);
#12183=AXIS2_PLACEMENT_3D('',#18607,#15284,#15285);
#12184=AXIS2_PLACEMENT_3D('',#18610,#15288,#15289);
#12185=AXIS2_PLACEMENT_3D('',#18613,#15292,#15293);
#12186=AXIS2_PLACEMENT_3D('',#18616,#15296,#15297);
#12187=AXIS2_PLACEMENT_3D('',#18619,#15300,#15301);
#12188=AXIS2_PLACEMENT_3D('',#18622,#15304,#15305);
#12189=AXIS2_PLACEMENT_3D('',#18625,#15308,#15309);
#12190=AXIS2_PLACEMENT_3D('',#18628,#15312,#15313);
#12191=AXIS2_PLACEMENT_3D('',#18631,#15316,#15317);
#12192=AXIS2_PLACEMENT_3D('',#18634,#15320,#15321);
#12193=AXIS2_PLACEMENT_3D('',#18637,#15324,#15325);
#12194=AXIS2_PLACEMENT_3D('',#18640,#15328,#15329);
#12195=AXIS2_PLACEMENT_3D('',#18643,#15332,#15333);
#12196=AXIS2_PLACEMENT_3D('',#18646,#15336,#15337);
#12197=AXIS2_PLACEMENT_3D('',#18649,#15340,#15341);
#12198=AXIS2_PLACEMENT_3D('',#18652,#15344,#15345);
#12199=AXIS2_PLACEMENT_3D('',#18655,#15348,#15349);
#12200=AXIS2_PLACEMENT_3D('',#18658,#15352,#15353);
#12201=AXIS2_PLACEMENT_3D('',#18659,#15354,#15355);
#12202=AXIS2_PLACEMENT_3D('',#18660,#15356,#15357);
#12203=AXIS2_PLACEMENT_3D('',#18661,#15358,#15359);
#12204=AXIS2_PLACEMENT_3D('',#18664,#15362,#15363);
#12205=AXIS2_PLACEMENT_3D('',#18667,#15366,#15367);
#12206=AXIS2_PLACEMENT_3D('',#18670,#15370,#15371);
#12207=AXIS2_PLACEMENT_3D('',#18673,#15374,#15375);
#12208=AXIS2_PLACEMENT_3D('',#18676,#15378,#15379);
#12209=AXIS2_PLACEMENT_3D('',#18679,#15382,#15383);
#12210=AXIS2_PLACEMENT_3D('',#18682,#15386,#15387);
#12211=AXIS2_PLACEMENT_3D('',#18685,#15390,#15391);
#12212=AXIS2_PLACEMENT_3D('',#18688,#15394,#15395);
#12213=AXIS2_PLACEMENT_3D('',#18691,#15398,#15399);
#12214=AXIS2_PLACEMENT_3D('',#18692,#15400,#15401);
#12215=AXIS2_PLACEMENT_3D('',#18693,#15402,#15403);
#12216=AXIS2_PLACEMENT_3D('',#18694,#15404,#15405);
#12217=AXIS2_PLACEMENT_3D('',#18697,#15408,#15409);
#12218=AXIS2_PLACEMENT_3D('',#18700,#15412,#15413);
#12219=AXIS2_PLACEMENT_3D('',#18703,#15416,#15417);
#12220=AXIS2_PLACEMENT_3D('',#18704,#15418,#15419);
#12221=AXIS2_PLACEMENT_3D('',#18705,#15420,#15421);
#12222=AXIS2_PLACEMENT_3D('',#18706,#15422,#15423);
#12223=AXIS2_PLACEMENT_3D('',#18707,#15424,#15425);
#12224=AXIS2_PLACEMENT_3D('',#18708,#15426,#15427);
#12225=AXIS2_PLACEMENT_3D('',#18709,#15428,#15429);
#12226=AXIS2_PLACEMENT_3D('',#18712,#15432,#15433);
#12227=AXIS2_PLACEMENT_3D('',#18715,#15436,#15437);
#12228=AXIS2_PLACEMENT_3D('',#18718,#15440,#15441);
#12229=AXIS2_PLACEMENT_3D('',#18721,#15444,#15445);
#12230=AXIS2_PLACEMENT_3D('',#18724,#15448,#15449);
#12231=AXIS2_PLACEMENT_3D('',#18727,#15452,#15453);
#12232=AXIS2_PLACEMENT_3D('',#18730,#15456,#15457);
#12233=AXIS2_PLACEMENT_3D('',#18733,#15460,#15461);
#12234=AXIS2_PLACEMENT_3D('',#18736,#15464,#15465);
#12235=AXIS2_PLACEMENT_3D('',#18739,#15468,#15469);
#12236=AXIS2_PLACEMENT_3D('',#18742,#15472,#15473);
#12237=AXIS2_PLACEMENT_3D('',#18745,#15476,#15477);
#12238=AXIS2_PLACEMENT_3D('',#18748,#15480,#15481);
#12239=AXIS2_PLACEMENT_3D('',#18751,#15484,#15485);
#12240=AXIS2_PLACEMENT_3D('',#18752,#15486,#15487);
#12241=AXIS2_PLACEMENT_3D('',#18753,#15488,#15489);
#12242=AXIS2_PLACEMENT_3D('',#18754,#15490,#15491);
#12243=AXIS2_PLACEMENT_3D('',#18757,#15494,#15495);
#12244=AXIS2_PLACEMENT_3D('',#18758,#15496,#15497);
#12245=DIRECTION('',(0.,0.,1.));
#12246=DIRECTION('',(1.,0.,0.));
#12247=DIRECTION('',(0.,0.,-1.));
#12248=DIRECTION('',(-1.,0.,0.));
#12249=DIRECTION('',(0.,0.,1.));
#12250=DIRECTION('',(1.,0.,0.));
#12251=DIRECTION('',(0.,0.,-1.));
#12252=DIRECTION('',(0.,0.,1.));
#12253=DIRECTION('',(1.,0.,0.));
#12254=DIRECTION('',(0.,0.,-1.));
#12255=DIRECTION('',(1.,0.,0.));
#12256=DIRECTION('',(0.,0.,-1.));
#12257=DIRECTION('',(0.,-1.,0.));
#12258=DIRECTION('',(0.,0.,-1.));
#12259=DIRECTION('',(0.,-1.,0.));
#12260=DIRECTION('',(0.,0.,-1.));
#12261=DIRECTION('',(-1.,0.,0.));
#12262=DIRECTION('',(0.,0.,1.));
#12263=DIRECTION('',(1.,0.,0.));
#12264=DIRECTION('',(0.,0.,-1.));
#12265=DIRECTION('',(0.,0.,1.));
#12266=DIRECTION('',(1.,0.,0.));
#12267=DIRECTION('',(0.,1.,0.));
#12268=DIRECTION('',(0.,0.,1.));
#12269=DIRECTION('',(1.,0.,0.));
#12270=DIRECTION('',(0.,0.,-1.));
#12271=DIRECTION('',(1.,0.,0.));
#12272=DIRECTION('',(0.,0.,-1.));
#12273=DIRECTION('',(-1.,0.,0.));
#12274=DIRECTION('',(0.,0.,1.));
#12275=DIRECTION('',(1.,0.,0.));
#12276=DIRECTION('',(0.,0.,-1.));
#12277=DIRECTION('',(0.,0.,1.));
#12278=DIRECTION('',(1.,0.,0.));
#12279=DIRECTION('',(1.,0.,0.));
#12280=DIRECTION('',(0.,0.,-1.));
#12281=DIRECTION('',(0.,-1.,0.));
#12282=DIRECTION('',(0.,0.,-1.));
#12283=DIRECTION('',(0.,-1.,0.));
#12284=DIRECTION('',(0.,0.,-1.));
#12285=DIRECTION('',(-1.,0.,0.));
#12286=DIRECTION('',(0.,0.,1.));
#12287=DIRECTION('',(1.,0.,0.));
#12288=DIRECTION('',(0.,0.,-1.));
#12289=DIRECTION('',(0.,0.,1.));
#12290=DIRECTION('',(1.,0.,0.));
#12291=DIRECTION('',(0.,0.,-1.));
#12292=DIRECTION('',(-1.,0.,0.));
#12293=DIRECTION('',(0.,0.,1.));
#12294=DIRECTION('',(1.,0.,0.));
#12295=DIRECTION('',(0.,0.,-1.));
#12296=DIRECTION('',(0.,0.,1.));
#12297=DIRECTION('',(1.,0.,0.));
#12298=DIRECTION('',(0.,0.,-1.));
#12299=DIRECTION('',(1.,0.,0.));
#12300=DIRECTION('',(0.,0.,-1.));
#12301=DIRECTION('',(0.,-1.,0.));
#12302=DIRECTION('',(0.,0.,-1.));
#12303=DIRECTION('',(0.,-1.,0.));
#12304=DIRECTION('',(0.,0.,-1.));
#12305=DIRECTION('',(-1.,0.,0.));
#12306=DIRECTION('',(0.,0.,1.));
#12307=DIRECTION('',(1.,0.,0.));
#12308=DIRECTION('',(0.,0.,-1.));
#12309=DIRECTION('',(0.,0.,1.));
#12310=DIRECTION('',(1.,0.,0.));
#12311=DIRECTION('',(0.,1.,0.));
#12312=DIRECTION('',(0.,0.,1.));
#12313=DIRECTION('',(1.,0.,0.));
#12314=DIRECTION('',(0.,0.,-1.));
#12315=DIRECTION('',(1.,0.,0.));
#12316=DIRECTION('',(0.,0.,-1.));
#12317=DIRECTION('',(-1.,0.,0.));
#12318=DIRECTION('',(0.,0.,1.));
#12319=DIRECTION('',(1.,0.,0.));
#12320=DIRECTION('',(0.,0.,-1.));
#12321=DIRECTION('',(0.,0.,1.));
#12322=DIRECTION('',(1.,0.,0.));
#12323=DIRECTION('',(1.,0.,0.));
#12324=DIRECTION('',(0.,0.,-1.));
#12325=DIRECTION('',(0.,-1.,0.));
#12326=DIRECTION('',(0.,0.,-1.));
#12327=DIRECTION('',(0.,-1.,0.));
#12328=DIRECTION('',(0.,0.,-1.));
#12329=DIRECTION('',(-1.,0.,0.));
#12330=DIRECTION('',(0.,0.,1.));
#12331=DIRECTION('',(1.,0.,0.));
#12332=DIRECTION('',(0.,0.,-1.));
#12333=DIRECTION('',(0.,0.,1.));
#12334=DIRECTION('',(1.,0.,0.));
#12335=DIRECTION('',(0.,0.,-1.));
#12336=DIRECTION('',(-1.,0.,0.));
#12337=DIRECTION('',(0.,0.,1.));
#12338=DIRECTION('',(1.,0.,0.));
#12339=DIRECTION('',(0.,0.,-1.));
#12340=DIRECTION('',(0.,0.,1.));
#12341=DIRECTION('',(1.,0.,0.));
#12342=DIRECTION('',(0.,0.,-1.));
#12343=DIRECTION('',(1.,0.,0.));
#12344=DIRECTION('',(0.,0.,-1.));
#12345=DIRECTION('',(0.,-1.,0.));
#12346=DIRECTION('',(0.,0.,-1.));
#12347=DIRECTION('',(0.,-1.,0.));
#12348=DIRECTION('',(0.,0.,-1.));
#12349=DIRECTION('',(-1.,0.,0.));
#12350=DIRECTION('',(0.,0.,1.));
#12351=DIRECTION('',(1.,0.,0.));
#12352=DIRECTION('',(0.,0.,-1.));
#12353=DIRECTION('',(0.,0.,1.));
#12354=DIRECTION('',(1.,0.,0.));
#12355=DIRECTION('',(0.,1.,0.));
#12356=DIRECTION('',(0.,0.,1.));
#12357=DIRECTION('',(1.,0.,0.));
#12358=DIRECTION('',(0.,0.,-1.));
#12359=DIRECTION('',(1.,0.,0.));
#12360=DIRECTION('',(0.,0.,-1.));
#12361=DIRECTION('',(-1.,0.,0.));
#12362=DIRECTION('',(0.,0.,1.));
#12363=DIRECTION('',(1.,0.,0.));
#12364=DIRECTION('',(0.,0.,-1.));
#12365=DIRECTION('',(0.,0.,1.));
#12366=DIRECTION('',(1.,0.,0.));
#12367=DIRECTION('',(1.,0.,0.));
#12368=DIRECTION('',(0.,0.,-1.));
#12369=DIRECTION('',(0.,-1.,0.));
#12370=DIRECTION('',(0.,0.,-1.));
#12371=DIRECTION('',(0.,-1.,0.));
#12372=DIRECTION('',(0.,0.,-1.));
#12373=DIRECTION('',(-1.,0.,0.));
#12374=DIRECTION('',(0.,0.,1.));
#12375=DIRECTION('',(1.,0.,0.));
#12376=DIRECTION('',(0.,0.,-1.));
#12377=DIRECTION('',(0.,0.,1.));
#12378=DIRECTION('',(1.,0.,0.));
#12379=DIRECTION('',(0.,0.,-1.));
#12380=DIRECTION('',(-1.,0.,0.));
#12381=DIRECTION('',(0.,0.,1.));
#12382=DIRECTION('',(1.,0.,0.));
#12383=DIRECTION('',(0.,0.,-1.));
#12384=DIRECTION('',(0.,0.,1.));
#12385=DIRECTION('',(1.,0.,0.));
#12386=DIRECTION('',(0.,0.,-1.));
#12387=DIRECTION('',(1.,0.,0.));
#12388=DIRECTION('',(0.,0.,-1.));
#12389=DIRECTION('',(0.,-1.,0.));
#12390=DIRECTION('',(0.,0.,-1.));
#12391=DIRECTION('',(0.,-1.,0.));
#12392=DIRECTION('',(0.,0.,-1.));
#12393=DIRECTION('',(-1.,0.,0.));
#12394=DIRECTION('',(0.,0.,1.));
#12395=DIRECTION('',(1.,0.,0.));
#12396=DIRECTION('',(0.,0.,-1.));
#12397=DIRECTION('',(0.,0.,1.));
#12398=DIRECTION('',(1.,0.,0.));
#12399=DIRECTION('',(0.,1.,0.));
#12400=DIRECTION('',(0.,0.,1.));
#12401=DIRECTION('',(1.,0.,0.));
#12402=DIRECTION('',(0.,0.,-1.));
#12403=DIRECTION('',(1.,0.,0.));
#12404=DIRECTION('',(0.,0.,-1.));
#12405=DIRECTION('',(-1.,0.,0.));
#12406=DIRECTION('',(0.,0.,1.));
#12407=DIRECTION('',(1.,0.,0.));
#12408=DIRECTION('',(0.,0.,-1.));
#12409=DIRECTION('',(0.,0.,1.));
#12410=DIRECTION('',(1.,0.,0.));
#12411=DIRECTION('',(1.,0.,0.));
#12412=DIRECTION('',(0.,0.,-1.));
#12413=DIRECTION('',(0.,-1.,0.));
#12414=DIRECTION('',(0.,0.,-1.));
#12415=DIRECTION('',(0.,-1.,0.));
#12416=DIRECTION('',(0.,0.,-1.));
#12417=DIRECTION('',(-1.,0.,0.));
#12418=DIRECTION('',(0.,0.,1.));
#12419=DIRECTION('',(1.,0.,0.));
#12420=DIRECTION('',(0.,0.,-1.));
#12421=DIRECTION('',(0.,0.,1.));
#12422=DIRECTION('',(1.,0.,0.));
#12423=DIRECTION('',(0.,0.,-1.));
#12424=DIRECTION('',(-1.,0.,0.));
#12425=DIRECTION('',(0.,0.,1.));
#12426=DIRECTION('',(1.,0.,0.));
#12427=DIRECTION('',(0.,0.,-1.));
#12428=DIRECTION('',(0.,0.,1.));
#12429=DIRECTION('',(1.,0.,0.));
#12430=DIRECTION('',(0.,0.,-1.));
#12431=DIRECTION('',(0.,1.,0.));
#12432=DIRECTION('',(0.,0.,1.));
#12433=DIRECTION('',(1.,0.,0.));
#12434=DIRECTION('',(0.,0.,-1.));
#12435=DIRECTION('',(1.,0.,0.));
#12436=DIRECTION('',(0.,0.,-1.));
#12437=DIRECTION('',(-1.,0.,0.));
#12438=DIRECTION('',(0.,0.,1.));
#12439=DIRECTION('',(1.,0.,0.));
#12440=DIRECTION('',(0.,0.,-1.));
#12441=DIRECTION('',(0.,0.,1.));
#12442=DIRECTION('',(1.,0.,0.));
#12443=DIRECTION('',(1.,0.,0.));
#12444=DIRECTION('',(0.,0.,-1.));
#12445=DIRECTION('',(0.,-1.,0.));
#12446=DIRECTION('',(0.,0.,-1.));
#12447=DIRECTION('',(0.,-1.,0.));
#12448=DIRECTION('',(0.,0.,-1.));
#12449=DIRECTION('',(-1.,0.,0.));
#12450=DIRECTION('',(0.,0.,1.));
#12451=DIRECTION('',(1.,0.,0.));
#12452=DIRECTION('',(0.,0.,-1.));
#12453=DIRECTION('',(0.,0.,1.));
#12454=DIRECTION('',(1.,0.,0.));
#12455=DIRECTION('',(0.,1.,0.));
#12456=DIRECTION('',(0.,0.,1.));
#12457=DIRECTION('',(1.,0.,0.));
#12458=DIRECTION('',(0.,0.,-1.));
#12459=DIRECTION('',(1.,0.,0.));
#12460=DIRECTION('',(0.,0.,-1.));
#12461=DIRECTION('',(-1.,0.,0.));
#12462=DIRECTION('',(0.,0.,1.));
#12463=DIRECTION('',(1.,0.,0.));
#12464=DIRECTION('',(0.,0.,-1.));
#12465=DIRECTION('',(0.,0.,1.));
#12466=DIRECTION('',(1.,0.,0.));
#12467=DIRECTION('',(0.,0.,-1.));
#12468=DIRECTION('',(-1.,0.,0.));
#12469=DIRECTION('',(0.,0.,1.));
#12470=DIRECTION('',(1.,0.,0.));
#12471=DIRECTION('',(0.,0.,-1.));
#12472=DIRECTION('',(0.,0.,1.));
#12473=DIRECTION('',(1.,0.,0.));
#12474=DIRECTION('',(0.,0.,-1.));
#12475=DIRECTION('',(0.,1.,0.));
#12476=DIRECTION('',(0.,0.,1.));
#12477=DIRECTION('',(1.,0.,0.));
#12478=DIRECTION('',(0.,0.,-1.));
#12479=DIRECTION('',(1.,0.,0.));
#12480=DIRECTION('',(0.,0.,-1.));
#12481=DIRECTION('',(-1.,0.,0.));
#12482=DIRECTION('',(0.,0.,1.));
#12483=DIRECTION('',(1.,0.,0.));
#12484=DIRECTION('',(0.,0.,-1.));
#12485=DIRECTION('',(0.,0.,1.));
#12486=DIRECTION('',(1.,0.,0.));
#12487=DIRECTION('',(1.,0.,0.));
#12488=DIRECTION('',(0.,0.,-1.));
#12489=DIRECTION('',(0.,-1.,0.));
#12490=DIRECTION('',(0.,0.,-1.));
#12491=DIRECTION('',(0.,-1.,0.));
#12492=DIRECTION('',(0.,0.,-1.));
#12493=DIRECTION('',(-1.,0.,0.));
#12494=DIRECTION('',(0.,0.,1.));
#12495=DIRECTION('',(1.,0.,0.));
#12496=DIRECTION('',(0.,0.,-1.));
#12497=DIRECTION('',(0.,0.,1.));
#12498=DIRECTION('',(1.,0.,0.));
#12499=DIRECTION('',(0.,1.,0.));
#12500=DIRECTION('',(0.,0.,1.));
#12501=DIRECTION('',(1.,0.,0.));
#12502=DIRECTION('',(0.,0.,-1.));
#12503=DIRECTION('',(1.,0.,0.));
#12504=DIRECTION('',(0.,0.,-1.));
#12505=DIRECTION('',(-1.,0.,0.));
#12506=DIRECTION('',(0.,0.,1.));
#12507=DIRECTION('',(1.,0.,0.));
#12508=DIRECTION('',(0.,0.,-1.));
#12509=DIRECTION('',(0.,0.,1.));
#12510=DIRECTION('',(1.,0.,0.));
#12511=DIRECTION('',(0.,0.,-1.));
#12512=DIRECTION('',(-1.,0.,0.));
#12513=DIRECTION('',(0.,0.,1.));
#12514=DIRECTION('',(1.,0.,0.));
#12515=DIRECTION('',(0.,0.,-1.));
#12516=DIRECTION('',(0.,0.,1.));
#12517=DIRECTION('',(1.,0.,0.));
#12518=DIRECTION('',(0.,0.,-1.));
#12519=DIRECTION('',(1.,0.,0.));
#12520=DIRECTION('',(0.,0.,-1.));
#12521=DIRECTION('',(0.,-1.,0.));
#12522=DIRECTION('',(0.,0.,-1.));
#12523=DIRECTION('',(0.,-1.,0.));
#12524=DIRECTION('',(0.,0.,-1.));
#12525=DIRECTION('',(-1.,0.,0.));
#12526=DIRECTION('',(0.,0.,1.));
#12527=DIRECTION('',(1.,0.,0.));
#12528=DIRECTION('',(0.,0.,-1.));
#12529=DIRECTION('',(0.,0.,1.));
#12530=DIRECTION('',(1.,0.,0.));
#12531=DIRECTION('',(0.,1.,0.));
#12532=DIRECTION('',(0.,0.,1.));
#12533=DIRECTION('',(1.,0.,0.));
#12534=DIRECTION('',(0.,0.,-1.));
#12535=DIRECTION('',(1.,0.,0.));
#12536=DIRECTION('',(0.,0.,-1.));
#12537=DIRECTION('',(-1.,0.,0.));
#12538=DIRECTION('',(0.,0.,1.));
#12539=DIRECTION('',(1.,0.,0.));
#12540=DIRECTION('',(0.,0.,-1.));
#12541=DIRECTION('',(0.,0.,1.));
#12542=DIRECTION('',(1.,0.,0.));
#12543=DIRECTION('',(1.,0.,0.));
#12544=DIRECTION('',(0.,0.,-1.));
#12545=DIRECTION('',(0.,-1.,0.));
#12546=DIRECTION('',(0.,0.,-1.));
#12547=DIRECTION('',(0.,-1.,0.));
#12548=DIRECTION('',(0.,0.,-1.));
#12549=DIRECTION('',(-1.,0.,0.));
#12550=DIRECTION('',(0.,0.,1.));
#12551=DIRECTION('',(1.,0.,0.));
#12552=DIRECTION('',(0.,0.,-1.));
#12553=DIRECTION('',(0.,0.,1.));
#12554=DIRECTION('',(1.,0.,0.));
#12555=DIRECTION('',(0.,0.,-1.));
#12556=DIRECTION('',(-1.,0.,0.));
#12557=DIRECTION('',(0.,0.,1.));
#12558=DIRECTION('',(1.,0.,0.));
#12559=DIRECTION('',(0.,0.,-1.));
#12560=DIRECTION('',(0.,0.,1.));
#12561=DIRECTION('',(1.,0.,0.));
#12562=DIRECTION('',(0.,0.,-1.));
#12563=DIRECTION('',(0.,1.,0.));
#12564=DIRECTION('',(0.,0.,1.));
#12565=DIRECTION('',(1.,0.,0.));
#12566=DIRECTION('',(0.,0.,-1.));
#12567=DIRECTION('',(1.,0.,0.));
#12568=DIRECTION('',(0.,0.,-1.));
#12569=DIRECTION('',(-1.,0.,0.));
#12570=DIRECTION('',(0.,0.,1.));
#12571=DIRECTION('',(1.,0.,0.));
#12572=DIRECTION('',(0.,0.,-1.));
#12573=DIRECTION('',(0.,0.,1.));
#12574=DIRECTION('',(1.,0.,0.));
#12575=DIRECTION('',(1.,0.,0.));
#12576=DIRECTION('',(0.,0.,-1.));
#12577=DIRECTION('',(0.,-1.,0.));
#12578=DIRECTION('',(0.,0.,-1.));
#12579=DIRECTION('',(0.,-1.,0.));
#12580=DIRECTION('',(0.,0.,-1.));
#12581=DIRECTION('',(-1.,0.,0.));
#12582=DIRECTION('',(0.,0.,1.));
#12583=DIRECTION('',(1.,0.,0.));
#12584=DIRECTION('',(0.,0.,-1.));
#12585=DIRECTION('',(0.,0.,1.));
#12586=DIRECTION('',(1.,0.,0.));
#12587=DIRECTION('',(0.,1.,0.));
#12588=DIRECTION('',(0.,0.,1.));
#12589=DIRECTION('',(1.,0.,0.));
#12590=DIRECTION('',(0.,0.,-1.));
#12591=DIRECTION('',(1.,0.,0.));
#12592=DIRECTION('',(0.,0.,-1.));
#12593=DIRECTION('',(-1.,0.,0.));
#12594=DIRECTION('',(0.,0.,1.));
#12595=DIRECTION('',(1.,0.,0.));
#12596=DIRECTION('',(0.,0.,-1.));
#12597=DIRECTION('',(0.,0.,1.));
#12598=DIRECTION('',(1.,0.,0.));
#12599=DIRECTION('',(0.,0.,-1.));
#12600=DIRECTION('',(-1.,0.,0.));
#12601=DIRECTION('',(0.,0.,1.));
#12602=DIRECTION('',(1.,0.,0.));
#12603=DIRECTION('',(0.,0.,-1.));
#12604=DIRECTION('',(0.,0.,1.));
#12605=DIRECTION('',(1.,0.,0.));
#12606=DIRECTION('',(0.,0.,-1.));
#12607=DIRECTION('',(1.,0.,0.));
#12608=DIRECTION('',(0.,0.,-1.));
#12609=DIRECTION('',(0.,-1.,0.));
#12610=DIRECTION('',(0.,0.,-1.));
#12611=DIRECTION('',(0.,-1.,0.));
#12612=DIRECTION('',(0.,0.,-1.));
#12613=DIRECTION('',(-1.,0.,0.));
#12614=DIRECTION('',(0.,0.,1.));
#12615=DIRECTION('',(1.,0.,0.));
#12616=DIRECTION('',(0.,0.,-1.));
#12617=DIRECTION('',(0.,0.,1.));
#12618=DIRECTION('',(1.,0.,0.));
#12619=DIRECTION('',(0.,1.,0.));
#12620=DIRECTION('',(0.,0.,1.));
#12621=DIRECTION('',(1.,0.,0.));
#12622=DIRECTION('',(0.,0.,-1.));
#12623=DIRECTION('',(1.,0.,0.));
#12624=DIRECTION('',(0.,0.,-1.));
#12625=DIRECTION('',(-1.,0.,0.));
#12626=DIRECTION('',(0.,0.,1.));
#12627=DIRECTION('',(1.,0.,0.));
#12628=DIRECTION('',(0.,0.,-1.));
#12629=DIRECTION('',(0.,0.,1.));
#12630=DIRECTION('',(1.,0.,0.));
#12631=DIRECTION('',(1.,0.,0.));
#12632=DIRECTION('',(0.,0.,-1.));
#12633=DIRECTION('',(0.,-1.,0.));
#12634=DIRECTION('',(0.,0.,-1.));
#12635=DIRECTION('',(0.,-1.,0.));
#12636=DIRECTION('',(0.,0.,-1.));
#12637=DIRECTION('',(-1.,0.,0.));
#12638=DIRECTION('',(0.,0.,1.));
#12639=DIRECTION('',(1.,0.,0.));
#12640=DIRECTION('',(0.,0.,-1.));
#12641=DIRECTION('',(0.,0.,1.));
#12642=DIRECTION('',(1.,0.,0.));
#12643=DIRECTION('',(0.,0.,-1.));
#12644=DIRECTION('',(-1.,0.,0.));
#12645=DIRECTION('',(0.,0.,1.));
#12646=DIRECTION('',(1.,0.,0.));
#12647=DIRECTION('',(0.,0.,-1.));
#12648=DIRECTION('',(0.,0.,1.));
#12649=DIRECTION('',(1.,0.,0.));
#12650=DIRECTION('',(0.,0.,-1.));
#12651=DIRECTION('',(1.,0.,0.));
#12652=DIRECTION('',(0.,0.,-1.));
#12653=DIRECTION('',(0.,-1.,0.));
#12654=DIRECTION('',(0.,0.,-1.));
#12655=DIRECTION('',(0.,-1.,0.));
#12656=DIRECTION('',(0.,0.,-1.));
#12657=DIRECTION('',(-1.,0.,0.));
#12658=DIRECTION('',(0.,0.,1.));
#12659=DIRECTION('',(1.,0.,0.));
#12660=DIRECTION('',(0.,0.,-1.));
#12661=DIRECTION('',(0.,0.,1.));
#12662=DIRECTION('',(1.,0.,0.));
#12663=DIRECTION('',(0.,1.,0.));
#12664=DIRECTION('',(0.,0.,1.));
#12665=DIRECTION('',(1.,0.,0.));
#12666=DIRECTION('',(0.,0.,-1.));
#12667=DIRECTION('',(1.,0.,0.));
#12668=DIRECTION('',(0.,0.,-1.));
#12669=DIRECTION('',(-1.,0.,0.));
#12670=DIRECTION('',(0.,0.,1.));
#12671=DIRECTION('',(1.,0.,0.));
#12672=DIRECTION('',(0.,0.,-1.));
#12673=DIRECTION('',(0.,0.,1.));
#12674=DIRECTION('',(1.,0.,0.));
#12675=DIRECTION('',(1.,0.,0.));
#12676=DIRECTION('',(0.,0.,-1.));
#12677=DIRECTION('',(0.,-1.,0.));
#12678=DIRECTION('',(0.,0.,-1.));
#12679=DIRECTION('',(0.,-1.,0.));
#12680=DIRECTION('',(0.,0.,-1.));
#12681=DIRECTION('',(-1.,0.,0.));
#12682=DIRECTION('',(0.,0.,1.));
#12683=DIRECTION('',(1.,0.,0.));
#12684=DIRECTION('',(0.,0.,-1.));
#12685=DIRECTION('',(0.,0.,1.));
#12686=DIRECTION('',(1.,0.,0.));
#12687=DIRECTION('',(0.,0.,-1.));
#12688=DIRECTION('',(-1.,0.,0.));
#12689=DIRECTION('',(0.,0.,1.));
#12690=DIRECTION('',(1.,0.,0.));
#12691=DIRECTION('',(0.,0.,-1.));
#12692=DIRECTION('',(0.,0.,1.));
#12693=DIRECTION('',(1.,0.,0.));
#12694=DIRECTION('',(0.,0.,-1.));
#12695=DIRECTION('',(1.,0.,0.));
#12696=DIRECTION('',(0.,0.,-1.));
#12697=DIRECTION('',(0.,-1.,0.));
#12698=DIRECTION('',(0.,0.,-1.));
#12699=DIRECTION('',(0.,-1.,0.));
#12700=DIRECTION('',(0.,0.,-1.));
#12701=DIRECTION('',(-1.,0.,0.));
#12702=DIRECTION('',(0.,0.,1.));
#12703=DIRECTION('',(1.,0.,0.));
#12704=DIRECTION('',(0.,0.,-1.));
#12705=DIRECTION('',(0.,0.,1.));
#12706=DIRECTION('',(1.,0.,0.));
#12707=DIRECTION('',(0.,1.,0.));
#12708=DIRECTION('',(0.,0.,1.));
#12709=DIRECTION('',(1.,0.,0.));
#12710=DIRECTION('',(0.,0.,-1.));
#12711=DIRECTION('',(1.,0.,0.));
#12712=DIRECTION('',(0.,0.,-1.));
#12713=DIRECTION('',(-1.,0.,0.));
#12714=DIRECTION('',(0.,0.,1.));
#12715=DIRECTION('',(1.,0.,0.));
#12716=DIRECTION('',(0.,0.,-1.));
#12717=DIRECTION('',(0.,0.,1.));
#12718=DIRECTION('',(1.,0.,0.));
#12719=DIRECTION('',(1.,0.,0.));
#12720=DIRECTION('',(0.,0.,-1.));
#12721=DIRECTION('',(0.,-1.,0.));
#12722=DIRECTION('',(0.,0.,-1.));
#12723=DIRECTION('',(0.,-1.,0.));
#12724=DIRECTION('',(0.,0.,-1.));
#12725=DIRECTION('',(-1.,0.,0.));
#12726=DIRECTION('',(0.,0.,1.));
#12727=DIRECTION('',(1.,0.,0.));
#12728=DIRECTION('',(0.,0.,-1.));
#12729=DIRECTION('',(0.,0.,1.));
#12730=DIRECTION('',(1.,0.,0.));
#12731=DIRECTION('',(0.,0.,-1.));
#12732=DIRECTION('',(-1.,0.,0.));
#12733=DIRECTION('',(0.,0.,1.));
#12734=DIRECTION('',(1.,0.,0.));
#12735=DIRECTION('',(0.,0.,-1.));
#12736=DIRECTION('',(0.,0.,1.));
#12737=DIRECTION('',(1.,0.,0.));
#12738=DIRECTION('',(0.,0.,-1.));
#12739=DIRECTION('',(1.,0.,0.));
#12740=DIRECTION('',(0.,0.,-1.));
#12741=DIRECTION('',(0.,-1.,0.));
#12742=DIRECTION('',(0.,0.,-1.));
#12743=DIRECTION('',(0.,-1.,0.));
#12744=DIRECTION('',(0.,0.,-1.));
#12745=DIRECTION('',(-1.,0.,0.));
#12746=DIRECTION('',(0.,0.,1.));
#12747=DIRECTION('',(1.,0.,0.));
#12748=DIRECTION('',(0.,0.,-1.));
#12749=DIRECTION('',(0.,0.,1.));
#12750=DIRECTION('',(1.,0.,0.));
#12751=DIRECTION('',(0.,1.,0.));
#12752=DIRECTION('',(0.,0.,1.));
#12753=DIRECTION('',(1.,0.,0.));
#12754=DIRECTION('',(0.,0.,-1.));
#12755=DIRECTION('',(1.,0.,0.));
#12756=DIRECTION('',(0.,0.,-1.));
#12757=DIRECTION('',(-1.,0.,0.));
#12758=DIRECTION('',(0.,0.,1.));
#12759=DIRECTION('',(1.,0.,0.));
#12760=DIRECTION('',(0.,0.,-1.));
#12761=DIRECTION('',(0.,0.,1.));
#12762=DIRECTION('',(1.,0.,0.));
#12763=DIRECTION('',(1.,0.,0.));
#12764=DIRECTION('',(0.,0.,-1.));
#12765=DIRECTION('',(0.,-1.,0.));
#12766=DIRECTION('',(0.,0.,-1.));
#12767=DIRECTION('',(0.,-1.,0.));
#12768=DIRECTION('',(0.,0.,-1.));
#12769=DIRECTION('',(-1.,0.,0.));
#12770=DIRECTION('',(0.,0.,1.));
#12771=DIRECTION('',(1.,0.,0.));
#12772=DIRECTION('',(0.,0.,-1.));
#12773=DIRECTION('',(0.,0.,1.));
#12774=DIRECTION('',(1.,0.,0.));
#12775=DIRECTION('',(0.,0.,-1.));
#12776=DIRECTION('',(-1.,0.,0.));
#12777=DIRECTION('',(0.,0.,1.));
#12778=DIRECTION('',(1.,0.,0.));
#12779=DIRECTION('',(0.,0.,-1.));
#12780=DIRECTION('',(0.,0.,1.));
#12781=DIRECTION('',(1.,0.,0.));
#12782=DIRECTION('',(0.,0.,-1.));
#12783=DIRECTION('',(0.,1.,0.));
#12784=DIRECTION('',(0.,0.,1.));
#12785=DIRECTION('',(1.,0.,0.));
#12786=DIRECTION('',(0.,0.,-1.));
#12787=DIRECTION('',(1.,0.,0.));
#12788=DIRECTION('',(0.,0.,-1.));
#12789=DIRECTION('',(-1.,0.,0.));
#12790=DIRECTION('',(0.,0.,1.));
#12791=DIRECTION('',(1.,0.,0.));
#12792=DIRECTION('',(0.,0.,-1.));
#12793=DIRECTION('',(0.,0.,1.));
#12794=DIRECTION('',(1.,0.,0.));
#12795=DIRECTION('',(1.,0.,0.));
#12796=DIRECTION('',(0.,0.,-1.));
#12797=DIRECTION('',(0.,-1.,0.));
#12798=DIRECTION('',(0.,0.,-1.));
#12799=DIRECTION('',(0.,-1.,0.));
#12800=DIRECTION('',(0.,0.,-1.));
#12801=DIRECTION('',(-1.,0.,0.));
#12802=DIRECTION('',(0.,0.,1.));
#12803=DIRECTION('',(1.,0.,0.));
#12804=DIRECTION('',(0.,0.,-1.));
#12805=DIRECTION('',(0.,0.,1.));
#12806=DIRECTION('',(1.,0.,0.));
#12807=DIRECTION('',(0.,1.,0.));
#12808=DIRECTION('',(0.,0.,1.));
#12809=DIRECTION('',(1.,0.,0.));
#12810=DIRECTION('',(0.,0.,-1.));
#12811=DIRECTION('',(1.,0.,0.));
#12812=DIRECTION('',(0.,0.,-1.));
#12813=DIRECTION('',(-1.,0.,0.));
#12814=DIRECTION('',(0.,0.,1.));
#12815=DIRECTION('',(1.,0.,0.));
#12816=DIRECTION('',(0.,0.,-1.));
#12817=DIRECTION('',(0.,0.,1.));
#12818=DIRECTION('',(1.,0.,0.));
#12819=DIRECTION('',(0.,0.,-1.));
#12820=DIRECTION('',(-1.,0.,0.));
#12821=DIRECTION('',(0.,0.,1.));
#12822=DIRECTION('',(1.,0.,0.));
#12823=DIRECTION('',(0.,0.,-1.));
#12824=DIRECTION('',(0.,0.,1.));
#12825=DIRECTION('',(1.,0.,0.));
#12826=DIRECTION('',(0.,0.,-1.));
#12827=DIRECTION('',(0.,1.,0.));
#12828=DIRECTION('',(0.,0.,1.));
#12829=DIRECTION('',(1.,0.,0.));
#12830=DIRECTION('',(0.,0.,-1.));
#12831=DIRECTION('',(1.,0.,0.));
#12832=DIRECTION('',(0.,0.,-1.));
#12833=DIRECTION('',(-1.,0.,0.));
#12834=DIRECTION('',(0.,0.,1.));
#12835=DIRECTION('',(1.,0.,0.));
#12836=DIRECTION('',(0.,0.,-1.));
#12837=DIRECTION('',(0.,0.,1.));
#12838=DIRECTION('',(1.,0.,0.));
#12839=DIRECTION('',(1.,0.,0.));
#12840=DIRECTION('',(0.,0.,-1.));
#12841=DIRECTION('',(0.,-1.,0.));
#12842=DIRECTION('',(0.,0.,-1.));
#12843=DIRECTION('',(0.,-1.,0.));
#12844=DIRECTION('',(0.,0.,-1.));
#12845=DIRECTION('',(-1.,0.,0.));
#12846=DIRECTION('',(0.,0.,1.));
#12847=DIRECTION('',(1.,0.,0.));
#12848=DIRECTION('',(0.,0.,-1.));
#12849=DIRECTION('',(0.,0.,1.));
#12850=DIRECTION('',(1.,0.,0.));
#12851=DIRECTION('',(0.,1.,0.));
#12852=DIRECTION('',(0.,0.,1.));
#12853=DIRECTION('',(1.,0.,0.));
#12854=DIRECTION('',(0.,0.,-1.));
#12855=DIRECTION('',(1.,0.,0.));
#12856=DIRECTION('',(0.,0.,-1.));
#12857=DIRECTION('',(-1.,0.,0.));
#12858=DIRECTION('',(0.,0.,1.));
#12859=DIRECTION('',(1.,0.,0.));
#12860=DIRECTION('',(0.,0.,-1.));
#12861=DIRECTION('',(0.,0.,1.));
#12862=DIRECTION('',(1.,0.,0.));
#12863=DIRECTION('',(0.,0.,-1.));
#12864=DIRECTION('',(-1.,0.,0.));
#12865=DIRECTION('',(0.,0.,1.));
#12866=DIRECTION('',(1.,0.,0.));
#12867=DIRECTION('',(0.,0.,-1.));
#12868=DIRECTION('',(0.,0.,1.));
#12869=DIRECTION('',(1.,0.,0.));
#12870=DIRECTION('',(0.,0.,-1.));
#12871=DIRECTION('',(1.,0.,0.));
#12872=DIRECTION('',(0.,0.,-1.));
#12873=DIRECTION('',(0.,-1.,0.));
#12874=DIRECTION('',(0.,0.,-1.));
#12875=DIRECTION('',(0.,-1.,0.));
#12876=DIRECTION('',(0.,0.,-1.));
#12877=DIRECTION('',(-1.,0.,0.));
#12878=DIRECTION('',(0.,0.,1.));
#12879=DIRECTION('',(1.,0.,0.));
#12880=DIRECTION('',(0.,0.,-1.));
#12881=DIRECTION('',(0.,0.,1.));
#12882=DIRECTION('',(1.,0.,0.));
#12883=DIRECTION('',(0.,1.,0.));
#12884=DIRECTION('',(0.,0.,1.));
#12885=DIRECTION('',(1.,0.,0.));
#12886=DIRECTION('',(0.,0.,-1.));
#12887=DIRECTION('',(1.,0.,0.));
#12888=DIRECTION('',(0.,0.,-1.));
#12889=DIRECTION('',(-1.,0.,0.));
#12890=DIRECTION('',(0.,0.,1.));
#12891=DIRECTION('',(1.,0.,0.));
#12892=DIRECTION('',(0.,0.,-1.));
#12893=DIRECTION('',(0.,0.,1.));
#12894=DIRECTION('',(1.,0.,0.));
#12895=DIRECTION('',(1.,0.,0.));
#12896=DIRECTION('',(0.,0.,-1.));
#12897=DIRECTION('',(0.,-1.,0.));
#12898=DIRECTION('',(0.,0.,-1.));
#12899=DIRECTION('',(0.,-1.,0.));
#12900=DIRECTION('',(0.,0.,-1.));
#12901=DIRECTION('',(-1.,0.,0.));
#12902=DIRECTION('',(0.,0.,1.));
#12903=DIRECTION('',(1.,0.,0.));
#12904=DIRECTION('',(0.,0.,-1.));
#12905=DIRECTION('',(0.,0.,1.));
#12906=DIRECTION('',(1.,0.,0.));
#12907=DIRECTION('',(0.,0.,-1.));
#12908=DIRECTION('',(-1.,0.,0.));
#12909=DIRECTION('',(0.,0.,1.));
#12910=DIRECTION('',(1.,0.,0.));
#12911=DIRECTION('',(0.,0.,-1.));
#12912=DIRECTION('',(0.,0.,1.));
#12913=DIRECTION('',(1.,0.,0.));
#12914=DIRECTION('',(0.,0.,-1.));
#12915=DIRECTION('',(0.,1.,0.));
#12916=DIRECTION('',(0.,0.,1.));
#12917=DIRECTION('',(1.,0.,0.));
#12918=DIRECTION('',(0.,0.,-1.));
#12919=DIRECTION('',(1.,0.,0.));
#12920=DIRECTION('',(0.,0.,-1.));
#12921=DIRECTION('',(-1.,0.,0.));
#12922=DIRECTION('',(0.,0.,1.));
#12923=DIRECTION('',(1.,0.,0.));
#12924=DIRECTION('',(0.,0.,-1.));
#12925=DIRECTION('',(0.,0.,1.));
#12926=DIRECTION('',(1.,0.,0.));
#12927=DIRECTION('',(1.,0.,0.));
#12928=DIRECTION('',(0.,0.,-1.));
#12929=DIRECTION('',(0.,-1.,0.));
#12930=DIRECTION('',(0.,0.,-1.));
#12931=DIRECTION('',(0.,-1.,0.));
#12932=DIRECTION('',(0.,0.,-1.));
#12933=DIRECTION('',(-1.,0.,0.));
#12934=DIRECTION('',(0.,0.,1.));
#12935=DIRECTION('',(1.,0.,0.));
#12936=DIRECTION('',(0.,0.,-1.));
#12937=DIRECTION('',(0.,0.,1.));
#12938=DIRECTION('',(1.,0.,0.));
#12939=DIRECTION('',(0.,1.,0.));
#12940=DIRECTION('',(0.,0.,1.));
#12941=DIRECTION('',(1.,0.,0.));
#12942=DIRECTION('',(0.,0.,-1.));
#12943=DIRECTION('',(1.,0.,0.));
#12944=DIRECTION('',(0.,0.,-1.));
#12945=DIRECTION('',(-1.,0.,0.));
#12946=DIRECTION('',(0.,0.,1.));
#12947=DIRECTION('',(1.,0.,0.));
#12948=DIRECTION('',(0.,0.,-1.));
#12949=DIRECTION('',(0.,0.,1.));
#12950=DIRECTION('',(1.,0.,0.));
#12951=DIRECTION('',(0.,0.,-1.));
#12952=DIRECTION('',(-1.,0.,0.));
#12953=DIRECTION('',(0.,0.,1.));
#12954=DIRECTION('',(1.,0.,0.));
#12955=DIRECTION('',(0.,0.,-1.));
#12956=DIRECTION('',(0.,0.,1.));
#12957=DIRECTION('',(1.,0.,0.));
#12958=DIRECTION('',(0.,0.,-1.));
#12959=DIRECTION('',(0.,1.,0.));
#12960=DIRECTION('',(0.,0.,1.));
#12961=DIRECTION('',(1.,0.,0.));
#12962=DIRECTION('',(0.,0.,-1.));
#12963=DIRECTION('',(1.,0.,0.));
#12964=DIRECTION('',(0.,0.,-1.));
#12965=DIRECTION('',(-1.,0.,0.));
#12966=DIRECTION('',(0.,0.,1.));
#12967=DIRECTION('',(1.,0.,0.));
#12968=DIRECTION('',(0.,0.,-1.));
#12969=DIRECTION('',(0.,0.,1.));
#12970=DIRECTION('',(1.,0.,0.));
#12971=DIRECTION('',(1.,0.,0.));
#12972=DIRECTION('',(0.,0.,-1.));
#12973=DIRECTION('',(0.,-1.,0.));
#12974=DIRECTION('',(0.,0.,-1.));
#12975=DIRECTION('',(0.,-1.,0.));
#12976=DIRECTION('',(0.,0.,-1.));
#12977=DIRECTION('',(-1.,0.,0.));
#12978=DIRECTION('',(0.,0.,1.));
#12979=DIRECTION('',(1.,0.,0.));
#12980=DIRECTION('',(0.,0.,-1.));
#12981=DIRECTION('',(0.,0.,1.));
#12982=DIRECTION('',(1.,0.,0.));
#12983=DIRECTION('',(0.,1.,0.));
#12984=DIRECTION('',(0.,0.,1.));
#12985=DIRECTION('',(1.,0.,0.));
#12986=DIRECTION('',(0.,0.,-1.));
#12987=DIRECTION('',(1.,0.,0.));
#12988=DIRECTION('',(0.,0.,-1.));
#12989=DIRECTION('',(-1.,0.,0.));
#12990=DIRECTION('',(0.,0.,1.));
#12991=DIRECTION('',(1.,0.,0.));
#12992=DIRECTION('',(0.,0.,-1.));
#12993=DIRECTION('',(0.,0.,1.));
#12994=DIRECTION('',(1.,0.,0.));
#12995=DIRECTION('',(0.,0.,-1.));
#12996=DIRECTION('',(-1.,0.,0.));
#12997=DIRECTION('',(0.,0.,1.));
#12998=DIRECTION('',(1.,0.,0.));
#12999=DIRECTION('',(0.,0.,-1.));
#13000=DIRECTION('',(0.,0.,1.));
#13001=DIRECTION('',(1.,0.,0.));
#13002=DIRECTION('',(0.,0.,-1.));
#13003=DIRECTION('',(1.,0.,0.));
#13004=DIRECTION('',(0.,0.,-1.));
#13005=DIRECTION('',(0.,-1.,0.));
#13006=DIRECTION('',(0.,0.,-1.));
#13007=DIRECTION('',(0.,-1.,0.));
#13008=DIRECTION('',(0.,0.,-1.));
#13009=DIRECTION('',(-1.,0.,0.));
#13010=DIRECTION('',(0.,0.,1.));
#13011=DIRECTION('',(1.,0.,0.));
#13012=DIRECTION('',(0.,0.,-1.));
#13013=DIRECTION('',(0.,0.,1.));
#13014=DIRECTION('',(1.,0.,0.));
#13015=DIRECTION('',(0.,1.,0.));
#13016=DIRECTION('',(0.,0.,1.));
#13017=DIRECTION('',(1.,0.,0.));
#13018=DIRECTION('',(0.,0.,-1.));
#13019=DIRECTION('',(1.,0.,0.));
#13020=DIRECTION('',(0.,0.,-1.));
#13021=DIRECTION('',(-1.,0.,0.));
#13022=DIRECTION('',(0.,0.,1.));
#13023=DIRECTION('',(1.,0.,0.));
#13024=DIRECTION('',(0.,0.,-1.));
#13025=DIRECTION('',(0.,0.,1.));
#13026=DIRECTION('',(1.,0.,0.));
#13027=DIRECTION('',(1.,0.,0.));
#13028=DIRECTION('',(0.,0.,-1.));
#13029=DIRECTION('',(0.,-1.,0.));
#13030=DIRECTION('',(0.,0.,-1.));
#13031=DIRECTION('',(0.,-1.,0.));
#13032=DIRECTION('',(0.,0.,-1.));
#13033=DIRECTION('',(-1.,0.,0.));
#13034=DIRECTION('',(0.,0.,1.));
#13035=DIRECTION('',(1.,0.,0.));
#13036=DIRECTION('',(0.,0.,-1.));
#13037=DIRECTION('',(0.,0.,1.));
#13038=DIRECTION('',(1.,0.,0.));
#13039=DIRECTION('',(0.,0.,-1.));
#13040=DIRECTION('',(-1.,0.,0.));
#13041=DIRECTION('',(0.,0.,1.));
#13042=DIRECTION('',(1.,0.,0.));
#13043=DIRECTION('',(0.,0.,-1.));
#13044=DIRECTION('',(0.,0.,1.));
#13045=DIRECTION('',(1.,0.,0.));
#13046=DIRECTION('',(0.,0.,-1.));
#13047=DIRECTION('',(0.,1.,0.));
#13048=DIRECTION('',(0.,0.,1.));
#13049=DIRECTION('',(1.,0.,0.));
#13050=DIRECTION('',(0.,0.,-1.));
#13051=DIRECTION('',(1.,0.,0.));
#13052=DIRECTION('',(0.,0.,-1.));
#13053=DIRECTION('',(-1.,0.,0.));
#13054=DIRECTION('',(0.,0.,1.));
#13055=DIRECTION('',(1.,0.,0.));
#13056=DIRECTION('',(0.,0.,-1.));
#13057=DIRECTION('',(0.,0.,1.));
#13058=DIRECTION('',(1.,0.,0.));
#13059=DIRECTION('',(1.,0.,0.));
#13060=DIRECTION('',(0.,0.,-1.));
#13061=DIRECTION('',(0.,-1.,0.));
#13062=DIRECTION('',(0.,0.,-1.));
#13063=DIRECTION('',(0.,-1.,0.));
#13064=DIRECTION('',(0.,0.,-1.));
#13065=DIRECTION('',(-1.,0.,0.));
#13066=DIRECTION('',(0.,0.,1.));
#13067=DIRECTION('',(1.,0.,0.));
#13068=DIRECTION('',(0.,0.,-1.));
#13069=DIRECTION('',(0.,0.,1.));
#13070=DIRECTION('',(1.,0.,0.));
#13071=DIRECTION('',(0.,1.,0.));
#13072=DIRECTION('',(0.,0.,1.));
#13073=DIRECTION('',(1.,0.,0.));
#13074=DIRECTION('',(0.,0.,-1.));
#13075=DIRECTION('',(1.,0.,0.));
#13076=DIRECTION('',(0.,0.,-1.));
#13077=DIRECTION('',(-1.,0.,0.));
#13078=DIRECTION('',(0.,0.,1.));
#13079=DIRECTION('',(1.,0.,0.));
#13080=DIRECTION('',(0.,0.,-1.));
#13081=DIRECTION('',(0.,0.,1.));
#13082=DIRECTION('',(1.,0.,0.));
#13083=DIRECTION('',(0.,0.,-1.));
#13084=DIRECTION('',(-1.,0.,0.));
#13085=DIRECTION('',(0.,0.,1.));
#13086=DIRECTION('',(1.,0.,0.));
#13087=DIRECTION('',(0.,0.,-1.));
#13088=DIRECTION('',(0.,0.,1.));
#13089=DIRECTION('',(1.,0.,0.));
#13090=DIRECTION('',(0.,0.,-1.));
#13091=DIRECTION('',(1.,0.,0.));
#13092=DIRECTION('',(0.,0.,-1.));
#13093=DIRECTION('',(0.,-1.,0.));
#13094=DIRECTION('',(0.,0.,-1.));
#13095=DIRECTION('',(0.,-1.,0.));
#13096=DIRECTION('',(0.,0.,-1.));
#13097=DIRECTION('',(-1.,0.,0.));
#13098=DIRECTION('',(0.,0.,1.));
#13099=DIRECTION('',(1.,0.,0.));
#13100=DIRECTION('',(0.,0.,-1.));
#13101=DIRECTION('',(0.,0.,1.));
#13102=DIRECTION('',(1.,0.,0.));
#13103=DIRECTION('',(0.,1.,0.));
#13104=DIRECTION('',(0.,0.,1.));
#13105=DIRECTION('',(1.,0.,0.));
#13106=DIRECTION('',(0.,0.,-1.));
#13107=DIRECTION('',(1.,0.,0.));
#13108=DIRECTION('',(0.,0.,-1.));
#13109=DIRECTION('',(-1.,0.,0.));
#13110=DIRECTION('',(0.,0.,1.));
#13111=DIRECTION('',(1.,0.,0.));
#13112=DIRECTION('',(0.,0.,-1.));
#13113=DIRECTION('',(0.,0.,1.));
#13114=DIRECTION('',(1.,0.,0.));
#13115=DIRECTION('',(1.,0.,0.));
#13116=DIRECTION('',(0.,0.,-1.));
#13117=DIRECTION('',(0.,-1.,0.));
#13118=DIRECTION('',(0.,0.,-1.));
#13119=DIRECTION('',(0.,-1.,0.));
#13120=DIRECTION('',(0.,0.,-1.));
#13121=DIRECTION('',(-1.,0.,0.));
#13122=DIRECTION('',(0.,0.,1.));
#13123=DIRECTION('',(1.,0.,0.));
#13124=DIRECTION('',(0.,0.,-1.));
#13125=DIRECTION('',(0.,0.,1.));
#13126=DIRECTION('',(1.,0.,0.));
#13127=DIRECTION('',(-1.,0.,0.));
#13128=DIRECTION('',(0.,0.,1.));
#13129=DIRECTION('',(0.,1.,0.));
#13130=DIRECTION('',(0.,0.,-1.));
#13131=DIRECTION('',(0.,1.,0.));
#13132=DIRECTION('',(0.,0.,-1.));
#13133=DIRECTION('',(0.,-1.,0.));
#13134=DIRECTION('',(0.,0.,-1.));
#13135=DIRECTION('',(-1.,0.,0.));
#13136=DIRECTION('',(0.,0.,-1.));
#13137=DIRECTION('',(-1.,0.,0.));
#13138=DIRECTION('',(0.,0.,-1.));
#13139=DIRECTION('',(-1.,0.,0.));
#13140=DIRECTION('',(0.,0.,1.));
#13141=DIRECTION('',(1.,0.,0.));
#13142=DIRECTION('',(0.,0.,-1.));
#13143=DIRECTION('',(0.,0.,1.));
#13144=DIRECTION('',(1.,0.,0.));
#13145=DIRECTION('',(1.,0.,0.));
#13146=DIRECTION('',(0.,0.,-1.));
#13147=DIRECTION('',(0.,-1.,0.));
#13148=DIRECTION('',(0.,0.,-1.));
#13149=DIRECTION('',(0.,-1.,0.));
#13150=DIRECTION('',(0.,0.,-1.));
#13151=DIRECTION('',(-1.,0.,0.));
#13152=DIRECTION('',(0.,0.,1.));
#13153=DIRECTION('',(1.,0.,0.));
#13154=DIRECTION('',(0.,0.,-1.));
#13155=DIRECTION('',(0.,0.,1.));
#13156=DIRECTION('',(1.,0.,0.));
#13157=DIRECTION('',(-6.30205890962519E-6,0.999999999980142,0.));
#13158=DIRECTION('',(-0.999999999980142,-6.30205890962519E-6,0.));
#13159=DIRECTION('',(0.999999999980142,6.30205890962519E-6,0.));
#13160=DIRECTION('',(0.,0.,-1.));
#13161=DIRECTION('',(0.999999999980142,6.30205890962519E-6,0.));
#13162=DIRECTION('',(-0.999999999980142,-6.3020589097908E-6,0.));
#13163=DIRECTION('',(6.30205890979081E-6,-0.999999999980142,0.));
#13164=DIRECTION('',(-6.30205890979081E-6,0.999999999980142,0.));
#13165=DIRECTION('',(0.,0.,-1.));
#13166=DIRECTION('',(-6.30205890979081E-6,0.999999999980142,0.));
#13167=DIRECTION('',(0.,-1.,0.));
#13168=DIRECTION('',(0.,0.,-1.));
#13169=DIRECTION('',(-1.,0.,0.));
#13170=DIRECTION('',(0.,0.,-1.));
#13171=DIRECTION('',(-1.,0.,0.));
#13172=DIRECTION('',(0.999999999980142,6.30205890997383E-6,0.));
#13173=DIRECTION('',(-6.30205890997383E-6,0.999999999980142,0.));
#13174=DIRECTION('',(6.30205890997383E-6,-0.999999999980142,0.));
#13175=DIRECTION('',(0.,0.,-1.));
#13176=DIRECTION('',(6.30205890997383E-6,-0.999999999980142,0.));
#13177=DIRECTION('',(-1.,4.84524475501788E-17,0.));
#13178=DIRECTION('',(-4.84524475501788E-17,-1.,0.));
#13179=DIRECTION('',(4.84524475501788E-17,1.,0.));
#13180=DIRECTION('',(0.,0.,-1.));
#13181=DIRECTION('',(4.84524475501788E-17,1.,0.));
#13182=DIRECTION('',(0.,-1.,0.));
#13183=DIRECTION('',(0.,0.,-1.));
#13184=DIRECTION('',(-1.,0.,0.));
#13185=DIRECTION('',(0.,0.,-1.));
#13186=DIRECTION('',(-1.,0.,0.));
#13187=DIRECTION('',(-1.,-1.82123199577617E-16,0.));
#13188=DIRECTION('',(1.82123199577617E-16,-1.,0.));
#13189=DIRECTION('',(-1.82123199577617E-16,1.,0.));
#13190=DIRECTION('',(0.,0.,-1.));
#13191=DIRECTION('',(-1.82123199577617E-16,1.,0.));
#13192=DIRECTION('',(1.22464679914735E-16,-1.,0.));
#13193=DIRECTION('',(1.,1.22464679914735E-16,0.));
#13194=DIRECTION('',(-1.,-1.22464679914735E-16,0.));
#13195=DIRECTION('',(0.,0.,-1.));
#13196=DIRECTION('',(-1.,-1.22464679914735E-16,0.));
#13197=DIRECTION('',(1.,0.,0.));
#13198=DIRECTION('',(0.,0.,-1.));
#13199=DIRECTION('',(0.,-1.,0.));
#13200=DIRECTION('',(0.,0.,-1.));
#13201=DIRECTION('',(0.,-1.,0.));
#13202=DIRECTION('',(0.,0.,-1.));
#13203=DIRECTION('',(-1.,0.,0.));
#13204=DIRECTION('',(0.,0.,1.));
#13205=DIRECTION('',(1.,0.,0.));
#13206=DIRECTION('',(0.,0.,-1.));
#13207=DIRECTION('',(0.,0.,1.));
#13208=DIRECTION('',(1.,0.,0.));
#13209=DIRECTION('',(0.,0.,-1.));
#13210=DIRECTION('',(1.,0.,0.));
#13211=DIRECTION('',(0.,0.,-1.));
#13212=DIRECTION('',(0.,-1.,0.));
#13213=DIRECTION('',(0.,0.,-1.));
#13214=DIRECTION('',(0.,-1.,0.));
#13215=DIRECTION('',(0.,0.,-1.));
#13216=DIRECTION('',(-1.,0.,0.));
#13217=DIRECTION('',(0.,0.,1.));
#13218=DIRECTION('',(1.,0.,0.));
#13219=DIRECTION('',(0.,0.,-1.));
#13220=DIRECTION('',(0.,0.,1.));
#13221=DIRECTION('',(1.,0.,0.));
#13222=DIRECTION('',(0.,1.,0.));
#13223=DIRECTION('',(0.,0.,1.));
#13224=DIRECTION('',(1.,0.,0.));
#13225=DIRECTION('',(0.,0.,-1.));
#13226=DIRECTION('',(1.,0.,0.));
#13227=DIRECTION('',(0.,0.,-1.));
#13228=DIRECTION('',(-1.,0.,0.));
#13229=DIRECTION('',(0.,0.,1.));
#13230=DIRECTION('',(1.,0.,0.));
#13231=DIRECTION('',(0.,0.,-1.));
#13232=DIRECTION('',(0.,0.,1.));
#13233=DIRECTION('',(1.,0.,0.));
#13234=DIRECTION('',(1.,0.,0.));
#13235=DIRECTION('',(0.,0.,-1.));
#13236=DIRECTION('',(0.,-1.,0.));
#13237=DIRECTION('',(0.,0.,-1.));
#13238=DIRECTION('',(0.,-1.,0.));
#13239=DIRECTION('',(0.,0.,-1.));
#13240=DIRECTION('',(-1.,0.,0.));
#13241=DIRECTION('',(0.,0.,1.));
#13242=DIRECTION('',(1.,0.,0.));
#13243=DIRECTION('',(0.,0.,-1.));
#13244=DIRECTION('',(0.,0.,1.));
#13245=DIRECTION('',(1.,0.,0.));
#13246=DIRECTION('',(0.,0.,-1.));
#13247=DIRECTION('',(-1.,0.,0.));
#13248=DIRECTION('',(0.,0.,1.));
#13249=DIRECTION('',(1.,0.,0.));
#13250=DIRECTION('',(0.,0.,-1.));
#13251=DIRECTION('',(0.,0.,1.));
#13252=DIRECTION('',(1.,0.,0.));
#13253=DIRECTION('',(0.,0.,-1.));
#13254=DIRECTION('',(1.,0.,0.));
#13255=DIRECTION('',(0.,0.,-1.));
#13256=DIRECTION('',(0.,-1.,0.));
#13257=DIRECTION('',(0.,0.,-1.));
#13258=DIRECTION('',(0.,-1.,0.));
#13259=DIRECTION('',(0.,0.,-1.));
#13260=DIRECTION('',(-1.,0.,0.));
#13261=DIRECTION('',(0.,0.,1.));
#13262=DIRECTION('',(1.,0.,0.));
#13263=DIRECTION('',(0.,0.,-1.));
#13264=DIRECTION('',(0.,0.,1.));
#13265=DIRECTION('',(1.,0.,0.));
#13266=DIRECTION('',(0.,1.,0.));
#13267=DIRECTION('',(0.,0.,1.));
#13268=DIRECTION('',(1.,0.,0.));
#13269=DIRECTION('',(0.,0.,-1.));
#13270=DIRECTION('',(1.,0.,0.));
#13271=DIRECTION('',(0.,0.,-1.));
#13272=DIRECTION('',(-1.,0.,0.));
#13273=DIRECTION('',(0.,0.,1.));
#13274=DIRECTION('',(1.,0.,0.));
#13275=DIRECTION('',(0.,0.,-1.));
#13276=DIRECTION('',(0.,0.,1.));
#13277=DIRECTION('',(1.,0.,0.));
#13278=DIRECTION('',(1.,0.,0.));
#13279=DIRECTION('',(0.,0.,-1.));
#13280=DIRECTION('',(0.,-1.,0.));
#13281=DIRECTION('',(0.,0.,-1.));
#13282=DIRECTION('',(0.,-1.,0.));
#13283=DIRECTION('',(0.,0.,-1.));
#13284=DIRECTION('',(-1.,0.,0.));
#13285=DIRECTION('',(0.,0.,1.));
#13286=DIRECTION('',(1.,0.,0.));
#13287=DIRECTION('',(0.,0.,-1.));
#13288=DIRECTION('',(0.,0.,1.));
#13289=DIRECTION('',(1.,0.,0.));
#13290=DIRECTION('',(0.,0.,-1.));
#13291=DIRECTION('',(-1.,0.,0.));
#13292=DIRECTION('',(0.,0.,1.));
#13293=DIRECTION('',(1.,0.,0.));
#13294=DIRECTION('',(0.,0.,-1.));
#13295=DIRECTION('',(0.,0.,1.));
#13296=DIRECTION('',(1.,0.,0.));
#13297=DIRECTION('',(0.,0.,-1.));
#13298=DIRECTION('',(1.,0.,0.));
#13299=DIRECTION('',(0.,0.,-1.));
#13300=DIRECTION('',(0.,-1.,0.));
#13301=DIRECTION('',(0.,0.,-1.));
#13302=DIRECTION('',(0.,-1.,0.));
#13303=DIRECTION('',(0.,0.,-1.));
#13304=DIRECTION('',(-1.,0.,0.));
#13305=DIRECTION('',(0.,0.,1.));
#13306=DIRECTION('',(1.,0.,0.));
#13307=DIRECTION('',(0.,0.,-1.));
#13308=DIRECTION('',(0.,0.,1.));
#13309=DIRECTION('',(1.,0.,0.));
#13310=DIRECTION('',(0.,1.,0.));
#13311=DIRECTION('',(0.,0.,1.));
#13312=DIRECTION('',(1.,0.,0.));
#13313=DIRECTION('',(0.,0.,-1.));
#13314=DIRECTION('',(1.,0.,0.));
#13315=DIRECTION('',(0.,0.,-1.));
#13316=DIRECTION('',(-1.,0.,0.));
#13317=DIRECTION('',(0.,0.,1.));
#13318=DIRECTION('',(1.,0.,0.));
#13319=DIRECTION('',(0.,0.,-1.));
#13320=DIRECTION('',(0.,0.,1.));
#13321=DIRECTION('',(1.,0.,0.));
#13322=DIRECTION('',(1.,0.,0.));
#13323=DIRECTION('',(0.,0.,-1.));
#13324=DIRECTION('',(0.,-1.,0.));
#13325=DIRECTION('',(0.,0.,-1.));
#13326=DIRECTION('',(0.,-1.,0.));
#13327=DIRECTION('',(0.,0.,-1.));
#13328=DIRECTION('',(-1.,0.,0.));
#13329=DIRECTION('',(0.,0.,1.));
#13330=DIRECTION('',(1.,0.,0.));
#13331=DIRECTION('',(0.,0.,-1.));
#13332=DIRECTION('',(0.,0.,1.));
#13333=DIRECTION('',(1.,0.,0.));
#13334=DIRECTION('',(0.,0.,-1.));
#13335=DIRECTION('',(-1.,0.,0.));
#13336=DIRECTION('',(0.,0.,1.));
#13337=DIRECTION('',(1.,0.,0.));
#13338=DIRECTION('',(0.,0.,-1.));
#13339=DIRECTION('',(0.,0.,1.));
#13340=DIRECTION('',(1.,0.,0.));
#13341=DIRECTION('',(0.,0.,-1.));
#13342=DIRECTION('',(0.,1.,0.));
#13343=DIRECTION('',(0.,0.,1.));
#13344=DIRECTION('',(1.,0.,0.));
#13345=DIRECTION('',(0.,0.,-1.));
#13346=DIRECTION('',(1.,0.,0.));
#13347=DIRECTION('',(0.,0.,-1.));
#13348=DIRECTION('',(-1.,0.,0.));
#13349=DIRECTION('',(0.,0.,1.));
#13350=DIRECTION('',(1.,0.,0.));
#13351=DIRECTION('',(0.,0.,-1.));
#13352=DIRECTION('',(0.,0.,1.));
#13353=DIRECTION('',(1.,0.,0.));
#13354=DIRECTION('',(1.,0.,0.));
#13355=DIRECTION('',(0.,0.,-1.));
#13356=DIRECTION('',(0.,-1.,0.));
#13357=DIRECTION('',(0.,0.,-1.));
#13358=DIRECTION('',(0.,-1.,0.));
#13359=DIRECTION('',(0.,0.,-1.));
#13360=DIRECTION('',(-1.,0.,0.));
#13361=DIRECTION('',(0.,0.,1.));
#13362=DIRECTION('',(1.,0.,0.));
#13363=DIRECTION('',(0.,0.,-1.));
#13364=DIRECTION('',(0.,0.,1.));
#13365=DIRECTION('',(1.,0.,0.));
#13366=DIRECTION('',(0.,1.,0.));
#13367=DIRECTION('',(0.,0.,1.));
#13368=DIRECTION('',(1.,0.,0.));
#13369=DIRECTION('',(0.,0.,-1.));
#13370=DIRECTION('',(1.,0.,0.));
#13371=DIRECTION('',(0.,0.,-1.));
#13372=DIRECTION('',(-1.,0.,0.));
#13373=DIRECTION('',(0.,0.,1.));
#13374=DIRECTION('',(1.,0.,0.));
#13375=DIRECTION('',(0.,0.,-1.));
#13376=DIRECTION('',(0.,0.,1.));
#13377=DIRECTION('',(1.,0.,0.));
#13378=DIRECTION('',(0.,0.,-1.));
#13379=DIRECTION('',(-1.,0.,0.));
#13380=DIRECTION('',(0.,0.,1.));
#13381=DIRECTION('',(1.,0.,0.));
#13382=DIRECTION('',(0.,0.,-1.));
#13383=DIRECTION('',(0.,0.,1.));
#13384=DIRECTION('',(1.,0.,0.));
#13385=DIRECTION('',(0.,0.,-1.));
#13386=DIRECTION('',(0.,1.,0.));
#13387=DIRECTION('',(0.,0.,1.));
#13388=DIRECTION('',(1.,0.,0.));
#13389=DIRECTION('',(0.,0.,-1.));
#13390=DIRECTION('',(1.,0.,0.));
#13391=DIRECTION('',(0.,0.,-1.));
#13392=DIRECTION('',(-1.,0.,0.));
#13393=DIRECTION('',(0.,0.,1.));
#13394=DIRECTION('',(1.,0.,0.));
#13395=DIRECTION('',(0.,0.,-1.));
#13396=DIRECTION('',(0.,0.,1.));
#13397=DIRECTION('',(1.,0.,0.));
#13398=DIRECTION('',(1.,0.,0.));
#13399=DIRECTION('',(0.,0.,-1.));
#13400=DIRECTION('',(0.,-1.,0.));
#13401=DIRECTION('',(0.,0.,-1.));
#13402=DIRECTION('',(0.,-1.,0.));
#13403=DIRECTION('',(0.,0.,-1.));
#13404=DIRECTION('',(-1.,0.,0.));
#13405=DIRECTION('',(0.,0.,1.));
#13406=DIRECTION('',(1.,0.,0.));
#13407=DIRECTION('',(0.,0.,-1.));
#13408=DIRECTION('',(0.,0.,1.));
#13409=DIRECTION('',(1.,0.,0.));
#13410=DIRECTION('',(0.,1.,0.));
#13411=DIRECTION('',(0.,0.,1.));
#13412=DIRECTION('',(1.,0.,0.));
#13413=DIRECTION('',(0.,0.,-1.));
#13414=DIRECTION('',(1.,0.,0.));
#13415=DIRECTION('',(0.,0.,-1.));
#13416=DIRECTION('',(-1.,0.,0.));
#13417=DIRECTION('',(0.,0.,1.));
#13418=DIRECTION('',(1.,0.,0.));
#13419=DIRECTION('',(0.,0.,-1.));
#13420=DIRECTION('',(0.,0.,1.));
#13421=DIRECTION('',(1.,0.,0.));
#13422=DIRECTION('',(0.,0.,-1.));
#13423=DIRECTION('',(-1.,0.,0.));
#13424=DIRECTION('',(0.,0.,1.));
#13425=DIRECTION('',(1.,0.,0.));
#13426=DIRECTION('',(0.,0.,-1.));
#13427=DIRECTION('',(0.,0.,1.));
#13428=DIRECTION('',(1.,0.,0.));
#13429=DIRECTION('',(0.,0.,-1.));
#13430=DIRECTION('',(1.,0.,0.));
#13431=DIRECTION('',(0.,0.,-1.));
#13432=DIRECTION('',(0.,-1.,0.));
#13433=DIRECTION('',(0.,0.,-1.));
#13434=DIRECTION('',(0.,-1.,0.));
#13435=DIRECTION('',(0.,0.,-1.));
#13436=DIRECTION('',(-1.,0.,0.));
#13437=DIRECTION('',(0.,0.,1.));
#13438=DIRECTION('',(1.,0.,0.));
#13439=DIRECTION('',(0.,0.,-1.));
#13440=DIRECTION('',(0.,0.,1.));
#13441=DIRECTION('',(1.,0.,0.));
#13442=DIRECTION('',(0.,1.,0.));
#13443=DIRECTION('',(0.,0.,1.));
#13444=DIRECTION('',(1.,0.,0.));
#13445=DIRECTION('',(0.,0.,-1.));
#13446=DIRECTION('',(1.,0.,0.));
#13447=DIRECTION('',(0.,0.,-1.));
#13448=DIRECTION('',(-1.,0.,0.));
#13449=DIRECTION('',(0.,0.,1.));
#13450=DIRECTION('',(1.,0.,0.));
#13451=DIRECTION('',(0.,0.,-1.));
#13452=DIRECTION('',(0.,0.,1.));
#13453=DIRECTION('',(1.,0.,0.));
#13454=DIRECTION('',(1.,0.,0.));
#13455=DIRECTION('',(0.,0.,-1.));
#13456=DIRECTION('',(0.,-1.,0.));
#13457=DIRECTION('',(0.,0.,-1.));
#13458=DIRECTION('',(0.,-1.,0.));
#13459=DIRECTION('',(0.,0.,-1.));
#13460=DIRECTION('',(-1.,0.,0.));
#13461=DIRECTION('',(0.,0.,1.));
#13462=DIRECTION('',(1.,0.,0.));
#13463=DIRECTION('',(0.,0.,-1.));
#13464=DIRECTION('',(0.,0.,1.));
#13465=DIRECTION('',(1.,0.,0.));
#13466=DIRECTION('',(0.,0.,-1.));
#13467=DIRECTION('',(-1.,0.,0.));
#13468=DIRECTION('',(0.,0.,1.));
#13469=DIRECTION('',(1.,0.,0.));
#13470=DIRECTION('',(0.,0.,-1.));
#13471=DIRECTION('',(0.,0.,1.));
#13472=DIRECTION('',(1.,0.,0.));
#13473=DIRECTION('',(0.,0.,-1.));
#13474=DIRECTION('',(0.,1.,0.));
#13475=DIRECTION('',(0.,0.,1.));
#13476=DIRECTION('',(1.,0.,0.));
#13477=DIRECTION('',(0.,0.,-1.));
#13478=DIRECTION('',(1.,0.,0.));
#13479=DIRECTION('',(0.,0.,-1.));
#13480=DIRECTION('',(-1.,0.,0.));
#13481=DIRECTION('',(0.,0.,1.));
#13482=DIRECTION('',(1.,0.,0.));
#13483=DIRECTION('',(0.,0.,-1.));
#13484=DIRECTION('',(0.,0.,1.));
#13485=DIRECTION('',(1.,0.,0.));
#13486=DIRECTION('',(1.,0.,0.));
#13487=DIRECTION('',(0.,0.,-1.));
#13488=DIRECTION('',(0.,-1.,0.));
#13489=DIRECTION('',(0.,0.,-1.));
#13490=DIRECTION('',(0.,-1.,0.));
#13491=DIRECTION('',(0.,0.,-1.));
#13492=DIRECTION('',(-1.,0.,0.));
#13493=DIRECTION('',(0.,0.,1.));
#13494=DIRECTION('',(1.,0.,0.));
#13495=DIRECTION('',(0.,0.,-1.));
#13496=DIRECTION('',(0.,0.,1.));
#13497=DIRECTION('',(1.,0.,0.));
#13498=DIRECTION('',(0.,1.,0.));
#13499=DIRECTION('',(0.,0.,1.));
#13500=DIRECTION('',(1.,0.,0.));
#13501=DIRECTION('',(0.,0.,-1.));
#13502=DIRECTION('',(1.,0.,0.));
#13503=DIRECTION('',(0.,0.,-1.));
#13504=DIRECTION('',(-1.,0.,0.));
#13505=DIRECTION('',(0.,0.,1.));
#13506=DIRECTION('',(1.,0.,0.));
#13507=DIRECTION('',(0.,0.,-1.));
#13508=DIRECTION('',(0.,0.,1.));
#13509=DIRECTION('',(1.,0.,0.));
#13510=DIRECTION('',(0.,0.,-1.));
#13511=DIRECTION('',(-1.,0.,0.));
#13512=DIRECTION('',(0.,0.,1.));
#13513=DIRECTION('',(1.,0.,0.));
#13514=DIRECTION('',(0.,0.,-1.));
#13515=DIRECTION('',(0.,0.,1.));
#13516=DIRECTION('',(1.,0.,0.));
#13517=DIRECTION('',(0.,0.,-1.));
#13518=DIRECTION('',(0.,1.,0.));
#13519=DIRECTION('',(0.,0.,1.));
#13520=DIRECTION('',(1.,0.,0.));
#13521=DIRECTION('',(0.,0.,-1.));
#13522=DIRECTION('',(1.,0.,0.));
#13523=DIRECTION('',(0.,0.,-1.));
#13524=DIRECTION('',(-1.,0.,0.));
#13525=DIRECTION('',(0.,0.,1.));
#13526=DIRECTION('',(1.,0.,0.));
#13527=DIRECTION('',(0.,0.,-1.));
#13528=DIRECTION('',(0.,0.,1.));
#13529=DIRECTION('',(1.,0.,0.));
#13530=DIRECTION('',(1.,0.,0.));
#13531=DIRECTION('',(0.,0.,-1.));
#13532=DIRECTION('',(0.,-1.,0.));
#13533=DIRECTION('',(0.,0.,-1.));
#13534=DIRECTION('',(0.,-1.,0.));
#13535=DIRECTION('',(0.,0.,-1.));
#13536=DIRECTION('',(-1.,0.,0.));
#13537=DIRECTION('',(0.,0.,1.));
#13538=DIRECTION('',(1.,0.,0.));
#13539=DIRECTION('',(0.,0.,-1.));
#13540=DIRECTION('',(0.,0.,1.));
#13541=DIRECTION('',(1.,0.,0.));
#13542=DIRECTION('',(0.,1.,0.));
#13543=DIRECTION('',(0.,0.,1.));
#13544=DIRECTION('',(1.,0.,0.));
#13545=DIRECTION('',(0.,0.,-1.));
#13546=DIRECTION('',(1.,0.,0.));
#13547=DIRECTION('',(0.,0.,-1.));
#13548=DIRECTION('',(-1.,0.,0.));
#13549=DIRECTION('',(0.,0.,1.));
#13550=DIRECTION('',(1.,0.,0.));
#13551=DIRECTION('',(0.,0.,-1.));
#13552=DIRECTION('',(0.,0.,1.));
#13553=DIRECTION('',(1.,0.,0.));
#13554=DIRECTION('',(0.,0.,-1.));
#13555=DIRECTION('',(-1.,0.,0.));
#13556=DIRECTION('',(0.,0.,1.));
#13557=DIRECTION('',(1.,0.,0.));
#13558=DIRECTION('',(0.,0.,-1.));
#13559=DIRECTION('',(0.,0.,1.));
#13560=DIRECTION('',(1.,0.,0.));
#13561=DIRECTION('',(0.,0.,-1.));
#13562=DIRECTION('',(0.,1.,0.));
#13563=DIRECTION('',(0.,0.,1.));
#13564=DIRECTION('',(1.,0.,0.));
#13565=DIRECTION('',(0.,0.,-1.));
#13566=DIRECTION('',(1.,0.,0.));
#13567=DIRECTION('',(0.,0.,-1.));
#13568=DIRECTION('',(-1.,0.,0.));
#13569=DIRECTION('',(0.,0.,1.));
#13570=DIRECTION('',(1.,0.,0.));
#13571=DIRECTION('',(0.,0.,-1.));
#13572=DIRECTION('',(0.,0.,1.));
#13573=DIRECTION('',(1.,0.,0.));
#13574=DIRECTION('',(1.,0.,0.));
#13575=DIRECTION('',(0.,0.,-1.));
#13576=DIRECTION('',(0.,-1.,0.));
#13577=DIRECTION('',(0.,0.,-1.));
#13578=DIRECTION('',(0.,-1.,0.));
#13579=DIRECTION('',(0.,0.,-1.));
#13580=DIRECTION('',(-1.,0.,0.));
#13581=DIRECTION('',(0.,0.,1.));
#13582=DIRECTION('',(1.,0.,0.));
#13583=DIRECTION('',(0.,0.,-1.));
#13584=DIRECTION('',(0.,0.,1.));
#13585=DIRECTION('',(1.,0.,0.));
#13586=DIRECTION('',(0.,1.,0.));
#13587=DIRECTION('',(0.,0.,1.));
#13588=DIRECTION('',(1.,0.,0.));
#13589=DIRECTION('',(0.,0.,-1.));
#13590=DIRECTION('',(1.,0.,0.));
#13591=DIRECTION('',(0.,0.,-1.));
#13592=DIRECTION('',(-1.,0.,0.));
#13593=DIRECTION('',(0.,0.,1.));
#13594=DIRECTION('',(1.,0.,0.));
#13595=DIRECTION('',(0.,0.,-1.));
#13596=DIRECTION('',(0.,0.,1.));
#13597=DIRECTION('',(1.,0.,0.));
#13598=DIRECTION('',(0.,0.,-1.));
#13599=DIRECTION('',(-1.,0.,0.));
#13600=DIRECTION('',(0.,0.,1.));
#13601=DIRECTION('',(1.,0.,0.));
#13602=DIRECTION('',(0.,0.,-1.));
#13603=DIRECTION('',(0.,0.,1.));
#13604=DIRECTION('',(1.,0.,0.));
#13605=DIRECTION('',(0.,0.,-1.));
#13606=DIRECTION('',(0.,1.,0.));
#13607=DIRECTION('',(0.,0.,1.));
#13608=DIRECTION('',(1.,0.,0.));
#13609=DIRECTION('',(0.,0.,-1.));
#13610=DIRECTION('',(1.,0.,0.));
#13611=DIRECTION('',(0.,0.,-1.));
#13612=DIRECTION('',(-1.,0.,0.));
#13613=DIRECTION('',(0.,0.,1.));
#13614=DIRECTION('',(1.,0.,0.));
#13615=DIRECTION('',(0.,0.,-1.));
#13616=DIRECTION('',(0.,0.,1.));
#13617=DIRECTION('',(1.,0.,0.));
#13618=DIRECTION('',(1.,0.,0.));
#13619=DIRECTION('',(0.,0.,-1.));
#13620=DIRECTION('',(0.,-1.,0.));
#13621=DIRECTION('',(0.,0.,-1.));
#13622=DIRECTION('',(0.,-1.,0.));
#13623=DIRECTION('',(0.,0.,-1.));
#13624=DIRECTION('',(-1.,0.,0.));
#13625=DIRECTION('',(0.,0.,1.));
#13626=DIRECTION('',(1.,0.,0.));
#13627=DIRECTION('',(0.,0.,-1.));
#13628=DIRECTION('',(0.,0.,1.));
#13629=DIRECTION('',(1.,0.,0.));
#13630=DIRECTION('',(0.,1.,0.));
#13631=DIRECTION('',(0.,0.,1.));
#13632=DIRECTION('',(1.,0.,0.));
#13633=DIRECTION('',(0.,0.,-1.));
#13634=DIRECTION('',(1.,0.,0.));
#13635=DIRECTION('',(0.,0.,-1.));
#13636=DIRECTION('',(-1.,0.,0.));
#13637=DIRECTION('',(0.,0.,1.));
#13638=DIRECTION('',(1.,0.,0.));
#13639=DIRECTION('',(0.,0.,-1.));
#13640=DIRECTION('',(0.,0.,1.));
#13641=DIRECTION('',(1.,0.,0.));
#13642=DIRECTION('',(0.,0.,-1.));
#13643=DIRECTION('',(-1.,0.,0.));
#13644=DIRECTION('',(0.,0.,1.));
#13645=DIRECTION('',(1.,0.,0.));
#13646=DIRECTION('',(0.,0.,-1.));
#13647=DIRECTION('',(0.,0.,1.));
#13648=DIRECTION('',(1.,0.,0.));
#13649=DIRECTION('',(0.,0.,-1.));
#13650=DIRECTION('',(0.,1.,0.));
#13651=DIRECTION('',(0.,0.,1.));
#13652=DIRECTION('',(1.,0.,0.));
#13653=DIRECTION('',(0.,0.,-1.));
#13654=DIRECTION('',(1.,0.,0.));
#13655=DIRECTION('',(0.,0.,-1.));
#13656=DIRECTION('',(-1.,0.,0.));
#13657=DIRECTION('',(0.,0.,1.));
#13658=DIRECTION('',(1.,0.,0.));
#13659=DIRECTION('',(0.,0.,-1.));
#13660=DIRECTION('',(0.,0.,1.));
#13661=DIRECTION('',(1.,0.,0.));
#13662=DIRECTION('',(1.,0.,0.));
#13663=DIRECTION('',(0.,0.,-1.));
#13664=DIRECTION('',(0.,-1.,0.));
#13665=DIRECTION('',(0.,0.,-1.));
#13666=DIRECTION('',(0.,-1.,0.));
#13667=DIRECTION('',(0.,0.,-1.));
#13668=DIRECTION('',(-1.,0.,0.));
#13669=DIRECTION('',(0.,0.,1.));
#13670=DIRECTION('',(1.,0.,0.));
#13671=DIRECTION('',(0.,0.,-1.));
#13672=DIRECTION('',(0.,0.,1.));
#13673=DIRECTION('',(1.,0.,0.));
#13674=DIRECTION('',(0.,1.,0.));
#13675=DIRECTION('',(0.,0.,1.));
#13676=DIRECTION('',(1.,0.,0.));
#13677=DIRECTION('',(0.,0.,-1.));
#13678=DIRECTION('',(1.,0.,0.));
#13679=DIRECTION('',(0.,0.,-1.));
#13680=DIRECTION('',(-1.,0.,0.));
#13681=DIRECTION('',(0.,0.,1.));
#13682=DIRECTION('',(1.,0.,0.));
#13683=DIRECTION('',(0.,0.,-1.));
#13684=DIRECTION('',(0.,0.,1.));
#13685=DIRECTION('',(1.,0.,0.));
#13686=DIRECTION('',(0.,0.,-1.));
#13687=DIRECTION('',(-1.,0.,0.));
#13688=DIRECTION('',(0.,0.,1.));
#13689=DIRECTION('',(1.,0.,0.));
#13690=DIRECTION('',(0.,0.,-1.));
#13691=DIRECTION('',(0.,0.,1.));
#13692=DIRECTION('',(1.,0.,0.));
#13693=DIRECTION('',(0.,0.,-1.));
#13694=DIRECTION('',(0.,1.,0.));
#13695=DIRECTION('',(0.,0.,1.));
#13696=DIRECTION('',(1.,0.,0.));
#13697=DIRECTION('',(0.,0.,-1.));
#13698=DIRECTION('',(1.,0.,0.));
#13699=DIRECTION('',(0.,0.,-1.));
#13700=DIRECTION('',(-1.,0.,0.));
#13701=DIRECTION('',(0.,0.,1.));
#13702=DIRECTION('',(1.,0.,0.));
#13703=DIRECTION('',(0.,0.,-1.));
#13704=DIRECTION('',(0.,0.,1.));
#13705=DIRECTION('',(1.,0.,0.));
#13706=DIRECTION('',(1.,0.,0.));
#13707=DIRECTION('',(0.,0.,-1.));
#13708=DIRECTION('',(0.,-1.,0.));
#13709=DIRECTION('',(0.,0.,-1.));
#13710=DIRECTION('',(0.,-1.,0.));
#13711=DIRECTION('',(0.,0.,-1.));
#13712=DIRECTION('',(-1.,0.,0.));
#13713=DIRECTION('',(0.,0.,1.));
#13714=DIRECTION('',(1.,0.,0.));
#13715=DIRECTION('',(0.,0.,-1.));
#13716=DIRECTION('',(0.,0.,1.));
#13717=DIRECTION('',(1.,0.,0.));
#13718=DIRECTION('',(0.,1.,0.));
#13719=DIRECTION('',(0.,0.,1.));
#13720=DIRECTION('',(1.,0.,0.));
#13721=DIRECTION('',(0.,0.,-1.));
#13722=DIRECTION('',(1.,0.,0.));
#13723=DIRECTION('',(0.,0.,-1.));
#13724=DIRECTION('',(-1.,0.,0.));
#13725=DIRECTION('',(0.,0.,1.));
#13726=DIRECTION('',(1.,0.,0.));
#13727=DIRECTION('',(0.,0.,-1.));
#13728=DIRECTION('',(0.,0.,1.));
#13729=DIRECTION('',(1.,0.,0.));
#13730=DIRECTION('',(0.,0.,-1.));
#13731=DIRECTION('',(-1.,0.,0.));
#13732=DIRECTION('',(0.,0.,1.));
#13733=DIRECTION('',(1.,0.,0.));
#13734=DIRECTION('',(0.,0.,-1.));
#13735=DIRECTION('',(0.,0.,1.));
#13736=DIRECTION('',(1.,0.,0.));
#13737=DIRECTION('',(0.,0.,-1.));
#13738=DIRECTION('',(0.,1.,0.));
#13739=DIRECTION('',(0.,0.,1.));
#13740=DIRECTION('',(1.,0.,0.));
#13741=DIRECTION('',(0.,0.,-1.));
#13742=DIRECTION('',(1.,0.,0.));
#13743=DIRECTION('',(0.,0.,-1.));
#13744=DIRECTION('',(-1.,0.,0.));
#13745=DIRECTION('',(0.,0.,1.));
#13746=DIRECTION('',(1.,0.,0.));
#13747=DIRECTION('',(0.,0.,-1.));
#13748=DIRECTION('',(0.,0.,1.));
#13749=DIRECTION('',(1.,0.,0.));
#13750=DIRECTION('',(1.,0.,0.));
#13751=DIRECTION('',(0.,0.,-1.));
#13752=DIRECTION('',(0.,-1.,0.));
#13753=DIRECTION('',(0.,0.,-1.));
#13754=DIRECTION('',(0.,-1.,0.));
#13755=DIRECTION('',(0.,0.,-1.));
#13756=DIRECTION('',(-1.,0.,0.));
#13757=DIRECTION('',(0.,0.,1.));
#13758=DIRECTION('',(1.,0.,0.));
#13759=DIRECTION('',(0.,0.,-1.));
#13760=DIRECTION('',(0.,0.,1.));
#13761=DIRECTION('',(1.,0.,0.));
#13762=DIRECTION('',(0.,1.,0.));
#13763=DIRECTION('',(0.,0.,1.));
#13764=DIRECTION('',(1.,0.,0.));
#13765=DIRECTION('',(0.,0.,-1.));
#13766=DIRECTION('',(1.,0.,0.));
#13767=DIRECTION('',(0.,0.,-1.));
#13768=DIRECTION('',(-1.,0.,0.));
#13769=DIRECTION('',(0.,0.,1.));
#13770=DIRECTION('',(1.,0.,0.));
#13771=DIRECTION('',(0.,0.,-1.));
#13772=DIRECTION('',(0.,0.,1.));
#13773=DIRECTION('',(1.,0.,0.));
#13774=DIRECTION('',(0.,0.,-1.));
#13775=DIRECTION('',(-1.,0.,0.));
#13776=DIRECTION('',(0.,0.,1.));
#13777=DIRECTION('',(1.,0.,0.));
#13778=DIRECTION('',(0.,0.,-1.));
#13779=DIRECTION('',(0.,0.,1.));
#13780=DIRECTION('',(1.,0.,0.));
#13781=DIRECTION('',(0.,0.,-1.));
#13782=DIRECTION('',(1.,0.,0.));
#13783=DIRECTION('',(0.,0.,-1.));
#13784=DIRECTION('',(0.,-1.,0.));
#13785=DIRECTION('',(0.,0.,-1.));
#13786=DIRECTION('',(0.,-1.,0.));
#13787=DIRECTION('',(0.,0.,-1.));
#13788=DIRECTION('',(-1.,0.,0.));
#13789=DIRECTION('',(0.,0.,1.));
#13790=DIRECTION('',(1.,0.,0.));
#13791=DIRECTION('',(0.,0.,-1.));
#13792=DIRECTION('',(0.,0.,1.));
#13793=DIRECTION('',(1.,0.,0.));
#13794=DIRECTION('',(0.,1.,0.));
#13795=DIRECTION('',(0.,0.,1.));
#13796=DIRECTION('',(1.,0.,0.));
#13797=DIRECTION('',(0.,0.,-1.));
#13798=DIRECTION('',(1.,0.,0.));
#13799=DIRECTION('',(0.,0.,-1.));
#13800=DIRECTION('',(-1.,0.,0.));
#13801=DIRECTION('',(0.,0.,1.));
#13802=DIRECTION('',(1.,0.,0.));
#13803=DIRECTION('',(0.,0.,-1.));
#13804=DIRECTION('',(0.,0.,1.));
#13805=DIRECTION('',(1.,0.,0.));
#13806=DIRECTION('',(1.,0.,0.));
#13807=DIRECTION('',(0.,0.,-1.));
#13808=DIRECTION('',(0.,-1.,0.));
#13809=DIRECTION('',(0.,0.,-1.));
#13810=DIRECTION('',(0.,-1.,0.));
#13811=DIRECTION('',(0.,0.,-1.));
#13812=DIRECTION('',(-1.,0.,0.));
#13813=DIRECTION('',(0.,0.,1.));
#13814=DIRECTION('',(1.,0.,0.));
#13815=DIRECTION('',(0.,0.,-1.));
#13816=DIRECTION('',(0.,0.,1.));
#13817=DIRECTION('',(1.,0.,0.));
#13818=DIRECTION('',(1.,0.,0.));
#13819=DIRECTION('',(0.,0.,-1.));
#13820=DIRECTION('',(0.,-1.,0.));
#13821=DIRECTION('',(0.,0.,-1.));
#13822=DIRECTION('',(0.,-1.,0.));
#13823=DIRECTION('',(0.,0.,-1.));
#13824=DIRECTION('',(0.,0.,-1.));
#13825=DIRECTION('',(-1.,0.,0.));
#13826=DIRECTION('',(0.,0.,1.));
#13827=DIRECTION('',(1.,0.,0.));
#13828=DIRECTION('',(0.,0.,-1.));
#13829=DIRECTION('',(0.,0.,1.));
#13830=DIRECTION('',(1.,0.,0.));
#13831=DIRECTION('',(0.,1.,0.));
#13832=DIRECTION('',(0.,0.,1.));
#13833=DIRECTION('',(1.,0.,0.));
#13834=DIRECTION('',(0.,0.,-1.));
#13835=DIRECTION('',(1.,0.,0.));
#13836=DIRECTION('',(0.,0.,-1.));
#13837=DIRECTION('',(-1.,0.,0.));
#13838=DIRECTION('',(0.,0.,1.));
#13839=DIRECTION('',(1.,0.,0.));
#13840=DIRECTION('',(0.,0.,-1.));
#13841=DIRECTION('',(0.,0.,1.));
#13842=DIRECTION('',(1.,0.,0.));
#13843=DIRECTION('',(1.,0.,0.));
#13844=DIRECTION('',(0.,0.,-1.));
#13845=DIRECTION('',(0.,-1.,0.));
#13846=DIRECTION('',(0.,0.,-1.));
#13847=DIRECTION('',(0.,-1.,0.));
#13848=DIRECTION('',(0.,0.,-1.));
#13849=DIRECTION('',(-1.,0.,0.));
#13850=DIRECTION('',(0.,0.,1.));
#13851=DIRECTION('',(1.,0.,0.));
#13852=DIRECTION('',(0.,0.,-1.));
#13853=DIRECTION('',(0.,0.,1.));
#13854=DIRECTION('',(1.,0.,0.));
#13855=DIRECTION('',(0.,1.,0.));
#13856=DIRECTION('',(0.,0.,1.));
#13857=DIRECTION('',(1.,0.,0.));
#13858=DIRECTION('',(0.,0.,-1.));
#13859=DIRECTION('',(1.,0.,0.));
#13860=DIRECTION('',(0.,0.,-1.));
#13861=DIRECTION('',(-1.,0.,0.));
#13862=DIRECTION('',(0.,0.,1.));
#13863=DIRECTION('',(1.,0.,0.));
#13864=DIRECTION('',(0.,0.,-1.));
#13865=DIRECTION('',(0.,0.,1.));
#13866=DIRECTION('',(1.,0.,0.));
#13867=DIRECTION('',(0.,0.,-1.));
#13868=DIRECTION('',(1.,0.,0.));
#13869=DIRECTION('',(0.,0.,-1.));
#13870=DIRECTION('',(0.,-1.,0.));
#13871=DIRECTION('',(0.,0.,-1.));
#13872=DIRECTION('',(0.,-1.,0.));
#13873=DIRECTION('',(0.,0.,-1.));
#13874=DIRECTION('',(-1.,0.,0.));
#13875=DIRECTION('',(0.,0.,1.));
#13876=DIRECTION('',(1.,0.,0.));
#13877=DIRECTION('',(0.,0.,-1.));
#13878=DIRECTION('',(0.,0.,1.));
#13879=DIRECTION('',(1.,0.,0.));
#13880=DIRECTION('',(0.,1.,0.));
#13881=DIRECTION('',(0.,0.,1.));
#13882=DIRECTION('',(1.,0.,0.));
#13883=DIRECTION('',(0.,0.,-1.));
#13884=DIRECTION('',(1.,0.,0.));
#13885=DIRECTION('',(0.,0.,-1.));
#13886=DIRECTION('',(-1.,0.,0.));
#13887=DIRECTION('',(0.,0.,1.));
#13888=DIRECTION('',(1.,0.,0.));
#13889=DIRECTION('',(0.,0.,-1.));
#13890=DIRECTION('',(0.,0.,1.));
#13891=DIRECTION('',(1.,0.,0.));
#13892=DIRECTION('',(1.,0.,0.));
#13893=DIRECTION('',(0.,0.,-1.));
#13894=DIRECTION('',(0.,-1.,0.));
#13895=DIRECTION('',(0.,0.,-1.));
#13896=DIRECTION('',(0.,-1.,0.));
#13897=DIRECTION('',(0.,0.,-1.));
#13898=DIRECTION('',(-1.,0.,0.));
#13899=DIRECTION('',(0.,0.,1.));
#13900=DIRECTION('',(1.,0.,0.));
#13901=DIRECTION('',(0.,0.,-1.));
#13902=DIRECTION('',(0.,0.,1.));
#13903=DIRECTION('',(1.,0.,0.));
#13904=DIRECTION('',(0.,0.,-1.));
#13905=DIRECTION('',(-1.,0.,0.));
#13906=DIRECTION('',(0.,0.,1.));
#13907=DIRECTION('',(1.,0.,0.));
#13908=DIRECTION('',(0.,0.,-1.));
#13909=DIRECTION('',(0.,0.,1.));
#13910=DIRECTION('',(1.,0.,0.));
#13911=DIRECTION('',(0.,0.,-1.));
#13912=DIRECTION('',(0.,1.,0.));
#13913=DIRECTION('',(0.,0.,1.));
#13914=DIRECTION('',(1.,0.,0.));
#13915=DIRECTION('',(0.,0.,-1.));
#13916=DIRECTION('',(1.,0.,0.));
#13917=DIRECTION('',(0.,0.,-1.));
#13918=DIRECTION('',(-1.,0.,0.));
#13919=DIRECTION('',(0.,0.,1.));
#13920=DIRECTION('',(1.,0.,0.));
#13921=DIRECTION('',(0.,0.,-1.));
#13922=DIRECTION('',(0.,0.,1.));
#13923=DIRECTION('',(1.,0.,0.));
#13924=DIRECTION('',(1.,0.,0.));
#13925=DIRECTION('',(0.,0.,-1.));
#13926=DIRECTION('',(0.,-1.,0.));
#13927=DIRECTION('',(0.,0.,-1.));
#13928=DIRECTION('',(0.,-1.,0.));
#13929=DIRECTION('',(0.,0.,-1.));
#13930=DIRECTION('',(-1.,0.,0.));
#13931=DIRECTION('',(0.,0.,1.));
#13932=DIRECTION('',(1.,0.,0.));
#13933=DIRECTION('',(0.,0.,-1.));
#13934=DIRECTION('',(0.,0.,1.));
#13935=DIRECTION('',(1.,0.,0.));
#13936=DIRECTION('',(0.,1.,0.));
#13937=DIRECTION('',(0.,0.,1.));
#13938=DIRECTION('',(1.,0.,0.));
#13939=DIRECTION('',(0.,0.,-1.));
#13940=DIRECTION('',(1.,0.,0.));
#13941=DIRECTION('',(0.,0.,-1.));
#13942=DIRECTION('',(-1.,0.,0.));
#13943=DIRECTION('',(0.,0.,1.));
#13944=DIRECTION('',(1.,0.,0.));
#13945=DIRECTION('',(0.,0.,-1.));
#13946=DIRECTION('',(0.,0.,1.));
#13947=DIRECTION('',(1.,0.,0.));
#13948=DIRECTION('',(0.,0.,-1.));
#13949=DIRECTION('',(-1.,0.,0.));
#13950=DIRECTION('',(0.,0.,1.));
#13951=DIRECTION('',(1.,0.,0.));
#13952=DIRECTION('',(0.,0.,-1.));
#13953=DIRECTION('',(0.,0.,1.));
#13954=DIRECTION('',(1.,0.,0.));
#13955=DIRECTION('',(0.,0.,-1.));
#13956=DIRECTION('',(1.,0.,0.));
#13957=DIRECTION('',(0.,0.,-1.));
#13958=DIRECTION('',(0.,-1.,0.));
#13959=DIRECTION('',(0.,0.,-1.));
#13960=DIRECTION('',(0.,-1.,0.));
#13961=DIRECTION('',(0.,0.,-1.));
#13962=DIRECTION('',(-1.,0.,0.));
#13963=DIRECTION('',(0.,0.,1.));
#13964=DIRECTION('',(1.,0.,0.));
#13965=DIRECTION('',(0.,0.,-1.));
#13966=DIRECTION('',(0.,0.,1.));
#13967=DIRECTION('',(1.,0.,0.));
#13968=DIRECTION('',(0.,1.,0.));
#13969=DIRECTION('',(0.,0.,1.));
#13970=DIRECTION('',(1.,0.,0.));
#13971=DIRECTION('',(0.,0.,-1.));
#13972=DIRECTION('',(1.,0.,0.));
#13973=DIRECTION('',(0.,0.,-1.));
#13974=DIRECTION('',(-1.,0.,0.));
#13975=DIRECTION('',(0.,0.,1.));
#13976=DIRECTION('',(1.,0.,0.));
#13977=DIRECTION('',(0.,0.,-1.));
#13978=DIRECTION('',(0.,0.,1.));
#13979=DIRECTION('',(1.,0.,0.));
#13980=DIRECTION('',(1.,0.,0.));
#13981=DIRECTION('',(0.,0.,-1.));
#13982=DIRECTION('',(0.,-1.,0.));
#13983=DIRECTION('',(0.,0.,-1.));
#13984=DIRECTION('',(0.,-1.,0.));
#13985=DIRECTION('',(0.,0.,-1.));
#13986=DIRECTION('',(-1.,0.,0.));
#13987=DIRECTION('',(0.,0.,1.));
#13988=DIRECTION('',(1.,0.,0.));
#13989=DIRECTION('',(0.,0.,-1.));
#13990=DIRECTION('',(0.,0.,1.));
#13991=DIRECTION('',(1.,0.,0.));
#13992=DIRECTION('',(0.,0.,-1.));
#13993=DIRECTION('',(-1.,0.,0.));
#13994=DIRECTION('',(0.,0.,1.));
#13995=DIRECTION('',(1.,0.,0.));
#13996=DIRECTION('',(0.,0.,-1.));
#13997=DIRECTION('',(0.,0.,1.));
#13998=DIRECTION('',(1.,0.,0.));
#13999=DIRECTION('',(0.,0.,-1.));
#14000=DIRECTION('',(1.,0.,0.));
#14001=DIRECTION('',(0.,0.,-1.));
#14002=DIRECTION('',(0.,-1.,0.));
#14003=DIRECTION('',(0.,0.,-1.));
#14004=DIRECTION('',(0.,-1.,0.));
#14005=DIRECTION('',(0.,0.,-1.));
#14006=DIRECTION('',(-1.,0.,0.));
#14007=DIRECTION('',(0.,0.,1.));
#14008=DIRECTION('',(1.,0.,0.));
#14009=DIRECTION('',(0.,0.,-1.));
#14010=DIRECTION('',(0.,0.,1.));
#14011=DIRECTION('',(1.,0.,0.));
#14012=DIRECTION('',(0.,1.,0.));
#14013=DIRECTION('',(0.,0.,1.));
#14014=DIRECTION('',(1.,0.,0.));
#14015=DIRECTION('',(0.,0.,-1.));
#14016=DIRECTION('',(1.,0.,0.));
#14017=DIRECTION('',(0.,0.,-1.));
#14018=DIRECTION('',(-1.,0.,0.));
#14019=DIRECTION('',(0.,0.,1.));
#14020=DIRECTION('',(1.,0.,0.));
#14021=DIRECTION('',(0.,0.,-1.));
#14022=DIRECTION('',(0.,0.,1.));
#14023=DIRECTION('',(1.,0.,0.));
#14024=DIRECTION('',(1.,0.,0.));
#14025=DIRECTION('',(0.,0.,-1.));
#14026=DIRECTION('',(0.,-1.,0.));
#14027=DIRECTION('',(0.,0.,-1.));
#14028=DIRECTION('',(0.,-1.,0.));
#14029=DIRECTION('',(0.,0.,-1.));
#14030=DIRECTION('',(-1.,0.,0.));
#14031=DIRECTION('',(0.,0.,1.));
#14032=DIRECTION('',(1.,0.,0.));
#14033=DIRECTION('',(0.,0.,-1.));
#14034=DIRECTION('',(0.,0.,1.));
#14035=DIRECTION('',(1.,0.,0.));
#14036=DIRECTION('',(0.,0.,-1.));
#14037=DIRECTION('',(-1.,0.,0.));
#14038=DIRECTION('',(0.,0.,1.));
#14039=DIRECTION('',(1.,0.,0.));
#14040=DIRECTION('',(0.,0.,-1.));
#14041=DIRECTION('',(0.,0.,1.));
#14042=DIRECTION('',(1.,0.,0.));
#14043=DIRECTION('',(0.,0.,-1.));
#14044=DIRECTION('',(0.,1.,0.));
#14045=DIRECTION('',(0.,0.,1.));
#14046=DIRECTION('',(1.,0.,0.));
#14047=DIRECTION('',(0.,0.,-1.));
#14048=DIRECTION('',(1.,0.,0.));
#14049=DIRECTION('',(0.,0.,-1.));
#14050=DIRECTION('',(-1.,0.,0.));
#14051=DIRECTION('',(0.,0.,1.));
#14052=DIRECTION('',(1.,0.,0.));
#14053=DIRECTION('',(0.,0.,-1.));
#14054=DIRECTION('',(0.,0.,1.));
#14055=DIRECTION('',(1.,0.,0.));
#14056=DIRECTION('',(1.,0.,0.));
#14057=DIRECTION('',(0.,0.,-1.));
#14058=DIRECTION('',(0.,-1.,0.));
#14059=DIRECTION('',(0.,0.,-1.));
#14060=DIRECTION('',(0.,-1.,0.));
#14061=DIRECTION('',(0.,0.,-1.));
#14062=DIRECTION('',(-1.,0.,0.));
#14063=DIRECTION('',(0.,0.,1.));
#14064=DIRECTION('',(1.,0.,0.));
#14065=DIRECTION('',(0.,0.,-1.));
#14066=DIRECTION('',(0.,0.,1.));
#14067=DIRECTION('',(1.,0.,0.));
#14068=DIRECTION('',(0.,1.,0.));
#14069=DIRECTION('',(0.,0.,1.));
#14070=DIRECTION('',(1.,0.,0.));
#14071=DIRECTION('',(0.,0.,-1.));
#14072=DIRECTION('',(1.,0.,0.));
#14073=DIRECTION('',(0.,0.,-1.));
#14074=DIRECTION('',(-1.,0.,0.));
#14075=DIRECTION('',(0.,0.,1.));
#14076=DIRECTION('',(1.,0.,0.));
#14077=DIRECTION('',(0.,0.,-1.));
#14078=DIRECTION('',(0.,0.,1.));
#14079=DIRECTION('',(1.,0.,0.));
#14080=DIRECTION('',(0.,0.,-1.));
#14081=DIRECTION('',(-1.,0.,0.));
#14082=DIRECTION('',(0.,0.,1.));
#14083=DIRECTION('',(1.,0.,0.));
#14084=DIRECTION('',(0.,0.,-1.));
#14085=DIRECTION('',(0.,0.,1.));
#14086=DIRECTION('',(1.,0.,0.));
#14087=DIRECTION('',(0.,0.,-1.));
#14088=DIRECTION('',(0.,1.,0.));
#14089=DIRECTION('',(0.,0.,1.));
#14090=DIRECTION('',(1.,0.,0.));
#14091=DIRECTION('',(0.,0.,-1.));
#14092=DIRECTION('',(1.,0.,0.));
#14093=DIRECTION('',(0.,0.,-1.));
#14094=DIRECTION('',(-1.,0.,0.));
#14095=DIRECTION('',(0.,0.,1.));
#14096=DIRECTION('',(1.,0.,0.));
#14097=DIRECTION('',(0.,0.,-1.));
#14098=DIRECTION('',(0.,0.,1.));
#14099=DIRECTION('',(1.,0.,0.));
#14100=DIRECTION('',(1.,0.,0.));
#14101=DIRECTION('',(0.,0.,-1.));
#14102=DIRECTION('',(0.,-1.,0.));
#14103=DIRECTION('',(0.,0.,-1.));
#14104=DIRECTION('',(0.,-1.,0.));
#14105=DIRECTION('',(0.,0.,-1.));
#14106=DIRECTION('',(-1.,0.,0.));
#14107=DIRECTION('',(0.,0.,1.));
#14108=DIRECTION('',(1.,0.,0.));
#14109=DIRECTION('',(0.,0.,-1.));
#14110=DIRECTION('',(0.,0.,1.));
#14111=DIRECTION('',(1.,0.,0.));
#14112=DIRECTION('',(0.,1.,0.));
#14113=DIRECTION('',(0.,0.,1.));
#14114=DIRECTION('',(1.,0.,0.));
#14115=DIRECTION('',(0.,0.,-1.));
#14116=DIRECTION('',(1.,0.,0.));
#14117=DIRECTION('',(0.,0.,-1.));
#14118=DIRECTION('',(-1.,0.,0.));
#14119=DIRECTION('',(0.,0.,1.));
#14120=DIRECTION('',(1.,0.,0.));
#14121=DIRECTION('',(0.,0.,-1.));
#14122=DIRECTION('',(0.,0.,1.));
#14123=DIRECTION('',(1.,0.,0.));
#14124=DIRECTION('',(0.,0.,-1.));
#14125=DIRECTION('',(-1.,0.,0.));
#14126=DIRECTION('',(0.,0.,1.));
#14127=DIRECTION('',(1.,0.,0.));
#14128=DIRECTION('',(0.,0.,-1.));
#14129=DIRECTION('',(0.,0.,1.));
#14130=DIRECTION('',(1.,0.,0.));
#14131=DIRECTION('',(0.,0.,-1.));
#14132=DIRECTION('',(1.,0.,0.));
#14133=DIRECTION('',(0.,0.,-1.));
#14134=DIRECTION('',(0.,-1.,0.));
#14135=DIRECTION('',(0.,0.,-1.));
#14136=DIRECTION('',(0.,-1.,0.));
#14137=DIRECTION('',(0.,0.,-1.));
#14138=DIRECTION('',(-1.,0.,0.));
#14139=DIRECTION('',(0.,0.,1.));
#14140=DIRECTION('',(1.,0.,0.));
#14141=DIRECTION('',(0.,0.,-1.));
#14142=DIRECTION('',(0.,0.,1.));
#14143=DIRECTION('',(1.,0.,0.));
#14144=DIRECTION('',(0.,1.,0.));
#14145=DIRECTION('',(0.,0.,1.));
#14146=DIRECTION('',(1.,0.,0.));
#14147=DIRECTION('',(0.,0.,-1.));
#14148=DIRECTION('',(1.,0.,0.));
#14149=DIRECTION('',(0.,0.,-1.));
#14150=DIRECTION('',(-1.,0.,0.));
#14151=DIRECTION('',(0.,0.,1.));
#14152=DIRECTION('',(1.,0.,0.));
#14153=DIRECTION('',(0.,0.,-1.));
#14154=DIRECTION('',(0.,0.,1.));
#14155=DIRECTION('',(1.,0.,0.));
#14156=DIRECTION('',(1.,0.,0.));
#14157=DIRECTION('',(0.,0.,-1.));
#14158=DIRECTION('',(0.,-1.,0.));
#14159=DIRECTION('',(0.,0.,-1.));
#14160=DIRECTION('',(0.,-1.,0.));
#14161=DIRECTION('',(0.,0.,-1.));
#14162=DIRECTION('',(-1.,0.,0.));
#14163=DIRECTION('',(0.,0.,1.));
#14164=DIRECTION('',(1.,0.,0.));
#14165=DIRECTION('',(0.,0.,-1.));
#14166=DIRECTION('',(0.,0.,1.));
#14167=DIRECTION('',(1.,0.,0.));
#14168=DIRECTION('',(0.,0.,-1.));
#14169=DIRECTION('',(-1.,0.,0.));
#14170=DIRECTION('',(0.,0.,1.));
#14171=DIRECTION('',(1.,0.,0.));
#14172=DIRECTION('',(0.,0.,-1.));
#14173=DIRECTION('',(0.,0.,1.));
#14174=DIRECTION('',(1.,0.,0.));
#14175=DIRECTION('',(0.,0.,-1.));
#14176=DIRECTION('',(1.,0.,0.));
#14177=DIRECTION('',(0.,0.,-1.));
#14178=DIRECTION('',(0.,-1.,0.));
#14179=DIRECTION('',(0.,0.,-1.));
#14180=DIRECTION('',(0.,-1.,0.));
#14181=DIRECTION('',(0.,0.,-1.));
#14182=DIRECTION('',(-1.,0.,0.));
#14183=DIRECTION('',(0.,0.,1.));
#14184=DIRECTION('',(1.,0.,0.));
#14185=DIRECTION('',(0.,0.,-1.));
#14186=DIRECTION('',(0.,0.,1.));
#14187=DIRECTION('',(1.,0.,0.));
#14188=DIRECTION('',(0.,1.,0.));
#14189=DIRECTION('',(0.,0.,1.));
#14190=DIRECTION('',(1.,0.,0.));
#14191=DIRECTION('',(0.,0.,-1.));
#14192=DIRECTION('',(1.,0.,0.));
#14193=DIRECTION('',(0.,0.,-1.));
#14194=DIRECTION('',(-1.,0.,0.));
#14195=DIRECTION('',(0.,0.,1.));
#14196=DIRECTION('',(1.,0.,0.));
#14197=DIRECTION('',(0.,0.,-1.));
#14198=DIRECTION('',(0.,0.,1.));
#14199=DIRECTION('',(1.,0.,0.));
#14200=DIRECTION('',(1.,0.,0.));
#14201=DIRECTION('',(0.,0.,-1.));
#14202=DIRECTION('',(0.,-1.,0.));
#14203=DIRECTION('',(0.,0.,-1.));
#14204=DIRECTION('',(0.,-1.,0.));
#14205=DIRECTION('',(0.,0.,-1.));
#14206=DIRECTION('',(-1.,0.,0.));
#14207=DIRECTION('',(0.,0.,1.));
#14208=DIRECTION('',(1.,0.,0.));
#14209=DIRECTION('',(0.,0.,-1.));
#14210=DIRECTION('',(0.,0.,1.));
#14211=DIRECTION('',(1.,0.,0.));
#14212=DIRECTION('',(0.,0.,-1.));
#14213=DIRECTION('',(-1.,0.,0.));
#14214=DIRECTION('',(0.,0.,1.));
#14215=DIRECTION('',(1.,0.,0.));
#14216=DIRECTION('',(0.,0.,-1.));
#14217=DIRECTION('',(0.,0.,1.));
#14218=DIRECTION('',(1.,0.,0.));
#14219=DIRECTION('',(0.,0.,-1.));
#14220=DIRECTION('',(1.,0.,0.));
#14221=DIRECTION('',(0.,0.,-1.));
#14222=DIRECTION('',(0.,-1.,0.));
#14223=DIRECTION('',(0.,0.,-1.));
#14224=DIRECTION('',(0.,-1.,0.));
#14225=DIRECTION('',(0.,0.,-1.));
#14226=DIRECTION('',(-1.,0.,0.));
#14227=DIRECTION('',(0.,0.,1.));
#14228=DIRECTION('',(1.,0.,0.));
#14229=DIRECTION('',(0.,0.,-1.));
#14230=DIRECTION('',(0.,0.,1.));
#14231=DIRECTION('',(1.,0.,0.));
#14232=DIRECTION('',(0.,1.,0.));
#14233=DIRECTION('',(0.,0.,1.));
#14234=DIRECTION('',(1.,0.,0.));
#14235=DIRECTION('',(0.,0.,-1.));
#14236=DIRECTION('',(1.,0.,0.));
#14237=DIRECTION('',(0.,0.,-1.));
#14238=DIRECTION('',(-1.,0.,0.));
#14239=DIRECTION('',(0.,0.,1.));
#14240=DIRECTION('',(1.,0.,0.));
#14241=DIRECTION('',(0.,0.,-1.));
#14242=DIRECTION('',(0.,0.,1.));
#14243=DIRECTION('',(1.,0.,0.));
#14244=DIRECTION('',(1.,0.,0.));
#14245=DIRECTION('',(0.,0.,-1.));
#14246=DIRECTION('',(0.,-1.,0.));
#14247=DIRECTION('',(0.,0.,-1.));
#14248=DIRECTION('',(0.,-1.,0.));
#14249=DIRECTION('',(0.,0.,-1.));
#14250=DIRECTION('',(-1.,0.,0.));
#14251=DIRECTION('',(0.,0.,1.));
#14252=DIRECTION('',(1.,0.,0.));
#14253=DIRECTION('',(0.,0.,-1.));
#14254=DIRECTION('',(0.,0.,1.));
#14255=DIRECTION('',(1.,0.,0.));
#14256=DIRECTION('',(0.,0.,-1.));
#14257=DIRECTION('',(-1.,0.,0.));
#14258=DIRECTION('',(0.,0.,1.));
#14259=DIRECTION('',(1.,0.,0.));
#14260=DIRECTION('',(0.,0.,-1.));
#14261=DIRECTION('',(0.,0.,1.));
#14262=DIRECTION('',(1.,0.,0.));
#14263=DIRECTION('',(0.,0.,-1.));
#14264=DIRECTION('',(1.,0.,0.));
#14265=DIRECTION('',(0.,0.,-1.));
#14266=DIRECTION('',(0.,-1.,0.));
#14267=DIRECTION('',(0.,0.,-1.));
#14268=DIRECTION('',(0.,-1.,0.));
#14269=DIRECTION('',(0.,0.,-1.));
#14270=DIRECTION('',(-1.,0.,0.));
#14271=DIRECTION('',(0.,0.,1.));
#14272=DIRECTION('',(1.,0.,0.));
#14273=DIRECTION('',(0.,0.,-1.));
#14274=DIRECTION('',(0.,0.,1.));
#14275=DIRECTION('',(1.,0.,0.));
#14276=DIRECTION('',(0.,1.,0.));
#14277=DIRECTION('',(0.,0.,1.));
#14278=DIRECTION('',(1.,0.,0.));
#14279=DIRECTION('',(0.,0.,-1.));
#14280=DIRECTION('',(1.,0.,0.));
#14281=DIRECTION('',(0.,0.,-1.));
#14282=DIRECTION('',(-1.,0.,0.));
#14283=DIRECTION('',(0.,0.,1.));
#14284=DIRECTION('',(1.,0.,0.));
#14285=DIRECTION('',(0.,0.,-1.));
#14286=DIRECTION('',(0.,0.,1.));
#14287=DIRECTION('',(1.,0.,0.));
#14288=DIRECTION('',(1.,0.,0.));
#14289=DIRECTION('',(0.,0.,-1.));
#14290=DIRECTION('',(0.,-1.,0.));
#14291=DIRECTION('',(0.,0.,-1.));
#14292=DIRECTION('',(0.,-1.,0.));
#14293=DIRECTION('',(0.,0.,-1.));
#14294=DIRECTION('',(-1.,0.,0.));
#14295=DIRECTION('',(0.,0.,1.));
#14296=DIRECTION('',(1.,0.,0.));
#14297=DIRECTION('',(0.,0.,-1.));
#14298=DIRECTION('',(0.,0.,1.));
#14299=DIRECTION('',(1.,0.,0.));
#14300=DIRECTION('',(1.,0.,0.));
#14301=DIRECTION('',(0.,0.,-1.));
#14302=DIRECTION('',(0.,-1.,0.));
#14303=DIRECTION('',(0.,0.,-1.));
#14304=DIRECTION('',(0.,-1.,0.));
#14305=DIRECTION('',(0.,0.,-1.));
#14306=DIRECTION('',(0.,0.,-1.));
#14307=DIRECTION('',(-1.,0.,0.));
#14308=DIRECTION('',(0.,0.,1.));
#14309=DIRECTION('',(1.,0.,0.));
#14310=DIRECTION('',(0.,0.,-1.));
#14311=DIRECTION('',(0.,0.,1.));
#14312=DIRECTION('',(1.,0.,0.));
#14313=DIRECTION('',(0.,1.,0.));
#14314=DIRECTION('',(0.,0.,1.));
#14315=DIRECTION('',(1.,0.,0.));
#14316=DIRECTION('',(0.,0.,-1.));
#14317=DIRECTION('',(1.,0.,0.));
#14318=DIRECTION('',(0.,0.,-1.));
#14319=DIRECTION('',(-1.,0.,0.));
#14320=DIRECTION('',(0.,0.,1.));
#14321=DIRECTION('',(1.,0.,0.));
#14322=DIRECTION('',(0.,0.,-1.));
#14323=DIRECTION('',(0.,0.,1.));
#14324=DIRECTION('',(1.,0.,0.));
#14325=DIRECTION('',(1.,0.,0.));
#14326=DIRECTION('',(0.,0.,-1.));
#14327=DIRECTION('',(0.,-1.,0.));
#14328=DIRECTION('',(0.,0.,-1.));
#14329=DIRECTION('',(0.,-1.,0.));
#14330=DIRECTION('',(0.,0.,-1.));
#14331=DIRECTION('',(-1.,0.,0.));
#14332=DIRECTION('',(0.,0.,1.));
#14333=DIRECTION('',(1.,0.,0.));
#14334=DIRECTION('',(0.,0.,-1.));
#14335=DIRECTION('',(0.,0.,1.));
#14336=DIRECTION('',(1.,0.,0.));
#14337=DIRECTION('',(0.,1.,0.));
#14338=DIRECTION('',(0.,0.,1.));
#14339=DIRECTION('',(1.,0.,0.));
#14340=DIRECTION('',(0.,0.,-1.));
#14341=DIRECTION('',(1.,0.,0.));
#14342=DIRECTION('',(0.,0.,-1.));
#14343=DIRECTION('',(-1.,0.,0.));
#14344=DIRECTION('',(0.,0.,1.));
#14345=DIRECTION('',(1.,0.,0.));
#14346=DIRECTION('',(0.,0.,-1.));
#14347=DIRECTION('',(0.,0.,1.));
#14348=DIRECTION('',(1.,0.,0.));
#14349=DIRECTION('',(0.,0.,-1.));
#14350=DIRECTION('',(0.,1.,0.));
#14351=DIRECTION('',(0.,0.,1.));
#14352=DIRECTION('',(1.,0.,0.));
#14353=DIRECTION('',(0.,0.,-1.));
#14354=DIRECTION('',(1.,0.,0.));
#14355=DIRECTION('',(0.,0.,-1.));
#14356=DIRECTION('',(-1.,0.,0.));
#14357=DIRECTION('',(0.,0.,1.));
#14358=DIRECTION('',(1.,0.,0.));
#14359=DIRECTION('',(0.,0.,-1.));
#14360=DIRECTION('',(0.,0.,1.));
#14361=DIRECTION('',(1.,0.,0.));
#14362=DIRECTION('',(1.,0.,0.));
#14363=DIRECTION('',(0.,0.,-1.));
#14364=DIRECTION('',(0.,-1.,0.));
#14365=DIRECTION('',(0.,0.,-1.));
#14366=DIRECTION('',(0.,-1.,0.));
#14367=DIRECTION('',(0.,0.,-1.));
#14368=DIRECTION('',(-1.,0.,0.));
#14369=DIRECTION('',(0.,0.,1.));
#14370=DIRECTION('',(1.,0.,0.));
#14371=DIRECTION('',(0.,0.,-1.));
#14372=DIRECTION('',(0.,0.,1.));
#14373=DIRECTION('',(1.,0.,0.));
#14374=DIRECTION('',(0.,1.,0.));
#14375=DIRECTION('',(0.,0.,1.));
#14376=DIRECTION('',(1.,0.,0.));
#14377=DIRECTION('',(0.,0.,-1.));
#14378=DIRECTION('',(1.,0.,0.));
#14379=DIRECTION('',(0.,0.,-1.));
#14380=DIRECTION('',(-1.,0.,0.));
#14381=DIRECTION('',(0.,0.,1.));
#14382=DIRECTION('',(1.,0.,0.));
#14383=DIRECTION('',(0.,0.,-1.));
#14384=DIRECTION('',(0.,0.,1.));
#14385=DIRECTION('',(1.,0.,0.));
#14386=DIRECTION('',(0.,0.,-1.));
#14387=DIRECTION('',(-1.,0.,0.));
#14388=DIRECTION('',(0.,0.,1.));
#14389=DIRECTION('',(1.,0.,0.));
#14390=DIRECTION('',(0.,0.,-1.));
#14391=DIRECTION('',(0.,0.,1.));
#14392=DIRECTION('',(1.,0.,0.));
#14393=DIRECTION('',(0.,0.,-1.));
#14394=DIRECTION('',(1.,0.,0.));
#14395=DIRECTION('',(0.,0.,-1.));
#14396=DIRECTION('',(0.,-1.,0.));
#14397=DIRECTION('',(0.,0.,-1.));
#14398=DIRECTION('',(0.,-1.,0.));
#14399=DIRECTION('',(0.,0.,-1.));
#14400=DIRECTION('',(-1.,0.,0.));
#14401=DIRECTION('',(0.,0.,1.));
#14402=DIRECTION('',(1.,0.,0.));
#14403=DIRECTION('',(0.,0.,-1.));
#14404=DIRECTION('',(0.,0.,1.));
#14405=DIRECTION('',(1.,0.,0.));
#14406=DIRECTION('',(0.,1.,0.));
#14407=DIRECTION('',(0.,0.,1.));
#14408=DIRECTION('',(1.,0.,0.));
#14409=DIRECTION('',(0.,0.,-1.));
#14410=DIRECTION('',(1.,0.,0.));
#14411=DIRECTION('',(0.,0.,-1.));
#14412=DIRECTION('',(-1.,0.,0.));
#14413=DIRECTION('',(0.,0.,1.));
#14414=DIRECTION('',(1.,0.,0.));
#14415=DIRECTION('',(0.,0.,-1.));
#14416=DIRECTION('',(0.,0.,1.));
#14417=DIRECTION('',(1.,0.,0.));
#14418=DIRECTION('',(1.,0.,0.));
#14419=DIRECTION('',(0.,0.,-1.));
#14420=DIRECTION('',(0.,-1.,0.));
#14421=DIRECTION('',(0.,0.,-1.));
#14422=DIRECTION('',(0.,-1.,0.));
#14423=DIRECTION('',(0.,0.,-1.));
#14424=DIRECTION('',(-1.,0.,0.));
#14425=DIRECTION('',(0.,0.,1.));
#14426=DIRECTION('',(1.,0.,0.));
#14427=DIRECTION('',(0.,0.,-1.));
#14428=DIRECTION('',(0.,0.,1.));
#14429=DIRECTION('',(1.,0.,0.));
#14430=DIRECTION('',(0.,0.,-1.));
#14431=DIRECTION('',(-1.,0.,0.));
#14432=DIRECTION('',(0.,0.,1.));
#14433=DIRECTION('',(1.,0.,0.));
#14434=DIRECTION('',(0.,0.,-1.));
#14435=DIRECTION('',(0.,0.,1.));
#14436=DIRECTION('',(1.,0.,0.));
#14437=DIRECTION('',(0.,0.,-1.));
#14438=DIRECTION('',(0.,1.,0.));
#14439=DIRECTION('',(0.,0.,1.));
#14440=DIRECTION('',(1.,0.,0.));
#14441=DIRECTION('',(0.,0.,-1.));
#14442=DIRECTION('',(1.,0.,0.));
#14443=DIRECTION('',(0.,0.,-1.));
#14444=DIRECTION('',(-1.,0.,0.));
#14445=DIRECTION('',(0.,0.,1.));
#14446=DIRECTION('',(1.,0.,0.));
#14447=DIRECTION('',(0.,0.,-1.));
#14448=DIRECTION('',(0.,0.,1.));
#14449=DIRECTION('',(1.,0.,0.));
#14450=DIRECTION('',(1.,0.,0.));
#14451=DIRECTION('',(0.,0.,-1.));
#14452=DIRECTION('',(0.,-1.,0.));
#14453=DIRECTION('',(0.,0.,-1.));
#14454=DIRECTION('',(0.,-1.,0.));
#14455=DIRECTION('',(0.,0.,-1.));
#14456=DIRECTION('',(-1.,0.,0.));
#14457=DIRECTION('',(0.,0.,1.));
#14458=DIRECTION('',(1.,0.,0.));
#14459=DIRECTION('',(0.,0.,-1.));
#14460=DIRECTION('',(0.,0.,1.));
#14461=DIRECTION('',(1.,0.,0.));
#14462=DIRECTION('',(0.,1.,0.));
#14463=DIRECTION('',(0.,0.,1.));
#14464=DIRECTION('',(1.,0.,0.));
#14465=DIRECTION('',(0.,0.,-1.));
#14466=DIRECTION('',(1.,0.,0.));
#14467=DIRECTION('',(0.,0.,-1.));
#14468=DIRECTION('',(-1.,0.,0.));
#14469=DIRECTION('',(0.,0.,1.));
#14470=DIRECTION('',(1.,0.,0.));
#14471=DIRECTION('',(0.,0.,-1.));
#14472=DIRECTION('',(0.,0.,1.));
#14473=DIRECTION('',(1.,0.,0.));
#14474=DIRECTION('',(0.,1.,0.));
#14475=DIRECTION('',(0.,0.,1.));
#14476=DIRECTION('',(1.,0.,0.));
#14477=DIRECTION('',(0.,0.,-1.));
#14478=DIRECTION('',(1.,0.,0.));
#14479=DIRECTION('',(0.,0.,-1.));
#14480=DIRECTION('',(0.,0.,-1.));
#14481=DIRECTION('',(-1.,0.,0.));
#14482=DIRECTION('',(0.,0.,1.));
#14483=DIRECTION('',(1.,0.,0.));
#14484=DIRECTION('',(0.,0.,-1.));
#14485=DIRECTION('',(0.,0.,1.));
#14486=DIRECTION('',(1.,0.,0.));
#14487=DIRECTION('',(1.,0.,0.));
#14488=DIRECTION('',(0.,0.,-1.));
#14489=DIRECTION('',(0.,-1.,0.));
#14490=DIRECTION('',(0.,0.,-1.));
#14491=DIRECTION('',(0.,-1.,0.));
#14492=DIRECTION('',(0.,0.,-1.));
#14493=DIRECTION('',(-1.,0.,0.));
#14494=DIRECTION('',(0.,0.,1.));
#14495=DIRECTION('',(1.,0.,0.));
#14496=DIRECTION('',(0.,0.,-1.));
#14497=DIRECTION('',(0.,0.,1.));
#14498=DIRECTION('',(1.,0.,0.));
#14499=DIRECTION('',(0.,1.,0.));
#14500=DIRECTION('',(0.,0.,1.));
#14501=DIRECTION('',(1.,0.,0.));
#14502=DIRECTION('',(0.,0.,-1.));
#14503=DIRECTION('',(1.,0.,0.));
#14504=DIRECTION('',(0.,0.,-1.));
#14505=DIRECTION('',(-1.,0.,0.));
#14506=DIRECTION('',(0.,0.,1.));
#14507=DIRECTION('',(1.,0.,0.));
#14508=DIRECTION('',(0.,0.,-1.));
#14509=DIRECTION('',(0.,0.,1.));
#14510=DIRECTION('',(1.,0.,0.));
#14511=DIRECTION('',(1.,0.,0.));
#14512=DIRECTION('',(0.,0.,-1.));
#14513=DIRECTION('',(0.,-1.,0.));
#14514=DIRECTION('',(0.,0.,-1.));
#14515=DIRECTION('',(0.,-1.,0.));
#14516=DIRECTION('',(1.,0.,0.));
#14517=DIRECTION('',(0.,0.,-1.));
#14518=DIRECTION('',(0.,-1.,0.));
#14519=DIRECTION('',(0.,0.,-1.));
#14520=DIRECTION('',(0.,-1.,0.));
#14521=DIRECTION('',(0.,0.,-1.));
#14522=DIRECTION('',(0.,0.,-1.));
#14523=DIRECTION('',(-1.,0.,0.));
#14524=DIRECTION('',(0.,0.,1.));
#14525=DIRECTION('',(1.,0.,0.));
#14526=DIRECTION('',(0.,0.,-1.));
#14527=DIRECTION('',(0.,0.,1.));
#14528=DIRECTION('',(1.,0.,0.));
#14529=DIRECTION('',(0.,1.,0.));
#14530=DIRECTION('',(0.,0.,1.));
#14531=DIRECTION('',(1.,0.,0.));
#14532=DIRECTION('',(0.,0.,-1.));
#14533=DIRECTION('',(1.,0.,0.));
#14534=DIRECTION('',(0.,0.,-1.));
#14535=DIRECTION('',(-1.,0.,0.));
#14536=DIRECTION('',(0.,0.,1.));
#14537=DIRECTION('',(1.,0.,0.));
#14538=DIRECTION('',(0.,0.,-1.));
#14539=DIRECTION('',(0.,0.,1.));
#14540=DIRECTION('',(1.,0.,0.));
#14541=DIRECTION('',(1.,0.,0.));
#14542=DIRECTION('',(0.,0.,-1.));
#14543=DIRECTION('',(0.,-1.,0.));
#14544=DIRECTION('',(0.,0.,-1.));
#14545=DIRECTION('',(0.,-1.,0.));
#14546=DIRECTION('',(0.,0.,-1.));
#14547=DIRECTION('',(-1.,0.,0.));
#14548=DIRECTION('',(0.,0.,1.));
#14549=DIRECTION('',(1.,0.,0.));
#14550=DIRECTION('',(0.,0.,-1.));
#14551=DIRECTION('',(0.,0.,1.));
#14552=DIRECTION('',(1.,0.,0.));
#14553=DIRECTION('',(0.,1.,0.));
#14554=DIRECTION('',(0.,0.,1.));
#14555=DIRECTION('',(1.,0.,0.));
#14556=DIRECTION('',(0.,0.,-1.));
#14557=DIRECTION('',(1.,0.,0.));
#14558=DIRECTION('',(0.,0.,-1.));
#14559=DIRECTION('',(-1.,0.,0.));
#14560=DIRECTION('',(0.,0.,1.));
#14561=DIRECTION('',(1.,0.,0.));
#14562=DIRECTION('',(0.,0.,-1.));
#14563=DIRECTION('',(0.,0.,1.));
#14564=DIRECTION('',(1.,0.,0.));
#14565=DIRECTION('',(0.,0.,-1.));
#14566=DIRECTION('',(1.,0.,0.));
#14567=DIRECTION('',(0.,0.,-1.));
#14568=DIRECTION('',(0.,-1.,0.));
#14569=DIRECTION('',(0.,0.,-1.));
#14570=DIRECTION('',(0.,-1.,0.));
#14571=DIRECTION('',(0.,0.,-1.));
#14572=DIRECTION('',(-1.,0.,0.));
#14573=DIRECTION('',(0.,0.,1.));
#14574=DIRECTION('',(1.,0.,0.));
#14575=DIRECTION('',(0.,0.,-1.));
#14576=DIRECTION('',(0.,0.,1.));
#14577=DIRECTION('',(1.,0.,0.));
#14578=DIRECTION('',(0.,1.,0.));
#14579=DIRECTION('',(0.,0.,1.));
#14580=DIRECTION('',(1.,0.,0.));
#14581=DIRECTION('',(0.,0.,-1.));
#14582=DIRECTION('',(1.,0.,0.));
#14583=DIRECTION('',(0.,0.,-1.));
#14584=DIRECTION('',(-1.,0.,0.));
#14585=DIRECTION('',(0.,0.,1.));
#14586=DIRECTION('',(1.,0.,0.));
#14587=DIRECTION('',(0.,0.,-1.));
#14588=DIRECTION('',(0.,0.,1.));
#14589=DIRECTION('',(1.,0.,0.));
#14590=DIRECTION('',(1.,0.,0.));
#14591=DIRECTION('',(0.,0.,-1.));
#14592=DIRECTION('',(0.,-1.,0.));
#14593=DIRECTION('',(0.,0.,-1.));
#14594=DIRECTION('',(0.,-1.,0.));
#14595=DIRECTION('',(0.,0.,-1.));
#14596=DIRECTION('',(-1.,0.,0.));
#14597=DIRECTION('',(0.,0.,1.));
#14598=DIRECTION('',(1.,0.,0.));
#14599=DIRECTION('',(0.,0.,-1.));
#14600=DIRECTION('',(0.,0.,1.));
#14601=DIRECTION('',(1.,0.,0.));
#14602=DIRECTION('',(0.,0.,-1.));
#14603=DIRECTION('',(-1.,0.,0.));
#14604=DIRECTION('',(0.,0.,1.));
#14605=DIRECTION('',(1.,0.,0.));
#14606=DIRECTION('',(0.,0.,-1.));
#14607=DIRECTION('',(0.,0.,1.));
#14608=DIRECTION('',(1.,0.,0.));
#14609=DIRECTION('',(0.,0.,-1.));
#14610=DIRECTION('',(1.,0.,0.));
#14611=DIRECTION('',(0.,0.,-1.));
#14612=DIRECTION('',(0.,-1.,0.));
#14613=DIRECTION('',(0.,0.,-1.));
#14614=DIRECTION('',(0.,-1.,0.));
#14615=DIRECTION('',(0.,0.,-1.));
#14616=DIRECTION('',(-1.,0.,0.));
#14617=DIRECTION('',(0.,0.,1.));
#14618=DIRECTION('',(1.,0.,0.));
#14619=DIRECTION('',(0.,0.,-1.));
#14620=DIRECTION('',(0.,0.,1.));
#14621=DIRECTION('',(1.,0.,0.));
#14622=DIRECTION('',(0.,1.,0.));
#14623=DIRECTION('',(0.,0.,1.));
#14624=DIRECTION('',(1.,0.,0.));
#14625=DIRECTION('',(0.,0.,-1.));
#14626=DIRECTION('',(1.,0.,0.));
#14627=DIRECTION('',(0.,0.,-1.));
#14628=DIRECTION('',(-1.,0.,0.));
#14629=DIRECTION('',(0.,0.,1.));
#14630=DIRECTION('',(1.,0.,0.));
#14631=DIRECTION('',(0.,0.,-1.));
#14632=DIRECTION('',(0.,0.,1.));
#14633=DIRECTION('',(1.,0.,0.));
#14634=DIRECTION('',(1.,0.,0.));
#14635=DIRECTION('',(0.,0.,-1.));
#14636=DIRECTION('',(0.,-1.,0.));
#14637=DIRECTION('',(0.,0.,-1.));
#14638=DIRECTION('',(0.,-1.,0.));
#14639=DIRECTION('',(0.,0.,-1.));
#14640=DIRECTION('',(-1.,0.,0.));
#14641=DIRECTION('',(0.,0.,1.));
#14642=DIRECTION('',(1.,0.,0.));
#14643=DIRECTION('',(0.,0.,-1.));
#14644=DIRECTION('',(0.,0.,1.));
#14645=DIRECTION('',(1.,0.,0.));
#14646=DIRECTION('',(0.,0.,-1.));
#14647=DIRECTION('',(-1.,0.,0.));
#14648=DIRECTION('',(0.,0.,1.));
#14649=DIRECTION('',(1.,0.,0.));
#14650=DIRECTION('',(0.,0.,-1.));
#14651=DIRECTION('',(0.,0.,1.));
#14652=DIRECTION('',(1.,0.,0.));
#14653=DIRECTION('',(0.,0.,-1.));
#14654=DIRECTION('',(1.,0.,0.));
#14655=DIRECTION('',(0.,0.,-1.));
#14656=DIRECTION('',(0.,-1.,0.));
#14657=DIRECTION('',(0.,0.,-1.));
#14658=DIRECTION('',(0.,-1.,0.));
#14659=DIRECTION('',(0.,0.,-1.));
#14660=DIRECTION('',(-1.,0.,0.));
#14661=DIRECTION('',(0.,0.,1.));
#14662=DIRECTION('',(1.,0.,0.));
#14663=DIRECTION('',(0.,0.,-1.));
#14664=DIRECTION('',(0.,0.,1.));
#14665=DIRECTION('',(1.,0.,0.));
#14666=DIRECTION('',(0.,1.,0.));
#14667=DIRECTION('',(0.,0.,1.));
#14668=DIRECTION('',(1.,0.,0.));
#14669=DIRECTION('',(0.,0.,-1.));
#14670=DIRECTION('',(1.,0.,0.));
#14671=DIRECTION('',(0.,0.,-1.));
#14672=DIRECTION('',(-1.,0.,0.));
#14673=DIRECTION('',(0.,0.,1.));
#14674=DIRECTION('',(1.,0.,0.));
#14675=DIRECTION('',(0.,0.,-1.));
#14676=DIRECTION('',(0.,0.,1.));
#14677=DIRECTION('',(1.,0.,0.));
#14678=DIRECTION('',(1.,0.,0.));
#14679=DIRECTION('',(0.,0.,-1.));
#14680=DIRECTION('',(0.,-1.,0.));
#14681=DIRECTION('',(0.,0.,-1.));
#14682=DIRECTION('',(0.,-1.,0.));
#14683=DIRECTION('',(0.,0.,-1.));
#14684=DIRECTION('',(-1.,0.,0.));
#14685=DIRECTION('',(0.,0.,1.));
#14686=DIRECTION('',(1.,0.,0.));
#14687=DIRECTION('',(0.,0.,-1.));
#14688=DIRECTION('',(0.,0.,1.));
#14689=DIRECTION('',(1.,0.,0.));
#14690=DIRECTION('',(0.,0.,-1.));
#14691=DIRECTION('',(-1.,0.,0.));
#14692=DIRECTION('',(0.,0.,1.));
#14693=DIRECTION('',(1.,0.,0.));
#14694=DIRECTION('',(0.,0.,-1.));
#14695=DIRECTION('',(0.,0.,1.));
#14696=DIRECTION('',(1.,0.,0.));
#14697=DIRECTION('',(0.,0.,-1.));
#14698=DIRECTION('',(0.,1.,0.));
#14699=DIRECTION('',(0.,0.,1.));
#14700=DIRECTION('',(1.,0.,0.));
#14701=DIRECTION('',(0.,0.,-1.));
#14702=DIRECTION('',(1.,0.,0.));
#14703=DIRECTION('',(0.,0.,-1.));
#14704=DIRECTION('',(-1.,0.,0.));
#14705=DIRECTION('',(0.,0.,1.));
#14706=DIRECTION('',(1.,0.,0.));
#14707=DIRECTION('',(0.,0.,-1.));
#14708=DIRECTION('',(0.,0.,1.));
#14709=DIRECTION('',(1.,0.,0.));
#14710=DIRECTION('',(1.,0.,0.));
#14711=DIRECTION('',(0.,0.,-1.));
#14712=DIRECTION('',(0.,-1.,0.));
#14713=DIRECTION('',(0.,0.,-1.));
#14714=DIRECTION('',(0.,-1.,0.));
#14715=DIRECTION('',(0.,0.,-1.));
#14716=DIRECTION('',(-1.,0.,0.));
#14717=DIRECTION('',(0.,0.,1.));
#14718=DIRECTION('',(1.,0.,0.));
#14719=DIRECTION('',(0.,0.,-1.));
#14720=DIRECTION('',(0.,0.,1.));
#14721=DIRECTION('',(1.,0.,0.));
#14722=DIRECTION('',(0.,1.,0.));
#14723=DIRECTION('',(0.,0.,1.));
#14724=DIRECTION('',(1.,0.,0.));
#14725=DIRECTION('',(0.,0.,-1.));
#14726=DIRECTION('',(1.,0.,0.));
#14727=DIRECTION('',(0.,0.,-1.));
#14728=DIRECTION('',(-1.,0.,0.));
#14729=DIRECTION('',(0.,0.,1.));
#14730=DIRECTION('',(1.,0.,0.));
#14731=DIRECTION('',(0.,0.,-1.));
#14732=DIRECTION('',(0.,0.,1.));
#14733=DIRECTION('',(1.,0.,0.));
#14734=DIRECTION('',(0.,0.,-1.));
#14735=DIRECTION('',(-1.,0.,0.));
#14736=DIRECTION('',(0.,0.,1.));
#14737=DIRECTION('',(1.,0.,0.));
#14738=DIRECTION('',(0.,0.,-1.));
#14739=DIRECTION('',(0.,0.,1.));
#14740=DIRECTION('',(1.,0.,0.));
#14741=DIRECTION('',(0.,0.,-1.));
#14742=DIRECTION('',(1.,0.,0.));
#14743=DIRECTION('',(0.,0.,-1.));
#14744=DIRECTION('',(0.,-1.,0.));
#14745=DIRECTION('',(0.,0.,-1.));
#14746=DIRECTION('',(0.,-1.,0.));
#14747=DIRECTION('',(0.,0.,-1.));
#14748=DIRECTION('',(-1.,0.,0.));
#14749=DIRECTION('',(0.,0.,1.));
#14750=DIRECTION('',(1.,0.,0.));
#14751=DIRECTION('',(0.,0.,-1.));
#14752=DIRECTION('',(0.,0.,1.));
#14753=DIRECTION('',(1.,0.,0.));
#14754=DIRECTION('',(0.,1.,0.));
#14755=DIRECTION('',(0.,0.,1.));
#14756=DIRECTION('',(1.,0.,0.));
#14757=DIRECTION('',(0.,0.,-1.));
#14758=DIRECTION('',(1.,0.,0.));
#14759=DIRECTION('',(0.,0.,-1.));
#14760=DIRECTION('',(-1.,0.,0.));
#14761=DIRECTION('',(0.,0.,1.));
#14762=DIRECTION('',(1.,0.,0.));
#14763=DIRECTION('',(0.,0.,-1.));
#14764=DIRECTION('',(0.,0.,1.));
#14765=DIRECTION('',(1.,0.,0.));
#14766=DIRECTION('',(1.,0.,0.));
#14767=DIRECTION('',(0.,0.,-1.));
#14768=DIRECTION('',(0.,-1.,0.));
#14769=DIRECTION('',(0.,0.,-1.));
#14770=DIRECTION('',(0.,-1.,0.));
#14771=DIRECTION('',(0.,0.,-1.));
#14772=DIRECTION('',(-1.,0.,0.));
#14773=DIRECTION('',(0.,0.,1.));
#14774=DIRECTION('',(1.,0.,0.));
#14775=DIRECTION('',(0.,0.,-1.));
#14776=DIRECTION('',(0.,0.,1.));
#14777=DIRECTION('',(1.,0.,0.));
#14778=DIRECTION('',(0.,0.,-1.));
#14779=DIRECTION('',(-1.,0.,0.));
#14780=DIRECTION('',(0.,0.,1.));
#14781=DIRECTION('',(1.,0.,0.));
#14782=DIRECTION('',(0.,0.,-1.));
#14783=DIRECTION('',(0.,0.,1.));
#14784=DIRECTION('',(1.,0.,0.));
#14785=DIRECTION('',(0.,0.,-1.));
#14786=DIRECTION('',(1.,0.,0.));
#14787=DIRECTION('',(0.,0.,-1.));
#14788=DIRECTION('',(0.,-1.,0.));
#14789=DIRECTION('',(0.,0.,-1.));
#14790=DIRECTION('',(0.,-1.,0.));
#14791=DIRECTION('',(0.,0.,-1.));
#14792=DIRECTION('',(-1.,0.,0.));
#14793=DIRECTION('',(0.,0.,1.));
#14794=DIRECTION('',(1.,0.,0.));
#14795=DIRECTION('',(0.,0.,-1.));
#14796=DIRECTION('',(0.,0.,1.));
#14797=DIRECTION('',(1.,0.,0.));
#14798=DIRECTION('',(0.,1.,0.));
#14799=DIRECTION('',(0.,0.,1.));
#14800=DIRECTION('',(1.,0.,0.));
#14801=DIRECTION('',(0.,0.,-1.));
#14802=DIRECTION('',(1.,0.,0.));
#14803=DIRECTION('',(0.,0.,-1.));
#14804=DIRECTION('',(-1.,0.,0.));
#14805=DIRECTION('',(0.,0.,1.));
#14806=DIRECTION('',(1.,0.,0.));
#14807=DIRECTION('',(0.,0.,-1.));
#14808=DIRECTION('',(0.,0.,1.));
#14809=DIRECTION('',(1.,0.,0.));
#14810=DIRECTION('',(1.,0.,0.));
#14811=DIRECTION('',(0.,0.,-1.));
#14812=DIRECTION('',(0.,-1.,0.));
#14813=DIRECTION('',(0.,0.,-1.));
#14814=DIRECTION('',(0.,-1.,0.));
#14815=DIRECTION('',(0.,0.,-1.));
#14816=DIRECTION('',(-1.,0.,0.));
#14817=DIRECTION('',(0.,0.,1.));
#14818=DIRECTION('',(1.,0.,0.));
#14819=DIRECTION('',(0.,0.,-1.));
#14820=DIRECTION('',(0.,0.,1.));
#14821=DIRECTION('',(1.,0.,0.));
#14822=DIRECTION('',(0.,0.,-1.));
#14823=DIRECTION('',(-1.,0.,0.));
#14824=DIRECTION('',(0.,0.,1.));
#14825=DIRECTION('',(1.,0.,0.));
#14826=DIRECTION('',(0.,0.,-1.));
#14827=DIRECTION('',(0.,0.,1.));
#14828=DIRECTION('',(1.,0.,0.));
#14829=DIRECTION('',(0.,0.,-1.));
#14830=DIRECTION('',(1.,0.,0.));
#14831=DIRECTION('',(0.,0.,-1.));
#14832=DIRECTION('',(0.,-1.,0.));
#14833=DIRECTION('',(0.,0.,-1.));
#14834=DIRECTION('',(0.,-1.,0.));
#14835=DIRECTION('',(0.,0.,-1.));
#14836=DIRECTION('',(-1.,0.,0.));
#14837=DIRECTION('',(0.,0.,1.));
#14838=DIRECTION('',(1.,0.,0.));
#14839=DIRECTION('',(0.,0.,-1.));
#14840=DIRECTION('',(0.,0.,1.));
#14841=DIRECTION('',(1.,0.,0.));
#14842=DIRECTION('',(0.,1.,0.));
#14843=DIRECTION('',(0.,0.,1.));
#14844=DIRECTION('',(1.,0.,0.));
#14845=DIRECTION('',(0.,0.,-1.));
#14846=DIRECTION('',(1.,0.,0.));
#14847=DIRECTION('',(0.,0.,-1.));
#14848=DIRECTION('',(-1.,0.,0.));
#14849=DIRECTION('',(0.,0.,1.));
#14850=DIRECTION('',(1.,0.,0.));
#14851=DIRECTION('',(0.,0.,-1.));
#14852=DIRECTION('',(0.,0.,1.));
#14853=DIRECTION('',(1.,0.,0.));
#14854=DIRECTION('',(1.,0.,0.));
#14855=DIRECTION('',(0.,0.,-1.));
#14856=DIRECTION('',(0.,-1.,0.));
#14857=DIRECTION('',(0.,0.,-1.));
#14858=DIRECTION('',(0.,-1.,0.));
#14859=DIRECTION('',(0.,0.,-1.));
#14860=DIRECTION('',(-1.,0.,0.));
#14861=DIRECTION('',(0.,0.,1.));
#14862=DIRECTION('',(1.,0.,0.));
#14863=DIRECTION('',(0.,0.,-1.));
#14864=DIRECTION('',(0.,0.,1.));
#14865=DIRECTION('',(1.,0.,0.));
#14866=DIRECTION('',(0.,0.,-1.));
#14867=DIRECTION('',(-1.,0.,0.));
#14868=DIRECTION('',(0.,0.,1.));
#14869=DIRECTION('',(1.,0.,0.));
#14870=DIRECTION('',(0.,0.,-1.));
#14871=DIRECTION('',(0.,0.,1.));
#14872=DIRECTION('',(1.,0.,0.));
#14873=DIRECTION('',(0.,0.,-1.));
#14874=DIRECTION('',(1.,0.,0.));
#14875=DIRECTION('',(0.,0.,-1.));
#14876=DIRECTION('',(0.,-1.,0.));
#14877=DIRECTION('',(0.,0.,-1.));
#14878=DIRECTION('',(0.,-1.,0.));
#14879=DIRECTION('',(0.,0.,-1.));
#14880=DIRECTION('',(-1.,0.,0.));
#14881=DIRECTION('',(0.,0.,1.));
#14882=DIRECTION('',(1.,0.,0.));
#14883=DIRECTION('',(0.,0.,-1.));
#14884=DIRECTION('',(0.,0.,1.));
#14885=DIRECTION('',(1.,0.,0.));
#14886=DIRECTION('',(0.,1.,0.));
#14887=DIRECTION('',(0.,0.,1.));
#14888=DIRECTION('',(1.,0.,0.));
#14889=DIRECTION('',(0.,0.,-1.));
#14890=DIRECTION('',(1.,0.,0.));
#14891=DIRECTION('',(0.,0.,-1.));
#14892=DIRECTION('',(-1.,0.,0.));
#14893=DIRECTION('',(0.,0.,1.));
#14894=DIRECTION('',(1.,0.,0.));
#14895=DIRECTION('',(0.,0.,-1.));
#14896=DIRECTION('',(0.,0.,1.));
#14897=DIRECTION('',(1.,0.,0.));
#14898=DIRECTION('',(1.,0.,0.));
#14899=DIRECTION('',(0.,0.,-1.));
#14900=DIRECTION('',(0.,-1.,0.));
#14901=DIRECTION('',(0.,0.,-1.));
#14902=DIRECTION('',(0.,-1.,0.));
#14903=DIRECTION('',(0.,0.,-1.));
#14904=DIRECTION('',(-1.,0.,0.));
#14905=DIRECTION('',(0.,0.,1.));
#14906=DIRECTION('',(1.,0.,0.));
#14907=DIRECTION('',(0.,0.,-1.));
#14908=DIRECTION('',(0.,0.,1.));
#14909=DIRECTION('',(1.,0.,0.));
#14910=DIRECTION('',(0.,0.,-1.));
#14911=DIRECTION('',(-1.,0.,0.));
#14912=DIRECTION('',(0.,0.,1.));
#14913=DIRECTION('',(1.,0.,0.));
#14914=DIRECTION('',(0.,0.,-1.));
#14915=DIRECTION('',(0.,0.,1.));
#14916=DIRECTION('',(1.,0.,0.));
#14917=DIRECTION('',(0.,0.,-1.));
#14918=DIRECTION('',(1.,0.,0.));
#14919=DIRECTION('',(0.,0.,-1.));
#14920=DIRECTION('',(0.,-1.,0.));
#14921=DIRECTION('',(0.,0.,-1.));
#14922=DIRECTION('',(0.,-1.,0.));
#14923=DIRECTION('',(0.,0.,-1.));
#14924=DIRECTION('',(-1.,0.,0.));
#14925=DIRECTION('',(0.,0.,1.));
#14926=DIRECTION('',(1.,0.,0.));
#14927=DIRECTION('',(0.,0.,-1.));
#14928=DIRECTION('',(0.,0.,1.));
#14929=DIRECTION('',(1.,0.,0.));
#14930=DIRECTION('',(0.,1.,0.));
#14931=DIRECTION('',(0.,0.,1.));
#14932=DIRECTION('',(1.,0.,0.));
#14933=DIRECTION('',(0.,0.,-1.));
#14934=DIRECTION('',(1.,0.,0.));
#14935=DIRECTION('',(0.,0.,-1.));
#14936=DIRECTION('',(-1.,0.,0.));
#14937=DIRECTION('',(0.,0.,1.));
#14938=DIRECTION('',(1.,0.,0.));
#14939=DIRECTION('',(0.,0.,-1.));
#14940=DIRECTION('',(0.,0.,1.));
#14941=DIRECTION('',(1.,0.,0.));
#14942=DIRECTION('',(1.,0.,0.));
#14943=DIRECTION('',(0.,0.,-1.));
#14944=DIRECTION('',(0.,-1.,0.));
#14945=DIRECTION('',(0.,0.,-1.));
#14946=DIRECTION('',(0.,-1.,0.));
#14947=DIRECTION('',(0.,0.,-1.));
#14948=DIRECTION('',(-1.,0.,0.));
#14949=DIRECTION('',(0.,0.,1.));
#14950=DIRECTION('',(1.,0.,0.));
#14951=DIRECTION('',(0.,0.,-1.));
#14952=DIRECTION('',(0.,0.,1.));
#14953=DIRECTION('',(1.,0.,0.));
#14954=DIRECTION('',(0.,0.,-1.));
#14955=DIRECTION('',(-1.,0.,0.));
#14956=DIRECTION('',(0.,0.,1.));
#14957=DIRECTION('',(1.,0.,0.));
#14958=DIRECTION('',(0.,0.,-1.));
#14959=DIRECTION('',(0.,0.,1.));
#14960=DIRECTION('',(1.,0.,0.));
#14961=DIRECTION('',(0.,0.,-1.));
#14962=DIRECTION('',(1.,0.,0.));
#14963=DIRECTION('',(0.,0.,-1.));
#14964=DIRECTION('',(0.,-1.,0.));
#14965=DIRECTION('',(0.,0.,-1.));
#14966=DIRECTION('',(0.,-1.,0.));
#14967=DIRECTION('',(0.,0.,-1.));
#14968=DIRECTION('',(-1.,0.,0.));
#14969=DIRECTION('',(0.,0.,1.));
#14970=DIRECTION('',(1.,0.,0.));
#14971=DIRECTION('',(0.,0.,-1.));
#14972=DIRECTION('',(0.,0.,1.));
#14973=DIRECTION('',(1.,0.,0.));
#14974=DIRECTION('',(0.,1.,0.));
#14975=DIRECTION('',(0.,0.,1.));
#14976=DIRECTION('',(1.,0.,0.));
#14977=DIRECTION('',(0.,0.,-1.));
#14978=DIRECTION('',(1.,0.,0.));
#14979=DIRECTION('',(0.,0.,-1.));
#14980=DIRECTION('',(-1.,0.,0.));
#14981=DIRECTION('',(0.,0.,1.));
#14982=DIRECTION('',(1.,0.,0.));
#14983=DIRECTION('',(0.,0.,-1.));
#14984=DIRECTION('',(0.,0.,1.));
#14985=DIRECTION('',(1.,0.,0.));
#14986=DIRECTION('',(1.,0.,0.));
#14987=DIRECTION('',(0.,0.,-1.));
#14988=DIRECTION('',(0.,-1.,0.));
#14989=DIRECTION('',(0.,0.,-1.));
#14990=DIRECTION('',(0.,-1.,0.));
#14991=DIRECTION('',(0.,0.,-1.));
#14992=DIRECTION('',(-1.,0.,0.));
#14993=DIRECTION('',(0.,0.,1.));
#14994=DIRECTION('',(1.,0.,0.));
#14995=DIRECTION('',(0.,0.,-1.));
#14996=DIRECTION('',(0.,0.,1.));
#14997=DIRECTION('',(1.,0.,0.));
#14998=DIRECTION('',(0.,0.,-1.));
#14999=DIRECTION('',(-1.,0.,0.));
#15000=DIRECTION('',(0.,0.,1.));
#15001=DIRECTION('',(1.,0.,0.));
#15002=DIRECTION('',(0.,0.,-1.));
#15003=DIRECTION('',(0.,0.,1.));
#15004=DIRECTION('',(1.,0.,0.));
#15005=DIRECTION('',(0.,0.,-1.));
#15006=DIRECTION('',(1.,0.,0.));
#15007=DIRECTION('',(0.,0.,-1.));
#15008=DIRECTION('',(0.,-1.,0.));
#15009=DIRECTION('',(0.,0.,-1.));
#15010=DIRECTION('',(0.,-1.,0.));
#15011=DIRECTION('',(0.,0.,-1.));
#15012=DIRECTION('',(-1.,0.,0.));
#15013=DIRECTION('',(0.,0.,1.));
#15014=DIRECTION('',(1.,0.,0.));
#15015=DIRECTION('',(0.,0.,-1.));
#15016=DIRECTION('',(0.,0.,1.));
#15017=DIRECTION('',(1.,0.,0.));
#15018=DIRECTION('',(0.,1.,0.));
#15019=DIRECTION('',(0.,0.,1.));
#15020=DIRECTION('',(1.,0.,0.));
#15021=DIRECTION('',(0.,0.,-1.));
#15022=DIRECTION('',(1.,0.,0.));
#15023=DIRECTION('',(0.,0.,-1.));
#15024=DIRECTION('',(-1.,0.,0.));
#15025=DIRECTION('',(0.,0.,1.));
#15026=DIRECTION('',(1.,0.,0.));
#15027=DIRECTION('',(0.,0.,-1.));
#15028=DIRECTION('',(0.,0.,1.));
#15029=DIRECTION('',(1.,0.,0.));
#15030=DIRECTION('',(1.,0.,0.));
#15031=DIRECTION('',(0.,0.,-1.));
#15032=DIRECTION('',(0.,-1.,0.));
#15033=DIRECTION('',(0.,0.,-1.));
#15034=DIRECTION('',(0.,-1.,0.));
#15035=DIRECTION('',(0.,0.,-1.));
#15036=DIRECTION('',(-1.,0.,0.));
#15037=DIRECTION('',(0.,0.,1.));
#15038=DIRECTION('',(1.,0.,0.));
#15039=DIRECTION('',(0.,0.,-1.));
#15040=DIRECTION('',(0.,0.,1.));
#15041=DIRECTION('',(1.,0.,0.));
#15042=DIRECTION('',(0.,0.,-1.));
#15043=DIRECTION('',(-1.,0.,0.));
#15044=DIRECTION('',(0.,0.,1.));
#15045=DIRECTION('',(1.,0.,0.));
#15046=DIRECTION('',(0.,0.,-1.));
#15047=DIRECTION('',(0.,0.,1.));
#15048=DIRECTION('',(1.,0.,0.));
#15049=DIRECTION('',(0.,0.,-1.));
#15050=DIRECTION('',(0.,1.,0.));
#15051=DIRECTION('',(0.,0.,1.));
#15052=DIRECTION('',(1.,0.,0.));
#15053=DIRECTION('',(0.,0.,-1.));
#15054=DIRECTION('',(1.,0.,0.));
#15055=DIRECTION('',(0.,0.,-1.));
#15056=DIRECTION('',(-1.,0.,0.));
#15057=DIRECTION('',(0.,0.,1.));
#15058=DIRECTION('',(1.,0.,0.));
#15059=DIRECTION('',(0.,0.,-1.));
#15060=DIRECTION('',(0.,0.,1.));
#15061=DIRECTION('',(1.,0.,0.));
#15062=DIRECTION('',(1.,0.,0.));
#15063=DIRECTION('',(0.,0.,-1.));
#15064=DIRECTION('',(0.,-1.,0.));
#15065=DIRECTION('',(0.,0.,-1.));
#15066=DIRECTION('',(0.,-1.,0.));
#15067=DIRECTION('',(0.,0.,-1.));
#15068=DIRECTION('',(-1.,0.,0.));
#15069=DIRECTION('',(0.,0.,1.));
#15070=DIRECTION('',(1.,0.,0.));
#15071=DIRECTION('',(0.,0.,-1.));
#15072=DIRECTION('',(0.,0.,1.));
#15073=DIRECTION('',(1.,0.,0.));
#15074=DIRECTION('',(0.,1.,0.));
#15075=DIRECTION('',(0.,0.,1.));
#15076=DIRECTION('',(1.,0.,0.));
#15077=DIRECTION('',(0.,0.,-1.));
#15078=DIRECTION('',(1.,0.,0.));
#15079=DIRECTION('',(0.,0.,-1.));
#15080=DIRECTION('',(-1.,0.,0.));
#15081=DIRECTION('',(0.,0.,1.));
#15082=DIRECTION('',(1.,0.,0.));
#15083=DIRECTION('',(0.,0.,-1.));
#15084=DIRECTION('',(0.,0.,1.));
#15085=DIRECTION('',(1.,0.,0.));
#15086=DIRECTION('',(0.,0.,-1.));
#15087=DIRECTION('',(-1.,0.,0.));
#15088=DIRECTION('',(0.,0.,1.));
#15089=DIRECTION('',(1.,0.,0.));
#15090=DIRECTION('',(0.,0.,-1.));
#15091=DIRECTION('',(0.,0.,1.));
#15092=DIRECTION('',(1.,0.,0.));
#15093=DIRECTION('',(0.,0.,-1.));
#15094=DIRECTION('',(1.,0.,0.));
#15095=DIRECTION('',(0.,0.,-1.));
#15096=DIRECTION('',(0.,-1.,0.));
#15097=DIRECTION('',(0.,0.,-1.));
#15098=DIRECTION('',(0.,-1.,0.));
#15099=DIRECTION('',(0.,0.,-1.));
#15100=DIRECTION('',(-1.,0.,0.));
#15101=DIRECTION('',(0.,0.,1.));
#15102=DIRECTION('',(1.,0.,0.));
#15103=DIRECTION('',(0.,0.,-1.));
#15104=DIRECTION('',(0.,0.,1.));
#15105=DIRECTION('',(1.,0.,0.));
#15106=DIRECTION('',(0.,1.,0.));
#15107=DIRECTION('',(0.,0.,1.));
#15108=DIRECTION('',(1.,0.,0.));
#15109=DIRECTION('',(0.,0.,-1.));
#15110=DIRECTION('',(1.,0.,0.));
#15111=DIRECTION('',(0.,0.,-1.));
#15112=DIRECTION('',(-1.,0.,0.));
#15113=DIRECTION('',(0.,0.,1.));
#15114=DIRECTION('',(1.,0.,0.));
#15115=DIRECTION('',(0.,0.,-1.));
#15116=DIRECTION('',(0.,0.,1.));
#15117=DIRECTION('',(1.,0.,0.));
#15118=DIRECTION('',(1.,0.,0.));
#15119=DIRECTION('',(0.,0.,-1.));
#15120=DIRECTION('',(0.,-1.,0.));
#15121=DIRECTION('',(0.,0.,-1.));
#15122=DIRECTION('',(0.,-1.,0.));
#15123=DIRECTION('',(0.,0.,-1.));
#15124=DIRECTION('',(-1.,0.,0.));
#15125=DIRECTION('',(0.,0.,1.));
#15126=DIRECTION('',(1.,0.,0.));
#15127=DIRECTION('',(0.,0.,-1.));
#15128=DIRECTION('',(0.,0.,1.));
#15129=DIRECTION('',(1.,0.,0.));
#15130=DIRECTION('',(0.,0.,-1.));
#15131=DIRECTION('',(-1.,0.,0.));
#15132=DIRECTION('',(0.,0.,1.));
#15133=DIRECTION('',(1.,0.,0.));
#15134=DIRECTION('',(0.,0.,-1.));
#15135=DIRECTION('',(0.,0.,1.));
#15136=DIRECTION('',(1.,0.,0.));
#15137=DIRECTION('',(0.,0.,-1.));
#15138=DIRECTION('',(1.,0.,0.));
#15139=DIRECTION('',(0.,0.,-1.));
#15140=DIRECTION('',(0.,-1.,0.));
#15141=DIRECTION('',(0.,0.,-1.));
#15142=DIRECTION('',(0.,-1.,0.));
#15143=DIRECTION('',(0.,0.,-1.));
#15144=DIRECTION('',(-1.,0.,0.));
#15145=DIRECTION('',(0.,0.,1.));
#15146=DIRECTION('',(1.,0.,0.));
#15147=DIRECTION('',(0.,0.,-1.));
#15148=DIRECTION('',(0.,0.,1.));
#15149=DIRECTION('',(1.,0.,0.));
#15150=DIRECTION('',(0.,1.,0.));
#15151=DIRECTION('',(0.,0.,1.));
#15152=DIRECTION('',(1.,0.,0.));
#15153=DIRECTION('',(0.,0.,-1.));
#15154=DIRECTION('',(1.,0.,0.));
#15155=DIRECTION('',(0.,0.,-1.));
#15156=DIRECTION('',(-1.,0.,0.));
#15157=DIRECTION('',(0.,0.,1.));
#15158=DIRECTION('',(1.,0.,0.));
#15159=DIRECTION('',(0.,0.,-1.));
#15160=DIRECTION('',(0.,0.,1.));
#15161=DIRECTION('',(1.,0.,0.));
#15162=DIRECTION('',(1.,0.,0.));
#15163=DIRECTION('',(0.,0.,-1.));
#15164=DIRECTION('',(0.,-1.,0.));
#15165=DIRECTION('',(0.,0.,-1.));
#15166=DIRECTION('',(0.,-1.,0.));
#15167=DIRECTION('',(0.,0.,-1.));
#15168=DIRECTION('',(-1.,0.,0.));
#15169=DIRECTION('',(0.,0.,1.));
#15170=DIRECTION('',(1.,0.,0.));
#15171=DIRECTION('',(0.,0.,-1.));
#15172=DIRECTION('',(0.,0.,1.));
#15173=DIRECTION('',(1.,0.,0.));
#15174=DIRECTION('',(1.,0.,0.));
#15175=DIRECTION('',(0.,0.,-1.));
#15176=DIRECTION('',(0.,-1.,0.));
#15177=DIRECTION('',(0.,0.,-1.));
#15178=DIRECTION('',(0.,-1.,0.));
#15179=DIRECTION('',(0.,0.,-1.));
#15180=DIRECTION('',(0.,0.,-1.));
#15181=DIRECTION('',(-1.,0.,0.));
#15182=DIRECTION('',(0.,0.,1.));
#15183=DIRECTION('',(1.,0.,0.));
#15184=DIRECTION('',(0.,0.,-1.));
#15185=DIRECTION('',(0.,0.,1.));
#15186=DIRECTION('',(1.,0.,0.));
#15187=DIRECTION('',(0.,1.,0.));
#15188=DIRECTION('',(0.,0.,1.));
#15189=DIRECTION('',(1.,0.,0.));
#15190=DIRECTION('',(0.,0.,-1.));
#15191=DIRECTION('',(1.,0.,0.));
#15192=DIRECTION('',(0.,0.,-1.));
#15193=DIRECTION('',(-1.,0.,0.));
#15194=DIRECTION('',(0.,0.,1.));
#15195=DIRECTION('',(1.,0.,0.));
#15196=DIRECTION('',(0.,0.,-1.));
#15197=DIRECTION('',(0.,0.,1.));
#15198=DIRECTION('',(1.,0.,0.));
#15199=DIRECTION('',(1.,0.,0.));
#15200=DIRECTION('',(0.,0.,-1.));
#15201=DIRECTION('',(0.,-1.,0.));
#15202=DIRECTION('',(0.,0.,-1.));
#15203=DIRECTION('',(0.,-1.,0.));
#15204=DIRECTION('',(0.,0.,-1.));
#15205=DIRECTION('',(-1.,0.,0.));
#15206=DIRECTION('',(0.,0.,1.));
#15207=DIRECTION('',(1.,0.,0.));
#15208=DIRECTION('',(0.,0.,-1.));
#15209=DIRECTION('',(0.,0.,1.));
#15210=DIRECTION('',(1.,0.,0.));
#15211=DIRECTION('',(0.,1.,0.));
#15212=DIRECTION('',(0.,0.,1.));
#15213=DIRECTION('',(1.,0.,0.));
#15214=DIRECTION('',(0.,0.,-1.));
#15215=DIRECTION('',(1.,0.,0.));
#15216=DIRECTION('',(0.,1.,0.));
#15217=DIRECTION('',(0.,0.,1.));
#15218=DIRECTION('',(1.,0.,0.));
#15219=DIRECTION('',(1.,0.,0.));
#15220=DIRECTION('',(0.,1.,0.));
#15221=DIRECTION('',(0.,0.,1.));
#15222=DIRECTION('',(1.,0.,0.));
#15223=DIRECTION('',(1.,0.,0.));
#15224=DIRECTION('',(0.,1.,0.));
#15225=DIRECTION('',(0.,0.,1.));
#15226=DIRECTION('',(1.,0.,0.));
#15227=DIRECTION('',(1.,0.,0.));
#15228=DIRECTION('',(1.,0.,0.));
#15229=DIRECTION('',(0.,0.,-1.));
#15230=DIRECTION('',(0.,-1.,0.));
#15231=DIRECTION('',(0.,-1.,0.));
#15232=DIRECTION('',(1.,0.,0.));
#15233=DIRECTION('',(0.,0.,-1.));
#15234=DIRECTION('',(0.,-1.,0.));
#15235=DIRECTION('',(0.,-1.,0.));
#15236=DIRECTION('',(0.,1.,0.));
#15237=DIRECTION('',(0.,0.,1.));
#15238=DIRECTION('',(1.,0.,0.));
#15239=DIRECTION('',(1.,0.,0.));
#15240=DIRECTION('',(1.,0.,0.));
#15241=DIRECTION('',(0.,0.,-1.));
#15242=DIRECTION('',(0.,-1.,0.));
#15243=DIRECTION('',(0.,-1.,0.));
#15244=DIRECTION('',(0.,1.,0.));
#15245=DIRECTION('',(0.,0.,1.));
#15246=DIRECTION('',(1.,0.,0.));
#15247=DIRECTION('',(1.,0.,0.));
#15248=DIRECTION('',(0.,1.,0.));
#15249=DIRECTION('',(0.,0.,1.));
#15250=DIRECTION('',(1.,0.,0.));
#15251=DIRECTION('',(1.,0.,0.));
#15252=DIRECTION('',(0.,1.,0.));
#15253=DIRECTION('',(0.,0.,1.));
#15254=DIRECTION('',(1.,0.,0.));
#15255=DIRECTION('',(1.,0.,0.));
#15256=DIRECTION('',(0.,1.,0.));
#15257=DIRECTION('',(0.,0.,1.));
#15258=DIRECTION('',(1.,0.,0.));
#15259=DIRECTION('',(1.,0.,0.));
#15260=DIRECTION('',(1.,0.,0.));
#15261=DIRECTION('',(0.,0.,-1.));
#15262=DIRECTION('',(0.,-1.,0.));
#15263=DIRECTION('',(0.,-1.,0.));
#15264=DIRECTION('',(1.,0.,0.));
#15265=DIRECTION('',(0.,0.,-1.));
#15266=DIRECTION('',(0.,-1.,0.));
#15267=DIRECTION('',(0.,-1.,0.));
#15268=DIRECTION('',(0.,1.,0.));
#15269=DIRECTION('',(0.,0.,1.));
#15270=DIRECTION('',(1.,0.,0.));
#15271=DIRECTION('',(1.,0.,0.));
#15272=DIRECTION('',(1.,0.,0.));
#15273=DIRECTION('',(0.,0.,-1.));
#15274=DIRECTION('',(0.,-1.,0.));
#15275=DIRECTION('',(0.,-1.,0.));
#15276=DIRECTION('',(1.,0.,0.));
#15277=DIRECTION('',(0.,0.,-1.));
#15278=DIRECTION('',(0.,-1.,0.));
#15279=DIRECTION('',(0.,-1.,0.));
#15280=DIRECTION('',(0.,1.,0.));
#15281=DIRECTION('',(0.,0.,1.));
#15282=DIRECTION('',(1.,0.,0.));
#15283=DIRECTION('',(1.,0.,0.));
#15284=DIRECTION('',(1.,0.,0.));
#15285=DIRECTION('',(0.,0.,-1.));
#15286=DIRECTION('',(0.,-1.,0.));
#15287=DIRECTION('',(0.,-1.,0.));
#15288=DIRECTION('',(0.,1.,0.));
#15289=DIRECTION('',(0.,0.,1.));
#15290=DIRECTION('',(1.,0.,0.));
#15291=DIRECTION('',(1.,0.,0.));
#15292=DIRECTION('',(0.,-1.,0.));
#15293=DIRECTION('',(0.,0.,-1.));
#15294=DIRECTION('',(-1.,0.,0.));
#15295=DIRECTION('',(-1.,0.,0.));
#15296=DIRECTION('',(0.,1.,0.));
#15297=DIRECTION('',(0.,0.,1.));
#15298=DIRECTION('',(1.,0.,0.));
#15299=DIRECTION('',(1.,0.,0.));
#15300=DIRECTION('',(0.,1.,0.));
#15301=DIRECTION('',(0.,0.,1.));
#15302=DIRECTION('',(1.,0.,0.));
#15303=DIRECTION('',(1.,0.,0.));
#15304=DIRECTION('',(0.,1.,0.));
#15305=DIRECTION('',(0.,0.,1.));
#15306=DIRECTION('',(1.,0.,0.));
#15307=DIRECTION('',(1.,0.,0.));
#15308=DIRECTION('',(1.,0.,0.));
#15309=DIRECTION('',(0.,0.,-1.));
#15310=DIRECTION('',(0.,-1.,0.));
#15311=DIRECTION('',(0.,-1.,0.));
#15312=DIRECTION('',(1.,0.,0.));
#15313=DIRECTION('',(0.,0.,-1.));
#15314=DIRECTION('',(0.,-1.,0.));
#15315=DIRECTION('',(0.,-1.,0.));
#15316=DIRECTION('',(0.,1.,0.));
#15317=DIRECTION('',(0.,0.,1.));
#15318=DIRECTION('',(1.,0.,0.));
#15319=DIRECTION('',(1.,0.,0.));
#15320=DIRECTION('',(1.,0.,0.));
#15321=DIRECTION('',(0.,0.,-1.));
#15322=DIRECTION('',(0.,-1.,0.));
#15323=DIRECTION('',(0.,-1.,0.));
#15324=DIRECTION('',(1.,0.,0.));
#15325=DIRECTION('',(0.,0.,-1.));
#15326=DIRECTION('',(0.,-1.,0.));
#15327=DIRECTION('',(0.,-1.,0.));
#15328=DIRECTION('',(1.,0.,0.));
#15329=DIRECTION('',(0.,0.,-1.));
#15330=DIRECTION('',(0.,-1.,0.));
#15331=DIRECTION('',(0.,-1.,0.));
#15332=DIRECTION('',(1.,0.,0.));
#15333=DIRECTION('',(0.,0.,-1.));
#15334=DIRECTION('',(0.,-1.,0.));
#15335=DIRECTION('',(0.,-1.,0.));
#15336=DIRECTION('',(1.,0.,0.));
#15337=DIRECTION('',(0.,0.,-1.));
#15338=DIRECTION('',(0.,-1.,0.));
#15339=DIRECTION('',(0.,-1.,0.));
#15340=DIRECTION('',(1.,0.,0.));
#15341=DIRECTION('',(0.,0.,-1.));
#15342=DIRECTION('',(0.,-1.,0.));
#15343=DIRECTION('',(0.,-1.,0.));
#15344=DIRECTION('',(1.,0.,0.));
#15345=DIRECTION('',(0.,0.,-1.));
#15346=DIRECTION('',(0.,-1.,0.));
#15347=DIRECTION('',(0.,-1.,0.));
#15348=DIRECTION('',(0.,1.,0.));
#15349=DIRECTION('',(0.,0.,1.));
#15350=DIRECTION('',(1.,0.,0.));
#15351=DIRECTION('',(1.,0.,0.));
#15352=DIRECTION('',(0.,0.,-1.));
#15353=DIRECTION('',(-1.,0.,0.));
#15354=DIRECTION('',(0.,0.,1.));
#15355=DIRECTION('',(1.,0.,0.));
#15356=DIRECTION('',(0.,0.,1.));
#15357=DIRECTION('',(1.,0.,0.));
#15358=DIRECTION('',(0.,1.,0.));
#15359=DIRECTION('',(0.,0.,1.));
#15360=DIRECTION('',(1.,0.,0.));
#15361=DIRECTION('',(1.,0.,0.));
#15362=DIRECTION('',(1.,0.,0.));
#15363=DIRECTION('',(0.,0.,-1.));
#15364=DIRECTION('',(0.,-1.,0.));
#15365=DIRECTION('',(0.,-1.,0.));
#15366=DIRECTION('',(0.,1.,0.));
#15367=DIRECTION('',(0.,0.,1.));
#15368=DIRECTION('',(1.,0.,0.));
#15369=DIRECTION('',(1.,0.,0.));
#15370=DIRECTION('',(0.,1.,0.));
#15371=DIRECTION('',(0.,0.,1.));
#15372=DIRECTION('',(1.,0.,0.));
#15373=DIRECTION('',(1.,0.,0.));
#15374=DIRECTION('',(1.,0.,0.));
#15375=DIRECTION('',(0.,0.,-1.));
#15376=DIRECTION('',(0.,-1.,0.));
#15377=DIRECTION('',(0.,-1.,0.));
#15378=DIRECTION('',(1.,0.,0.));
#15379=DIRECTION('',(0.,0.,-1.));
#15380=DIRECTION('',(0.,-1.,0.));
#15381=DIRECTION('',(0.,-1.,0.));
#15382=DIRECTION('',(0.,1.,0.));
#15383=DIRECTION('',(0.,0.,1.));
#15384=DIRECTION('',(1.,0.,0.));
#15385=DIRECTION('',(1.,0.,0.));
#15386=DIRECTION('',(0.,1.,0.));
#15387=DIRECTION('',(0.,0.,1.));
#15388=DIRECTION('',(1.,0.,0.));
#15389=DIRECTION('',(1.,0.,0.));
#15390=DIRECTION('',(0.,1.,0.));
#15391=DIRECTION('',(0.,0.,1.));
#15392=DIRECTION('',(1.,0.,0.));
#15393=DIRECTION('',(1.,0.,0.));
#15394=DIRECTION('',(0.,1.,0.));
#15395=DIRECTION('',(0.,0.,1.));
#15396=DIRECTION('',(1.,0.,0.));
#15397=DIRECTION('',(1.,0.,0.));
#15398=DIRECTION('',(0.,0.,-1.));
#15399=DIRECTION('',(-1.,0.,0.));
#15400=DIRECTION('',(0.,0.,1.));
#15401=DIRECTION('',(1.,0.,0.));
#15402=DIRECTION('',(0.,0.,1.));
#15403=DIRECTION('',(1.,0.,0.));
#15404=DIRECTION('',(1.,0.,0.));
#15405=DIRECTION('',(0.,0.,-1.));
#15406=DIRECTION('',(0.,-1.,0.));
#15407=DIRECTION('',(0.,-1.,0.));
#15408=DIRECTION('',(0.,1.,0.));
#15409=DIRECTION('',(0.,0.,1.));
#15410=DIRECTION('',(1.,0.,0.));
#15411=DIRECTION('',(1.,0.,0.));
#15412=DIRECTION('',(1.,0.,0.));
#15413=DIRECTION('',(0.,0.,-1.));
#15414=DIRECTION('',(0.,-1.,0.));
#15415=DIRECTION('',(0.,-1.,0.));
#15416=DIRECTION('',(0.,0.,-1.));
#15417=DIRECTION('',(-1.,0.,0.));
#15418=DIRECTION('',(0.,0.,1.));
#15419=DIRECTION('',(1.,0.,0.));
#15420=DIRECTION('',(0.,0.,1.));
#15421=DIRECTION('',(1.,0.,0.));
#15422=DIRECTION('',(0.,0.,-1.));
#15423=DIRECTION('',(-1.,0.,0.));
#15424=DIRECTION('',(0.,0.,1.));
#15425=DIRECTION('',(1.,0.,0.));
#15426=DIRECTION('',(0.,0.,1.));
#15427=DIRECTION('',(1.,0.,0.));
#15428=DIRECTION('',(0.,1.,0.));
#15429=DIRECTION('',(0.,0.,1.));
#15430=DIRECTION('',(1.,0.,0.));
#15431=DIRECTION('',(1.,0.,0.));
#15432=DIRECTION('',(0.,1.,0.));
#15433=DIRECTION('',(0.,0.,1.));
#15434=DIRECTION('',(1.,0.,0.));
#15435=DIRECTION('',(1.,0.,0.));
#15436=DIRECTION('',(0.,1.,0.));
#15437=DIRECTION('',(0.,0.,1.));
#15438=DIRECTION('',(1.,0.,0.));
#15439=DIRECTION('',(1.,0.,0.));
#15440=DIRECTION('',(1.,0.,0.));
#15441=DIRECTION('',(0.,0.,-1.));
#15442=DIRECTION('',(0.,-1.,0.));
#15443=DIRECTION('',(0.,-1.,0.));
#15444=DIRECTION('',(0.,1.,0.));
#15445=DIRECTION('',(0.,0.,1.));
#15446=DIRECTION('',(1.,0.,0.));
#15447=DIRECTION('',(1.,0.,0.));
#15448=DIRECTION('',(0.,1.,0.));
#15449=DIRECTION('',(0.,0.,1.));
#15450=DIRECTION('',(1.,0.,0.));
#15451=DIRECTION('',(1.,0.,0.));
#15452=DIRECTION('',(0.,1.,0.));
#15453=DIRECTION('',(0.,0.,1.));
#15454=DIRECTION('',(1.,0.,0.));
#15455=DIRECTION('',(1.,0.,0.));
#15456=DIRECTION('',(0.,1.,0.));
#15457=DIRECTION('',(0.,0.,1.));
#15458=DIRECTION('',(1.,0.,0.));
#15459=DIRECTION('',(1.,0.,0.));
#15460=DIRECTION('',(0.,1.,0.));
#15461=DIRECTION('',(0.,0.,1.));
#15462=DIRECTION('',(1.,0.,0.));
#15463=DIRECTION('',(1.,0.,0.));
#15464=DIRECTION('',(0.,1.,0.));
#15465=DIRECTION('',(0.,0.,1.));
#15466=DIRECTION('',(1.,0.,0.));
#15467=DIRECTION('',(1.,0.,0.));
#15468=DIRECTION('',(0.,1.,0.));
#15469=DIRECTION('',(0.,0.,1.));
#15470=DIRECTION('',(1.,0.,0.));
#15471=DIRECTION('',(1.,0.,0.));
#15472=DIRECTION('',(1.,0.,0.));
#15473=DIRECTION('',(0.,0.,-1.));
#15474=DIRECTION('',(0.,-1.,0.));
#15475=DIRECTION('',(0.,-1.,0.));
#15476=DIRECTION('',(0.,1.,0.));
#15477=DIRECTION('',(0.,0.,1.));
#15478=DIRECTION('',(1.,0.,0.));
#15479=DIRECTION('',(1.,0.,0.));
#15480=DIRECTION('',(0.,1.,0.));
#15481=DIRECTION('',(0.,0.,1.));
#15482=DIRECTION('',(1.,0.,0.));
#15483=DIRECTION('',(1.,0.,0.));
#15484=DIRECTION('',(0.,0.,-1.));
#15485=DIRECTION('',(-1.,0.,0.));
#15486=DIRECTION('',(0.,0.,1.));
#15487=DIRECTION('',(1.,0.,0.));
#15488=DIRECTION('',(0.,0.,1.));
#15489=DIRECTION('',(1.,0.,0.));
#15490=DIRECTION('',(0.,1.,0.));
#15491=DIRECTION('',(0.,0.,1.));
#15492=DIRECTION('',(1.,0.,0.));
#15493=DIRECTION('',(1.,0.,0.));
#15494=DIRECTION('',(0.,0.,1.));
#15495=DIRECTION('',(1.,0.,0.));
#15496=DIRECTION('',(0.,0.,1.));
#15497=DIRECTION('',(1.,0.,0.));
#15498=CARTESIAN_POINT('',(0.,0.,0.));
#15499=CARTESIAN_POINT('',(-0.003025,-0.022075,0.003175));
#15500=CARTESIAN_POINT('',(-0.003025,-0.022075,0.0015875));
#15501=CARTESIAN_POINT('',(-0.002525,-0.022075,0.0015875));
#15502=CARTESIAN_POINT('',(-0.003025,-0.021575,0.0015875));
#15503=CARTESIAN_POINT('',(-0.002525,-0.022075,0.003175));
#15504=CARTESIAN_POINT('',(-0.002525,-0.022075,0.003175));
#15505=CARTESIAN_POINT('',(-0.003025,-0.022075,0.003175));
#15506=CARTESIAN_POINT('',(-0.003025,-0.021575,0.003175));
#15507=CARTESIAN_POINT('',(-0.003025,-0.021575,0.003175));
#15508=CARTESIAN_POINT('',(-0.002525,-0.028575,0.003175));
#15509=CARTESIAN_POINT('',(-0.002525,-0.028575,0.0015875));
#15510=CARTESIAN_POINT('',(-0.002525,-0.035075,0.0015875));
#15511=CARTESIAN_POINT('',(-0.002525,-0.035075,0.003175));
#15512=CARTESIAN_POINT('',(-0.002525,-0.035075,0.003175));
#15513=CARTESIAN_POINT('',(-0.002525,-0.028575,0.003175));
#15514=CARTESIAN_POINT('',(-0.003025,-0.035075,0.003175));
#15515=CARTESIAN_POINT('',(-0.003025,-0.035075,0.0015875));
#15516=CARTESIAN_POINT('',(-0.003025,-0.035575,0.0015875));
#15517=CARTESIAN_POINT('',(-0.003025,-0.035575,0.003175));
#15518=CARTESIAN_POINT('',(-0.003025,-0.035575,0.003175));
#15519=CARTESIAN_POINT('',(-0.003025,-0.035075,0.003175));
#15520=CARTESIAN_POINT('',(-0.009525,-0.035575,0.003175));
#15521=CARTESIAN_POINT('',(-0.009525,-0.035575,0.0015875));
#15522=CARTESIAN_POINT('',(-0.016025,-0.035575,0.0015875));
#15523=CARTESIAN_POINT('',(-0.016025,-0.035575,0.003175));
#15524=CARTESIAN_POINT('',(-0.016025,-0.035575,0.003175));
#15525=CARTESIAN_POINT('',(-0.009525,-0.035575,0.003175));
#15526=CARTESIAN_POINT('',(-0.016025,-0.035075,0.003175));
#15527=CARTESIAN_POINT('',(-0.016025,-0.035075,0.0015875));
#15528=CARTESIAN_POINT('',(-0.016525,-0.035075,0.0015875));
#15529=CARTESIAN_POINT('',(-0.016525,-0.035075,0.003175));
#15530=CARTESIAN_POINT('',(-0.016525,-0.035075,0.003175));
#15531=CARTESIAN_POINT('',(-0.016025,-0.035075,0.003175));
#15532=CARTESIAN_POINT('',(-0.016525,-0.028575,0.003175));
#15533=CARTESIAN_POINT('',(-0.016525,-0.028575,0.0015875));
#15534=CARTESIAN_POINT('',(-0.016525,-0.022075,0.0015875));
#15535=CARTESIAN_POINT('',(-0.016525,-0.022075,0.003175));
#15536=CARTESIAN_POINT('',(-0.016525,-0.022075,0.003175));
#15537=CARTESIAN_POINT('',(-0.016525,-0.028575,0.003175));
#15538=CARTESIAN_POINT('',(-0.016025,-0.022075,0.003175));
#15539=CARTESIAN_POINT('',(-0.016025,-0.022075,0.0015875));
#15540=CARTESIAN_POINT('',(-0.016025,-0.021575,0.0015875));
#15541=CARTESIAN_POINT('',(-0.016025,-0.021575,0.003175));
#15542=CARTESIAN_POINT('',(-0.016025,-0.021575,0.003175));
#15543=CARTESIAN_POINT('',(-0.016025,-0.022075,0.003175));
#15544=CARTESIAN_POINT('',(-0.098275,-0.022075,0.003175));
#15545=CARTESIAN_POINT('',(-0.098275,-0.022075,0.0015875));
#15546=CARTESIAN_POINT('',(-0.097775,-0.022075,0.0015875));
#15547=CARTESIAN_POINT('',(-0.098275,-0.021575,0.0015875));
#15548=CARTESIAN_POINT('',(-0.097775,-0.022075,0.003175));
#15549=CARTESIAN_POINT('',(-0.097775,-0.022075,0.003175));
#15550=CARTESIAN_POINT('',(-0.098275,-0.022075,0.003175));
#15551=CARTESIAN_POINT('',(-0.098275,-0.021575,0.003175));
#15552=CARTESIAN_POINT('',(-0.098275,-0.021575,0.003175));
#15553=CARTESIAN_POINT('',(-0.097775,-0.028575,0.003175));
#15554=CARTESIAN_POINT('',(-0.097775,-0.028575,0.0015875));
#15555=CARTESIAN_POINT('',(-0.097775,-0.035075,0.0015875));
#15556=CARTESIAN_POINT('',(-0.097775,-0.035075,0.003175));
#15557=CARTESIAN_POINT('',(-0.097775,-0.035075,0.003175));
#15558=CARTESIAN_POINT('',(-0.097775,-0.028575,0.003175));
#15559=CARTESIAN_POINT('',(-0.098275,-0.035075,0.003175));
#15560=CARTESIAN_POINT('',(-0.098275,-0.035075,0.0015875));
#15561=CARTESIAN_POINT('',(-0.098275,-0.035575,0.0015875));
#15562=CARTESIAN_POINT('',(-0.098275,-0.035575,0.003175));
#15563=CARTESIAN_POINT('',(-0.098275,-0.035575,0.003175));
#15564=CARTESIAN_POINT('',(-0.098275,-0.035075,0.003175));
#15565=CARTESIAN_POINT('',(-0.104775,-0.035575,0.003175));
#15566=CARTESIAN_POINT('',(-0.104775,-0.035575,0.0015875));
#15567=CARTESIAN_POINT('',(-0.111275,-0.035575,0.0015875));
#15568=CARTESIAN_POINT('',(-0.111275,-0.035575,0.003175));
#15569=CARTESIAN_POINT('',(-0.111275,-0.035575,0.003175));
#15570=CARTESIAN_POINT('',(-0.104775,-0.035575,0.003175));
#15571=CARTESIAN_POINT('',(-0.111275,-0.035075,0.003175));
#15572=CARTESIAN_POINT('',(-0.111275,-0.035075,0.0015875));
#15573=CARTESIAN_POINT('',(-0.111775,-0.035075,0.0015875));
#15574=CARTESIAN_POINT('',(-0.111775,-0.035075,0.003175));
#15575=CARTESIAN_POINT('',(-0.111775,-0.035075,0.003175));
#15576=CARTESIAN_POINT('',(-0.111275,-0.035075,0.003175));
#15577=CARTESIAN_POINT('',(-0.111775,-0.028575,0.003175));
#15578=CARTESIAN_POINT('',(-0.111775,-0.028575,0.0015875));
#15579=CARTESIAN_POINT('',(-0.111775,-0.022075,0.0015875));
#15580=CARTESIAN_POINT('',(-0.111775,-0.022075,0.003175));
#15581=CARTESIAN_POINT('',(-0.111775,-0.022075,0.003175));
#15582=CARTESIAN_POINT('',(-0.111775,-0.028575,0.003175));
#15583=CARTESIAN_POINT('',(-0.111275,-0.022075,0.003175));
#15584=CARTESIAN_POINT('',(-0.111275,-0.022075,0.0015875));
#15585=CARTESIAN_POINT('',(-0.111275,-0.021575,0.0015875));
#15586=CARTESIAN_POINT('',(-0.111275,-0.021575,0.003175));
#15587=CARTESIAN_POINT('',(-0.111275,-0.021575,0.003175));
#15588=CARTESIAN_POINT('',(-0.111275,-0.022075,0.003175));
#15589=CARTESIAN_POINT('',(-0.079225,-0.022075,0.003175));
#15590=CARTESIAN_POINT('',(-0.079225,-0.022075,0.0015875));
#15591=CARTESIAN_POINT('',(-0.078725,-0.022075,0.0015875));
#15592=CARTESIAN_POINT('',(-0.079225,-0.021575,0.0015875));
#15593=CARTESIAN_POINT('',(-0.078725,-0.022075,0.003175));
#15594=CARTESIAN_POINT('',(-0.078725,-0.022075,0.003175));
#15595=CARTESIAN_POINT('',(-0.079225,-0.022075,0.003175));
#15596=CARTESIAN_POINT('',(-0.079225,-0.021575,0.003175));
#15597=CARTESIAN_POINT('',(-0.079225,-0.021575,0.003175));
#15598=CARTESIAN_POINT('',(-0.078725,-0.028575,0.003175));
#15599=CARTESIAN_POINT('',(-0.078725,-0.028575,0.0015875));
#15600=CARTESIAN_POINT('',(-0.078725,-0.035075,0.0015875));
#15601=CARTESIAN_POINT('',(-0.078725,-0.035075,0.003175));
#15602=CARTESIAN_POINT('',(-0.078725,-0.035075,0.003175));
#15603=CARTESIAN_POINT('',(-0.078725,-0.028575,0.003175));
#15604=CARTESIAN_POINT('',(-0.079225,-0.035075,0.003175));
#15605=CARTESIAN_POINT('',(-0.079225,-0.035075,0.0015875));
#15606=CARTESIAN_POINT('',(-0.079225,-0.035575,0.0015875));
#15607=CARTESIAN_POINT('',(-0.079225,-0.035575,0.003175));
#15608=CARTESIAN_POINT('',(-0.079225,-0.035575,0.003175));
#15609=CARTESIAN_POINT('',(-0.079225,-0.035075,0.003175));
#15610=CARTESIAN_POINT('',(-0.085725,-0.035575,0.003175));
#15611=CARTESIAN_POINT('',(-0.085725,-0.035575,0.0015875));
#15612=CARTESIAN_POINT('',(-0.092225,-0.035575,0.0015875));
#15613=CARTESIAN_POINT('',(-0.092225,-0.035575,0.003175));
#15614=CARTESIAN_POINT('',(-0.092225,-0.035575,0.003175));
#15615=CARTESIAN_POINT('',(-0.085725,-0.035575,0.003175));
#15616=CARTESIAN_POINT('',(-0.092225,-0.035075,0.003175));
#15617=CARTESIAN_POINT('',(-0.092225,-0.035075,0.0015875));
#15618=CARTESIAN_POINT('',(-0.092725,-0.035075,0.0015875));
#15619=CARTESIAN_POINT('',(-0.092725,-0.035075,0.003175));
#15620=CARTESIAN_POINT('',(-0.092725,-0.035075,0.003175));
#15621=CARTESIAN_POINT('',(-0.092225,-0.035075,0.003175));
#15622=CARTESIAN_POINT('',(-0.092725,-0.028575,0.003175));
#15623=CARTESIAN_POINT('',(-0.092725,-0.028575,0.0015875));
#15624=CARTESIAN_POINT('',(-0.092725,-0.022075,0.0015875));
#15625=CARTESIAN_POINT('',(-0.092725,-0.022075,0.003175));
#15626=CARTESIAN_POINT('',(-0.092725,-0.022075,0.003175));
#15627=CARTESIAN_POINT('',(-0.092725,-0.028575,0.003175));
#15628=CARTESIAN_POINT('',(-0.092225,-0.022075,0.003175));
#15629=CARTESIAN_POINT('',(-0.092225,-0.022075,0.0015875));
#15630=CARTESIAN_POINT('',(-0.092225,-0.021575,0.0015875));
#15631=CARTESIAN_POINT('',(-0.092225,-0.021575,0.003175));
#15632=CARTESIAN_POINT('',(-0.092225,-0.021575,0.003175));
#15633=CARTESIAN_POINT('',(-0.092225,-0.022075,0.003175));
#15634=CARTESIAN_POINT('',(-0.0316,-0.003025,0.003175));
#15635=CARTESIAN_POINT('',(-0.0316,-0.003025,0.0015875));
#15636=CARTESIAN_POINT('',(-0.0311,-0.003025,0.0015875));
#15637=CARTESIAN_POINT('',(-0.0316,-0.002525,0.0015875));
#15638=CARTESIAN_POINT('',(-0.0311,-0.003025,0.003175));
#15639=CARTESIAN_POINT('',(-0.0311,-0.003025,0.003175));
#15640=CARTESIAN_POINT('',(-0.0316,-0.003025,0.003175));
#15641=CARTESIAN_POINT('',(-0.0316,-0.002525,0.003175));
#15642=CARTESIAN_POINT('',(-0.0316,-0.002525,0.003175));
#15643=CARTESIAN_POINT('',(-0.0311,-0.009525,0.003175));
#15644=CARTESIAN_POINT('',(-0.0311,-0.009525,0.0015875));
#15645=CARTESIAN_POINT('',(-0.0311,-0.016025,0.0015875));
#15646=CARTESIAN_POINT('',(-0.0311,-0.016025,0.003175));
#15647=CARTESIAN_POINT('',(-0.0311,-0.016025,0.003175));
#15648=CARTESIAN_POINT('',(-0.0311,-0.009525,0.003175));
#15649=CARTESIAN_POINT('',(-0.0316,-0.016025,0.003175));
#15650=CARTESIAN_POINT('',(-0.0316,-0.016025,0.0015875));
#15651=CARTESIAN_POINT('',(-0.0316,-0.016525,0.0015875));
#15652=CARTESIAN_POINT('',(-0.0316,-0.016525,0.003175));
#15653=CARTESIAN_POINT('',(-0.0316,-0.016525,0.003175));
#15654=CARTESIAN_POINT('',(-0.0316,-0.016025,0.003175));
#15655=CARTESIAN_POINT('',(-0.0381,-0.016525,0.003175));
#15656=CARTESIAN_POINT('',(-0.0381,-0.016525,0.0015875));
#15657=CARTESIAN_POINT('',(-0.0446,-0.016525,0.0015875));
#15658=CARTESIAN_POINT('',(-0.0446,-0.016525,0.003175));
#15659=CARTESIAN_POINT('',(-0.0446,-0.016525,0.003175));
#15660=CARTESIAN_POINT('',(-0.0381,-0.016525,0.003175));
#15661=CARTESIAN_POINT('',(-0.0446,-0.016025,0.003175));
#15662=CARTESIAN_POINT('',(-0.0446,-0.016025,0.0015875));
#15663=CARTESIAN_POINT('',(-0.0451,-0.016025,0.0015875));
#15664=CARTESIAN_POINT('',(-0.0451,-0.016025,0.003175));
#15665=CARTESIAN_POINT('',(-0.0451,-0.016025,0.003175));
#15666=CARTESIAN_POINT('',(-0.0446,-0.016025,0.003175));
#15667=CARTESIAN_POINT('',(-0.0451,-0.009525,0.003175));
#15668=CARTESIAN_POINT('',(-0.0451,-0.009525,0.0015875));
#15669=CARTESIAN_POINT('',(-0.0451,-0.003025,0.0015875));
#15670=CARTESIAN_POINT('',(-0.0451,-0.003025,0.003175));
#15671=CARTESIAN_POINT('',(-0.0451,-0.003025,0.003175));
#15672=CARTESIAN_POINT('',(-0.0451,-0.009525,0.003175));
#15673=CARTESIAN_POINT('',(-0.0446,-0.003025,0.003175));
#15674=CARTESIAN_POINT('',(-0.0446,-0.003025,0.0015875));
#15675=CARTESIAN_POINT('',(-0.0446,-0.002525,0.0015875));
#15676=CARTESIAN_POINT('',(-0.0446,-0.002525,0.003175));
#15677=CARTESIAN_POINT('',(-0.0446,-0.002525,0.003175));
#15678=CARTESIAN_POINT('',(-0.0446,-0.003025,0.003175));
#15679=CARTESIAN_POINT('',(-0.18509375,-0.003025,0.003175));
#15680=CARTESIAN_POINT('',(-0.18509375,-0.003025,0.0015875));
#15681=CARTESIAN_POINT('',(-0.18509375,-0.002525,0.0015875));
#15682=CARTESIAN_POINT('',(-0.18559375,-0.003025,0.0015875));
#15683=CARTESIAN_POINT('',(-0.18509375,-0.002525,0.003175));
#15684=CARTESIAN_POINT('',(-0.18509375,-0.002525,0.003175));
#15685=CARTESIAN_POINT('',(-0.18509375,-0.003025,0.003175));
#15686=CARTESIAN_POINT('',(-0.18559375,-0.003025,0.003175));
#15687=CARTESIAN_POINT('',(-0.18559375,-0.003025,0.003175));
#15688=CARTESIAN_POINT('',(-0.17859375,-0.002525,0.003175));
#15689=CARTESIAN_POINT('',(-0.17859375,-0.002525,0.0015875));
#15690=CARTESIAN_POINT('',(-0.17209375,-0.002525,0.0015875));
#15691=CARTESIAN_POINT('',(-0.17209375,-0.002525,0.003175));
#15692=CARTESIAN_POINT('',(-0.17209375,-0.002525,0.003175));
#15693=CARTESIAN_POINT('',(-0.17859375,-0.002525,0.003175));
#15694=CARTESIAN_POINT('',(-0.17209375,-0.00302499999999994,0.003175));
#15695=CARTESIAN_POINT('',(-0.17209375,-0.00302499999999994,0.0015875));
#15696=CARTESIAN_POINT('',(-0.17159375,-0.003025,0.0015875));
#15697=CARTESIAN_POINT('',(-0.17159375,-0.003025,0.003175));
#15698=CARTESIAN_POINT('',(-0.17159375,-0.003025,0.003175));
#15699=CARTESIAN_POINT('',(-0.17209375,-0.00302499999999994,0.003175));
#15700=CARTESIAN_POINT('',(-0.17159375,-0.009525,0.003175));
#15701=CARTESIAN_POINT('',(-0.17159375,-0.009525,0.0015875));
#15702=CARTESIAN_POINT('',(-0.17159375,-0.016025,0.0015875));
#15703=CARTESIAN_POINT('',(-0.17159375,-0.016025,0.003175));
#15704=CARTESIAN_POINT('',(-0.17159375,-0.016025,0.003175));
#15705=CARTESIAN_POINT('',(-0.17159375,-0.009525,0.003175));
#15706=CARTESIAN_POINT('',(-0.17209375,-0.016025,0.003175));
#15707=CARTESIAN_POINT('',(-0.17209375,-0.016025,0.0015875));
#15708=CARTESIAN_POINT('',(-0.17209375,-0.016525,0.0015875));
#15709=CARTESIAN_POINT('',(-0.17209375,-0.016525,0.003175));
#15710=CARTESIAN_POINT('',(-0.17209375,-0.016525,0.003175));
#15711=CARTESIAN_POINT('',(-0.17209375,-0.016025,0.003175));
#15712=CARTESIAN_POINT('',(-0.17859375,-0.016525,0.003175));
#15713=CARTESIAN_POINT('',(-0.17859375,-0.016525,0.0015875));
#15714=CARTESIAN_POINT('',(-0.18509375,-0.016525,0.0015875));
#15715=CARTESIAN_POINT('',(-0.18509375,-0.016525,0.003175));
#15716=CARTESIAN_POINT('',(-0.18509375,-0.016525,0.003175));
#15717=CARTESIAN_POINT('',(-0.17859375,-0.016525,0.003175));
#15718=CARTESIAN_POINT('',(-0.18509375,-0.016025,0.003175));
#15719=CARTESIAN_POINT('',(-0.18509375,-0.016025,0.0015875));
#15720=CARTESIAN_POINT('',(-0.18559375,-0.016025,0.0015875));
#15721=CARTESIAN_POINT('',(-0.18559375,-0.016025,0.003175));
#15722=CARTESIAN_POINT('',(-0.18559375,-0.016025,0.003175));
#15723=CARTESIAN_POINT('',(-0.18509375,-0.016025,0.003175));
#15724=CARTESIAN_POINT('',(-0.1160375,0.0588875,0.003175));
#15725=CARTESIAN_POINT('',(-0.1160375,0.0588875,0.0015875));
#15726=CARTESIAN_POINT('',(-0.1160375,0.0593875,0.0015875));
#15727=CARTESIAN_POINT('',(-0.1165375,0.0588875,0.0015875));
#15728=CARTESIAN_POINT('',(-0.1160375,0.0593875,0.003175));
#15729=CARTESIAN_POINT('',(-0.1160375,0.0593875,0.003175));
#15730=CARTESIAN_POINT('',(-0.1160375,0.0588875,0.003175));
#15731=CARTESIAN_POINT('',(-0.1165375,0.0588875,0.003175));
#15732=CARTESIAN_POINT('',(-0.1165375,0.0588875,0.003175));
#15733=CARTESIAN_POINT('',(-0.1095375,0.0593875,0.003175));
#15734=CARTESIAN_POINT('',(-0.1095375,0.0593875,0.0015875));
#15735=CARTESIAN_POINT('',(-0.1030375,0.0593875,0.0015875));
#15736=CARTESIAN_POINT('',(-0.1030375,0.0593875,0.003175));
#15737=CARTESIAN_POINT('',(-0.1030375,0.0593875,0.003175));
#15738=CARTESIAN_POINT('',(-0.1095375,0.0593875,0.003175));
#15739=CARTESIAN_POINT('',(-0.1030375,0.0588875,0.003175));
#15740=CARTESIAN_POINT('',(-0.1030375,0.0588875,0.0015875));
#15741=CARTESIAN_POINT('',(-0.1025375,0.0588875,0.0015875));
#15742=CARTESIAN_POINT('',(-0.1025375,0.0588875,0.003175));
#15743=CARTESIAN_POINT('',(-0.1025375,0.0588875,0.003175));
#15744=CARTESIAN_POINT('',(-0.1030375,0.0588875,0.003175));
#15745=CARTESIAN_POINT('',(-0.1025375,0.0523875,0.003175));
#15746=CARTESIAN_POINT('',(-0.1025375,0.0523875,0.0015875));
#15747=CARTESIAN_POINT('',(-0.1025375,0.0458875,0.0015875));
#15748=CARTESIAN_POINT('',(-0.1025375,0.0458875,0.003175));
#15749=CARTESIAN_POINT('',(-0.1025375,0.0458875,0.003175));
#15750=CARTESIAN_POINT('',(-0.1025375,0.0523875,0.003175));
#15751=CARTESIAN_POINT('',(-0.1030375,0.0458875,0.003175));
#15752=CARTESIAN_POINT('',(-0.1030375,0.0458875,0.0015875));
#15753=CARTESIAN_POINT('',(-0.1030375,0.0453875,0.0015875));
#15754=CARTESIAN_POINT('',(-0.1030375,0.0453875,0.003175));
#15755=CARTESIAN_POINT('',(-0.1030375,0.0453875,0.003175));
#15756=CARTESIAN_POINT('',(-0.1030375,0.0458875,0.003175));
#15757=CARTESIAN_POINT('',(-0.1095375,0.0453875,0.003175));
#15758=CARTESIAN_POINT('',(-0.1095375,0.0453875,0.0015875));
#15759=CARTESIAN_POINT('',(-0.1160375,0.0453875,0.0015875));
#15760=CARTESIAN_POINT('',(-0.1160375,0.0453875,0.003175));
#15761=CARTESIAN_POINT('',(-0.1160375,0.0453875,0.003175));
#15762=CARTESIAN_POINT('',(-0.1095375,0.0453875,0.003175));
#15763=CARTESIAN_POINT('',(-0.1160375,0.0458875,0.003175));
#15764=CARTESIAN_POINT('',(-0.1160375,0.0458875,0.0015875));
#15765=CARTESIAN_POINT('',(-0.1165375,0.0458875,0.0015875));
#15766=CARTESIAN_POINT('',(-0.1165375,0.0458875,0.003175));
#15767=CARTESIAN_POINT('',(-0.1165375,0.0458875,0.003175));
#15768=CARTESIAN_POINT('',(-0.1160375,0.0458875,0.003175));
#15769=CARTESIAN_POINT('',(-0.15508125,-0.022075,0.003175));
#15770=CARTESIAN_POINT('',(-0.15508125,-0.022075,0.0015875));
#15771=CARTESIAN_POINT('',(-0.15458125,-0.022075,0.0015875));
#15772=CARTESIAN_POINT('',(-0.15508125,-0.021575,0.0015875));
#15773=CARTESIAN_POINT('',(-0.15458125,-0.022075,0.003175));
#15774=CARTESIAN_POINT('',(-0.15458125,-0.022075,0.003175));
#15775=CARTESIAN_POINT('',(-0.15508125,-0.022075,0.003175));
#15776=CARTESIAN_POINT('',(-0.15508125,-0.021575,0.003175));
#15777=CARTESIAN_POINT('',(-0.15508125,-0.021575,0.003175));
#15778=CARTESIAN_POINT('',(-0.15458125,-0.028575,0.003175));
#15779=CARTESIAN_POINT('',(-0.15458125,-0.028575,0.0015875));
#15780=CARTESIAN_POINT('',(-0.15458125,-0.035075,0.0015875));
#15781=CARTESIAN_POINT('',(-0.15458125,-0.035075,0.003175));
#15782=CARTESIAN_POINT('',(-0.15458125,-0.035075,0.003175));
#15783=CARTESIAN_POINT('',(-0.15458125,-0.028575,0.003175));
#15784=CARTESIAN_POINT('',(-0.15508125,-0.035075,0.003175));
#15785=CARTESIAN_POINT('',(-0.15508125,-0.035075,0.0015875));
#15786=CARTESIAN_POINT('',(-0.15508125,-0.035575,0.0015875));
#15787=CARTESIAN_POINT('',(-0.15508125,-0.035575,0.003175));
#15788=CARTESIAN_POINT('',(-0.15508125,-0.035575,0.003175));
#15789=CARTESIAN_POINT('',(-0.15508125,-0.035075,0.003175));
#15790=CARTESIAN_POINT('',(-0.15558125,-0.035575,0.003175));
#15791=CARTESIAN_POINT('',(-0.15558125,-0.035575,0.0015875));
#15792=CARTESIAN_POINT('',(-0.15608125,-0.035575,0.0015875));
#15793=CARTESIAN_POINT('',(-0.15608125,-0.035575,0.003175));
#15794=CARTESIAN_POINT('',(-0.15608125,-0.035575,0.003175));
#15795=CARTESIAN_POINT('',(-0.15558125,-0.035575,0.003175));
#15796=CARTESIAN_POINT('',(-0.15608125,-0.035075,0.003175));
#15797=CARTESIAN_POINT('',(-0.15608125,-0.035075,0.0015875));
#15798=CARTESIAN_POINT('',(-0.15658125,-0.035075,0.0015875));
#15799=CARTESIAN_POINT('',(-0.15658125,-0.035075,0.003175));
#15800=CARTESIAN_POINT('',(-0.15658125,-0.035075,0.003175));
#15801=CARTESIAN_POINT('',(-0.15608125,-0.035075,0.003175));
#15802=CARTESIAN_POINT('',(-0.15658125,-0.028575,0.003175));
#15803=CARTESIAN_POINT('',(-0.15658125,-0.028575,0.0015875));
#15804=CARTESIAN_POINT('',(-0.15658125,-0.022075,0.0015875));
#15805=CARTESIAN_POINT('',(-0.15658125,-0.022075,0.003175));
#15806=CARTESIAN_POINT('',(-0.15658125,-0.022075,0.003175));
#15807=CARTESIAN_POINT('',(-0.15658125,-0.028575,0.003175));
#15808=CARTESIAN_POINT('',(-0.15608125,-0.022075,0.003175));
#15809=CARTESIAN_POINT('',(-0.15608125,-0.022075,0.0015875));
#15810=CARTESIAN_POINT('',(-0.15608125,-0.021575,0.0015875));
#15811=CARTESIAN_POINT('',(-0.15608125,-0.021575,0.003175));
#15812=CARTESIAN_POINT('',(-0.15608125,-0.021575,0.003175));
#15813=CARTESIAN_POINT('',(-0.15608125,-0.022075,0.003175));
#15814=CARTESIAN_POINT('',(0.0077875,0.016025,0.003175));
#15815=CARTESIAN_POINT('',(0.0077875,0.016025,0.0015875));
#15816=CARTESIAN_POINT('',(0.0077875,0.016525,0.0015875));
#15817=CARTESIAN_POINT('',(0.0072875,0.016025,0.0015875));
#15818=CARTESIAN_POINT('',(0.0077875,0.016525,0.003175));
#15819=CARTESIAN_POINT('',(0.0077875,0.016525,0.003175));
#15820=CARTESIAN_POINT('',(0.0077875,0.016025,0.003175));
#15821=CARTESIAN_POINT('',(0.0072875,0.016025,0.003175));
#15822=CARTESIAN_POINT('',(0.0072875,0.016025,0.003175));
#15823=CARTESIAN_POINT('',(0.0142875,0.016525,0.003175));
#15824=CARTESIAN_POINT('',(0.0142875,0.016525,0.0015875));
#15825=CARTESIAN_POINT('',(0.0207875,0.016525,0.0015875));
#15826=CARTESIAN_POINT('',(0.0207875,0.016525,0.003175));
#15827=CARTESIAN_POINT('',(0.0207875,0.016525,0.003175));
#15828=CARTESIAN_POINT('',(0.0142875,0.016525,0.003175));
#15829=CARTESIAN_POINT('',(0.0207875,0.016025,0.003175));
#15830=CARTESIAN_POINT('',(0.0207875,0.016025,0.0015875));
#15831=CARTESIAN_POINT('',(0.0212875,0.016025,0.0015875));
#15832=CARTESIAN_POINT('',(0.0212875,0.016025,0.003175));
#15833=CARTESIAN_POINT('',(0.0212875,0.016025,0.003175));
#15834=CARTESIAN_POINT('',(0.0207875,0.016025,0.003175));
#15835=CARTESIAN_POINT('',(0.0212875,0.009525,0.003175));
#15836=CARTESIAN_POINT('',(0.0212875,0.009525,0.0015875));
#15837=CARTESIAN_POINT('',(0.0212875,0.003025,0.0015875));
#15838=CARTESIAN_POINT('',(0.0212875,0.003025,0.003175));
#15839=CARTESIAN_POINT('',(0.0212875,0.003025,0.003175));
#15840=CARTESIAN_POINT('',(0.0212875,0.009525,0.003175));
#15841=CARTESIAN_POINT('',(0.0207875,0.003025,0.003175));
#15842=CARTESIAN_POINT('',(0.0207875,0.003025,0.0015875));
#15843=CARTESIAN_POINT('',(0.0207875,0.002525,0.0015875));
#15844=CARTESIAN_POINT('',(0.0207875,0.002525,0.003175));
#15845=CARTESIAN_POINT('',(0.0207875,0.002525,0.003175));
#15846=CARTESIAN_POINT('',(0.0207875,0.003025,0.003175));
#15847=CARTESIAN_POINT('',(0.0142875,0.002525,0.003175));
#15848=CARTESIAN_POINT('',(0.0142875,0.002525,0.0015875));
#15849=CARTESIAN_POINT('',(0.0077875,0.002525,0.0015875));
#15850=CARTESIAN_POINT('',(0.0077875,0.002525,0.003175));
#15851=CARTESIAN_POINT('',(0.0077875,0.002525,0.003175));
#15852=CARTESIAN_POINT('',(0.0142875,0.002525,0.003175));
#15853=CARTESIAN_POINT('',(0.0077875,0.003025,0.003175));
#15854=CARTESIAN_POINT('',(0.0077875,0.003025,0.0015875));
#15855=CARTESIAN_POINT('',(0.0072875,0.003025,0.0015875));
#15856=CARTESIAN_POINT('',(0.0072875,0.003025,0.003175));
#15857=CARTESIAN_POINT('',(0.0072875,0.003025,0.003175));
#15858=CARTESIAN_POINT('',(0.0077875,0.003025,0.003175));
#15859=CARTESIAN_POINT('',(-0.0744625,0.016025,0.003175));
#15860=CARTESIAN_POINT('',(-0.0744625,0.016025,0.0015875));
#15861=CARTESIAN_POINT('',(-0.0739625,0.016025,0.0015875));
#15862=CARTESIAN_POINT('',(-0.0744625,0.016525,0.0015875));
#15863=CARTESIAN_POINT('',(-0.0739625,0.016025,0.003175));
#15864=CARTESIAN_POINT('',(-0.0739625,0.016025,0.003175));
#15865=CARTESIAN_POINT('',(-0.0744625,0.016025,0.003175));
#15866=CARTESIAN_POINT('',(-0.0744625,0.016525,0.003175));
#15867=CARTESIAN_POINT('',(-0.0744625,0.016525,0.003175));
#15868=CARTESIAN_POINT('',(-0.0739625,0.009525,0.003175));
#15869=CARTESIAN_POINT('',(-0.0739625,0.009525,0.0015875));
#15870=CARTESIAN_POINT('',(-0.0739625,0.003025,0.0015875));
#15871=CARTESIAN_POINT('',(-0.0739625,0.003025,0.003175));
#15872=CARTESIAN_POINT('',(-0.0739625,0.003025,0.003175));
#15873=CARTESIAN_POINT('',(-0.0739625,0.009525,0.003175));
#15874=CARTESIAN_POINT('',(-0.0744625,0.003025,0.003175));
#15875=CARTESIAN_POINT('',(-0.0744625,0.003025,0.0015875));
#15876=CARTESIAN_POINT('',(-0.0744625,0.002525,0.0015875));
#15877=CARTESIAN_POINT('',(-0.0744625,0.002525,0.003175));
#15878=CARTESIAN_POINT('',(-0.0744625,0.002525,0.003175));
#15879=CARTESIAN_POINT('',(-0.0744625,0.003025,0.003175));
#15880=CARTESIAN_POINT('',(-0.0809625,0.002525,0.003175));
#15881=CARTESIAN_POINT('',(-0.0809625,0.002525,0.0015875));
#15882=CARTESIAN_POINT('',(-0.0874625,0.002525,0.0015875));
#15883=CARTESIAN_POINT('',(-0.0874625,0.002525,0.003175));
#15884=CARTESIAN_POINT('',(-0.0874625,0.002525,0.003175));
#15885=CARTESIAN_POINT('',(-0.0809625,0.002525,0.003175));
#15886=CARTESIAN_POINT('',(-0.0874625,0.003025,0.003175));
#15887=CARTESIAN_POINT('',(-0.0874625,0.003025,0.0015875));
#15888=CARTESIAN_POINT('',(-0.0879625,0.003025,0.0015875));
#15889=CARTESIAN_POINT('',(-0.0879625,0.003025,0.003175));
#15890=CARTESIAN_POINT('',(-0.0879625,0.003025,0.003175));
#15891=CARTESIAN_POINT('',(-0.0874625,0.003025,0.003175));
#15892=CARTESIAN_POINT('',(-0.0879625,0.009525,0.003175));
#15893=CARTESIAN_POINT('',(-0.0879625,0.009525,0.0015875));
#15894=CARTESIAN_POINT('',(-0.0879625,0.016025,0.0015875));
#15895=CARTESIAN_POINT('',(-0.0879625,0.016025,0.003175));
#15896=CARTESIAN_POINT('',(-0.0879625,0.016025,0.003175));
#15897=CARTESIAN_POINT('',(-0.0879625,0.009525,0.003175));
#15898=CARTESIAN_POINT('',(-0.0874625,0.016025,0.003175));
#15899=CARTESIAN_POINT('',(-0.0874625,0.016025,0.0015875));
#15900=CARTESIAN_POINT('',(-0.0874625,0.016525,0.0015875));
#15901=CARTESIAN_POINT('',(-0.0874625,0.016525,0.003175));
#15902=CARTESIAN_POINT('',(-0.0874625,0.016525,0.003175));
#15903=CARTESIAN_POINT('',(-0.0874625,0.016025,0.003175));
#15904=CARTESIAN_POINT('',(-0.169725,0.016025,0.003175));
#15905=CARTESIAN_POINT('',(-0.169725,0.016025,0.0015875));
#15906=CARTESIAN_POINT('',(-0.169225,0.016025,0.0015875));
#15907=CARTESIAN_POINT('',(-0.169725,0.016525,0.0015875));
#15908=CARTESIAN_POINT('',(-0.169225,0.016025,0.003175));
#15909=CARTESIAN_POINT('',(-0.169225,0.016025,0.003175));
#15910=CARTESIAN_POINT('',(-0.169725,0.016025,0.003175));
#15911=CARTESIAN_POINT('',(-0.169725,0.016525,0.003175));
#15912=CARTESIAN_POINT('',(-0.169725,0.016525,0.003175));
#15913=CARTESIAN_POINT('',(-0.169225,0.009525,0.003175));
#15914=CARTESIAN_POINT('',(-0.169225,0.009525,0.0015875));
#15915=CARTESIAN_POINT('',(-0.169225,0.003025,0.0015875));
#15916=CARTESIAN_POINT('',(-0.169225,0.003025,0.003175));
#15917=CARTESIAN_POINT('',(-0.169225,0.003025,0.003175));
#15918=CARTESIAN_POINT('',(-0.169225,0.009525,0.003175));
#15919=CARTESIAN_POINT('',(-0.169725,0.003025,0.003175));
#15920=CARTESIAN_POINT('',(-0.169725,0.003025,0.0015875));
#15921=CARTESIAN_POINT('',(-0.169725,0.002525,0.0015875));
#15922=CARTESIAN_POINT('',(-0.169725,0.002525,0.003175));
#15923=CARTESIAN_POINT('',(-0.169725,0.002525,0.003175));
#15924=CARTESIAN_POINT('',(-0.169725,0.003025,0.003175));
#15925=CARTESIAN_POINT('',(-0.170225,0.002525,0.003175));
#15926=CARTESIAN_POINT('',(-0.170225,0.002525,0.0015875));
#15927=CARTESIAN_POINT('',(-0.170725,0.002525,0.0015875));
#15928=CARTESIAN_POINT('',(-0.170725,0.002525,0.003175));
#15929=CARTESIAN_POINT('',(-0.170725,0.002525,0.003175));
#15930=CARTESIAN_POINT('',(-0.170225,0.002525,0.003175));
#15931=CARTESIAN_POINT('',(-0.170725,0.00302500000000006,0.003175));
#15932=CARTESIAN_POINT('',(-0.170725,0.00302500000000006,0.0015875));
#15933=CARTESIAN_POINT('',(-0.171225,0.003025,0.0015875));
#15934=CARTESIAN_POINT('',(-0.171225,0.003025,0.003175));
#15935=CARTESIAN_POINT('',(-0.171225,0.003025,0.003175));
#15936=CARTESIAN_POINT('',(-0.170725,0.00302500000000006,0.003175));
#15937=CARTESIAN_POINT('',(-0.171225,0.009525,0.003175));
#15938=CARTESIAN_POINT('',(-0.171225,0.009525,0.0015875));
#15939=CARTESIAN_POINT('',(-0.171225,0.016025,0.0015875));
#15940=CARTESIAN_POINT('',(-0.171225,0.016025,0.003175));
#15941=CARTESIAN_POINT('',(-0.171225,0.016025,0.003175));
#15942=CARTESIAN_POINT('',(-0.171225,0.009525,0.003175));
#15943=CARTESIAN_POINT('',(-0.170725,0.016025,0.003175));
#15944=CARTESIAN_POINT('',(-0.170725,0.016025,0.0015875));
#15945=CARTESIAN_POINT('',(-0.170725,0.016525,0.0015875));
#15946=CARTESIAN_POINT('',(-0.170725,0.016525,0.003175));
#15947=CARTESIAN_POINT('',(-0.170725,0.016525,0.003175));
#15948=CARTESIAN_POINT('',(-0.170725,0.016025,0.003175));
#15949=CARTESIAN_POINT('',(-0.060175,-0.022075,0.003175));
#15950=CARTESIAN_POINT('',(-0.060175,-0.022075,0.0015875));
#15951=CARTESIAN_POINT('',(-0.059675,-0.022075,0.0015875));
#15952=CARTESIAN_POINT('',(-0.060175,-0.021575,0.0015875));
#15953=CARTESIAN_POINT('',(-0.059675,-0.022075,0.003175));
#15954=CARTESIAN_POINT('',(-0.059675,-0.022075,0.003175));
#15955=CARTESIAN_POINT('',(-0.060175,-0.022075,0.003175));
#15956=CARTESIAN_POINT('',(-0.060175,-0.021575,0.003175));
#15957=CARTESIAN_POINT('',(-0.060175,-0.021575,0.003175));
#15958=CARTESIAN_POINT('',(-0.059675,-0.028575,0.003175));
#15959=CARTESIAN_POINT('',(-0.059675,-0.028575,0.0015875));
#15960=CARTESIAN_POINT('',(-0.059675,-0.035075,0.0015875));
#15961=CARTESIAN_POINT('',(-0.059675,-0.035075,0.003175));
#15962=CARTESIAN_POINT('',(-0.059675,-0.035075,0.003175));
#15963=CARTESIAN_POINT('',(-0.059675,-0.028575,0.003175));
#15964=CARTESIAN_POINT('',(-0.060175,-0.035075,0.003175));
#15965=CARTESIAN_POINT('',(-0.060175,-0.035075,0.0015875));
#15966=CARTESIAN_POINT('',(-0.060175,-0.035575,0.0015875));
#15967=CARTESIAN_POINT('',(-0.060175,-0.035575,0.003175));
#15968=CARTESIAN_POINT('',(-0.060175,-0.035575,0.003175));
#15969=CARTESIAN_POINT('',(-0.060175,-0.035075,0.003175));
#15970=CARTESIAN_POINT('',(-0.066675,-0.035575,0.003175));
#15971=CARTESIAN_POINT('',(-0.066675,-0.035575,0.0015875));
#15972=CARTESIAN_POINT('',(-0.073175,-0.035575,0.0015875));
#15973=CARTESIAN_POINT('',(-0.073175,-0.035575,0.003175));
#15974=CARTESIAN_POINT('',(-0.073175,-0.035575,0.003175));
#15975=CARTESIAN_POINT('',(-0.066675,-0.035575,0.003175));
#15976=CARTESIAN_POINT('',(-0.073175,-0.035075,0.003175));
#15977=CARTESIAN_POINT('',(-0.073175,-0.035075,0.0015875));
#15978=CARTESIAN_POINT('',(-0.073675,-0.035075,0.0015875));
#15979=CARTESIAN_POINT('',(-0.073675,-0.035075,0.003175));
#15980=CARTESIAN_POINT('',(-0.073675,-0.035075,0.003175));
#15981=CARTESIAN_POINT('',(-0.073175,-0.035075,0.003175));
#15982=CARTESIAN_POINT('',(-0.073675,-0.028575,0.003175));
#15983=CARTESIAN_POINT('',(-0.073675,-0.028575,0.0015875));
#15984=CARTESIAN_POINT('',(-0.073675,-0.022075,0.0015875));
#15985=CARTESIAN_POINT('',(-0.073675,-0.022075,0.003175));
#15986=CARTESIAN_POINT('',(-0.073675,-0.022075,0.003175));
#15987=CARTESIAN_POINT('',(-0.073675,-0.028575,0.003175));
#15988=CARTESIAN_POINT('',(-0.073175,-0.022075,0.003175));
#15989=CARTESIAN_POINT('',(-0.073175,-0.022075,0.0015875));
#15990=CARTESIAN_POINT('',(-0.073175,-0.021575,0.0015875));
#15991=CARTESIAN_POINT('',(-0.073175,-0.021575,0.003175));
#15992=CARTESIAN_POINT('',(-0.073175,-0.021575,0.003175));
#15993=CARTESIAN_POINT('',(-0.073175,-0.022075,0.003175));
#15994=CARTESIAN_POINT('',(-0.1411375,0.0588875,0.003175));
#15995=CARTESIAN_POINT('',(-0.1411375,0.0588875,0.0015875));
#15996=CARTESIAN_POINT('',(-0.1406375,0.0588875,0.0015875));
#15997=CARTESIAN_POINT('',(-0.1411375,0.0593875,0.0015875));
#15998=CARTESIAN_POINT('',(-0.1406375,0.0588875,0.003175));
#15999=CARTESIAN_POINT('',(-0.1406375,0.0588875,0.003175));
#16000=CARTESIAN_POINT('',(-0.1411375,0.0588875,0.003175));
#16001=CARTESIAN_POINT('',(-0.1411375,0.0593875,0.003175));
#16002=CARTESIAN_POINT('',(-0.1411375,0.0593875,0.003175));
#16003=CARTESIAN_POINT('',(-0.1406375,0.0523875,0.003175));
#16004=CARTESIAN_POINT('',(-0.1406375,0.0523875,0.0015875));
#16005=CARTESIAN_POINT('',(-0.1406375,0.0458875,0.0015875));
#16006=CARTESIAN_POINT('',(-0.1406375,0.0458875,0.003175));
#16007=CARTESIAN_POINT('',(-0.1406375,0.0458875,0.003175));
#16008=CARTESIAN_POINT('',(-0.1406375,0.0523875,0.003175));
#16009=CARTESIAN_POINT('',(-0.1411375,0.0458875,0.003175));
#16010=CARTESIAN_POINT('',(-0.1411375,0.0458875,0.0015875));
#16011=CARTESIAN_POINT('',(-0.1411375,0.0453875,0.0015875));
#16012=CARTESIAN_POINT('',(-0.1411375,0.0453875,0.003175));
#16013=CARTESIAN_POINT('',(-0.1411375,0.0453875,0.003175));
#16014=CARTESIAN_POINT('',(-0.1411375,0.0458875,0.003175));
#16015=CARTESIAN_POINT('',(-0.1476375,0.0453875,0.003175));
#16016=CARTESIAN_POINT('',(-0.1476375,0.0453875,0.0015875));
#16017=CARTESIAN_POINT('',(-0.1541375,0.0453875,0.0015875));
#16018=CARTESIAN_POINT('',(-0.1541375,0.0453875,0.003175));
#16019=CARTESIAN_POINT('',(-0.1541375,0.0453875,0.003175));
#16020=CARTESIAN_POINT('',(-0.1476375,0.0453875,0.003175));
#16021=CARTESIAN_POINT('',(-0.1541375,0.0458875,0.003175));
#16022=CARTESIAN_POINT('',(-0.1541375,0.0458875,0.0015875));
#16023=CARTESIAN_POINT('',(-0.1546375,0.0458875,0.0015875));
#16024=CARTESIAN_POINT('',(-0.1546375,0.0458875,0.003175));
#16025=CARTESIAN_POINT('',(-0.1546375,0.0458875,0.003175));
#16026=CARTESIAN_POINT('',(-0.1541375,0.0458875,0.003175));
#16027=CARTESIAN_POINT('',(-0.1546375,0.0523875,0.003175));
#16028=CARTESIAN_POINT('',(-0.1546375,0.0523875,0.0015875));
#16029=CARTESIAN_POINT('',(-0.1546375,0.0588875,0.0015875));
#16030=CARTESIAN_POINT('',(-0.1546375,0.0588875,0.003175));
#16031=CARTESIAN_POINT('',(-0.1546375,0.0588875,0.003175));
#16032=CARTESIAN_POINT('',(-0.1546375,0.0523875,0.003175));
#16033=CARTESIAN_POINT('',(-0.1541375,0.0588875,0.003175));
#16034=CARTESIAN_POINT('',(-0.1541375,0.0588875,0.0015875));
#16035=CARTESIAN_POINT('',(-0.1541375,0.0593875,0.0015875));
#16036=CARTESIAN_POINT('',(-0.1541375,0.0593875,0.003175));
#16037=CARTESIAN_POINT('',(-0.1541375,0.0593875,0.003175));
#16038=CARTESIAN_POINT('',(-0.1541375,0.0588875,0.003175));
#16039=CARTESIAN_POINT('',(-0.0827,-0.00302500000000004,0.003175));
#16040=CARTESIAN_POINT('',(-0.0827,-0.00302500000000004,0.0015875));
#16041=CARTESIAN_POINT('',(-0.0827,-0.002525,0.0015875));
#16042=CARTESIAN_POINT('',(-0.0832,-0.003025,0.0015875));
#16043=CARTESIAN_POINT('',(-0.0827,-0.002525,0.003175));
#16044=CARTESIAN_POINT('',(-0.0827,-0.002525,0.003175));
#16045=CARTESIAN_POINT('',(-0.0827,-0.00302500000000004,0.003175));
#16046=CARTESIAN_POINT('',(-0.0832,-0.003025,0.003175));
#16047=CARTESIAN_POINT('',(-0.0832,-0.003025,0.003175));
#16048=CARTESIAN_POINT('',(-0.0762,-0.002525,0.003175));
#16049=CARTESIAN_POINT('',(-0.0762,-0.002525,0.0015875));
#16050=CARTESIAN_POINT('',(-0.0697,-0.002525,0.0015875));
#16051=CARTESIAN_POINT('',(-0.0697,-0.002525,0.003175));
#16052=CARTESIAN_POINT('',(-0.0697,-0.002525,0.003175));
#16053=CARTESIAN_POINT('',(-0.0762,-0.002525,0.003175));
#16054=CARTESIAN_POINT('',(-0.0697,-0.003025,0.003175));
#16055=CARTESIAN_POINT('',(-0.0697,-0.003025,0.0015875));
#16056=CARTESIAN_POINT('',(-0.0692,-0.003025,0.0015875));
#16057=CARTESIAN_POINT('',(-0.0692,-0.003025,0.003175));
#16058=CARTESIAN_POINT('',(-0.0692,-0.003025,0.003175));
#16059=CARTESIAN_POINT('',(-0.0697,-0.003025,0.003175));
#16060=CARTESIAN_POINT('',(-0.0692,-0.009525,0.003175));
#16061=CARTESIAN_POINT('',(-0.0692,-0.009525,0.0015875));
#16062=CARTESIAN_POINT('',(-0.0692,-0.016025,0.0015875));
#16063=CARTESIAN_POINT('',(-0.0692,-0.016025,0.003175));
#16064=CARTESIAN_POINT('',(-0.0692,-0.016025,0.003175));
#16065=CARTESIAN_POINT('',(-0.0692,-0.009525,0.003175));
#16066=CARTESIAN_POINT('',(-0.0697,-0.016025,0.003175));
#16067=CARTESIAN_POINT('',(-0.0697,-0.016025,0.0015875));
#16068=CARTESIAN_POINT('',(-0.0697,-0.016525,0.0015875));
#16069=CARTESIAN_POINT('',(-0.0697,-0.016525,0.003175));
#16070=CARTESIAN_POINT('',(-0.0697,-0.016525,0.003175));
#16071=CARTESIAN_POINT('',(-0.0697,-0.016025,0.003175));
#16072=CARTESIAN_POINT('',(-0.0762,-0.016525,0.003175));
#16073=CARTESIAN_POINT('',(-0.0762,-0.016525,0.0015875));
#16074=CARTESIAN_POINT('',(-0.0827,-0.016525,0.0015875));
#16075=CARTESIAN_POINT('',(-0.0827,-0.016525,0.003175));
#16076=CARTESIAN_POINT('',(-0.0827,-0.016525,0.003175));
#16077=CARTESIAN_POINT('',(-0.0762,-0.016525,0.003175));
#16078=CARTESIAN_POINT('',(-0.0827,-0.016025,0.003175));
#16079=CARTESIAN_POINT('',(-0.0827,-0.016025,0.0015875));
#16080=CARTESIAN_POINT('',(-0.0832,-0.016025,0.0015875));
#16081=CARTESIAN_POINT('',(-0.0832,-0.016025,0.003175));
#16082=CARTESIAN_POINT('',(-0.0832,-0.016025,0.003175));
#16083=CARTESIAN_POINT('',(-0.0827,-0.016025,0.003175));
#16084=CARTESIAN_POINT('',(-0.16834375,-0.003025,0.003175));
#16085=CARTESIAN_POINT('',(-0.16834375,-0.003025,0.0015875));
#16086=CARTESIAN_POINT('',(-0.16834375,-0.002525,0.0015875));
#16087=CARTESIAN_POINT('',(-0.16884375,-0.003025,0.0015875));
#16088=CARTESIAN_POINT('',(-0.16834375,-0.002525,0.003175));
#16089=CARTESIAN_POINT('',(-0.16834375,-0.002525,0.003175));
#16090=CARTESIAN_POINT('',(-0.16834375,-0.003025,0.003175));
#16091=CARTESIAN_POINT('',(-0.16884375,-0.003025,0.003175));
#16092=CARTESIAN_POINT('',(-0.16884375,-0.003025,0.003175));
#16093=CARTESIAN_POINT('',(-0.16784375,-0.002525,0.003175));
#16094=CARTESIAN_POINT('',(-0.16784375,-0.002525,0.0015875));
#16095=CARTESIAN_POINT('',(-0.16734375,-0.002525,0.0015875));
#16096=CARTESIAN_POINT('',(-0.16734375,-0.002525,0.003175));
#16097=CARTESIAN_POINT('',(-0.16734375,-0.002525,0.003175));
#16098=CARTESIAN_POINT('',(-0.16784375,-0.002525,0.003175));
#16099=CARTESIAN_POINT('',(-0.16734375,-0.003025,0.003175));
#16100=CARTESIAN_POINT('',(-0.16734375,-0.003025,0.0015875));
#16101=CARTESIAN_POINT('',(-0.16684375,-0.003025,0.0015875));
#16102=CARTESIAN_POINT('',(-0.16684375,-0.003025,0.003175));
#16103=CARTESIAN_POINT('',(-0.16684375,-0.003025,0.003175));
#16104=CARTESIAN_POINT('',(-0.16734375,-0.003025,0.003175));
#16105=CARTESIAN_POINT('',(-0.16684375,-0.009525,0.003175));
#16106=CARTESIAN_POINT('',(-0.16684375,-0.009525,0.0015875));
#16107=CARTESIAN_POINT('',(-0.16684375,-0.016025,0.0015875));
#16108=CARTESIAN_POINT('',(-0.16684375,-0.016025,0.003175));
#16109=CARTESIAN_POINT('',(-0.16684375,-0.016025,0.003175));
#16110=CARTESIAN_POINT('',(-0.16684375,-0.009525,0.003175));
#16111=CARTESIAN_POINT('',(-0.16734375,-0.016025,0.003175));
#16112=CARTESIAN_POINT('',(-0.16734375,-0.016025,0.0015875));
#16113=CARTESIAN_POINT('',(-0.16734375,-0.016525,0.0015875));
#16114=CARTESIAN_POINT('',(-0.16734375,-0.016525,0.003175));
#16115=CARTESIAN_POINT('',(-0.16734375,-0.016525,0.003175));
#16116=CARTESIAN_POINT('',(-0.16734375,-0.016025,0.003175));
#16117=CARTESIAN_POINT('',(-0.16784375,-0.016525,0.003175));
#16118=CARTESIAN_POINT('',(-0.16784375,-0.016525,0.0015875));
#16119=CARTESIAN_POINT('',(-0.16834375,-0.016525,0.0015875));
#16120=CARTESIAN_POINT('',(-0.16834375,-0.016525,0.003175));
#16121=CARTESIAN_POINT('',(-0.16834375,-0.016525,0.003175));
#16122=CARTESIAN_POINT('',(-0.16784375,-0.016525,0.003175));
#16123=CARTESIAN_POINT('',(-0.16834375,-0.016025,0.003175));
#16124=CARTESIAN_POINT('',(-0.16834375,-0.016025,0.0015875));
#16125=CARTESIAN_POINT('',(-0.16884375,-0.016025,0.0015875));
#16126=CARTESIAN_POINT('',(-0.16884375,-0.016025,0.003175));
#16127=CARTESIAN_POINT('',(-0.16884375,-0.016025,0.003175));
#16128=CARTESIAN_POINT('',(-0.16834375,-0.016025,0.003175));
#16129=CARTESIAN_POINT('',(-0.16733125,-0.022075,0.003175));
#16130=CARTESIAN_POINT('',(-0.16733125,-0.022075,0.0015875));
#16131=CARTESIAN_POINT('',(-0.16683125,-0.022075,0.0015875));
#16132=CARTESIAN_POINT('',(-0.16733125,-0.021575,0.0015875));
#16133=CARTESIAN_POINT('',(-0.16683125,-0.022075,0.003175));
#16134=CARTESIAN_POINT('',(-0.16683125,-0.022075,0.003175));
#16135=CARTESIAN_POINT('',(-0.16733125,-0.022075,0.003175));
#16136=CARTESIAN_POINT('',(-0.16733125,-0.021575,0.003175));
#16137=CARTESIAN_POINT('',(-0.16733125,-0.021575,0.003175));
#16138=CARTESIAN_POINT('',(-0.16683125,-0.028575,0.003175));
#16139=CARTESIAN_POINT('',(-0.16683125,-0.028575,0.0015875));
#16140=CARTESIAN_POINT('',(-0.16683125,-0.035075,0.0015875));
#16141=CARTESIAN_POINT('',(-0.16683125,-0.035075,0.003175));
#16142=CARTESIAN_POINT('',(-0.16683125,-0.035075,0.003175));
#16143=CARTESIAN_POINT('',(-0.16683125,-0.028575,0.003175));
#16144=CARTESIAN_POINT('',(-0.16733125,-0.035075,0.003175));
#16145=CARTESIAN_POINT('',(-0.16733125,-0.035075,0.0015875));
#16146=CARTESIAN_POINT('',(-0.16733125,-0.035575,0.0015875));
#16147=CARTESIAN_POINT('',(-0.16733125,-0.035575,0.003175));
#16148=CARTESIAN_POINT('',(-0.16733125,-0.035575,0.003175));
#16149=CARTESIAN_POINT('',(-0.16733125,-0.035075,0.003175));
#16150=CARTESIAN_POINT('',(-0.17383125,-0.035575,0.003175));
#16151=CARTESIAN_POINT('',(-0.17383125,-0.035575,0.0015875));
#16152=CARTESIAN_POINT('',(-0.18033125,-0.035575,0.0015875));
#16153=CARTESIAN_POINT('',(-0.18033125,-0.035575,0.003175));
#16154=CARTESIAN_POINT('',(-0.18033125,-0.035575,0.003175));
#16155=CARTESIAN_POINT('',(-0.17383125,-0.035575,0.003175));
#16156=CARTESIAN_POINT('',(-0.18033125,-0.035075,0.003175));
#16157=CARTESIAN_POINT('',(-0.18033125,-0.035075,0.0015875));
#16158=CARTESIAN_POINT('',(-0.18083125,-0.035075,0.0015875));
#16159=CARTESIAN_POINT('',(-0.18083125,-0.035075,0.003175));
#16160=CARTESIAN_POINT('',(-0.18083125,-0.035075,0.003175));
#16161=CARTESIAN_POINT('',(-0.18033125,-0.035075,0.003175));
#16162=CARTESIAN_POINT('',(-0.18083125,-0.028575,0.003175));
#16163=CARTESIAN_POINT('',(-0.18083125,-0.028575,0.0015875));
#16164=CARTESIAN_POINT('',(-0.18083125,-0.022075,0.0015875));
#16165=CARTESIAN_POINT('',(-0.18083125,-0.022075,0.003175));
#16166=CARTESIAN_POINT('',(-0.18083125,-0.022075,0.003175));
#16167=CARTESIAN_POINT('',(-0.18083125,-0.028575,0.003175));
#16168=CARTESIAN_POINT('',(-0.18033125,-0.022075,0.003175));
#16169=CARTESIAN_POINT('',(-0.18033125,-0.022075,0.0015875));
#16170=CARTESIAN_POINT('',(-0.18033125,-0.021575,0.0015875));
#16171=CARTESIAN_POINT('',(-0.18033125,-0.021575,0.003175));
#16172=CARTESIAN_POINT('',(-0.18033125,-0.021575,0.003175));
#16173=CARTESIAN_POINT('',(-0.18033125,-0.022075,0.003175));
#16174=CARTESIAN_POINT('',(-0.0398375,0.035075,0.003175));
#16175=CARTESIAN_POINT('',(-0.0398375,0.035075,0.0015875));
#16176=CARTESIAN_POINT('',(-0.0398375,0.035575,0.0015875));
#16177=CARTESIAN_POINT('',(-0.0403375,0.035075,0.0015875));
#16178=CARTESIAN_POINT('',(-0.0398375,0.035575,0.003175));
#16179=CARTESIAN_POINT('',(-0.0398375,0.035575,0.003175));
#16180=CARTESIAN_POINT('',(-0.0398375,0.035075,0.003175));
#16181=CARTESIAN_POINT('',(-0.0403375,0.035075,0.003175));
#16182=CARTESIAN_POINT('',(-0.0403375,0.035075,0.003175));
#16183=CARTESIAN_POINT('',(-0.0333375,0.035575,0.003175));
#16184=CARTESIAN_POINT('',(-0.0333375,0.035575,0.0015875));
#16185=CARTESIAN_POINT('',(-0.0268375,0.035575,0.0015875));
#16186=CARTESIAN_POINT('',(-0.0268375,0.035575,0.003175));
#16187=CARTESIAN_POINT('',(-0.0268375,0.035575,0.003175));
#16188=CARTESIAN_POINT('',(-0.0333375,0.035575,0.003175));
#16189=CARTESIAN_POINT('',(-0.0268375,0.035075,0.003175));
#16190=CARTESIAN_POINT('',(-0.0268375,0.035075,0.0015875));
#16191=CARTESIAN_POINT('',(-0.0263375,0.035075,0.0015875));
#16192=CARTESIAN_POINT('',(-0.0263375,0.035075,0.003175));
#16193=CARTESIAN_POINT('',(-0.0263375,0.035075,0.003175));
#16194=CARTESIAN_POINT('',(-0.0268375,0.035075,0.003175));
#16195=CARTESIAN_POINT('',(-0.0263375,0.028575,0.003175));
#16196=CARTESIAN_POINT('',(-0.0263375,0.028575,0.0015875));
#16197=CARTESIAN_POINT('',(-0.0263375,0.022075,0.0015875));
#16198=CARTESIAN_POINT('',(-0.0263375,0.022075,0.003175));
#16199=CARTESIAN_POINT('',(-0.0263375,0.022075,0.003175));
#16200=CARTESIAN_POINT('',(-0.0263375,0.028575,0.003175));
#16201=CARTESIAN_POINT('',(-0.0268375,0.022075,0.003175));
#16202=CARTESIAN_POINT('',(-0.0268375,0.022075,0.0015875));
#16203=CARTESIAN_POINT('',(-0.0268375,0.021575,0.0015875));
#16204=CARTESIAN_POINT('',(-0.0268375,0.021575,0.003175));
#16205=CARTESIAN_POINT('',(-0.0268375,0.021575,0.003175));
#16206=CARTESIAN_POINT('',(-0.0268375,0.022075,0.003175));
#16207=CARTESIAN_POINT('',(-0.0333375,0.021575,0.003175));
#16208=CARTESIAN_POINT('',(-0.0333375,0.021575,0.0015875));
#16209=CARTESIAN_POINT('',(-0.0398375,0.021575,0.0015875));
#16210=CARTESIAN_POINT('',(-0.0398375,0.021575,0.003175));
#16211=CARTESIAN_POINT('',(-0.0398375,0.021575,0.003175));
#16212=CARTESIAN_POINT('',(-0.0333375,0.021575,0.003175));
#16213=CARTESIAN_POINT('',(-0.0398375,0.022075,0.003175));
#16214=CARTESIAN_POINT('',(-0.0398375,0.022075,0.0015875));
#16215=CARTESIAN_POINT('',(-0.0403375,0.022075,0.0015875));
#16216=CARTESIAN_POINT('',(-0.0403375,0.022075,0.003175));
#16217=CARTESIAN_POINT('',(-0.0403375,0.022075,0.003175));
#16218=CARTESIAN_POINT('',(-0.0398375,0.022075,0.003175));
#16219=CARTESIAN_POINT('',(-0.0779375,0.035075,0.003175));
#16220=CARTESIAN_POINT('',(-0.0779375,0.035075,0.0015875));
#16221=CARTESIAN_POINT('',(-0.0779375,0.035575,0.0015875));
#16222=CARTESIAN_POINT('',(-0.0784375,0.035075,0.0015875));
#16223=CARTESIAN_POINT('',(-0.0779375,0.035575,0.003175));
#16224=CARTESIAN_POINT('',(-0.0779375,0.035575,0.003175));
#16225=CARTESIAN_POINT('',(-0.0779375,0.035075,0.003175));
#16226=CARTESIAN_POINT('',(-0.0784375,0.035075,0.003175));
#16227=CARTESIAN_POINT('',(-0.0784375,0.035075,0.003175));
#16228=CARTESIAN_POINT('',(-0.0714375,0.035575,0.003175));
#16229=CARTESIAN_POINT('',(-0.0714375,0.035575,0.0015875));
#16230=CARTESIAN_POINT('',(-0.0649375,0.035575,0.0015875));
#16231=CARTESIAN_POINT('',(-0.0649375,0.035575,0.003175));
#16232=CARTESIAN_POINT('',(-0.0649375,0.035575,0.003175));
#16233=CARTESIAN_POINT('',(-0.0714375,0.035575,0.003175));
#16234=CARTESIAN_POINT('',(-0.0649375,0.035075,0.003175));
#16235=CARTESIAN_POINT('',(-0.0649375,0.035075,0.0015875));
#16236=CARTESIAN_POINT('',(-0.0644375,0.035075,0.0015875));
#16237=CARTESIAN_POINT('',(-0.0644375,0.035075,0.003175));
#16238=CARTESIAN_POINT('',(-0.0644375,0.035075,0.003175));
#16239=CARTESIAN_POINT('',(-0.0649375,0.035075,0.003175));
#16240=CARTESIAN_POINT('',(-0.0644375,0.028575,0.003175));
#16241=CARTESIAN_POINT('',(-0.0644375,0.028575,0.0015875));
#16242=CARTESIAN_POINT('',(-0.0644375,0.022075,0.0015875));
#16243=CARTESIAN_POINT('',(-0.0644375,0.022075,0.003175));
#16244=CARTESIAN_POINT('',(-0.0644375,0.022075,0.003175));
#16245=CARTESIAN_POINT('',(-0.0644375,0.028575,0.003175));
#16246=CARTESIAN_POINT('',(-0.0649375,0.022075,0.003175));
#16247=CARTESIAN_POINT('',(-0.0649375,0.022075,0.0015875));
#16248=CARTESIAN_POINT('',(-0.0649375,0.021575,0.0015875));
#16249=CARTESIAN_POINT('',(-0.0649375,0.021575,0.003175));
#16250=CARTESIAN_POINT('',(-0.0649375,0.021575,0.003175));
#16251=CARTESIAN_POINT('',(-0.0649375,0.022075,0.003175));
#16252=CARTESIAN_POINT('',(-0.0714375,0.021575,0.003175));
#16253=CARTESIAN_POINT('',(-0.0714375,0.021575,0.0015875));
#16254=CARTESIAN_POINT('',(-0.0779375,0.021575,0.0015875));
#16255=CARTESIAN_POINT('',(-0.0779375,0.021575,0.003175));
#16256=CARTESIAN_POINT('',(-0.0779375,0.021575,0.003175));
#16257=CARTESIAN_POINT('',(-0.0714375,0.021575,0.003175));
#16258=CARTESIAN_POINT('',(-0.0779375,0.022075,0.003175));
#16259=CARTESIAN_POINT('',(-0.0779375,0.022075,0.0015875));
#16260=CARTESIAN_POINT('',(-0.0784375,0.022075,0.0015875));
#16261=CARTESIAN_POINT('',(-0.0784375,0.022075,0.003175));
#16262=CARTESIAN_POINT('',(-0.0784375,0.022075,0.003175));
#16263=CARTESIAN_POINT('',(-0.0779375,0.022075,0.003175));
#16264=CARTESIAN_POINT('',(-0.041125,-0.022075,0.003175));
#16265=CARTESIAN_POINT('',(-0.041125,-0.022075,0.0015875));
#16266=CARTESIAN_POINT('',(-0.040625,-0.022075,0.0015875));
#16267=CARTESIAN_POINT('',(-0.041125,-0.021575,0.0015875));
#16268=CARTESIAN_POINT('',(-0.040625,-0.022075,0.003175));
#16269=CARTESIAN_POINT('',(-0.040625,-0.022075,0.003175));
#16270=CARTESIAN_POINT('',(-0.041125,-0.022075,0.003175));
#16271=CARTESIAN_POINT('',(-0.041125,-0.021575,0.003175));
#16272=CARTESIAN_POINT('',(-0.041125,-0.021575,0.003175));
#16273=CARTESIAN_POINT('',(-0.040625,-0.028575,0.003175));
#16274=CARTESIAN_POINT('',(-0.040625,-0.028575,0.0015875));
#16275=CARTESIAN_POINT('',(-0.040625,-0.035075,0.0015875));
#16276=CARTESIAN_POINT('',(-0.040625,-0.035075,0.003175));
#16277=CARTESIAN_POINT('',(-0.040625,-0.035075,0.003175));
#16278=CARTESIAN_POINT('',(-0.040625,-0.028575,0.003175));
#16279=CARTESIAN_POINT('',(-0.041125,-0.035075,0.003175));
#16280=CARTESIAN_POINT('',(-0.041125,-0.035075,0.0015875));
#16281=CARTESIAN_POINT('',(-0.041125,-0.035575,0.0015875));
#16282=CARTESIAN_POINT('',(-0.041125,-0.035575,0.003175));
#16283=CARTESIAN_POINT('',(-0.041125,-0.035575,0.003175));
#16284=CARTESIAN_POINT('',(-0.041125,-0.035075,0.003175));
#16285=CARTESIAN_POINT('',(-0.047625,-0.035575,0.003175));
#16286=CARTESIAN_POINT('',(-0.047625,-0.035575,0.0015875));
#16287=CARTESIAN_POINT('',(-0.054125,-0.035575,0.0015875));
#16288=CARTESIAN_POINT('',(-0.054125,-0.035575,0.003175));
#16289=CARTESIAN_POINT('',(-0.054125,-0.035575,0.003175));
#16290=CARTESIAN_POINT('',(-0.047625,-0.035575,0.003175));
#16291=CARTESIAN_POINT('',(-0.054125,-0.035075,0.003175));
#16292=CARTESIAN_POINT('',(-0.054125,-0.035075,0.0015875));
#16293=CARTESIAN_POINT('',(-0.054625,-0.035075,0.0015875));
#16294=CARTESIAN_POINT('',(-0.054625,-0.035075,0.003175));
#16295=CARTESIAN_POINT('',(-0.054625,-0.035075,0.003175));
#16296=CARTESIAN_POINT('',(-0.054125,-0.035075,0.003175));
#16297=CARTESIAN_POINT('',(-0.054625,-0.028575,0.003175));
#16298=CARTESIAN_POINT('',(-0.054625,-0.028575,0.0015875));
#16299=CARTESIAN_POINT('',(-0.054625,-0.022075,0.0015875));
#16300=CARTESIAN_POINT('',(-0.054625,-0.022075,0.003175));
#16301=CARTESIAN_POINT('',(-0.054625,-0.022075,0.003175));
#16302=CARTESIAN_POINT('',(-0.054625,-0.028575,0.003175));
#16303=CARTESIAN_POINT('',(-0.054125,-0.022075,0.003175));
#16304=CARTESIAN_POINT('',(-0.054125,-0.022075,0.0015875));
#16305=CARTESIAN_POINT('',(-0.054125,-0.021575,0.0015875));
#16306=CARTESIAN_POINT('',(-0.054125,-0.021575,0.003175));
#16307=CARTESIAN_POINT('',(-0.054125,-0.021575,0.003175));
#16308=CARTESIAN_POINT('',(-0.054125,-0.022075,0.003175));
#16309=CARTESIAN_POINT('',(-0.035075,-0.022075,0.003175));
#16310=CARTESIAN_POINT('',(-0.035075,-0.022075,0.0015875));
#16311=CARTESIAN_POINT('',(-0.035075,-0.021575,0.0015875));
#16312=CARTESIAN_POINT('',(-0.035575,-0.022075,0.0015875));
#16313=CARTESIAN_POINT('',(-0.035075,-0.021575,0.003175));
#16314=CARTESIAN_POINT('',(-0.035075,-0.021575,0.003175));
#16315=CARTESIAN_POINT('',(-0.035075,-0.022075,0.003175));
#16316=CARTESIAN_POINT('',(-0.035575,-0.022075,0.003175));
#16317=CARTESIAN_POINT('',(-0.035575,-0.022075,0.003175));
#16318=CARTESIAN_POINT('',(-0.028575,-0.021575,0.003175));
#16319=CARTESIAN_POINT('',(-0.028575,-0.021575,0.0015875));
#16320=CARTESIAN_POINT('',(-0.022075,-0.021575,0.0015875));
#16321=CARTESIAN_POINT('',(-0.022075,-0.021575,0.003175));
#16322=CARTESIAN_POINT('',(-0.022075,-0.021575,0.003175));
#16323=CARTESIAN_POINT('',(-0.028575,-0.021575,0.003175));
#16324=CARTESIAN_POINT('',(-0.022075,-0.022075,0.003175));
#16325=CARTESIAN_POINT('',(-0.022075,-0.022075,0.0015875));
#16326=CARTESIAN_POINT('',(-0.021575,-0.022075,0.0015875));
#16327=CARTESIAN_POINT('',(-0.021575,-0.022075,0.003175));
#16328=CARTESIAN_POINT('',(-0.021575,-0.022075,0.003175));
#16329=CARTESIAN_POINT('',(-0.022075,-0.022075,0.003175));
#16330=CARTESIAN_POINT('',(-0.021575,-0.028575,0.003175));
#16331=CARTESIAN_POINT('',(-0.021575,-0.028575,0.0015875));
#16332=CARTESIAN_POINT('',(-0.021575,-0.035075,0.0015875));
#16333=CARTESIAN_POINT('',(-0.021575,-0.035075,0.003175));
#16334=CARTESIAN_POINT('',(-0.021575,-0.035075,0.003175));
#16335=CARTESIAN_POINT('',(-0.021575,-0.028575,0.003175));
#16336=CARTESIAN_POINT('',(-0.022075,-0.035075,0.003175));
#16337=CARTESIAN_POINT('',(-0.022075,-0.035075,0.0015875));
#16338=CARTESIAN_POINT('',(-0.022075,-0.035575,0.0015875));
#16339=CARTESIAN_POINT('',(-0.022075,-0.035575,0.003175));
#16340=CARTESIAN_POINT('',(-0.022075,-0.035575,0.003175));
#16341=CARTESIAN_POINT('',(-0.022075,-0.035075,0.003175));
#16342=CARTESIAN_POINT('',(-0.028575,-0.035575,0.003175));
#16343=CARTESIAN_POINT('',(-0.028575,-0.035575,0.0015875));
#16344=CARTESIAN_POINT('',(-0.035075,-0.035575,0.0015875));
#16345=CARTESIAN_POINT('',(-0.035075,-0.035575,0.003175));
#16346=CARTESIAN_POINT('',(-0.035075,-0.035575,0.003175));
#16347=CARTESIAN_POINT('',(-0.028575,-0.035575,0.003175));
#16348=CARTESIAN_POINT('',(-0.035075,-0.035075,0.003175));
#16349=CARTESIAN_POINT('',(-0.035075,-0.035075,0.0015875));
#16350=CARTESIAN_POINT('',(-0.035575,-0.035075,0.0015875));
#16351=CARTESIAN_POINT('',(-0.035575,-0.035075,0.003175));
#16352=CARTESIAN_POINT('',(-0.035575,-0.035075,0.003175));
#16353=CARTESIAN_POINT('',(-0.035075,-0.035075,0.003175));
#16354=CARTESIAN_POINT('',(-0.0458875,0.035075,0.003175));
#16355=CARTESIAN_POINT('',(-0.0458875,0.035075,0.0015875));
#16356=CARTESIAN_POINT('',(-0.0453875,0.035075,0.0015875));
#16357=CARTESIAN_POINT('',(-0.0458875,0.035575,0.0015875));
#16358=CARTESIAN_POINT('',(-0.0453875,0.035075,0.003175));
#16359=CARTESIAN_POINT('',(-0.0453875,0.035075,0.003175));
#16360=CARTESIAN_POINT('',(-0.0458875,0.035075,0.003175));
#16361=CARTESIAN_POINT('',(-0.0458875,0.035575,0.003175));
#16362=CARTESIAN_POINT('',(-0.0458875,0.035575,0.003175));
#16363=CARTESIAN_POINT('',(-0.0453875,0.028575,0.003175));
#16364=CARTESIAN_POINT('',(-0.0453875,0.028575,0.0015875));
#16365=CARTESIAN_POINT('',(-0.0453875,0.022075,0.0015875));
#16366=CARTESIAN_POINT('',(-0.0453875,0.022075,0.003175));
#16367=CARTESIAN_POINT('',(-0.0453875,0.022075,0.003175));
#16368=CARTESIAN_POINT('',(-0.0453875,0.028575,0.003175));
#16369=CARTESIAN_POINT('',(-0.0458875,0.022075,0.003175));
#16370=CARTESIAN_POINT('',(-0.0458875,0.022075,0.0015875));
#16371=CARTESIAN_POINT('',(-0.0458875,0.021575,0.0015875));
#16372=CARTESIAN_POINT('',(-0.0458875,0.021575,0.003175));
#16373=CARTESIAN_POINT('',(-0.0458875,0.021575,0.003175));
#16374=CARTESIAN_POINT('',(-0.0458875,0.022075,0.003175));
#16375=CARTESIAN_POINT('',(-0.0523875,0.021575,0.003175));
#16376=CARTESIAN_POINT('',(-0.0523875,0.021575,0.0015875));
#16377=CARTESIAN_POINT('',(-0.0588875,0.021575,0.0015875));
#16378=CARTESIAN_POINT('',(-0.0588875,0.021575,0.003175));
#16379=CARTESIAN_POINT('',(-0.0588875,0.021575,0.003175));
#16380=CARTESIAN_POINT('',(-0.0523875,0.021575,0.003175));
#16381=CARTESIAN_POINT('',(-0.0588875,0.022075,0.003175));
#16382=CARTESIAN_POINT('',(-0.0588875,0.022075,0.0015875));
#16383=CARTESIAN_POINT('',(-0.0593875,0.022075,0.0015875));
#16384=CARTESIAN_POINT('',(-0.0593875,0.022075,0.003175));
#16385=CARTESIAN_POINT('',(-0.0593875,0.022075,0.003175));
#16386=CARTESIAN_POINT('',(-0.0588875,0.022075,0.003175));
#16387=CARTESIAN_POINT('',(-0.0593875,0.028575,0.003175));
#16388=CARTESIAN_POINT('',(-0.0593875,0.028575,0.0015875));
#16389=CARTESIAN_POINT('',(-0.0593875,0.035075,0.0015875));
#16390=CARTESIAN_POINT('',(-0.0593875,0.035075,0.003175));
#16391=CARTESIAN_POINT('',(-0.0593875,0.035075,0.003175));
#16392=CARTESIAN_POINT('',(-0.0593875,0.028575,0.003175));
#16393=CARTESIAN_POINT('',(-0.0588875,0.035075,0.003175));
#16394=CARTESIAN_POINT('',(-0.0588875,0.035075,0.0015875));
#16395=CARTESIAN_POINT('',(-0.0588875,0.035575,0.0015875));
#16396=CARTESIAN_POINT('',(-0.0588875,0.035575,0.003175));
#16397=CARTESIAN_POINT('',(-0.0588875,0.035575,0.003175));
#16398=CARTESIAN_POINT('',(-0.0588875,0.035075,0.003175));
#16399=CARTESIAN_POINT('',(0.0333375,0.0516621022814555,0.003175));
#16400=CARTESIAN_POINT('',(0.0333375,0.0516621022814555,0.0015875));
#16401=CARTESIAN_POINT('',(0.0333375,0.01905,0.0015875));
#16402=CARTESIAN_POINT('',(0.0333375,0.0644735730000001,0.0015875));
#16403=CARTESIAN_POINT('',(0.0333375,0.0644735730000001,0.003175));
#16404=CARTESIAN_POINT('',(0.0333375,0.0644735730000001,0.003175));
#16405=CARTESIAN_POINT('',(0.0333375,0.0516621022814555,0.003175));
#16406=CARTESIAN_POINT('',(0.0333375,0.01905,0.003175));
#16407=CARTESIAN_POINT('',(0.0333375,0.01905,0.003175));
#16408=CARTESIAN_POINT('',(-0.0811232708749997,0.0644735730000001,0.003175));
#16409=CARTESIAN_POINT('',(-0.0811232708749997,0.0644735730000001,0.0015875));
#16410=CARTESIAN_POINT('',(-0.195584041749999,0.0644735730000001,0.0015875));
#16411=CARTESIAN_POINT('',(-0.195584041749999,0.0644735730000001,0.003175));
#16412=CARTESIAN_POINT('',(-0.195584041749999,0.0644735730000001,0.003175));
#16413=CARTESIAN_POINT('',(-0.0811232708749997,0.0644735730000001,0.003175));
#16414=CARTESIAN_POINT('',(-0.195584041749999,0.0629735730000001,0.003175));
#16415=CARTESIAN_POINT('',(-0.195584041749999,0.0629735730000001,0.0015875));
#16416=CARTESIAN_POINT('',(-0.197084041749999,0.0629735730000001,0.0015875));
#16417=CARTESIAN_POINT('',(-0.197084041749999,0.0629735730000001,0.003175));
#16418=CARTESIAN_POINT('',(-0.197084041749999,0.0629735730000001,0.003175));
#16419=CARTESIAN_POINT('',(-0.195584041749999,0.0629735730000001,0.003175));
#16420=CARTESIAN_POINT('',(-0.197084041749999,0.00156359993104896,0.003175));
#16421=CARTESIAN_POINT('',(-0.197084041749999,0.00156359993104896,0.0015875));
#16422=CARTESIAN_POINT('',(-0.197084041749999,-0.0598463731379022,0.0015875));
#16423=CARTESIAN_POINT('',(-0.197084041749999,-0.0598463731379022,0.003175));
#16424=CARTESIAN_POINT('',(-0.197084041749999,-0.0598463731379022,0.003175));
#16425=CARTESIAN_POINT('',(-0.197084041749999,0.00156359993104896,0.003175));
#16426=CARTESIAN_POINT('',(-0.195584041749999,-0.0598463731379022,0.003175));
#16427=CARTESIAN_POINT('',(-0.195584041749999,-0.0598463731379022,0.0015875));
#16428=CARTESIAN_POINT('',(-0.195584032296911,-0.0613463731378724,0.0015875));
#16429=CARTESIAN_POINT('',(-0.195584032296911,-0.0613463731378724,0.003175));
#16430=CARTESIAN_POINT('',(-0.195584032296911,-0.0613463731378724,0.003175));
#16431=CARTESIAN_POINT('',(-0.195584041749999,-0.0598463731379022,0.003175));
#16432=CARTESIAN_POINT('',(-0.101049828648455,-0.061345777377752,0.003175));
#16433=CARTESIAN_POINT('',(-0.101049828648455,-0.061345777377752,0.0015875));
#16434=CARTESIAN_POINT('',(-0.006515625,-0.0613451816176317,0.0015875));
#16435=CARTESIAN_POINT('',(-0.006515625,-0.0613451816176317,0.003175));
#16436=CARTESIAN_POINT('',(-0.006515625,-0.0613451816176317,0.003175));
#16437=CARTESIAN_POINT('',(-0.101049828648455,-0.061345777377752,0.003175));
#16438=CARTESIAN_POINT('',(-0.00651569824625195,-0.0497225908088158,0.003175));
#16439=CARTESIAN_POINT('',(-0.00651569824625195,-0.0497225908088158,0.0015875));
#16440=CARTESIAN_POINT('',(-0.00651577149250391,-0.0381,0.0015875));
#16441=CARTESIAN_POINT('',(-0.00651577149250391,-0.0381,0.003175));
#16442=CARTESIAN_POINT('',(-0.00651577149250391,-0.0381,0.003175));
#16443=CARTESIAN_POINT('',(-0.00651569824625195,-0.0497225908088158,0.003175));
#16444=CARTESIAN_POINT('',(-0.00539512690089561,-0.0381,0.003175));
#16445=CARTESIAN_POINT('',(-0.00539512690089561,-0.0381,0.0015875));
#16446=CARTESIAN_POINT('',(1.90636780676953E-8,-0.0381,0.0015875));
#16447=CARTESIAN_POINT('',(1.90636780676953E-8,-0.0381,0.003175));
#16448=CARTESIAN_POINT('',(1.90636780676953E-8,-0.0381,0.003175));
#16449=CARTESIAN_POINT('',(-0.00539512690089561,-0.0381,0.003175));
#16450=CARTESIAN_POINT('',(9.53183903384765E-9,-0.0365875039776964,0.003175));
#16451=CARTESIAN_POINT('',(9.53183903384765E-9,-0.0365875039776964,0.0015875));
#16452=CARTESIAN_POINT('',(-8.814358009818E-8,-0.0210885344307207,0.0015875));
#16453=CARTESIAN_POINT('',(-8.814358009818E-8,-0.0210885344307207,0.003175));
#16454=CARTESIAN_POINT('',(-8.814358009818E-8,-0.0210885344307207,0.003175));
#16455=CARTESIAN_POINT('',(9.53183903384765E-9,-0.0365875039776964,0.003175));
#16456=CARTESIAN_POINT('',(-8.81435800981306E-8,-0.0200692672153604,0.003175));
#16457=CARTESIAN_POINT('',(-8.81435800981306E-8,-0.0200692672153604,0.0015875));
#16458=CARTESIAN_POINT('',(-8.81435800979824E-8,-0.01905,0.0015875));
#16459=CARTESIAN_POINT('',(-8.81435800979824E-8,-0.01905,0.003175));
#16460=CARTESIAN_POINT('',(-8.81435800979824E-8,-0.01905,0.003175));
#16461=CARTESIAN_POINT('',(-8.81435800981306E-8,-0.0200692672153604,0.003175));
#16462=CARTESIAN_POINT('',(0.00476245592820996,-0.01905,0.003175));
#16463=CARTESIAN_POINT('',(0.00476245592820996,-0.01905,0.0015875));
#16464=CARTESIAN_POINT('',(0.009525,-0.01905,0.0015875));
#16465=CARTESIAN_POINT('',(0.009525,-0.01905,0.003175));
#16466=CARTESIAN_POINT('',(0.009525,-0.01905,0.003175));
#16467=CARTESIAN_POINT('',(0.00476245592820996,-0.01905,0.003175));
#16468=CARTESIAN_POINT('',(0.009525,-0.009525,0.003175));
#16469=CARTESIAN_POINT('',(0.009525,-0.009525,0.0015875));
#16470=CARTESIAN_POINT('',(0.009525,0.,0.0015875));
#16471=CARTESIAN_POINT('',(0.009525,0.,0.003175));
#16472=CARTESIAN_POINT('',(0.009525,0.,0.003175));
#16473=CARTESIAN_POINT('',(0.009525,-0.009525,0.003175));
#16474=CARTESIAN_POINT('',(0.01666875,7.82844157291374E-18,0.003175));
#16475=CARTESIAN_POINT('',(0.01666875,7.82844157291374E-18,0.0015875));
#16476=CARTESIAN_POINT('',(0.0238125,0.,0.0015875));
#16477=CARTESIAN_POINT('',(0.0238125,0.,0.003175));
#16478=CARTESIAN_POINT('',(0.0238125,0.,0.003175));
#16479=CARTESIAN_POINT('',(0.01666875,7.82844157291374E-18,0.003175));
#16480=CARTESIAN_POINT('',(0.0238125,0.000416816358776673,0.003175));
#16481=CARTESIAN_POINT('',(0.0238125,0.000416816358776673,0.0015875));
#16482=CARTESIAN_POINT('',(0.0238125,0.01905,0.0015875));
#16483=CARTESIAN_POINT('',(0.0238125,0.01905,0.003175));
#16484=CARTESIAN_POINT('',(0.0238125,0.01905,0.003175));
#16485=CARTESIAN_POINT('',(0.0238125,0.000416816358776673,0.003175));
#16486=CARTESIAN_POINT('',(-0.0207875,0.022075,0.003175));
#16487=CARTESIAN_POINT('',(-0.0207875,0.022075,0.0015875));
#16488=CARTESIAN_POINT('',(-0.0212875,0.022075,0.0015875));
#16489=CARTESIAN_POINT('',(-0.0207875,0.021575,0.0015875));
#16490=CARTESIAN_POINT('',(-0.0212875,0.022075,0.003175));
#16491=CARTESIAN_POINT('',(-0.0212875,0.022075,0.003175));
#16492=CARTESIAN_POINT('',(-0.0207875,0.022075,0.003175));
#16493=CARTESIAN_POINT('',(-0.0207875,0.021575,0.003175));
#16494=CARTESIAN_POINT('',(-0.0207875,0.021575,0.003175));
#16495=CARTESIAN_POINT('',(-0.0212875,0.028575,0.003175));
#16496=CARTESIAN_POINT('',(-0.0212875,0.028575,0.0015875));
#16497=CARTESIAN_POINT('',(-0.0212875,0.035075,0.0015875));
#16498=CARTESIAN_POINT('',(-0.0212875,0.035075,0.003175));
#16499=CARTESIAN_POINT('',(-0.0212875,0.035075,0.003175));
#16500=CARTESIAN_POINT('',(-0.0212875,0.028575,0.003175));
#16501=CARTESIAN_POINT('',(-0.0207875,0.035075,0.003175));
#16502=CARTESIAN_POINT('',(-0.0207875,0.035075,0.0015875));
#16503=CARTESIAN_POINT('',(-0.0207875,0.035575,0.0015875));
#16504=CARTESIAN_POINT('',(-0.0207875,0.035575,0.003175));
#16505=CARTESIAN_POINT('',(-0.0207875,0.035575,0.003175));
#16506=CARTESIAN_POINT('',(-0.0207875,0.035075,0.003175));
#16507=CARTESIAN_POINT('',(-0.0142875,0.035575,0.003175));
#16508=CARTESIAN_POINT('',(-0.0142875,0.035575,0.0015875));
#16509=CARTESIAN_POINT('',(-0.0077875,0.035575,0.0015875));
#16510=CARTESIAN_POINT('',(-0.0077875,0.035575,0.003175));
#16511=CARTESIAN_POINT('',(-0.0077875,0.035575,0.003175));
#16512=CARTESIAN_POINT('',(-0.0142875,0.035575,0.003175));
#16513=CARTESIAN_POINT('',(-0.0077875,0.035075,0.003175));
#16514=CARTESIAN_POINT('',(-0.0077875,0.035075,0.0015875));
#16515=CARTESIAN_POINT('',(-0.0072875,0.035075,0.0015875));
#16516=CARTESIAN_POINT('',(-0.0072875,0.035075,0.003175));
#16517=CARTESIAN_POINT('',(-0.0072875,0.035075,0.003175));
#16518=CARTESIAN_POINT('',(-0.0077875,0.035075,0.003175));
#16519=CARTESIAN_POINT('',(-0.0072875,0.028575,0.003175));
#16520=CARTESIAN_POINT('',(-0.0072875,0.028575,0.0015875));
#16521=CARTESIAN_POINT('',(-0.0072875,0.022075,0.0015875));
#16522=CARTESIAN_POINT('',(-0.0072875,0.022075,0.003175));
#16523=CARTESIAN_POINT('',(-0.0072875,0.022075,0.003175));
#16524=CARTESIAN_POINT('',(-0.0072875,0.028575,0.003175));
#16525=CARTESIAN_POINT('',(-0.0077875,0.022075,0.003175));
#16526=CARTESIAN_POINT('',(-0.0077875,0.022075,0.0015875));
#16527=CARTESIAN_POINT('',(-0.0077875,0.021575,0.0015875));
#16528=CARTESIAN_POINT('',(-0.0077875,0.021575,0.003175));
#16529=CARTESIAN_POINT('',(-0.0077875,0.021575,0.003175));
#16530=CARTESIAN_POINT('',(-0.0077875,0.022075,0.003175));
#16531=CARTESIAN_POINT('',(-0.1411375,0.035075,0.003175));
#16532=CARTESIAN_POINT('',(-0.1411375,0.035075,0.0015875));
#16533=CARTESIAN_POINT('',(-0.1406375,0.035075,0.0015875));
#16534=CARTESIAN_POINT('',(-0.1411375,0.035575,0.0015875));
#16535=CARTESIAN_POINT('',(-0.1406375,0.035075,0.003175));
#16536=CARTESIAN_POINT('',(-0.1406375,0.035075,0.003175));
#16537=CARTESIAN_POINT('',(-0.1411375,0.035075,0.003175));
#16538=CARTESIAN_POINT('',(-0.1411375,0.035575,0.003175));
#16539=CARTESIAN_POINT('',(-0.1411375,0.035575,0.003175));
#16540=CARTESIAN_POINT('',(-0.1406375,0.028575,0.003175));
#16541=CARTESIAN_POINT('',(-0.1406375,0.028575,0.0015875));
#16542=CARTESIAN_POINT('',(-0.1406375,0.022075,0.0015875));
#16543=CARTESIAN_POINT('',(-0.1406375,0.022075,0.003175));
#16544=CARTESIAN_POINT('',(-0.1406375,0.022075,0.003175));
#16545=CARTESIAN_POINT('',(-0.1406375,0.028575,0.003175));
#16546=CARTESIAN_POINT('',(-0.1411375,0.022075,0.003175));
#16547=CARTESIAN_POINT('',(-0.1411375,0.022075,0.0015875));
#16548=CARTESIAN_POINT('',(-0.1411375,0.021575,0.0015875));
#16549=CARTESIAN_POINT('',(-0.1411375,0.021575,0.003175));
#16550=CARTESIAN_POINT('',(-0.1411375,0.021575,0.003175));
#16551=CARTESIAN_POINT('',(-0.1411375,0.022075,0.003175));
#16552=CARTESIAN_POINT('',(-0.1476375,0.021575,0.003175));
#16553=CARTESIAN_POINT('',(-0.1476375,0.021575,0.0015875));
#16554=CARTESIAN_POINT('',(-0.1541375,0.021575,0.0015875));
#16555=CARTESIAN_POINT('',(-0.1541375,0.021575,0.003175));
#16556=CARTESIAN_POINT('',(-0.1541375,0.021575,0.003175));
#16557=CARTESIAN_POINT('',(-0.1476375,0.021575,0.003175));
#16558=CARTESIAN_POINT('',(-0.1541375,0.022075,0.003175));
#16559=CARTESIAN_POINT('',(-0.1541375,0.022075,0.0015875));
#16560=CARTESIAN_POINT('',(-0.1546375,0.022075,0.0015875));
#16561=CARTESIAN_POINT('',(-0.1546375,0.022075,0.003175));
#16562=CARTESIAN_POINT('',(-0.1546375,0.022075,0.003175));
#16563=CARTESIAN_POINT('',(-0.1541375,0.022075,0.003175));
#16564=CARTESIAN_POINT('',(-0.1546375,0.028575,0.003175));
#16565=CARTESIAN_POINT('',(-0.1546375,0.028575,0.0015875));
#16566=CARTESIAN_POINT('',(-0.1546375,0.035075,0.0015875));
#16567=CARTESIAN_POINT('',(-0.1546375,0.035075,0.003175));
#16568=CARTESIAN_POINT('',(-0.1546375,0.035075,0.003175));
#16569=CARTESIAN_POINT('',(-0.1546375,0.028575,0.003175));
#16570=CARTESIAN_POINT('',(-0.1541375,0.035075,0.003175));
#16571=CARTESIAN_POINT('',(-0.1541375,0.035075,0.0015875));
#16572=CARTESIAN_POINT('',(-0.1541375,0.035575,0.0015875));
#16573=CARTESIAN_POINT('',(-0.1541375,0.035575,0.003175));
#16574=CARTESIAN_POINT('',(-0.1541375,0.035575,0.003175));
#16575=CARTESIAN_POINT('',(-0.1541375,0.035075,0.003175));
#16576=CARTESIAN_POINT('',(-0.0173125,0.0588875,0.003175));
#16577=CARTESIAN_POINT('',(-0.0173125,0.0588875,0.0015875));
#16578=CARTESIAN_POINT('',(-0.0168125,0.0588875,0.0015875));
#16579=CARTESIAN_POINT('',(-0.0173125,0.0593875,0.0015875));
#16580=CARTESIAN_POINT('',(-0.0168125,0.0588875,0.003175));
#16581=CARTESIAN_POINT('',(-0.0168125,0.0588875,0.003175));
#16582=CARTESIAN_POINT('',(-0.0173125,0.0588875,0.003175));
#16583=CARTESIAN_POINT('',(-0.0173125,0.0593875,0.003175));
#16584=CARTESIAN_POINT('',(-0.0173125,0.0593875,0.003175));
#16585=CARTESIAN_POINT('',(-0.0168125,0.0523875,0.003175));
#16586=CARTESIAN_POINT('',(-0.0168125,0.0523875,0.0015875));
#16587=CARTESIAN_POINT('',(-0.0168125,0.0458875,0.0015875));
#16588=CARTESIAN_POINT('',(-0.0168125,0.0458875,0.003175));
#16589=CARTESIAN_POINT('',(-0.0168125,0.0458875,0.003175));
#16590=CARTESIAN_POINT('',(-0.0168125,0.0523875,0.003175));
#16591=CARTESIAN_POINT('',(-0.0173125,0.0458875,0.003175));
#16592=CARTESIAN_POINT('',(-0.0173125,0.0458875,0.0015875));
#16593=CARTESIAN_POINT('',(-0.0173125,0.0453875,0.0015875));
#16594=CARTESIAN_POINT('',(-0.0173125,0.0453875,0.003175));
#16595=CARTESIAN_POINT('',(-0.0173125,0.0453875,0.003175));
#16596=CARTESIAN_POINT('',(-0.0173125,0.0458875,0.003175));
#16597=CARTESIAN_POINT('',(-0.0238125,0.0453875,0.003175));
#16598=CARTESIAN_POINT('',(-0.0238125,0.0453875,0.0015875));
#16599=CARTESIAN_POINT('',(-0.0303125,0.0453875,0.0015875));
#16600=CARTESIAN_POINT('',(-0.0303125,0.0453875,0.003175));
#16601=CARTESIAN_POINT('',(-0.0303125,0.0453875,0.003175));
#16602=CARTESIAN_POINT('',(-0.0238125,0.0453875,0.003175));
#16603=CARTESIAN_POINT('',(-0.0303125,0.0458875,0.003175));
#16604=CARTESIAN_POINT('',(-0.0303125,0.0458875,0.0015875));
#16605=CARTESIAN_POINT('',(-0.0308125,0.0458875,0.0015875));
#16606=CARTESIAN_POINT('',(-0.0308125,0.0458875,0.003175));
#16607=CARTESIAN_POINT('',(-0.0308125,0.0458875,0.003175));
#16608=CARTESIAN_POINT('',(-0.0303125,0.0458875,0.003175));
#16609=CARTESIAN_POINT('',(-0.0308125,0.0523875,0.003175));
#16610=CARTESIAN_POINT('',(-0.0308125,0.0523875,0.0015875));
#16611=CARTESIAN_POINT('',(-0.0308125,0.0588875,0.0015875));
#16612=CARTESIAN_POINT('',(-0.0308125,0.0588875,0.003175));
#16613=CARTESIAN_POINT('',(-0.0308125,0.0588875,0.003175));
#16614=CARTESIAN_POINT('',(-0.0308125,0.0523875,0.003175));
#16615=CARTESIAN_POINT('',(-0.0303125,0.0588875,0.003175));
#16616=CARTESIAN_POINT('',(-0.0303125,0.0588875,0.0015875));
#16617=CARTESIAN_POINT('',(-0.0303125,0.0593875,0.0015875));
#16618=CARTESIAN_POINT('',(-0.0303125,0.0593875,0.003175));
#16619=CARTESIAN_POINT('',(-0.0303125,0.0593875,0.003175));
#16620=CARTESIAN_POINT('',(-0.0303125,0.0588875,0.003175));
#16621=CARTESIAN_POINT('',(-0.0493625,0.016025,0.003175));
#16622=CARTESIAN_POINT('',(-0.0493625,0.016025,0.0015875));
#16623=CARTESIAN_POINT('',(-0.0493625,0.016525,0.0015875));
#16624=CARTESIAN_POINT('',(-0.0498625,0.016025,0.0015875));
#16625=CARTESIAN_POINT('',(-0.0493625,0.016525,0.003175));
#16626=CARTESIAN_POINT('',(-0.0493625,0.016525,0.003175));
#16627=CARTESIAN_POINT('',(-0.0493625,0.016025,0.003175));
#16628=CARTESIAN_POINT('',(-0.0498625,0.016025,0.003175));
#16629=CARTESIAN_POINT('',(-0.0498625,0.016025,0.003175));
#16630=CARTESIAN_POINT('',(-0.0428625,0.016525,0.003175));
#16631=CARTESIAN_POINT('',(-0.0428625,0.016525,0.0015875));
#16632=CARTESIAN_POINT('',(-0.0363625,0.016525,0.0015875));
#16633=CARTESIAN_POINT('',(-0.0363625,0.016525,0.003175));
#16634=CARTESIAN_POINT('',(-0.0363625,0.016525,0.003175));
#16635=CARTESIAN_POINT('',(-0.0428625,0.016525,0.003175));
#16636=CARTESIAN_POINT('',(-0.0363625,0.016025,0.003175));
#16637=CARTESIAN_POINT('',(-0.0363625,0.016025,0.0015875));
#16638=CARTESIAN_POINT('',(-0.0358625,0.016025,0.0015875));
#16639=CARTESIAN_POINT('',(-0.0358625,0.016025,0.003175));
#16640=CARTESIAN_POINT('',(-0.0358625,0.016025,0.003175));
#16641=CARTESIAN_POINT('',(-0.0363625,0.016025,0.003175));
#16642=CARTESIAN_POINT('',(-0.0358625,0.009525,0.003175));
#16643=CARTESIAN_POINT('',(-0.0358625,0.009525,0.0015875));
#16644=CARTESIAN_POINT('',(-0.0358625,0.003025,0.0015875));
#16645=CARTESIAN_POINT('',(-0.0358625,0.003025,0.003175));
#16646=CARTESIAN_POINT('',(-0.0358625,0.003025,0.003175));
#16647=CARTESIAN_POINT('',(-0.0358625,0.009525,0.003175));
#16648=CARTESIAN_POINT('',(-0.0363625,0.003025,0.003175));
#16649=CARTESIAN_POINT('',(-0.0363625,0.003025,0.0015875));
#16650=CARTESIAN_POINT('',(-0.0363625,0.002525,0.0015875));
#16651=CARTESIAN_POINT('',(-0.0363625,0.002525,0.003175));
#16652=CARTESIAN_POINT('',(-0.0363625,0.002525,0.003175));
#16653=CARTESIAN_POINT('',(-0.0363625,0.003025,0.003175));
#16654=CARTESIAN_POINT('',(-0.0428625,0.002525,0.003175));
#16655=CARTESIAN_POINT('',(-0.0428625,0.002525,0.0015875));
#16656=CARTESIAN_POINT('',(-0.0493625,0.002525,0.0015875));
#16657=CARTESIAN_POINT('',(-0.0493625,0.002525,0.003175));
#16658=CARTESIAN_POINT('',(-0.0493625,0.002525,0.003175));
#16659=CARTESIAN_POINT('',(-0.0428625,0.002525,0.003175));
#16660=CARTESIAN_POINT('',(-0.0493625,0.00302500000000004,0.003175));
#16661=CARTESIAN_POINT('',(-0.0493625,0.00302500000000004,0.0015875));
#16662=CARTESIAN_POINT('',(-0.0498625,0.003025,0.0015875));
#16663=CARTESIAN_POINT('',(-0.0498625,0.003025,0.003175));
#16664=CARTESIAN_POINT('',(-0.0498625,0.003025,0.003175));
#16665=CARTESIAN_POINT('',(-0.0493625,0.00302500000000004,0.003175));
#16666=CARTESIAN_POINT('',(-0.1922375,0.0588875,0.003175));
#16667=CARTESIAN_POINT('',(-0.1922375,0.0588875,0.0015875));
#16668=CARTESIAN_POINT('',(-0.1922375,0.0593875,0.0015875));
#16669=CARTESIAN_POINT('',(-0.1927375,0.0588875,0.0015875));
#16670=CARTESIAN_POINT('',(-0.1922375,0.0593875,0.003175));
#16671=CARTESIAN_POINT('',(-0.1922375,0.0593875,0.003175));
#16672=CARTESIAN_POINT('',(-0.1922375,0.0588875,0.003175));
#16673=CARTESIAN_POINT('',(-0.1927375,0.0588875,0.003175));
#16674=CARTESIAN_POINT('',(-0.1927375,0.0588875,0.003175));
#16675=CARTESIAN_POINT('',(-0.1857375,0.0593875,0.003175));
#16676=CARTESIAN_POINT('',(-0.1857375,0.0593875,0.0015875));
#16677=CARTESIAN_POINT('',(-0.1792375,0.0593875,0.0015875));
#16678=CARTESIAN_POINT('',(-0.1792375,0.0593875,0.003175));
#16679=CARTESIAN_POINT('',(-0.1792375,0.0593875,0.003175));
#16680=CARTESIAN_POINT('',(-0.1857375,0.0593875,0.003175));
#16681=CARTESIAN_POINT('',(-0.1792375,0.0588875,0.003175));
#16682=CARTESIAN_POINT('',(-0.1792375,0.0588875,0.0015875));
#16683=CARTESIAN_POINT('',(-0.1787375,0.0588875,0.0015875));
#16684=CARTESIAN_POINT('',(-0.1787375,0.0588875,0.003175));
#16685=CARTESIAN_POINT('',(-0.1787375,0.0588875,0.003175));
#16686=CARTESIAN_POINT('',(-0.1792375,0.0588875,0.003175));
#16687=CARTESIAN_POINT('',(-0.1787375,0.0523875,0.003175));
#16688=CARTESIAN_POINT('',(-0.1787375,0.0523875,0.0015875));
#16689=CARTESIAN_POINT('',(-0.1787375,0.0458875,0.0015875));
#16690=CARTESIAN_POINT('',(-0.1787375,0.0458875,0.003175));
#16691=CARTESIAN_POINT('',(-0.1787375,0.0458875,0.003175));
#16692=CARTESIAN_POINT('',(-0.1787375,0.0523875,0.003175));
#16693=CARTESIAN_POINT('',(-0.1792375,0.0458875,0.003175));
#16694=CARTESIAN_POINT('',(-0.1792375,0.0458875,0.0015875));
#16695=CARTESIAN_POINT('',(-0.1792375,0.0453875,0.0015875));
#16696=CARTESIAN_POINT('',(-0.1792375,0.0453875,0.003175));
#16697=CARTESIAN_POINT('',(-0.1792375,0.0453875,0.003175));
#16698=CARTESIAN_POINT('',(-0.1792375,0.0458875,0.003175));
#16699=CARTESIAN_POINT('',(-0.1857375,0.0453875,0.003175));
#16700=CARTESIAN_POINT('',(-0.1857375,0.0453875,0.0015875));
#16701=CARTESIAN_POINT('',(-0.1922375,0.0453875,0.0015875));
#16702=CARTESIAN_POINT('',(-0.1922375,0.0453875,0.003175));
#16703=CARTESIAN_POINT('',(-0.1922375,0.0453875,0.003175));
#16704=CARTESIAN_POINT('',(-0.1857375,0.0453875,0.003175));
#16705=CARTESIAN_POINT('',(-0.1922375,0.0458875,0.003175));
#16706=CARTESIAN_POINT('',(-0.1922375,0.0458875,0.0015875));
#16707=CARTESIAN_POINT('',(-0.1927375,0.0458875,0.0015875));
#16708=CARTESIAN_POINT('',(-0.1927375,0.0458875,0.003175));
#16709=CARTESIAN_POINT('',(-0.1927375,0.0458875,0.003175));
#16710=CARTESIAN_POINT('',(-0.1922375,0.0458875,0.003175));
#16711=CARTESIAN_POINT('',(-0.16489325,-0.037075,0.003175));
#16712=CARTESIAN_POINT('',(-0.16489325,-0.037075,0.0015875));
#16713=CARTESIAN_POINT('',(-0.16539325,-0.037075,0.0015875));
#16714=CARTESIAN_POINT('',(-0.16489325,-0.037575,0.0015875));
#16715=CARTESIAN_POINT('',(-0.16539325,-0.037075,0.003175));
#16716=CARTESIAN_POINT('',(-0.16539325,-0.037075,0.003175));
#16717=CARTESIAN_POINT('',(-0.16489325,-0.037075,0.003175));
#16718=CARTESIAN_POINT('',(-0.16489325,-0.037575,0.003175));
#16719=CARTESIAN_POINT('',(-0.16489325,-0.037575,0.003175));
#16720=CARTESIAN_POINT('',(-0.16539325,-0.030075,0.003175));
#16721=CARTESIAN_POINT('',(-0.16539325,-0.030075,0.0015875));
#16722=CARTESIAN_POINT('',(-0.16539325,-0.023075,0.0015875));
#16723=CARTESIAN_POINT('',(-0.16539325,-0.023075,0.003175));
#16724=CARTESIAN_POINT('',(-0.16539325,-0.023075,0.003175));
#16725=CARTESIAN_POINT('',(-0.16539325,-0.030075,0.003175));
#16726=CARTESIAN_POINT('',(-0.16489325,-0.023075,0.003175));
#16727=CARTESIAN_POINT('',(-0.16489325,-0.023075,0.0015875));
#16728=CARTESIAN_POINT('',(-0.16489325,-0.022575,0.0015875));
#16729=CARTESIAN_POINT('',(-0.16489325,-0.022575,0.003175));
#16730=CARTESIAN_POINT('',(-0.16489325,-0.022575,0.003175));
#16731=CARTESIAN_POINT('',(-0.16489325,-0.023075,0.003175));
#16732=CARTESIAN_POINT('',(-0.16189325,-0.022575,0.003175));
#16733=CARTESIAN_POINT('',(-0.16189325,-0.022575,0.0015875));
#16734=CARTESIAN_POINT('',(-0.15889325,-0.022575,0.0015875));
#16735=CARTESIAN_POINT('',(-0.15889325,-0.022575,0.003175));
#16736=CARTESIAN_POINT('',(-0.15889325,-0.022575,0.003175));
#16737=CARTESIAN_POINT('',(-0.16189325,-0.022575,0.003175));
#16738=CARTESIAN_POINT('',(-0.15889325,-0.023075,0.003175));
#16739=CARTESIAN_POINT('',(-0.15889325,-0.023075,0.0015875));
#16740=CARTESIAN_POINT('',(-0.15839325,-0.023075,0.0015875));
#16741=CARTESIAN_POINT('',(-0.15839325,-0.023075,0.003175));
#16742=CARTESIAN_POINT('',(-0.15839325,-0.023075,0.003175));
#16743=CARTESIAN_POINT('',(-0.15889325,-0.023075,0.003175));
#16744=CARTESIAN_POINT('',(-0.15839325,-0.030075,0.003175));
#16745=CARTESIAN_POINT('',(-0.15839325,-0.030075,0.0015875));
#16746=CARTESIAN_POINT('',(-0.15839325,-0.037075,0.0015875));
#16747=CARTESIAN_POINT('',(-0.15839325,-0.037075,0.003175));
#16748=CARTESIAN_POINT('',(-0.15839325,-0.037075,0.003175));
#16749=CARTESIAN_POINT('',(-0.15839325,-0.030075,0.003175));
#16750=CARTESIAN_POINT('',(-0.15889325,-0.037075,0.003175));
#16751=CARTESIAN_POINT('',(-0.15889325,-0.037075,0.0015875));
#16752=CARTESIAN_POINT('',(-0.15889325,-0.037575,0.0015875));
#16753=CARTESIAN_POINT('',(-0.15889325,-0.037575,0.003175));
#16754=CARTESIAN_POINT('',(-0.15889325,-0.037575,0.003175));
#16755=CARTESIAN_POINT('',(-0.15889325,-0.037075,0.003175));
#16756=CARTESIAN_POINT('',(-0.0969875,0.0588875,0.003175));
#16757=CARTESIAN_POINT('',(-0.0969875,0.0588875,0.0015875));
#16758=CARTESIAN_POINT('',(-0.0969875,0.0593875,0.0015875));
#16759=CARTESIAN_POINT('',(-0.0974875,0.0588875,0.0015875));
#16760=CARTESIAN_POINT('',(-0.0969875,0.0593875,0.003175));
#16761=CARTESIAN_POINT('',(-0.0969875,0.0593875,0.003175));
#16762=CARTESIAN_POINT('',(-0.0969875,0.0588875,0.003175));
#16763=CARTESIAN_POINT('',(-0.0974875,0.0588875,0.003175));
#16764=CARTESIAN_POINT('',(-0.0974875,0.0588875,0.003175));
#16765=CARTESIAN_POINT('',(-0.0904875,0.0593875,0.003175));
#16766=CARTESIAN_POINT('',(-0.0904875,0.0593875,0.0015875));
#16767=CARTESIAN_POINT('',(-0.0839875,0.0593875,0.0015875));
#16768=CARTESIAN_POINT('',(-0.0839875,0.0593875,0.003175));
#16769=CARTESIAN_POINT('',(-0.0839875,0.0593875,0.003175));
#16770=CARTESIAN_POINT('',(-0.0904875,0.0593875,0.003175));
#16771=CARTESIAN_POINT('',(-0.0839875,0.0588875,0.003175));
#16772=CARTESIAN_POINT('',(-0.0839875,0.0588875,0.0015875));
#16773=CARTESIAN_POINT('',(-0.0834875,0.0588875,0.0015875));
#16774=CARTESIAN_POINT('',(-0.0834875,0.0588875,0.003175));
#16775=CARTESIAN_POINT('',(-0.0834875,0.0588875,0.003175));
#16776=CARTESIAN_POINT('',(-0.0839875,0.0588875,0.003175));
#16777=CARTESIAN_POINT('',(-0.0834875,0.0523875,0.003175));
#16778=CARTESIAN_POINT('',(-0.0834875,0.0523875,0.0015875));
#16779=CARTESIAN_POINT('',(-0.0834875,0.0458875,0.0015875));
#16780=CARTESIAN_POINT('',(-0.0834875,0.0458875,0.003175));
#16781=CARTESIAN_POINT('',(-0.0834875,0.0458875,0.003175));
#16782=CARTESIAN_POINT('',(-0.0834875,0.0523875,0.003175));
#16783=CARTESIAN_POINT('',(-0.0839875,0.0458875,0.003175));
#16784=CARTESIAN_POINT('',(-0.0839875,0.0458875,0.0015875));
#16785=CARTESIAN_POINT('',(-0.0839875,0.0453875,0.0015875));
#16786=CARTESIAN_POINT('',(-0.0839875,0.0453875,0.003175));
#16787=CARTESIAN_POINT('',(-0.0839875,0.0453875,0.003175));
#16788=CARTESIAN_POINT('',(-0.0839875,0.0458875,0.003175));
#16789=CARTESIAN_POINT('',(-0.0904875,0.0453875,0.003175));
#16790=CARTESIAN_POINT('',(-0.0904875,0.0453875,0.0015875));
#16791=CARTESIAN_POINT('',(-0.0969875,0.0453875,0.0015875));
#16792=CARTESIAN_POINT('',(-0.0969875,0.0453875,0.003175));
#16793=CARTESIAN_POINT('',(-0.0969875,0.0453875,0.003175));
#16794=CARTESIAN_POINT('',(-0.0904875,0.0453875,0.003175));
#16795=CARTESIAN_POINT('',(-0.0969875,0.0458875,0.003175));
#16796=CARTESIAN_POINT('',(-0.0969875,0.0458875,0.0015875));
#16797=CARTESIAN_POINT('',(-0.0974875,0.0458875,0.0015875));
#16798=CARTESIAN_POINT('',(-0.0974875,0.0458875,0.003175));
#16799=CARTESIAN_POINT('',(-0.0974875,0.0458875,0.003175));
#16800=CARTESIAN_POINT('',(-0.0969875,0.0458875,0.003175));
#16801=CARTESIAN_POINT('',(-0.0684125,0.0588875,0.003175));
#16802=CARTESIAN_POINT('',(-0.0684125,0.0588875,0.0015875));
#16803=CARTESIAN_POINT('',(-0.0684125,0.0593875,0.0015875));
#16804=CARTESIAN_POINT('',(-0.0689125,0.0588875,0.0015875));
#16805=CARTESIAN_POINT('',(-0.0684125,0.0593875,0.003175));
#16806=CARTESIAN_POINT('',(-0.0684125,0.0593875,0.003175));
#16807=CARTESIAN_POINT('',(-0.0684125,0.0588875,0.003175));
#16808=CARTESIAN_POINT('',(-0.0689125,0.0588875,0.003175));
#16809=CARTESIAN_POINT('',(-0.0689125,0.0588875,0.003175));
#16810=CARTESIAN_POINT('',(-0.0619125,0.0593875,0.003175));
#16811=CARTESIAN_POINT('',(-0.0619125,0.0593875,0.0015875));
#16812=CARTESIAN_POINT('',(-0.0554125,0.0593875,0.0015875));
#16813=CARTESIAN_POINT('',(-0.0554125,0.0593875,0.003175));
#16814=CARTESIAN_POINT('',(-0.0554125,0.0593875,0.003175));
#16815=CARTESIAN_POINT('',(-0.0619125,0.0593875,0.003175));
#16816=CARTESIAN_POINT('',(-0.0554125,0.0588875,0.003175));
#16817=CARTESIAN_POINT('',(-0.0554125,0.0588875,0.0015875));
#16818=CARTESIAN_POINT('',(-0.0549125,0.0588875,0.0015875));
#16819=CARTESIAN_POINT('',(-0.0549125,0.0588875,0.003175));
#16820=CARTESIAN_POINT('',(-0.0549125,0.0588875,0.003175));
#16821=CARTESIAN_POINT('',(-0.0554125,0.0588875,0.003175));
#16822=CARTESIAN_POINT('',(-0.0549125,0.0523875,0.003175));
#16823=CARTESIAN_POINT('',(-0.0549125,0.0523875,0.0015875));
#16824=CARTESIAN_POINT('',(-0.0549125,0.0458875,0.0015875));
#16825=CARTESIAN_POINT('',(-0.0549125,0.0458875,0.003175));
#16826=CARTESIAN_POINT('',(-0.0549125,0.0458875,0.003175));
#16827=CARTESIAN_POINT('',(-0.0549125,0.0523875,0.003175));
#16828=CARTESIAN_POINT('',(-0.0554125,0.0458875,0.003175));
#16829=CARTESIAN_POINT('',(-0.0554125,0.0458875,0.0015875));
#16830=CARTESIAN_POINT('',(-0.0554125,0.0453875,0.0015875));
#16831=CARTESIAN_POINT('',(-0.0554125,0.0453875,0.003175));
#16832=CARTESIAN_POINT('',(-0.0554125,0.0453875,0.003175));
#16833=CARTESIAN_POINT('',(-0.0554125,0.0458875,0.003175));
#16834=CARTESIAN_POINT('',(-0.0619125,0.0453875,0.003175));
#16835=CARTESIAN_POINT('',(-0.0619125,0.0453875,0.0015875));
#16836=CARTESIAN_POINT('',(-0.0684125,0.0453875,0.0015875));
#16837=CARTESIAN_POINT('',(-0.0684125,0.0453875,0.003175));
#16838=CARTESIAN_POINT('',(-0.0684125,0.0453875,0.003175));
#16839=CARTESIAN_POINT('',(-0.0619125,0.0453875,0.003175));
#16840=CARTESIAN_POINT('',(-0.0684125,0.0458875,0.003175));
#16841=CARTESIAN_POINT('',(-0.0684125,0.0458875,0.0015875));
#16842=CARTESIAN_POINT('',(-0.0689125,0.0458875,0.0015875));
#16843=CARTESIAN_POINT('',(-0.0689125,0.0458875,0.003175));
#16844=CARTESIAN_POINT('',(-0.0689125,0.0458875,0.003175));
#16845=CARTESIAN_POINT('',(-0.0684125,0.0458875,0.003175));
#16846=CARTESIAN_POINT('',(-0.01129375,-0.056125,0.003175));
#16847=CARTESIAN_POINT('',(-0.01129375,-0.056125,0.0015875));
#16848=CARTESIAN_POINT('',(-0.01129375,-0.056625,0.0015875));
#16849=CARTESIAN_POINT('',(-0.01079375,-0.056125,0.0015875));
#16850=CARTESIAN_POINT('',(-0.01129375,-0.056625,0.003175));
#16851=CARTESIAN_POINT('',(-0.01129375,-0.056625,0.003175));
#16852=CARTESIAN_POINT('',(-0.01129375,-0.056125,0.003175));
#16853=CARTESIAN_POINT('',(-0.01079375,-0.056125,0.003175));
#16854=CARTESIAN_POINT('',(-0.01079375,-0.056125,0.003175));
#16855=CARTESIAN_POINT('',(-0.01429375,-0.056625,0.003175));
#16856=CARTESIAN_POINT('',(-0.01429375,-0.056625,0.0015875));
#16857=CARTESIAN_POINT('',(-0.01729375,-0.056625,0.0015875));
#16858=CARTESIAN_POINT('',(-0.01729375,-0.056625,0.003175));
#16859=CARTESIAN_POINT('',(-0.01729375,-0.056625,0.003175));
#16860=CARTESIAN_POINT('',(-0.01429375,-0.056625,0.003175));
#16861=CARTESIAN_POINT('',(-0.01729375,-0.056125,0.003175));
#16862=CARTESIAN_POINT('',(-0.01729375,-0.056125,0.0015875));
#16863=CARTESIAN_POINT('',(-0.01779375,-0.056125,0.0015875));
#16864=CARTESIAN_POINT('',(-0.01779375,-0.056125,0.003175));
#16865=CARTESIAN_POINT('',(-0.01779375,-0.056125,0.003175));
#16866=CARTESIAN_POINT('',(-0.01729375,-0.056125,0.003175));
#16867=CARTESIAN_POINT('',(-0.01779375,-0.049125,0.003175));
#16868=CARTESIAN_POINT('',(-0.01779375,-0.049125,0.0015875));
#16869=CARTESIAN_POINT('',(-0.01779375,-0.042125,0.0015875));
#16870=CARTESIAN_POINT('',(-0.01779375,-0.042125,0.003175));
#16871=CARTESIAN_POINT('',(-0.01779375,-0.042125,0.003175));
#16872=CARTESIAN_POINT('',(-0.01779375,-0.049125,0.003175));
#16873=CARTESIAN_POINT('',(-0.01729375,-0.042125,0.003175));
#16874=CARTESIAN_POINT('',(-0.01729375,-0.042125,0.0015875));
#16875=CARTESIAN_POINT('',(-0.01729375,-0.041625,0.0015875));
#16876=CARTESIAN_POINT('',(-0.01729375,-0.041625,0.003175));
#16877=CARTESIAN_POINT('',(-0.01729375,-0.041625,0.003175));
#16878=CARTESIAN_POINT('',(-0.01729375,-0.042125,0.003175));
#16879=CARTESIAN_POINT('',(-0.01429375,-0.041625,0.003175));
#16880=CARTESIAN_POINT('',(-0.01429375,-0.041625,0.0015875));
#16881=CARTESIAN_POINT('',(-0.01129375,-0.041625,0.0015875));
#16882=CARTESIAN_POINT('',(-0.01129375,-0.041625,0.003175));
#16883=CARTESIAN_POINT('',(-0.01129375,-0.041625,0.003175));
#16884=CARTESIAN_POINT('',(-0.01429375,-0.041625,0.003175));
#16885=CARTESIAN_POINT('',(-0.01129375,-0.042125,0.003175));
#16886=CARTESIAN_POINT('',(-0.01129375,-0.042125,0.0015875));
#16887=CARTESIAN_POINT('',(-0.01079375,-0.042125,0.0015875));
#16888=CARTESIAN_POINT('',(-0.01079375,-0.042125,0.003175));
#16889=CARTESIAN_POINT('',(-0.01079375,-0.042125,0.003175));
#16890=CARTESIAN_POINT('',(-0.01129375,-0.042125,0.003175));
#16891=CARTESIAN_POINT('',(-0.1446125,0.016025,0.003175));
#16892=CARTESIAN_POINT('',(-0.1446125,0.016025,0.0015875));
#16893=CARTESIAN_POINT('',(-0.1446125,0.016525,0.0015875));
#16894=CARTESIAN_POINT('',(-0.1451125,0.016025,0.0015875));
#16895=CARTESIAN_POINT('',(-0.1446125,0.016525,0.003175));
#16896=CARTESIAN_POINT('',(-0.1446125,0.016525,0.003175));
#16897=CARTESIAN_POINT('',(-0.1446125,0.016025,0.003175));
#16898=CARTESIAN_POINT('',(-0.1451125,0.016025,0.003175));
#16899=CARTESIAN_POINT('',(-0.1451125,0.016025,0.003175));
#16900=CARTESIAN_POINT('',(-0.1381125,0.016525,0.003175));
#16901=CARTESIAN_POINT('',(-0.1381125,0.016525,0.0015875));
#16902=CARTESIAN_POINT('',(-0.1316125,0.016525,0.0015875));
#16903=CARTESIAN_POINT('',(-0.1316125,0.016525,0.003175));
#16904=CARTESIAN_POINT('',(-0.1316125,0.016525,0.003175));
#16905=CARTESIAN_POINT('',(-0.1381125,0.016525,0.003175));
#16906=CARTESIAN_POINT('',(-0.1316125,0.016025,0.003175));
#16907=CARTESIAN_POINT('',(-0.1316125,0.016025,0.0015875));
#16908=CARTESIAN_POINT('',(-0.1311125,0.016025,0.0015875));
#16909=CARTESIAN_POINT('',(-0.1311125,0.016025,0.003175));
#16910=CARTESIAN_POINT('',(-0.1311125,0.016025,0.003175));
#16911=CARTESIAN_POINT('',(-0.1316125,0.016025,0.003175));
#16912=CARTESIAN_POINT('',(-0.1311125,0.009525,0.003175));
#16913=CARTESIAN_POINT('',(-0.1311125,0.009525,0.0015875));
#16914=CARTESIAN_POINT('',(-0.1311125,0.003025,0.0015875));
#16915=CARTESIAN_POINT('',(-0.1311125,0.003025,0.003175));
#16916=CARTESIAN_POINT('',(-0.1311125,0.003025,0.003175));
#16917=CARTESIAN_POINT('',(-0.1311125,0.009525,0.003175));
#16918=CARTESIAN_POINT('',(-0.1316125,0.003025,0.003175));
#16919=CARTESIAN_POINT('',(-0.1316125,0.003025,0.0015875));
#16920=CARTESIAN_POINT('',(-0.1316125,0.002525,0.0015875));
#16921=CARTESIAN_POINT('',(-0.1316125,0.002525,0.003175));
#16922=CARTESIAN_POINT('',(-0.1316125,0.002525,0.003175));
#16923=CARTESIAN_POINT('',(-0.1316125,0.003025,0.003175));
#16924=CARTESIAN_POINT('',(-0.1381125,0.002525,0.003175));
#16925=CARTESIAN_POINT('',(-0.1381125,0.002525,0.0015875));
#16926=CARTESIAN_POINT('',(-0.1446125,0.002525,0.0015875));
#16927=CARTESIAN_POINT('',(-0.1446125,0.002525,0.003175));
#16928=CARTESIAN_POINT('',(-0.1446125,0.002525,0.003175));
#16929=CARTESIAN_POINT('',(-0.1381125,0.002525,0.003175));
#16930=CARTESIAN_POINT('',(-0.1446125,0.003025,0.003175));
#16931=CARTESIAN_POINT('',(-0.1446125,0.003025,0.0015875));
#16932=CARTESIAN_POINT('',(-0.1451125,0.003025,0.0015875));
#16933=CARTESIAN_POINT('',(-0.1451125,0.003025,0.003175));
#16934=CARTESIAN_POINT('',(-0.1451125,0.003025,0.003175));
#16935=CARTESIAN_POINT('',(-0.1446125,0.003025,0.003175));
#16936=CARTESIAN_POINT('',(-0.1255625,0.016025,0.003175));
#16937=CARTESIAN_POINT('',(-0.1255625,0.016025,0.0015875));
#16938=CARTESIAN_POINT('',(-0.1255625,0.016525,0.0015875));
#16939=CARTESIAN_POINT('',(-0.1260625,0.016025,0.0015875));
#16940=CARTESIAN_POINT('',(-0.1255625,0.016525,0.003175));
#16941=CARTESIAN_POINT('',(-0.1255625,0.016525,0.003175));
#16942=CARTESIAN_POINT('',(-0.1255625,0.016025,0.003175));
#16943=CARTESIAN_POINT('',(-0.1260625,0.016025,0.003175));
#16944=CARTESIAN_POINT('',(-0.1260625,0.016025,0.003175));
#16945=CARTESIAN_POINT('',(-0.1190625,0.016525,0.003175));
#16946=CARTESIAN_POINT('',(-0.1190625,0.016525,0.0015875));
#16947=CARTESIAN_POINT('',(-0.1125625,0.016525,0.0015875));
#16948=CARTESIAN_POINT('',(-0.1125625,0.016525,0.003175));
#16949=CARTESIAN_POINT('',(-0.1125625,0.016525,0.003175));
#16950=CARTESIAN_POINT('',(-0.1190625,0.016525,0.003175));
#16951=CARTESIAN_POINT('',(-0.1125625,0.016025,0.003175));
#16952=CARTESIAN_POINT('',(-0.1125625,0.016025,0.0015875));
#16953=CARTESIAN_POINT('',(-0.1120625,0.016025,0.0015875));
#16954=CARTESIAN_POINT('',(-0.1120625,0.016025,0.003175));
#16955=CARTESIAN_POINT('',(-0.1120625,0.016025,0.003175));
#16956=CARTESIAN_POINT('',(-0.1125625,0.016025,0.003175));
#16957=CARTESIAN_POINT('',(-0.1120625,0.009525,0.003175));
#16958=CARTESIAN_POINT('',(-0.1120625,0.009525,0.0015875));
#16959=CARTESIAN_POINT('',(-0.1120625,0.003025,0.0015875));
#16960=CARTESIAN_POINT('',(-0.1120625,0.003025,0.003175));
#16961=CARTESIAN_POINT('',(-0.1120625,0.003025,0.003175));
#16962=CARTESIAN_POINT('',(-0.1120625,0.009525,0.003175));
#16963=CARTESIAN_POINT('',(-0.1125625,0.00302499999999996,0.003175));
#16964=CARTESIAN_POINT('',(-0.1125625,0.00302499999999996,0.0015875));
#16965=CARTESIAN_POINT('',(-0.1125625,0.002525,0.0015875));
#16966=CARTESIAN_POINT('',(-0.1125625,0.002525,0.003175));
#16967=CARTESIAN_POINT('',(-0.1125625,0.002525,0.003175));
#16968=CARTESIAN_POINT('',(-0.1125625,0.00302499999999996,0.003175));
#16969=CARTESIAN_POINT('',(-0.1190625,0.002525,0.003175));
#16970=CARTESIAN_POINT('',(-0.1190625,0.002525,0.0015875));
#16971=CARTESIAN_POINT('',(-0.1255625,0.002525,0.0015875));
#16972=CARTESIAN_POINT('',(-0.1255625,0.002525,0.003175));
#16973=CARTESIAN_POINT('',(-0.1255625,0.002525,0.003175));
#16974=CARTESIAN_POINT('',(-0.1190625,0.002525,0.003175));
#16975=CARTESIAN_POINT('',(-0.1255625,0.003025,0.003175));
#16976=CARTESIAN_POINT('',(-0.1255625,0.003025,0.0015875));
#16977=CARTESIAN_POINT('',(-0.1260625,0.003025,0.0015875));
#16978=CARTESIAN_POINT('',(-0.1260625,0.003025,0.003175));
#16979=CARTESIAN_POINT('',(-0.1260625,0.003025,0.003175));
#16980=CARTESIAN_POINT('',(-0.1255625,0.003025,0.003175));
#16981=CARTESIAN_POINT('',(-0.18276925,-0.037075,0.003175));
#16982=CARTESIAN_POINT('',(-0.18276925,-0.037075,0.0015875));
#16983=CARTESIAN_POINT('',(-0.18276925,-0.037575,0.0015875));
#16984=CARTESIAN_POINT('',(-0.18226925,-0.037075,0.0015875));
#16985=CARTESIAN_POINT('',(-0.18276925,-0.037575,0.003175));
#16986=CARTESIAN_POINT('',(-0.18276925,-0.037575,0.003175));
#16987=CARTESIAN_POINT('',(-0.18276925,-0.037075,0.003175));
#16988=CARTESIAN_POINT('',(-0.18226925,-0.037075,0.003175));
#16989=CARTESIAN_POINT('',(-0.18226925,-0.037075,0.003175));
#16990=CARTESIAN_POINT('',(-0.18576925,-0.037575,0.003175));
#16991=CARTESIAN_POINT('',(-0.18576925,-0.037575,0.0015875));
#16992=CARTESIAN_POINT('',(-0.18876925,-0.037575,0.0015875));
#16993=CARTESIAN_POINT('',(-0.18876925,-0.037575,0.003175));
#16994=CARTESIAN_POINT('',(-0.18876925,-0.037575,0.003175));
#16995=CARTESIAN_POINT('',(-0.18576925,-0.037575,0.003175));
#16996=CARTESIAN_POINT('',(-0.18876925,-0.037075,0.003175));
#16997=CARTESIAN_POINT('',(-0.18876925,-0.037075,0.0015875));
#16998=CARTESIAN_POINT('',(-0.18926925,-0.037075,0.0015875));
#16999=CARTESIAN_POINT('',(-0.18926925,-0.037075,0.003175));
#17000=CARTESIAN_POINT('',(-0.18926925,-0.037075,0.003175));
#17001=CARTESIAN_POINT('',(-0.18876925,-0.037075,0.003175));
#17002=CARTESIAN_POINT('',(-0.18926925,-0.030075,0.003175));
#17003=CARTESIAN_POINT('',(-0.18926925,-0.030075,0.0015875));
#17004=CARTESIAN_POINT('',(-0.18926925,-0.023075,0.0015875));
#17005=CARTESIAN_POINT('',(-0.18926925,-0.023075,0.003175));
#17006=CARTESIAN_POINT('',(-0.18926925,-0.023075,0.003175));
#17007=CARTESIAN_POINT('',(-0.18926925,-0.030075,0.003175));
#17008=CARTESIAN_POINT('',(-0.18876925,-0.023075,0.003175));
#17009=CARTESIAN_POINT('',(-0.18876925,-0.023075,0.0015875));
#17010=CARTESIAN_POINT('',(-0.18876925,-0.022575,0.0015875));
#17011=CARTESIAN_POINT('',(-0.18876925,-0.022575,0.003175));
#17012=CARTESIAN_POINT('',(-0.18876925,-0.022575,0.003175));
#17013=CARTESIAN_POINT('',(-0.18876925,-0.023075,0.003175));
#17014=CARTESIAN_POINT('',(-0.18576925,-0.022575,0.003175));
#17015=CARTESIAN_POINT('',(-0.18576925,-0.022575,0.0015875));
#17016=CARTESIAN_POINT('',(-0.18276925,-0.022575,0.0015875));
#17017=CARTESIAN_POINT('',(-0.18276925,-0.022575,0.003175));
#17018=CARTESIAN_POINT('',(-0.18276925,-0.022575,0.003175));
#17019=CARTESIAN_POINT('',(-0.18576925,-0.022575,0.003175));
#17020=CARTESIAN_POINT('',(-0.18276925,-0.023075,0.003175));
#17021=CARTESIAN_POINT('',(-0.18276925,-0.023075,0.0015875));
#17022=CARTESIAN_POINT('',(-0.18226925,-0.023075,0.0015875));
#17023=CARTESIAN_POINT('',(-0.18226925,-0.023075,0.003175));
#17024=CARTESIAN_POINT('',(-0.18226925,-0.023075,0.003175));
#17025=CARTESIAN_POINT('',(-0.18276925,-0.023075,0.003175));
#17026=CARTESIAN_POINT('',(-0.149375,-0.022075,0.003175));
#17027=CARTESIAN_POINT('',(-0.149375,-0.022075,0.0015875));
#17028=CARTESIAN_POINT('',(-0.149375,-0.021575,0.0015875));
#17029=CARTESIAN_POINT('',(-0.149875,-0.022075,0.0015875));
#17030=CARTESIAN_POINT('',(-0.149375,-0.021575,0.003175));
#17031=CARTESIAN_POINT('',(-0.149375,-0.021575,0.003175));
#17032=CARTESIAN_POINT('',(-0.149375,-0.022075,0.003175));
#17033=CARTESIAN_POINT('',(-0.149875,-0.022075,0.003175));
#17034=CARTESIAN_POINT('',(-0.149875,-0.022075,0.003175));
#17035=CARTESIAN_POINT('',(-0.142875,-0.021575,0.003175));
#17036=CARTESIAN_POINT('',(-0.142875,-0.021575,0.0015875));
#17037=CARTESIAN_POINT('',(-0.136375,-0.021575,0.0015875));
#17038=CARTESIAN_POINT('',(-0.136375,-0.021575,0.003175));
#17039=CARTESIAN_POINT('',(-0.136375,-0.021575,0.003175));
#17040=CARTESIAN_POINT('',(-0.142875,-0.021575,0.003175));
#17041=CARTESIAN_POINT('',(-0.136375,-0.022075,0.003175));
#17042=CARTESIAN_POINT('',(-0.136375,-0.022075,0.0015875));
#17043=CARTESIAN_POINT('',(-0.135875,-0.022075,0.0015875));
#17044=CARTESIAN_POINT('',(-0.135875,-0.022075,0.003175));
#17045=CARTESIAN_POINT('',(-0.135875,-0.022075,0.003175));
#17046=CARTESIAN_POINT('',(-0.136375,-0.022075,0.003175));
#17047=CARTESIAN_POINT('',(-0.135875,-0.028575,0.003175));
#17048=CARTESIAN_POINT('',(-0.135875,-0.028575,0.0015875));
#17049=CARTESIAN_POINT('',(-0.135875,-0.035075,0.0015875));
#17050=CARTESIAN_POINT('',(-0.135875,-0.035075,0.003175));
#17051=CARTESIAN_POINT('',(-0.135875,-0.035075,0.003175));
#17052=CARTESIAN_POINT('',(-0.135875,-0.028575,0.003175));
#17053=CARTESIAN_POINT('',(-0.136375,-0.035075,0.003175));
#17054=CARTESIAN_POINT('',(-0.136375,-0.035075,0.0015875));
#17055=CARTESIAN_POINT('',(-0.136375,-0.035575,0.0015875));
#17056=CARTESIAN_POINT('',(-0.136375,-0.035575,0.003175));
#17057=CARTESIAN_POINT('',(-0.136375,-0.035575,0.003175));
#17058=CARTESIAN_POINT('',(-0.136375,-0.035075,0.003175));
#17059=CARTESIAN_POINT('',(-0.142875,-0.035575,0.003175));
#17060=CARTESIAN_POINT('',(-0.142875,-0.035575,0.0015875));
#17061=CARTESIAN_POINT('',(-0.149375,-0.035575,0.0015875));
#17062=CARTESIAN_POINT('',(-0.149375,-0.035575,0.003175));
#17063=CARTESIAN_POINT('',(-0.149375,-0.035575,0.003175));
#17064=CARTESIAN_POINT('',(-0.142875,-0.035575,0.003175));
#17065=CARTESIAN_POINT('',(-0.149375,-0.035075,0.003175));
#17066=CARTESIAN_POINT('',(-0.149375,-0.035075,0.0015875));
#17067=CARTESIAN_POINT('',(-0.149875,-0.035075,0.0015875));
#17068=CARTESIAN_POINT('',(-0.149875,-0.035075,0.003175));
#17069=CARTESIAN_POINT('',(-0.149875,-0.035075,0.003175));
#17070=CARTESIAN_POINT('',(-0.149375,-0.035075,0.003175));
#17071=CARTESIAN_POINT('',(-0.1459,-0.003025,0.003175));
#17072=CARTESIAN_POINT('',(-0.1459,-0.003025,0.0015875));
#17073=CARTESIAN_POINT('',(-0.1454,-0.003025,0.0015875));
#17074=CARTESIAN_POINT('',(-0.1459,-0.002525,0.0015875));
#17075=CARTESIAN_POINT('',(-0.1454,-0.003025,0.003175));
#17076=CARTESIAN_POINT('',(-0.1454,-0.003025,0.003175));
#17077=CARTESIAN_POINT('',(-0.1459,-0.003025,0.003175));
#17078=CARTESIAN_POINT('',(-0.1459,-0.002525,0.003175));
#17079=CARTESIAN_POINT('',(-0.1459,-0.002525,0.003175));
#17080=CARTESIAN_POINT('',(-0.1454,-0.009525,0.003175));
#17081=CARTESIAN_POINT('',(-0.1454,-0.009525,0.0015875));
#17082=CARTESIAN_POINT('',(-0.1454,-0.016025,0.0015875));
#17083=CARTESIAN_POINT('',(-0.1454,-0.016025,0.003175));
#17084=CARTESIAN_POINT('',(-0.1454,-0.016025,0.003175));
#17085=CARTESIAN_POINT('',(-0.1454,-0.009525,0.003175));
#17086=CARTESIAN_POINT('',(-0.1459,-0.016025,0.003175));
#17087=CARTESIAN_POINT('',(-0.1459,-0.016025,0.0015875));
#17088=CARTESIAN_POINT('',(-0.1459,-0.016525,0.0015875));
#17089=CARTESIAN_POINT('',(-0.1459,-0.016525,0.003175));
#17090=CARTESIAN_POINT('',(-0.1459,-0.016525,0.003175));
#17091=CARTESIAN_POINT('',(-0.1459,-0.016025,0.003175));
#17092=CARTESIAN_POINT('',(-0.1524,-0.016525,0.003175));
#17093=CARTESIAN_POINT('',(-0.1524,-0.016525,0.0015875));
#17094=CARTESIAN_POINT('',(-0.1589,-0.016525,0.0015875));
#17095=CARTESIAN_POINT('',(-0.1589,-0.016525,0.003175));
#17096=CARTESIAN_POINT('',(-0.1589,-0.016525,0.003175));
#17097=CARTESIAN_POINT('',(-0.1524,-0.016525,0.003175));
#17098=CARTESIAN_POINT('',(-0.1589,-0.016025,0.003175));
#17099=CARTESIAN_POINT('',(-0.1589,-0.016025,0.0015875));
#17100=CARTESIAN_POINT('',(-0.1594,-0.016025,0.0015875));
#17101=CARTESIAN_POINT('',(-0.1594,-0.016025,0.003175));
#17102=CARTESIAN_POINT('',(-0.1594,-0.016025,0.003175));
#17103=CARTESIAN_POINT('',(-0.1589,-0.016025,0.003175));
#17104=CARTESIAN_POINT('',(-0.1594,-0.009525,0.003175));
#17105=CARTESIAN_POINT('',(-0.1594,-0.009525,0.0015875));
#17106=CARTESIAN_POINT('',(-0.1594,-0.003025,0.0015875));
#17107=CARTESIAN_POINT('',(-0.1594,-0.003025,0.003175));
#17108=CARTESIAN_POINT('',(-0.1594,-0.003025,0.003175));
#17109=CARTESIAN_POINT('',(-0.1594,-0.009525,0.003175));
#17110=CARTESIAN_POINT('',(-0.1589,-0.003025,0.003175));
#17111=CARTESIAN_POINT('',(-0.1589,-0.003025,0.0015875));
#17112=CARTESIAN_POINT('',(-0.1589,-0.002525,0.0015875));
#17113=CARTESIAN_POINT('',(-0.1589,-0.002525,0.003175));
#17114=CARTESIAN_POINT('',(-0.1589,-0.002525,0.003175));
#17115=CARTESIAN_POINT('',(-0.1589,-0.003025,0.003175));
#17116=CARTESIAN_POINT('',(-0.10225,-0.009525,0.003175));
#17117=CARTESIAN_POINT('',(-0.10225,-0.009525,0.0015875));
#17118=CARTESIAN_POINT('',(-0.10225,-0.003025,0.0015875));
#17119=CARTESIAN_POINT('',(-0.10225,-0.016025,0.0015875));
#17120=CARTESIAN_POINT('',(-0.10225,-0.003025,0.003175));
#17121=CARTESIAN_POINT('',(-0.10225,-0.003025,0.003175));
#17122=CARTESIAN_POINT('',(-0.10225,-0.009525,0.003175));
#17123=CARTESIAN_POINT('',(-0.10225,-0.016025,0.003175));
#17124=CARTESIAN_POINT('',(-0.10225,-0.016025,0.003175));
#17125=CARTESIAN_POINT('',(-0.10175,-0.003025,0.003175));
#17126=CARTESIAN_POINT('',(-0.10175,-0.003025,0.0015875));
#17127=CARTESIAN_POINT('',(-0.10175,-0.002525,0.0015875));
#17128=CARTESIAN_POINT('',(-0.10175,-0.002525,0.003175));
#17129=CARTESIAN_POINT('',(-0.10175,-0.002525,0.003175));
#17130=CARTESIAN_POINT('',(-0.10175,-0.003025,0.003175));
#17131=CARTESIAN_POINT('',(-0.09525,-0.002525,0.003175));
#17132=CARTESIAN_POINT('',(-0.09525,-0.002525,0.0015875));
#17133=CARTESIAN_POINT('',(-0.08875,-0.002525,0.0015875));
#17134=CARTESIAN_POINT('',(-0.08875,-0.002525,0.003175));
#17135=CARTESIAN_POINT('',(-0.08875,-0.002525,0.003175));
#17136=CARTESIAN_POINT('',(-0.09525,-0.002525,0.003175));
#17137=CARTESIAN_POINT('',(-0.08875,-0.003025,0.003175));
#17138=CARTESIAN_POINT('',(-0.08875,-0.003025,0.0015875));
#17139=CARTESIAN_POINT('',(-0.08825,-0.003025,0.0015875));
#17140=CARTESIAN_POINT('',(-0.08825,-0.003025,0.003175));
#17141=CARTESIAN_POINT('',(-0.08825,-0.003025,0.003175));
#17142=CARTESIAN_POINT('',(-0.08875,-0.003025,0.003175));
#17143=CARTESIAN_POINT('',(-0.08825,-0.009525,0.003175));
#17144=CARTESIAN_POINT('',(-0.08825,-0.009525,0.0015875));
#17145=CARTESIAN_POINT('',(-0.08825,-0.016025,0.0015875));
#17146=CARTESIAN_POINT('',(-0.08825,-0.016025,0.003175));
#17147=CARTESIAN_POINT('',(-0.08825,-0.016025,0.003175));
#17148=CARTESIAN_POINT('',(-0.08825,-0.009525,0.003175));
#17149=CARTESIAN_POINT('',(-0.08875,-0.016025,0.003175));
#17150=CARTESIAN_POINT('',(-0.08875,-0.016025,0.0015875));
#17151=CARTESIAN_POINT('',(-0.08875,-0.016525,0.0015875));
#17152=CARTESIAN_POINT('',(-0.08875,-0.016525,0.003175));
#17153=CARTESIAN_POINT('',(-0.08875,-0.016525,0.003175));
#17154=CARTESIAN_POINT('',(-0.08875,-0.016025,0.003175));
#17155=CARTESIAN_POINT('',(-0.09525,-0.016525,0.003175));
#17156=CARTESIAN_POINT('',(-0.09525,-0.016525,0.0015875));
#17157=CARTESIAN_POINT('',(-0.10175,-0.016525,0.0015875));
#17158=CARTESIAN_POINT('',(-0.10175,-0.016525,0.003175));
#17159=CARTESIAN_POINT('',(-0.10175,-0.016525,0.003175));
#17160=CARTESIAN_POINT('',(-0.09525,-0.016525,0.003175));
#17161=CARTESIAN_POINT('',(-0.1792375,0.035075,0.003175));
#17162=CARTESIAN_POINT('',(-0.1792375,0.035075,0.0015875));
#17163=CARTESIAN_POINT('',(-0.1787375,0.035075,0.0015875));
#17164=CARTESIAN_POINT('',(-0.1792375,0.035575,0.0015875));
#17165=CARTESIAN_POINT('',(-0.1787375,0.035075,0.003175));
#17166=CARTESIAN_POINT('',(-0.1787375,0.035075,0.003175));
#17167=CARTESIAN_POINT('',(-0.1792375,0.035075,0.003175));
#17168=CARTESIAN_POINT('',(-0.1792375,0.035575,0.003175));
#17169=CARTESIAN_POINT('',(-0.1792375,0.035575,0.003175));
#17170=CARTESIAN_POINT('',(-0.1787375,0.028575,0.003175));
#17171=CARTESIAN_POINT('',(-0.1787375,0.028575,0.0015875));
#17172=CARTESIAN_POINT('',(-0.1787375,0.022075,0.0015875));
#17173=CARTESIAN_POINT('',(-0.1787375,0.022075,0.003175));
#17174=CARTESIAN_POINT('',(-0.1787375,0.022075,0.003175));
#17175=CARTESIAN_POINT('',(-0.1787375,0.028575,0.003175));
#17176=CARTESIAN_POINT('',(-0.1792375,0.022075,0.003175));
#17177=CARTESIAN_POINT('',(-0.1792375,0.022075,0.0015875));
#17178=CARTESIAN_POINT('',(-0.1792375,0.021575,0.0015875));
#17179=CARTESIAN_POINT('',(-0.1792375,0.021575,0.003175));
#17180=CARTESIAN_POINT('',(-0.1792375,0.021575,0.003175));
#17181=CARTESIAN_POINT('',(-0.1792375,0.022075,0.003175));
#17182=CARTESIAN_POINT('',(-0.1857375,0.021575,0.003175));
#17183=CARTESIAN_POINT('',(-0.1857375,0.021575,0.0015875));
#17184=CARTESIAN_POINT('',(-0.1922375,0.021575,0.0015875));
#17185=CARTESIAN_POINT('',(-0.1922375,0.021575,0.003175));
#17186=CARTESIAN_POINT('',(-0.1922375,0.021575,0.003175));
#17187=CARTESIAN_POINT('',(-0.1857375,0.021575,0.003175));
#17188=CARTESIAN_POINT('',(-0.1922375,0.022075,0.003175));
#17189=CARTESIAN_POINT('',(-0.1922375,0.022075,0.0015875));
#17190=CARTESIAN_POINT('',(-0.1927375,0.022075,0.0015875));
#17191=CARTESIAN_POINT('',(-0.1927375,0.022075,0.003175));
#17192=CARTESIAN_POINT('',(-0.1927375,0.022075,0.003175));
#17193=CARTESIAN_POINT('',(-0.1922375,0.022075,0.003175));
#17194=CARTESIAN_POINT('',(-0.1927375,0.028575,0.003175));
#17195=CARTESIAN_POINT('',(-0.1927375,0.028575,0.0015875));
#17196=CARTESIAN_POINT('',(-0.1927375,0.035075,0.0015875));
#17197=CARTESIAN_POINT('',(-0.1927375,0.035075,0.003175));
#17198=CARTESIAN_POINT('',(-0.1927375,0.035075,0.003175));
#17199=CARTESIAN_POINT('',(-0.1927375,0.028575,0.003175));
#17200=CARTESIAN_POINT('',(-0.1922375,0.035075,0.003175));
#17201=CARTESIAN_POINT('',(-0.1922375,0.035075,0.0015875));
#17202=CARTESIAN_POINT('',(-0.1922375,0.035575,0.0015875));
#17203=CARTESIAN_POINT('',(-0.1922375,0.035575,0.003175));
#17204=CARTESIAN_POINT('',(-0.1922375,0.035575,0.003175));
#17205=CARTESIAN_POINT('',(-0.1922375,0.035075,0.003175));
#17206=CARTESIAN_POINT('',(-0.15304375,-0.054125,0.003175));
#17207=CARTESIAN_POINT('',(-0.15304375,-0.054125,0.0015875));
#17208=CARTESIAN_POINT('',(-0.15304375,-0.054625,0.0015875));
#17209=CARTESIAN_POINT('',(-0.15254375,-0.054125,0.0015875));
#17210=CARTESIAN_POINT('',(-0.15304375,-0.054625,0.003175));
#17211=CARTESIAN_POINT('',(-0.15304375,-0.054625,0.003175));
#17212=CARTESIAN_POINT('',(-0.15304375,-0.054125,0.003175));
#17213=CARTESIAN_POINT('',(-0.15254375,-0.054125,0.003175));
#17214=CARTESIAN_POINT('',(-0.15254375,-0.054125,0.003175));
#17215=CARTESIAN_POINT('',(-0.15954375,-0.054625,0.003175));
#17216=CARTESIAN_POINT('',(-0.15954375,-0.054625,0.0015875));
#17217=CARTESIAN_POINT('',(-0.16604375,-0.054625,0.0015875));
#17218=CARTESIAN_POINT('',(-0.16604375,-0.054625,0.003175));
#17219=CARTESIAN_POINT('',(-0.16604375,-0.054625,0.003175));
#17220=CARTESIAN_POINT('',(-0.15954375,-0.054625,0.003175));
#17221=CARTESIAN_POINT('',(-0.16604375,-0.054125,0.003175));
#17222=CARTESIAN_POINT('',(-0.16604375,-0.054125,0.0015875));
#17223=CARTESIAN_POINT('',(-0.16654375,-0.054125,0.0015875));
#17224=CARTESIAN_POINT('',(-0.16654375,-0.054125,0.003175));
#17225=CARTESIAN_POINT('',(-0.16654375,-0.054125,0.003175));
#17226=CARTESIAN_POINT('',(-0.16604375,-0.054125,0.003175));
#17227=CARTESIAN_POINT('',(-0.16654375,-0.047625,0.003175));
#17228=CARTESIAN_POINT('',(-0.16654375,-0.047625,0.0015875));
#17229=CARTESIAN_POINT('',(-0.16654375,-0.041125,0.0015875));
#17230=CARTESIAN_POINT('',(-0.16654375,-0.041125,0.003175));
#17231=CARTESIAN_POINT('',(-0.16654375,-0.041125,0.003175));
#17232=CARTESIAN_POINT('',(-0.16654375,-0.047625,0.003175));
#17233=CARTESIAN_POINT('',(-0.16604375,-0.041125,0.003175));
#17234=CARTESIAN_POINT('',(-0.16604375,-0.041125,0.0015875));
#17235=CARTESIAN_POINT('',(-0.16604375,-0.040625,0.0015875));
#17236=CARTESIAN_POINT('',(-0.16604375,-0.040625,0.003175));
#17237=CARTESIAN_POINT('',(-0.16604375,-0.040625,0.003175));
#17238=CARTESIAN_POINT('',(-0.16604375,-0.041125,0.003175));
#17239=CARTESIAN_POINT('',(-0.15954375,-0.040625,0.003175));
#17240=CARTESIAN_POINT('',(-0.15954375,-0.040625,0.0015875));
#17241=CARTESIAN_POINT('',(-0.15304375,-0.040625,0.0015875));
#17242=CARTESIAN_POINT('',(-0.15304375,-0.040625,0.003175));
#17243=CARTESIAN_POINT('',(-0.15304375,-0.040625,0.003175));
#17244=CARTESIAN_POINT('',(-0.15954375,-0.040625,0.003175));
#17245=CARTESIAN_POINT('',(-0.15304375,-0.041125,0.003175));
#17246=CARTESIAN_POINT('',(-0.15304375,-0.041125,0.0015875));
#17247=CARTESIAN_POINT('',(-0.15254375,-0.041125,0.0015875));
#17248=CARTESIAN_POINT('',(-0.15254375,-0.041125,0.003175));
#17249=CARTESIAN_POINT('',(-0.15254375,-0.041125,0.003175));
#17250=CARTESIAN_POINT('',(-0.15304375,-0.041125,0.003175));
#17251=CARTESIAN_POINT('',(0.0065,-0.003025,0.003175));
#17252=CARTESIAN_POINT('',(0.0065,-0.003025,0.0015875));
#17253=CARTESIAN_POINT('',(0.007,-0.003025,0.0015875));
#17254=CARTESIAN_POINT('',(0.0065,-0.002525,0.0015875));
#17255=CARTESIAN_POINT('',(0.007,-0.003025,0.003175));
#17256=CARTESIAN_POINT('',(0.007,-0.003025,0.003175));
#17257=CARTESIAN_POINT('',(0.0065,-0.003025,0.003175));
#17258=CARTESIAN_POINT('',(0.0065,-0.002525,0.003175));
#17259=CARTESIAN_POINT('',(0.0065,-0.002525,0.003175));
#17260=CARTESIAN_POINT('',(0.007,-0.009525,0.003175));
#17261=CARTESIAN_POINT('',(0.007,-0.009525,0.0015875));
#17262=CARTESIAN_POINT('',(0.007,-0.016025,0.0015875));
#17263=CARTESIAN_POINT('',(0.007,-0.016025,0.003175));
#17264=CARTESIAN_POINT('',(0.007,-0.016025,0.003175));
#17265=CARTESIAN_POINT('',(0.007,-0.009525,0.003175));
#17266=CARTESIAN_POINT('',(0.0065,-0.016025,0.003175));
#17267=CARTESIAN_POINT('',(0.0065,-0.016025,0.0015875));
#17268=CARTESIAN_POINT('',(0.0065,-0.016525,0.0015875));
#17269=CARTESIAN_POINT('',(0.0065,-0.016525,0.003175));
#17270=CARTESIAN_POINT('',(0.0065,-0.016525,0.003175));
#17271=CARTESIAN_POINT('',(0.0065,-0.016025,0.003175));
#17272=CARTESIAN_POINT('',(0.,-0.016525,0.003175));
#17273=CARTESIAN_POINT('',(0.,-0.016525,0.0015875));
#17274=CARTESIAN_POINT('',(-0.0065,-0.016525,0.0015875));
#17275=CARTESIAN_POINT('',(-0.0065,-0.016525,0.003175));
#17276=CARTESIAN_POINT('',(-0.0065,-0.016525,0.003175));
#17277=CARTESIAN_POINT('',(0.,-0.016525,0.003175));
#17278=CARTESIAN_POINT('',(-0.0065,-0.016025,0.003175));
#17279=CARTESIAN_POINT('',(-0.0065,-0.016025,0.0015875));
#17280=CARTESIAN_POINT('',(-0.007,-0.016025,0.0015875));
#17281=CARTESIAN_POINT('',(-0.007,-0.016025,0.003175));
#17282=CARTESIAN_POINT('',(-0.007,-0.016025,0.003175));
#17283=CARTESIAN_POINT('',(-0.0065,-0.016025,0.003175));
#17284=CARTESIAN_POINT('',(-0.007,-0.009525,0.003175));
#17285=CARTESIAN_POINT('',(-0.007,-0.009525,0.0015875));
#17286=CARTESIAN_POINT('',(-0.007,-0.003025,0.0015875));
#17287=CARTESIAN_POINT('',(-0.007,-0.003025,0.003175));
#17288=CARTESIAN_POINT('',(-0.007,-0.003025,0.003175));
#17289=CARTESIAN_POINT('',(-0.007,-0.009525,0.003175));
#17290=CARTESIAN_POINT('',(-0.0065,-0.003025,0.003175));
#17291=CARTESIAN_POINT('',(-0.0065,-0.003025,0.0015875));
#17292=CARTESIAN_POINT('',(-0.0065,-0.002525,0.0015875));
#17293=CARTESIAN_POINT('',(-0.0065,-0.002525,0.003175));
#17294=CARTESIAN_POINT('',(-0.0065,-0.002525,0.003175));
#17295=CARTESIAN_POINT('',(-0.0065,-0.003025,0.003175));
#17296=CARTESIAN_POINT('',(-0.0303125,0.003025,0.003175));
#17297=CARTESIAN_POINT('',(-0.0303125,0.003025,0.0015875));
#17298=CARTESIAN_POINT('',(-0.0308125,0.003025,0.0015875));
#17299=CARTESIAN_POINT('',(-0.0303125,0.002525,0.0015875));
#17300=CARTESIAN_POINT('',(-0.0308125,0.003025,0.003175));
#17301=CARTESIAN_POINT('',(-0.0308125,0.003025,0.003175));
#17302=CARTESIAN_POINT('',(-0.0303125,0.003025,0.003175));
#17303=CARTESIAN_POINT('',(-0.0303125,0.002525,0.003175));
#17304=CARTESIAN_POINT('',(-0.0303125,0.002525,0.003175));
#17305=CARTESIAN_POINT('',(-0.0308125,0.009525,0.003175));
#17306=CARTESIAN_POINT('',(-0.0308125,0.009525,0.0015875));
#17307=CARTESIAN_POINT('',(-0.0308125,0.016025,0.0015875));
#17308=CARTESIAN_POINT('',(-0.0308125,0.016025,0.003175));
#17309=CARTESIAN_POINT('',(-0.0308125,0.016025,0.003175));
#17310=CARTESIAN_POINT('',(-0.0308125,0.009525,0.003175));
#17311=CARTESIAN_POINT('',(-0.0303125,0.016025,0.003175));
#17312=CARTESIAN_POINT('',(-0.0303125,0.016025,0.0015875));
#17313=CARTESIAN_POINT('',(-0.0303125,0.016525,0.0015875));
#17314=CARTESIAN_POINT('',(-0.0303125,0.016525,0.003175));
#17315=CARTESIAN_POINT('',(-0.0303125,0.016525,0.003175));
#17316=CARTESIAN_POINT('',(-0.0303125,0.016025,0.003175));
#17317=CARTESIAN_POINT('',(-0.0238125,0.016525,0.003175));
#17318=CARTESIAN_POINT('',(-0.0238125,0.016525,0.0015875));
#17319=CARTESIAN_POINT('',(-0.0173125,0.016525,0.0015875));
#17320=CARTESIAN_POINT('',(-0.0173125,0.016525,0.003175));
#17321=CARTESIAN_POINT('',(-0.0173125,0.016525,0.003175));
#17322=CARTESIAN_POINT('',(-0.0238125,0.016525,0.003175));
#17323=CARTESIAN_POINT('',(-0.0173125,0.016025,0.003175));
#17324=CARTESIAN_POINT('',(-0.0173125,0.016025,0.0015875));
#17325=CARTESIAN_POINT('',(-0.0168125,0.016025,0.0015875));
#17326=CARTESIAN_POINT('',(-0.0168125,0.016025,0.003175));
#17327=CARTESIAN_POINT('',(-0.0168125,0.016025,0.003175));
#17328=CARTESIAN_POINT('',(-0.0173125,0.016025,0.003175));
#17329=CARTESIAN_POINT('',(-0.0168125,0.009525,0.003175));
#17330=CARTESIAN_POINT('',(-0.0168125,0.009525,0.0015875));
#17331=CARTESIAN_POINT('',(-0.0168125,0.003025,0.0015875));
#17332=CARTESIAN_POINT('',(-0.0168125,0.003025,0.003175));
#17333=CARTESIAN_POINT('',(-0.0168125,0.003025,0.003175));
#17334=CARTESIAN_POINT('',(-0.0168125,0.009525,0.003175));
#17335=CARTESIAN_POINT('',(-0.0173125,0.003025,0.003175));
#17336=CARTESIAN_POINT('',(-0.0173125,0.003025,0.0015875));
#17337=CARTESIAN_POINT('',(-0.0173125,0.002525,0.0015875));
#17338=CARTESIAN_POINT('',(-0.0173125,0.002525,0.003175));
#17339=CARTESIAN_POINT('',(-0.0173125,0.002525,0.003175));
#17340=CARTESIAN_POINT('',(-0.0173125,0.003025,0.003175));
#17341=CARTESIAN_POINT('',(-0.18985625,-0.041125,0.003175));
#17342=CARTESIAN_POINT('',(-0.18985625,-0.041125,0.0015875));
#17343=CARTESIAN_POINT('',(-0.18985625,-0.040625,0.0015875));
#17344=CARTESIAN_POINT('',(-0.19035625,-0.041125,0.0015875));
#17345=CARTESIAN_POINT('',(-0.18985625,-0.040625,0.003175));
#17346=CARTESIAN_POINT('',(-0.18985625,-0.040625,0.003175));
#17347=CARTESIAN_POINT('',(-0.18985625,-0.041125,0.003175));
#17348=CARTESIAN_POINT('',(-0.19035625,-0.041125,0.003175));
#17349=CARTESIAN_POINT('',(-0.19035625,-0.041125,0.003175));
#17350=CARTESIAN_POINT('',(-0.18335625,-0.040625,0.003175));
#17351=CARTESIAN_POINT('',(-0.18335625,-0.040625,0.0015875));
#17352=CARTESIAN_POINT('',(-0.17685625,-0.040625,0.0015875));
#17353=CARTESIAN_POINT('',(-0.17685625,-0.040625,0.003175));
#17354=CARTESIAN_POINT('',(-0.17685625,-0.040625,0.003175));
#17355=CARTESIAN_POINT('',(-0.18335625,-0.040625,0.003175));
#17356=CARTESIAN_POINT('',(-0.17685625,-0.041125,0.003175));
#17357=CARTESIAN_POINT('',(-0.17685625,-0.041125,0.0015875));
#17358=CARTESIAN_POINT('',(-0.17635625,-0.041125,0.0015875));
#17359=CARTESIAN_POINT('',(-0.17635625,-0.041125,0.003175));
#17360=CARTESIAN_POINT('',(-0.17635625,-0.041125,0.003175));
#17361=CARTESIAN_POINT('',(-0.17685625,-0.041125,0.003175));
#17362=CARTESIAN_POINT('',(-0.17635625,-0.047625,0.003175));
#17363=CARTESIAN_POINT('',(-0.17635625,-0.047625,0.0015875));
#17364=CARTESIAN_POINT('',(-0.17635625,-0.054125,0.0015875));
#17365=CARTESIAN_POINT('',(-0.17635625,-0.054125,0.003175));
#17366=CARTESIAN_POINT('',(-0.17635625,-0.054125,0.003175));
#17367=CARTESIAN_POINT('',(-0.17635625,-0.047625,0.003175));
#17368=CARTESIAN_POINT('',(-0.17685625,-0.054125,0.003175));
#17369=CARTESIAN_POINT('',(-0.17685625,-0.054125,0.0015875));
#17370=CARTESIAN_POINT('',(-0.17685625,-0.054625,0.0015875));
#17371=CARTESIAN_POINT('',(-0.17685625,-0.054625,0.003175));
#17372=CARTESIAN_POINT('',(-0.17685625,-0.054625,0.003175));
#17373=CARTESIAN_POINT('',(-0.17685625,-0.054125,0.003175));
#17374=CARTESIAN_POINT('',(-0.18335625,-0.054625,0.003175));
#17375=CARTESIAN_POINT('',(-0.18335625,-0.054625,0.0015875));
#17376=CARTESIAN_POINT('',(-0.18985625,-0.054625,0.0015875));
#17377=CARTESIAN_POINT('',(-0.18985625,-0.054625,0.003175));
#17378=CARTESIAN_POINT('',(-0.18985625,-0.054625,0.003175));
#17379=CARTESIAN_POINT('',(-0.18335625,-0.054625,0.003175));
#17380=CARTESIAN_POINT('',(-0.18985625,-0.054125,0.003175));
#17381=CARTESIAN_POINT('',(-0.18985625,-0.054125,0.0015875));
#17382=CARTESIAN_POINT('',(-0.19035625,-0.054125,0.0015875));
#17383=CARTESIAN_POINT('',(-0.19035625,-0.054125,0.003175));
#17384=CARTESIAN_POINT('',(-0.19035625,-0.054125,0.003175));
#17385=CARTESIAN_POINT('',(-0.18985625,-0.054125,0.003175));
#17386=CARTESIAN_POINT('',(-0.14223125,-0.041125,0.003175));
#17387=CARTESIAN_POINT('',(-0.14223125,-0.041125,0.0015875));
#17388=CARTESIAN_POINT('',(-0.14223125,-0.040625,0.0015875));
#17389=CARTESIAN_POINT('',(-0.14273125,-0.041125,0.0015875));
#17390=CARTESIAN_POINT('',(-0.14223125,-0.040625,0.003175));
#17391=CARTESIAN_POINT('',(-0.14223125,-0.040625,0.003175));
#17392=CARTESIAN_POINT('',(-0.14223125,-0.041125,0.003175));
#17393=CARTESIAN_POINT('',(-0.14273125,-0.041125,0.003175));
#17394=CARTESIAN_POINT('',(-0.14273125,-0.041125,0.003175));
#17395=CARTESIAN_POINT('',(-0.13573125,-0.040625,0.003175));
#17396=CARTESIAN_POINT('',(-0.13573125,-0.040625,0.0015875));
#17397=CARTESIAN_POINT('',(-0.12923125,-0.040625,0.0015875));
#17398=CARTESIAN_POINT('',(-0.12923125,-0.040625,0.003175));
#17399=CARTESIAN_POINT('',(-0.12923125,-0.040625,0.003175));
#17400=CARTESIAN_POINT('',(-0.13573125,-0.040625,0.003175));
#17401=CARTESIAN_POINT('',(-0.12923125,-0.041125,0.003175));
#17402=CARTESIAN_POINT('',(-0.12923125,-0.041125,0.0015875));
#17403=CARTESIAN_POINT('',(-0.12873125,-0.041125,0.0015875));
#17404=CARTESIAN_POINT('',(-0.12873125,-0.041125,0.003175));
#17405=CARTESIAN_POINT('',(-0.12873125,-0.041125,0.003175));
#17406=CARTESIAN_POINT('',(-0.12923125,-0.041125,0.003175));
#17407=CARTESIAN_POINT('',(-0.12873125,-0.047625,0.003175));
#17408=CARTESIAN_POINT('',(-0.12873125,-0.047625,0.0015875));
#17409=CARTESIAN_POINT('',(-0.12873125,-0.054125,0.0015875));
#17410=CARTESIAN_POINT('',(-0.12873125,-0.054125,0.003175));
#17411=CARTESIAN_POINT('',(-0.12873125,-0.054125,0.003175));
#17412=CARTESIAN_POINT('',(-0.12873125,-0.047625,0.003175));
#17413=CARTESIAN_POINT('',(-0.12923125,-0.054125,0.003175));
#17414=CARTESIAN_POINT('',(-0.12923125,-0.054125,0.0015875));
#17415=CARTESIAN_POINT('',(-0.12923125,-0.054625,0.0015875));
#17416=CARTESIAN_POINT('',(-0.12923125,-0.054625,0.003175));
#17417=CARTESIAN_POINT('',(-0.12923125,-0.054625,0.003175));
#17418=CARTESIAN_POINT('',(-0.12923125,-0.054125,0.003175));
#17419=CARTESIAN_POINT('',(-0.13573125,-0.054625,0.003175));
#17420=CARTESIAN_POINT('',(-0.13573125,-0.054625,0.0015875));
#17421=CARTESIAN_POINT('',(-0.14223125,-0.054625,0.0015875));
#17422=CARTESIAN_POINT('',(-0.14223125,-0.054625,0.003175));
#17423=CARTESIAN_POINT('',(-0.14223125,-0.054625,0.003175));
#17424=CARTESIAN_POINT('',(-0.13573125,-0.054625,0.003175));
#17425=CARTESIAN_POINT('',(-0.14223125,-0.054125,0.003175));
#17426=CARTESIAN_POINT('',(-0.14223125,-0.054125,0.0015875));
#17427=CARTESIAN_POINT('',(-0.14273125,-0.054125,0.0015875));
#17428=CARTESIAN_POINT('',(-0.14273125,-0.054125,0.003175));
#17429=CARTESIAN_POINT('',(-0.14273125,-0.054125,0.003175));
#17430=CARTESIAN_POINT('',(-0.14223125,-0.054125,0.003175));
#17431=CARTESIAN_POINT('',(-0.02555,-0.016025,0.003175));
#17432=CARTESIAN_POINT('',(-0.02555,-0.016025,0.0015875));
#17433=CARTESIAN_POINT('',(-0.02605,-0.016025,0.0015875));
#17434=CARTESIAN_POINT('',(-0.02555,-0.016525,0.0015875));
#17435=CARTESIAN_POINT('',(-0.02605,-0.016025,0.003175));
#17436=CARTESIAN_POINT('',(-0.02605,-0.016025,0.003175));
#17437=CARTESIAN_POINT('',(-0.02555,-0.016025,0.003175));
#17438=CARTESIAN_POINT('',(-0.02555,-0.016525,0.003175));
#17439=CARTESIAN_POINT('',(-0.02555,-0.016525,0.003175));
#17440=CARTESIAN_POINT('',(-0.02605,-0.009525,0.003175));
#17441=CARTESIAN_POINT('',(-0.02605,-0.009525,0.0015875));
#17442=CARTESIAN_POINT('',(-0.02605,-0.003025,0.0015875));
#17443=CARTESIAN_POINT('',(-0.02605,-0.003025,0.003175));
#17444=CARTESIAN_POINT('',(-0.02605,-0.003025,0.003175));
#17445=CARTESIAN_POINT('',(-0.02605,-0.009525,0.003175));
#17446=CARTESIAN_POINT('',(-0.02555,-0.003025,0.003175));
#17447=CARTESIAN_POINT('',(-0.02555,-0.003025,0.0015875));
#17448=CARTESIAN_POINT('',(-0.02555,-0.002525,0.0015875));
#17449=CARTESIAN_POINT('',(-0.02555,-0.002525,0.003175));
#17450=CARTESIAN_POINT('',(-0.02555,-0.002525,0.003175));
#17451=CARTESIAN_POINT('',(-0.02555,-0.003025,0.003175));
#17452=CARTESIAN_POINT('',(-0.01905,-0.002525,0.003175));
#17453=CARTESIAN_POINT('',(-0.01905,-0.002525,0.0015875));
#17454=CARTESIAN_POINT('',(-0.01255,-0.002525,0.0015875));
#17455=CARTESIAN_POINT('',(-0.01255,-0.002525,0.003175));
#17456=CARTESIAN_POINT('',(-0.01255,-0.002525,0.003175));
#17457=CARTESIAN_POINT('',(-0.01905,-0.002525,0.003175));
#17458=CARTESIAN_POINT('',(-0.01255,-0.003025,0.003175));
#17459=CARTESIAN_POINT('',(-0.01255,-0.003025,0.0015875));
#17460=CARTESIAN_POINT('',(-0.01205,-0.003025,0.0015875));
#17461=CARTESIAN_POINT('',(-0.01205,-0.003025,0.003175));
#17462=CARTESIAN_POINT('',(-0.01205,-0.003025,0.003175));
#17463=CARTESIAN_POINT('',(-0.01255,-0.003025,0.003175));
#17464=CARTESIAN_POINT('',(-0.01205,-0.009525,0.003175));
#17465=CARTESIAN_POINT('',(-0.01205,-0.009525,0.0015875));
#17466=CARTESIAN_POINT('',(-0.01205,-0.016025,0.0015875));
#17467=CARTESIAN_POINT('',(-0.01205,-0.016025,0.003175));
#17468=CARTESIAN_POINT('',(-0.01205,-0.016025,0.003175));
#17469=CARTESIAN_POINT('',(-0.01205,-0.009525,0.003175));
#17470=CARTESIAN_POINT('',(-0.01255,-0.016025,0.003175));
#17471=CARTESIAN_POINT('',(-0.01255,-0.016025,0.0015875));
#17472=CARTESIAN_POINT('',(-0.01255,-0.016525,0.0015875));
#17473=CARTESIAN_POINT('',(-0.01255,-0.016525,0.003175));
#17474=CARTESIAN_POINT('',(-0.01255,-0.016525,0.003175));
#17475=CARTESIAN_POINT('',(-0.01255,-0.016025,0.003175));
#17476=CARTESIAN_POINT('',(-0.0684125,0.003025,0.003175));
#17477=CARTESIAN_POINT('',(-0.0684125,0.003025,0.0015875));
#17478=CARTESIAN_POINT('',(-0.0689125,0.003025,0.0015875));
#17479=CARTESIAN_POINT('',(-0.0684125,0.002525,0.0015875));
#17480=CARTESIAN_POINT('',(-0.0689125,0.003025,0.003175));
#17481=CARTESIAN_POINT('',(-0.0689125,0.003025,0.003175));
#17482=CARTESIAN_POINT('',(-0.0684125,0.003025,0.003175));
#17483=CARTESIAN_POINT('',(-0.0684125,0.002525,0.003175));
#17484=CARTESIAN_POINT('',(-0.0684125,0.002525,0.003175));
#17485=CARTESIAN_POINT('',(-0.0689125,0.009525,0.003175));
#17486=CARTESIAN_POINT('',(-0.0689125,0.009525,0.0015875));
#17487=CARTESIAN_POINT('',(-0.0689125,0.016025,0.0015875));
#17488=CARTESIAN_POINT('',(-0.0689125,0.016025,0.003175));
#17489=CARTESIAN_POINT('',(-0.0689125,0.016025,0.003175));
#17490=CARTESIAN_POINT('',(-0.0689125,0.009525,0.003175));
#17491=CARTESIAN_POINT('',(-0.0684125,0.016025,0.003175));
#17492=CARTESIAN_POINT('',(-0.0684125,0.016025,0.0015875));
#17493=CARTESIAN_POINT('',(-0.0684125,0.016525,0.0015875));
#17494=CARTESIAN_POINT('',(-0.0684125,0.016525,0.003175));
#17495=CARTESIAN_POINT('',(-0.0684125,0.016525,0.003175));
#17496=CARTESIAN_POINT('',(-0.0684125,0.016025,0.003175));
#17497=CARTESIAN_POINT('',(-0.0619125,0.016525,0.003175));
#17498=CARTESIAN_POINT('',(-0.0619125,0.016525,0.0015875));
#17499=CARTESIAN_POINT('',(-0.0554125,0.016525,0.0015875));
#17500=CARTESIAN_POINT('',(-0.0554125,0.016525,0.003175));
#17501=CARTESIAN_POINT('',(-0.0554125,0.016525,0.003175));
#17502=CARTESIAN_POINT('',(-0.0619125,0.016525,0.003175));
#17503=CARTESIAN_POINT('',(-0.0554125,0.016025,0.003175));
#17504=CARTESIAN_POINT('',(-0.0554125,0.016025,0.0015875));
#17505=CARTESIAN_POINT('',(-0.0549125,0.016025,0.0015875));
#17506=CARTESIAN_POINT('',(-0.0549125,0.016025,0.003175));
#17507=CARTESIAN_POINT('',(-0.0549125,0.016025,0.003175));
#17508=CARTESIAN_POINT('',(-0.0554125,0.016025,0.003175));
#17509=CARTESIAN_POINT('',(-0.0549125,0.009525,0.003175));
#17510=CARTESIAN_POINT('',(-0.0549125,0.009525,0.0015875));
#17511=CARTESIAN_POINT('',(-0.0549125,0.003025,0.0015875));
#17512=CARTESIAN_POINT('',(-0.0549125,0.003025,0.003175));
#17513=CARTESIAN_POINT('',(-0.0549125,0.003025,0.003175));
#17514=CARTESIAN_POINT('',(-0.0549125,0.009525,0.003175));
#17515=CARTESIAN_POINT('',(-0.0554125,0.003025,0.003175));
#17516=CARTESIAN_POINT('',(-0.0554125,0.003025,0.0015875));
#17517=CARTESIAN_POINT('',(-0.0554125,0.002525,0.0015875));
#17518=CARTESIAN_POINT('',(-0.0554125,0.002525,0.003175));
#17519=CARTESIAN_POINT('',(-0.0554125,0.002525,0.003175));
#17520=CARTESIAN_POINT('',(-0.0554125,0.003025,0.003175));
#17521=CARTESIAN_POINT('',(-0.12685,-0.003025,0.003175));
#17522=CARTESIAN_POINT('',(-0.12685,-0.003025,0.0015875));
#17523=CARTESIAN_POINT('',(-0.12635,-0.003025,0.0015875));
#17524=CARTESIAN_POINT('',(-0.12685,-0.002525,0.0015875));
#17525=CARTESIAN_POINT('',(-0.12635,-0.003025,0.003175));
#17526=CARTESIAN_POINT('',(-0.12635,-0.003025,0.003175));
#17527=CARTESIAN_POINT('',(-0.12685,-0.003025,0.003175));
#17528=CARTESIAN_POINT('',(-0.12685,-0.002525,0.003175));
#17529=CARTESIAN_POINT('',(-0.12685,-0.002525,0.003175));
#17530=CARTESIAN_POINT('',(-0.12635,-0.009525,0.003175));
#17531=CARTESIAN_POINT('',(-0.12635,-0.009525,0.0015875));
#17532=CARTESIAN_POINT('',(-0.12635,-0.016025,0.0015875));
#17533=CARTESIAN_POINT('',(-0.12635,-0.016025,0.003175));
#17534=CARTESIAN_POINT('',(-0.12635,-0.016025,0.003175));
#17535=CARTESIAN_POINT('',(-0.12635,-0.009525,0.003175));
#17536=CARTESIAN_POINT('',(-0.12685,-0.016025,0.003175));
#17537=CARTESIAN_POINT('',(-0.12685,-0.016025,0.0015875));
#17538=CARTESIAN_POINT('',(-0.12685,-0.016525,0.0015875));
#17539=CARTESIAN_POINT('',(-0.12685,-0.016525,0.003175));
#17540=CARTESIAN_POINT('',(-0.12685,-0.016525,0.003175));
#17541=CARTESIAN_POINT('',(-0.12685,-0.016025,0.003175));
#17542=CARTESIAN_POINT('',(-0.13335,-0.016525,0.003175));
#17543=CARTESIAN_POINT('',(-0.13335,-0.016525,0.0015875));
#17544=CARTESIAN_POINT('',(-0.13985,-0.016525,0.0015875));
#17545=CARTESIAN_POINT('',(-0.13985,-0.016525,0.003175));
#17546=CARTESIAN_POINT('',(-0.13985,-0.016525,0.003175));
#17547=CARTESIAN_POINT('',(-0.13335,-0.016525,0.003175));
#17548=CARTESIAN_POINT('',(-0.13985,-0.016025,0.003175));
#17549=CARTESIAN_POINT('',(-0.13985,-0.016025,0.0015875));
#17550=CARTESIAN_POINT('',(-0.14035,-0.016025,0.0015875));
#17551=CARTESIAN_POINT('',(-0.14035,-0.016025,0.003175));
#17552=CARTESIAN_POINT('',(-0.14035,-0.016025,0.003175));
#17553=CARTESIAN_POINT('',(-0.13985,-0.016025,0.003175));
#17554=CARTESIAN_POINT('',(-0.14035,-0.009525,0.003175));
#17555=CARTESIAN_POINT('',(-0.14035,-0.009525,0.0015875));
#17556=CARTESIAN_POINT('',(-0.14035,-0.003025,0.0015875));
#17557=CARTESIAN_POINT('',(-0.14035,-0.003025,0.003175));
#17558=CARTESIAN_POINT('',(-0.14035,-0.003025,0.003175));
#17559=CARTESIAN_POINT('',(-0.14035,-0.009525,0.003175));
#17560=CARTESIAN_POINT('',(-0.13985,-0.003025,0.003175));
#17561=CARTESIAN_POINT('',(-0.13985,-0.003025,0.0015875));
#17562=CARTESIAN_POINT('',(-0.13985,-0.002525,0.0015875));
#17563=CARTESIAN_POINT('',(-0.13985,-0.002525,0.003175));
#17564=CARTESIAN_POINT('',(-0.13985,-0.002525,0.003175));
#17565=CARTESIAN_POINT('',(-0.13985,-0.003025,0.003175));
#17566=CARTESIAN_POINT('',(-0.1078,-0.003025,0.003175));
#17567=CARTESIAN_POINT('',(-0.1078,-0.003025,0.0015875));
#17568=CARTESIAN_POINT('',(-0.1073,-0.003025,0.0015875));
#17569=CARTESIAN_POINT('',(-0.1078,-0.002525,0.0015875));
#17570=CARTESIAN_POINT('',(-0.1073,-0.003025,0.003175));
#17571=CARTESIAN_POINT('',(-0.1073,-0.003025,0.003175));
#17572=CARTESIAN_POINT('',(-0.1078,-0.003025,0.003175));
#17573=CARTESIAN_POINT('',(-0.1078,-0.002525,0.003175));
#17574=CARTESIAN_POINT('',(-0.1078,-0.002525,0.003175));
#17575=CARTESIAN_POINT('',(-0.1073,-0.009525,0.003175));
#17576=CARTESIAN_POINT('',(-0.1073,-0.009525,0.0015875));
#17577=CARTESIAN_POINT('',(-0.1073,-0.016025,0.0015875));
#17578=CARTESIAN_POINT('',(-0.1073,-0.016025,0.003175));
#17579=CARTESIAN_POINT('',(-0.1073,-0.016025,0.003175));
#17580=CARTESIAN_POINT('',(-0.1073,-0.009525,0.003175));
#17581=CARTESIAN_POINT('',(-0.1078,-0.016025,0.003175));
#17582=CARTESIAN_POINT('',(-0.1078,-0.016025,0.0015875));
#17583=CARTESIAN_POINT('',(-0.1078,-0.016525,0.0015875));
#17584=CARTESIAN_POINT('',(-0.1078,-0.016525,0.003175));
#17585=CARTESIAN_POINT('',(-0.1078,-0.016525,0.003175));
#17586=CARTESIAN_POINT('',(-0.1078,-0.016025,0.003175));
#17587=CARTESIAN_POINT('',(-0.1143,-0.016525,0.003175));
#17588=CARTESIAN_POINT('',(-0.1143,-0.016525,0.0015875));
#17589=CARTESIAN_POINT('',(-0.1208,-0.016525,0.0015875));
#17590=CARTESIAN_POINT('',(-0.1208,-0.016525,0.003175));
#17591=CARTESIAN_POINT('',(-0.1208,-0.016525,0.003175));
#17592=CARTESIAN_POINT('',(-0.1143,-0.016525,0.003175));
#17593=CARTESIAN_POINT('',(-0.1208,-0.016025,0.003175));
#17594=CARTESIAN_POINT('',(-0.1208,-0.016025,0.0015875));
#17595=CARTESIAN_POINT('',(-0.1213,-0.016025,0.0015875));
#17596=CARTESIAN_POINT('',(-0.1213,-0.016025,0.003175));
#17597=CARTESIAN_POINT('',(-0.1213,-0.016025,0.003175));
#17598=CARTESIAN_POINT('',(-0.1208,-0.016025,0.003175));
#17599=CARTESIAN_POINT('',(-0.1213,-0.009525,0.003175));
#17600=CARTESIAN_POINT('',(-0.1213,-0.009525,0.0015875));
#17601=CARTESIAN_POINT('',(-0.1213,-0.003025,0.0015875));
#17602=CARTESIAN_POINT('',(-0.1213,-0.003025,0.003175));
#17603=CARTESIAN_POINT('',(-0.1213,-0.003025,0.003175));
#17604=CARTESIAN_POINT('',(-0.1213,-0.009525,0.003175));
#17605=CARTESIAN_POINT('',(-0.1208,-0.00302500000000004,0.003175));
#17606=CARTESIAN_POINT('',(-0.1208,-0.00302500000000004,0.0015875));
#17607=CARTESIAN_POINT('',(-0.1208,-0.002525,0.0015875));
#17608=CARTESIAN_POINT('',(-0.1208,-0.002525,0.003175));
#17609=CARTESIAN_POINT('',(-0.1208,-0.002525,0.003175));
#17610=CARTESIAN_POINT('',(-0.1208,-0.00302500000000004,0.003175));
#17611=CARTESIAN_POINT('',(-0.187975,0.009525,0.003175));
#17612=CARTESIAN_POINT('',(-0.187975,0.009525,0.0015875));
#17613=CARTESIAN_POINT('',(-0.187975,0.016025,0.0015875));
#17614=CARTESIAN_POINT('',(-0.187975,0.003025,0.0015875));
#17615=CARTESIAN_POINT('',(-0.187975,0.016025,0.003175));
#17616=CARTESIAN_POINT('',(-0.187975,0.016025,0.003175));
#17617=CARTESIAN_POINT('',(-0.187975,0.009525,0.003175));
#17618=CARTESIAN_POINT('',(-0.187975,0.003025,0.003175));
#17619=CARTESIAN_POINT('',(-0.187975,0.003025,0.003175));
#17620=CARTESIAN_POINT('',(-0.187475,0.016025,0.003175));
#17621=CARTESIAN_POINT('',(-0.187475,0.016025,0.0015875));
#17622=CARTESIAN_POINT('',(-0.187475,0.016525,0.0015875));
#17623=CARTESIAN_POINT('',(-0.187475,0.016525,0.003175));
#17624=CARTESIAN_POINT('',(-0.187475,0.016525,0.003175));
#17625=CARTESIAN_POINT('',(-0.187475,0.016025,0.003175));
#17626=CARTESIAN_POINT('',(-0.180975,0.016525,0.003175));
#17627=CARTESIAN_POINT('',(-0.180975,0.016525,0.0015875));
#17628=CARTESIAN_POINT('',(-0.174475,0.016525,0.0015875));
#17629=CARTESIAN_POINT('',(-0.174475,0.016525,0.003175));
#17630=CARTESIAN_POINT('',(-0.174475,0.016525,0.003175));
#17631=CARTESIAN_POINT('',(-0.180975,0.016525,0.003175));
#17632=CARTESIAN_POINT('',(-0.174475,0.016025,0.003175));
#17633=CARTESIAN_POINT('',(-0.174475,0.016025,0.0015875));
#17634=CARTESIAN_POINT('',(-0.173975,0.016025,0.0015875));
#17635=CARTESIAN_POINT('',(-0.173975,0.016025,0.003175));
#17636=CARTESIAN_POINT('',(-0.173975,0.016025,0.003175));
#17637=CARTESIAN_POINT('',(-0.174475,0.016025,0.003175));
#17638=CARTESIAN_POINT('',(-0.173975,0.009525,0.003175));
#17639=CARTESIAN_POINT('',(-0.173975,0.009525,0.0015875));
#17640=CARTESIAN_POINT('',(-0.173975,0.003025,0.0015875));
#17641=CARTESIAN_POINT('',(-0.173975,0.003025,0.003175));
#17642=CARTESIAN_POINT('',(-0.173975,0.003025,0.003175));
#17643=CARTESIAN_POINT('',(-0.173975,0.009525,0.003175));
#17644=CARTESIAN_POINT('',(-0.174475,0.003025,0.003175));
#17645=CARTESIAN_POINT('',(-0.174475,0.003025,0.0015875));
#17646=CARTESIAN_POINT('',(-0.174475,0.002525,0.0015875));
#17647=CARTESIAN_POINT('',(-0.174475,0.002525,0.003175));
#17648=CARTESIAN_POINT('',(-0.174475,0.002525,0.003175));
#17649=CARTESIAN_POINT('',(-0.174475,0.003025,0.003175));
#17650=CARTESIAN_POINT('',(-0.180975,0.002525,0.003175));
#17651=CARTESIAN_POINT('',(-0.180975,0.002525,0.0015875));
#17652=CARTESIAN_POINT('',(-0.187475,0.002525,0.0015875));
#17653=CARTESIAN_POINT('',(-0.187475,0.002525,0.003175));
#17654=CARTESIAN_POINT('',(-0.187475,0.002525,0.003175));
#17655=CARTESIAN_POINT('',(-0.180975,0.002525,0.003175));
#17656=CARTESIAN_POINT('',(-0.19158125,-0.035075,0.003175));
#17657=CARTESIAN_POINT('',(-0.19158125,-0.035075,0.0015875));
#17658=CARTESIAN_POINT('',(-0.19158125,-0.035575,0.0015875));
#17659=CARTESIAN_POINT('',(-0.19108125,-0.035075,0.0015875));
#17660=CARTESIAN_POINT('',(-0.19158125,-0.035575,0.003175));
#17661=CARTESIAN_POINT('',(-0.19158125,-0.035575,0.003175));
#17662=CARTESIAN_POINT('',(-0.19158125,-0.035075,0.003175));
#17663=CARTESIAN_POINT('',(-0.19108125,-0.035075,0.003175));
#17664=CARTESIAN_POINT('',(-0.19108125,-0.035075,0.003175));
#17665=CARTESIAN_POINT('',(-0.19208125,-0.035575,0.003175));
#17666=CARTESIAN_POINT('',(-0.19208125,-0.035575,0.0015875));
#17667=CARTESIAN_POINT('',(-0.19258125,-0.035575,0.0015875));
#17668=CARTESIAN_POINT('',(-0.19258125,-0.035575,0.003175));
#17669=CARTESIAN_POINT('',(-0.19258125,-0.035575,0.003175));
#17670=CARTESIAN_POINT('',(-0.19208125,-0.035575,0.003175));
#17671=CARTESIAN_POINT('',(-0.19258125,-0.035075,0.003175));
#17672=CARTESIAN_POINT('',(-0.19258125,-0.035075,0.0015875));
#17673=CARTESIAN_POINT('',(-0.19308125,-0.035075,0.0015875));
#17674=CARTESIAN_POINT('',(-0.19308125,-0.035075,0.003175));
#17675=CARTESIAN_POINT('',(-0.19308125,-0.035075,0.003175));
#17676=CARTESIAN_POINT('',(-0.19258125,-0.035075,0.003175));
#17677=CARTESIAN_POINT('',(-0.19308125,-0.028575,0.003175));
#17678=CARTESIAN_POINT('',(-0.19308125,-0.028575,0.0015875));
#17679=CARTESIAN_POINT('',(-0.19308125,-0.022075,0.0015875));
#17680=CARTESIAN_POINT('',(-0.19308125,-0.022075,0.003175));
#17681=CARTESIAN_POINT('',(-0.19308125,-0.022075,0.003175));
#17682=CARTESIAN_POINT('',(-0.19308125,-0.028575,0.003175));
#17683=CARTESIAN_POINT('',(-0.19258125,-0.022075,0.003175));
#17684=CARTESIAN_POINT('',(-0.19258125,-0.022075,0.0015875));
#17685=CARTESIAN_POINT('',(-0.19258125,-0.021575,0.0015875));
#17686=CARTESIAN_POINT('',(-0.19258125,-0.021575,0.003175));
#17687=CARTESIAN_POINT('',(-0.19258125,-0.021575,0.003175));
#17688=CARTESIAN_POINT('',(-0.19258125,-0.022075,0.003175));
#17689=CARTESIAN_POINT('',(-0.19208125,-0.021575,0.003175));
#17690=CARTESIAN_POINT('',(-0.19208125,-0.021575,0.0015875));
#17691=CARTESIAN_POINT('',(-0.19158125,-0.021575,0.0015875));
#17692=CARTESIAN_POINT('',(-0.19158125,-0.021575,0.003175));
#17693=CARTESIAN_POINT('',(-0.19158125,-0.021575,0.003175));
#17694=CARTESIAN_POINT('',(-0.19208125,-0.021575,0.003175));
#17695=CARTESIAN_POINT('',(-0.19158125,-0.022075,0.003175));
#17696=CARTESIAN_POINT('',(-0.19158125,-0.022075,0.0015875));
#17697=CARTESIAN_POINT('',(-0.19108125,-0.022075,0.0015875));
#17698=CARTESIAN_POINT('',(-0.19108125,-0.022075,0.003175));
#17699=CARTESIAN_POINT('',(-0.19108125,-0.022075,0.003175));
#17700=CARTESIAN_POINT('',(-0.19158125,-0.022075,0.003175));
#17701=CARTESIAN_POINT('',(-0.05065,-0.003025,0.003175));
#17702=CARTESIAN_POINT('',(-0.05065,-0.003025,0.0015875));
#17703=CARTESIAN_POINT('',(-0.05015,-0.003025,0.0015875));
#17704=CARTESIAN_POINT('',(-0.05065,-0.002525,0.0015875));
#17705=CARTESIAN_POINT('',(-0.05015,-0.003025,0.003175));
#17706=CARTESIAN_POINT('',(-0.05015,-0.003025,0.003175));
#17707=CARTESIAN_POINT('',(-0.05065,-0.003025,0.003175));
#17708=CARTESIAN_POINT('',(-0.05065,-0.002525,0.003175));
#17709=CARTESIAN_POINT('',(-0.05065,-0.002525,0.003175));
#17710=CARTESIAN_POINT('',(-0.05015,-0.009525,0.003175));
#17711=CARTESIAN_POINT('',(-0.05015,-0.009525,0.0015875));
#17712=CARTESIAN_POINT('',(-0.05015,-0.016025,0.0015875));
#17713=CARTESIAN_POINT('',(-0.05015,-0.016025,0.003175));
#17714=CARTESIAN_POINT('',(-0.05015,-0.016025,0.003175));
#17715=CARTESIAN_POINT('',(-0.05015,-0.009525,0.003175));
#17716=CARTESIAN_POINT('',(-0.05065,-0.016025,0.003175));
#17717=CARTESIAN_POINT('',(-0.05065,-0.016025,0.0015875));
#17718=CARTESIAN_POINT('',(-0.05065,-0.016525,0.0015875));
#17719=CARTESIAN_POINT('',(-0.05065,-0.016525,0.003175));
#17720=CARTESIAN_POINT('',(-0.05065,-0.016525,0.003175));
#17721=CARTESIAN_POINT('',(-0.05065,-0.016025,0.003175));
#17722=CARTESIAN_POINT('',(-0.05715,-0.016525,0.003175));
#17723=CARTESIAN_POINT('',(-0.05715,-0.016525,0.0015875));
#17724=CARTESIAN_POINT('',(-0.06365,-0.016525,0.0015875));
#17725=CARTESIAN_POINT('',(-0.06365,-0.016525,0.003175));
#17726=CARTESIAN_POINT('',(-0.06365,-0.016525,0.003175));
#17727=CARTESIAN_POINT('',(-0.05715,-0.016525,0.003175));
#17728=CARTESIAN_POINT('',(-0.06365,-0.016025,0.003175));
#17729=CARTESIAN_POINT('',(-0.06365,-0.016025,0.0015875));
#17730=CARTESIAN_POINT('',(-0.06415,-0.016025,0.0015875));
#17731=CARTESIAN_POINT('',(-0.06415,-0.016025,0.003175));
#17732=CARTESIAN_POINT('',(-0.06415,-0.016025,0.003175));
#17733=CARTESIAN_POINT('',(-0.06365,-0.016025,0.003175));
#17734=CARTESIAN_POINT('',(-0.06415,-0.009525,0.003175));
#17735=CARTESIAN_POINT('',(-0.06415,-0.009525,0.0015875));
#17736=CARTESIAN_POINT('',(-0.06415,-0.003025,0.0015875));
#17737=CARTESIAN_POINT('',(-0.06415,-0.003025,0.003175));
#17738=CARTESIAN_POINT('',(-0.06415,-0.003025,0.003175));
#17739=CARTESIAN_POINT('',(-0.06415,-0.009525,0.003175));
#17740=CARTESIAN_POINT('',(-0.06365,-0.003025,0.003175));
#17741=CARTESIAN_POINT('',(-0.06365,-0.003025,0.0015875));
#17742=CARTESIAN_POINT('',(-0.06365,-0.002525,0.0015875));
#17743=CARTESIAN_POINT('',(-0.06365,-0.002525,0.003175));
#17744=CARTESIAN_POINT('',(-0.06365,-0.002525,0.003175));
#17745=CARTESIAN_POINT('',(-0.06365,-0.003025,0.003175));
#17746=CARTESIAN_POINT('',(-0.191225,0.003025,0.003175));
#17747=CARTESIAN_POINT('',(-0.191225,0.003025,0.0015875));
#17748=CARTESIAN_POINT('',(-0.191225,0.002525,0.0015875));
#17749=CARTESIAN_POINT('',(-0.190725,0.003025,0.0015875));
#17750=CARTESIAN_POINT('',(-0.191225,0.002525,0.003175));
#17751=CARTESIAN_POINT('',(-0.191225,0.002525,0.003175));
#17752=CARTESIAN_POINT('',(-0.191225,0.003025,0.003175));
#17753=CARTESIAN_POINT('',(-0.190725,0.003025,0.003175));
#17754=CARTESIAN_POINT('',(-0.190725,0.003025,0.003175));
#17755=CARTESIAN_POINT('',(-0.191725,0.002525,0.003175));
#17756=CARTESIAN_POINT('',(-0.191725,0.002525,0.0015875));
#17757=CARTESIAN_POINT('',(-0.192225,0.002525,0.0015875));
#17758=CARTESIAN_POINT('',(-0.192225,0.002525,0.003175));
#17759=CARTESIAN_POINT('',(-0.192225,0.002525,0.003175));
#17760=CARTESIAN_POINT('',(-0.191725,0.002525,0.003175));
#17761=CARTESIAN_POINT('',(-0.192225,0.003025,0.003175));
#17762=CARTESIAN_POINT('',(-0.192225,0.003025,0.0015875));
#17763=CARTESIAN_POINT('',(-0.192725,0.003025,0.0015875));
#17764=CARTESIAN_POINT('',(-0.192725,0.003025,0.003175));
#17765=CARTESIAN_POINT('',(-0.192725,0.003025,0.003175));
#17766=CARTESIAN_POINT('',(-0.192225,0.003025,0.003175));
#17767=CARTESIAN_POINT('',(-0.192725,0.009525,0.003175));
#17768=CARTESIAN_POINT('',(-0.192725,0.009525,0.0015875));
#17769=CARTESIAN_POINT('',(-0.192725,0.016025,0.0015875));
#17770=CARTESIAN_POINT('',(-0.192725,0.016025,0.003175));
#17771=CARTESIAN_POINT('',(-0.192725,0.016025,0.003175));
#17772=CARTESIAN_POINT('',(-0.192725,0.009525,0.003175));
#17773=CARTESIAN_POINT('',(-0.192225,0.016025,0.003175));
#17774=CARTESIAN_POINT('',(-0.192225,0.016025,0.0015875));
#17775=CARTESIAN_POINT('',(-0.192225,0.016525,0.0015875));
#17776=CARTESIAN_POINT('',(-0.192225,0.016525,0.003175));
#17777=CARTESIAN_POINT('',(-0.192225,0.016525,0.003175));
#17778=CARTESIAN_POINT('',(-0.192225,0.016025,0.003175));
#17779=CARTESIAN_POINT('',(-0.191725,0.016525,0.003175));
#17780=CARTESIAN_POINT('',(-0.191725,0.016525,0.0015875));
#17781=CARTESIAN_POINT('',(-0.191225,0.016525,0.0015875));
#17782=CARTESIAN_POINT('',(-0.191225,0.016525,0.003175));
#17783=CARTESIAN_POINT('',(-0.191225,0.016525,0.003175));
#17784=CARTESIAN_POINT('',(-0.191725,0.016525,0.003175));
#17785=CARTESIAN_POINT('',(-0.191225,0.016025,0.003175));
#17786=CARTESIAN_POINT('',(-0.191225,0.016025,0.0015875));
#17787=CARTESIAN_POINT('',(-0.190725,0.016025,0.0015875));
#17788=CARTESIAN_POINT('',(-0.190725,0.016025,0.003175));
#17789=CARTESIAN_POINT('',(-0.190725,0.016025,0.003175));
#17790=CARTESIAN_POINT('',(-0.191225,0.016025,0.003175));
#17791=CARTESIAN_POINT('',(-0.18934375,-0.016525,0.003175));
#17792=CARTESIAN_POINT('',(-0.18934375,-0.016525,0.0015875));
#17793=CARTESIAN_POINT('',(-0.18984375,-0.016525,0.0015875));
#17794=CARTESIAN_POINT('',(-0.18884375,-0.016525,0.0015875));
#17795=CARTESIAN_POINT('',(-0.18984375,-0.016525,0.003175));
#17796=CARTESIAN_POINT('',(-0.18984375,-0.016525,0.003175));
#17797=CARTESIAN_POINT('',(-0.18934375,-0.016525,0.003175));
#17798=CARTESIAN_POINT('',(-0.18884375,-0.016525,0.003175));
#17799=CARTESIAN_POINT('',(-0.18884375,-0.016525,0.003175));
#17800=CARTESIAN_POINT('',(-0.18984375,-0.016025,0.003175));
#17801=CARTESIAN_POINT('',(-0.18984375,-0.016025,0.0015875));
#17802=CARTESIAN_POINT('',(-0.19034375,-0.016025,0.0015875));
#17803=CARTESIAN_POINT('',(-0.19034375,-0.016025,0.003175));
#17804=CARTESIAN_POINT('',(-0.19034375,-0.016025,0.003175));
#17805=CARTESIAN_POINT('',(-0.18984375,-0.016025,0.003175));
#17806=CARTESIAN_POINT('',(-0.19034375,-0.009525,0.003175));
#17807=CARTESIAN_POINT('',(-0.19034375,-0.009525,0.0015875));
#17808=CARTESIAN_POINT('',(-0.19034375,-0.003025,0.0015875));
#17809=CARTESIAN_POINT('',(-0.19034375,-0.003025,0.003175));
#17810=CARTESIAN_POINT('',(-0.19034375,-0.003025,0.003175));
#17811=CARTESIAN_POINT('',(-0.19034375,-0.009525,0.003175));
#17812=CARTESIAN_POINT('',(-0.18984375,-0.00302500000000004,0.003175));
#17813=CARTESIAN_POINT('',(-0.18984375,-0.00302500000000004,0.0015875));
#17814=CARTESIAN_POINT('',(-0.18984375,-0.002525,0.0015875));
#17815=CARTESIAN_POINT('',(-0.18984375,-0.002525,0.003175));
#17816=CARTESIAN_POINT('',(-0.18984375,-0.002525,0.003175));
#17817=CARTESIAN_POINT('',(-0.18984375,-0.00302500000000004,0.003175));
#17818=CARTESIAN_POINT('',(-0.18934375,-0.002525,0.003175));
#17819=CARTESIAN_POINT('',(-0.18934375,-0.002525,0.0015875));
#17820=CARTESIAN_POINT('',(-0.18884375,-0.002525,0.0015875));
#17821=CARTESIAN_POINT('',(-0.18884375,-0.002525,0.003175));
#17822=CARTESIAN_POINT('',(-0.18884375,-0.002525,0.003175));
#17823=CARTESIAN_POINT('',(-0.18934375,-0.002525,0.003175));
#17824=CARTESIAN_POINT('',(-0.18884375,-0.003025,0.003175));
#17825=CARTESIAN_POINT('',(-0.18884375,-0.003025,0.0015875));
#17826=CARTESIAN_POINT('',(-0.18834375,-0.003025,0.0015875));
#17827=CARTESIAN_POINT('',(-0.18834375,-0.003025,0.003175));
#17828=CARTESIAN_POINT('',(-0.18834375,-0.003025,0.003175));
#17829=CARTESIAN_POINT('',(-0.18884375,-0.003025,0.003175));
#17830=CARTESIAN_POINT('',(-0.18834375,-0.009525,0.003175));
#17831=CARTESIAN_POINT('',(-0.18834375,-0.009525,0.0015875));
#17832=CARTESIAN_POINT('',(-0.18834375,-0.016025,0.0015875));
#17833=CARTESIAN_POINT('',(-0.18834375,-0.016025,0.003175));
#17834=CARTESIAN_POINT('',(-0.18834375,-0.016025,0.003175));
#17835=CARTESIAN_POINT('',(-0.18834375,-0.009525,0.003175));
#17836=CARTESIAN_POINT('',(-0.1641625,0.009525,0.003175));
#17837=CARTESIAN_POINT('',(-0.1641625,0.009525,0.0015875));
#17838=CARTESIAN_POINT('',(-0.1641625,0.016025,0.0015875));
#17839=CARTESIAN_POINT('',(-0.1641625,0.003025,0.0015875));
#17840=CARTESIAN_POINT('',(-0.1641625,0.016025,0.003175));
#17841=CARTESIAN_POINT('',(-0.1641625,0.016025,0.003175));
#17842=CARTESIAN_POINT('',(-0.1641625,0.009525,0.003175));
#17843=CARTESIAN_POINT('',(-0.1641625,0.003025,0.003175));
#17844=CARTESIAN_POINT('',(-0.1641625,0.003025,0.003175));
#17845=CARTESIAN_POINT('',(-0.1636625,0.016025,0.003175));
#17846=CARTESIAN_POINT('',(-0.1636625,0.016025,0.0015875));
#17847=CARTESIAN_POINT('',(-0.1636625,0.016525,0.0015875));
#17848=CARTESIAN_POINT('',(-0.1636625,0.016525,0.003175));
#17849=CARTESIAN_POINT('',(-0.1636625,0.016525,0.003175));
#17850=CARTESIAN_POINT('',(-0.1636625,0.016025,0.003175));
#17851=CARTESIAN_POINT('',(-0.1571625,0.016525,0.003175));
#17852=CARTESIAN_POINT('',(-0.1571625,0.016525,0.0015875));
#17853=CARTESIAN_POINT('',(-0.1506625,0.016525,0.0015875));
#17854=CARTESIAN_POINT('',(-0.1506625,0.016525,0.003175));
#17855=CARTESIAN_POINT('',(-0.1506625,0.016525,0.003175));
#17856=CARTESIAN_POINT('',(-0.1571625,0.016525,0.003175));
#17857=CARTESIAN_POINT('',(-0.1506625,0.016025,0.003175));
#17858=CARTESIAN_POINT('',(-0.1506625,0.016025,0.0015875));
#17859=CARTESIAN_POINT('',(-0.1501625,0.016025,0.0015875));
#17860=CARTESIAN_POINT('',(-0.1501625,0.016025,0.003175));
#17861=CARTESIAN_POINT('',(-0.1501625,0.016025,0.003175));
#17862=CARTESIAN_POINT('',(-0.1506625,0.016025,0.003175));
#17863=CARTESIAN_POINT('',(-0.1501625,0.009525,0.003175));
#17864=CARTESIAN_POINT('',(-0.1501625,0.009525,0.0015875));
#17865=CARTESIAN_POINT('',(-0.1501625,0.003025,0.0015875));
#17866=CARTESIAN_POINT('',(-0.1501625,0.003025,0.003175));
#17867=CARTESIAN_POINT('',(-0.1501625,0.003025,0.003175));
#17868=CARTESIAN_POINT('',(-0.1501625,0.009525,0.003175));
#17869=CARTESIAN_POINT('',(-0.1506625,0.003025,0.003175));
#17870=CARTESIAN_POINT('',(-0.1506625,0.003025,0.0015875));
#17871=CARTESIAN_POINT('',(-0.1506625,0.002525,0.0015875));
#17872=CARTESIAN_POINT('',(-0.1506625,0.002525,0.003175));
#17873=CARTESIAN_POINT('',(-0.1506625,0.002525,0.003175));
#17874=CARTESIAN_POINT('',(-0.1506625,0.003025,0.003175));
#17875=CARTESIAN_POINT('',(-0.1571625,0.002525,0.003175));
#17876=CARTESIAN_POINT('',(-0.1571625,0.002525,0.0015875));
#17877=CARTESIAN_POINT('',(-0.1636625,0.002525,0.0015875));
#17878=CARTESIAN_POINT('',(-0.1636625,0.002525,0.003175));
#17879=CARTESIAN_POINT('',(-0.1636625,0.002525,0.003175));
#17880=CARTESIAN_POINT('',(-0.1571625,0.002525,0.003175));
#17881=CARTESIAN_POINT('',(-0.1601875,0.035075,0.003175));
#17882=CARTESIAN_POINT('',(-0.1601875,0.035075,0.0015875));
#17883=CARTESIAN_POINT('',(-0.1596875,0.035075,0.0015875));
#17884=CARTESIAN_POINT('',(-0.1601875,0.035575,0.0015875));
#17885=CARTESIAN_POINT('',(-0.1596875,0.035075,0.003175));
#17886=CARTESIAN_POINT('',(-0.1596875,0.035075,0.003175));
#17887=CARTESIAN_POINT('',(-0.1601875,0.035075,0.003175));
#17888=CARTESIAN_POINT('',(-0.1601875,0.035575,0.003175));
#17889=CARTESIAN_POINT('',(-0.1601875,0.035575,0.003175));
#17890=CARTESIAN_POINT('',(-0.1596875,0.028575,0.003175));
#17891=CARTESIAN_POINT('',(-0.1596875,0.028575,0.0015875));
#17892=CARTESIAN_POINT('',(-0.1596875,0.022075,0.0015875));
#17893=CARTESIAN_POINT('',(-0.1596875,0.022075,0.003175));
#17894=CARTESIAN_POINT('',(-0.1596875,0.022075,0.003175));
#17895=CARTESIAN_POINT('',(-0.1596875,0.028575,0.003175));
#17896=CARTESIAN_POINT('',(-0.1601875,0.022075,0.003175));
#17897=CARTESIAN_POINT('',(-0.1601875,0.022075,0.0015875));
#17898=CARTESIAN_POINT('',(-0.1601875,0.021575,0.0015875));
#17899=CARTESIAN_POINT('',(-0.1601875,0.021575,0.003175));
#17900=CARTESIAN_POINT('',(-0.1601875,0.021575,0.003175));
#17901=CARTESIAN_POINT('',(-0.1601875,0.022075,0.003175));
#17902=CARTESIAN_POINT('',(-0.1666875,0.021575,0.003175));
#17903=CARTESIAN_POINT('',(-0.1666875,0.021575,0.0015875));
#17904=CARTESIAN_POINT('',(-0.1731875,0.021575,0.0015875));
#17905=CARTESIAN_POINT('',(-0.1731875,0.021575,0.003175));
#17906=CARTESIAN_POINT('',(-0.1731875,0.021575,0.003175));
#17907=CARTESIAN_POINT('',(-0.1666875,0.021575,0.003175));
#17908=CARTESIAN_POINT('',(-0.1731875,0.022075,0.003175));
#17909=CARTESIAN_POINT('',(-0.1731875,0.022075,0.0015875));
#17910=CARTESIAN_POINT('',(-0.1736875,0.022075,0.0015875));
#17911=CARTESIAN_POINT('',(-0.1736875,0.022075,0.003175));
#17912=CARTESIAN_POINT('',(-0.1736875,0.022075,0.003175));
#17913=CARTESIAN_POINT('',(-0.1731875,0.022075,0.003175));
#17914=CARTESIAN_POINT('',(-0.1736875,0.028575,0.003175));
#17915=CARTESIAN_POINT('',(-0.1736875,0.028575,0.0015875));
#17916=CARTESIAN_POINT('',(-0.1736875,0.035075,0.0015875));
#17917=CARTESIAN_POINT('',(-0.1736875,0.035075,0.003175));
#17918=CARTESIAN_POINT('',(-0.1736875,0.035075,0.003175));
#17919=CARTESIAN_POINT('',(-0.1736875,0.028575,0.003175));
#17920=CARTESIAN_POINT('',(-0.1731875,0.035075,0.003175));
#17921=CARTESIAN_POINT('',(-0.1731875,0.035075,0.0015875));
#17922=CARTESIAN_POINT('',(-0.1731875,0.035575,0.0015875));
#17923=CARTESIAN_POINT('',(-0.1731875,0.035575,0.003175));
#17924=CARTESIAN_POINT('',(-0.1731875,0.035575,0.003175));
#17925=CARTESIAN_POINT('',(-0.1731875,0.035075,0.003175));
#17926=CARTESIAN_POINT('',(0.0303125,0.035075,0.003175));
#17927=CARTESIAN_POINT('',(0.0303125,0.035075,0.0015875));
#17928=CARTESIAN_POINT('',(0.0308125,0.035075,0.0015875));
#17929=CARTESIAN_POINT('',(0.0303125,0.035575,0.0015875));
#17930=CARTESIAN_POINT('',(0.0308125,0.035075,0.003175));
#17931=CARTESIAN_POINT('',(0.0308125,0.035075,0.003175));
#17932=CARTESIAN_POINT('',(0.0303125,0.035075,0.003175));
#17933=CARTESIAN_POINT('',(0.0303125,0.035575,0.003175));
#17934=CARTESIAN_POINT('',(0.0303125,0.035575,0.003175));
#17935=CARTESIAN_POINT('',(0.0308125,0.028575,0.003175));
#17936=CARTESIAN_POINT('',(0.0308125,0.028575,0.0015875));
#17937=CARTESIAN_POINT('',(0.0308125,0.022075,0.0015875));
#17938=CARTESIAN_POINT('',(0.0308125,0.022075,0.003175));
#17939=CARTESIAN_POINT('',(0.0308125,0.022075,0.003175));
#17940=CARTESIAN_POINT('',(0.0308125,0.028575,0.003175));
#17941=CARTESIAN_POINT('',(0.0303125,0.022075,0.003175));
#17942=CARTESIAN_POINT('',(0.0303125,0.022075,0.0015875));
#17943=CARTESIAN_POINT('',(0.0303125,0.021575,0.0015875));
#17944=CARTESIAN_POINT('',(0.0303125,0.021575,0.003175));
#17945=CARTESIAN_POINT('',(0.0303125,0.021575,0.003175));
#17946=CARTESIAN_POINT('',(0.0303125,0.022075,0.003175));
#17947=CARTESIAN_POINT('',(0.0238125,0.021575,0.003175));
#17948=CARTESIAN_POINT('',(0.0238125,0.021575,0.0015875));
#17949=CARTESIAN_POINT('',(0.0173125,0.021575,0.0015875));
#17950=CARTESIAN_POINT('',(0.0173125,0.021575,0.003175));
#17951=CARTESIAN_POINT('',(0.0173125,0.021575,0.003175));
#17952=CARTESIAN_POINT('',(0.0238125,0.021575,0.003175));
#17953=CARTESIAN_POINT('',(0.0173125,0.022075,0.003175));
#17954=CARTESIAN_POINT('',(0.0173125,0.022075,0.0015875));
#17955=CARTESIAN_POINT('',(0.0168125,0.022075,0.0015875));
#17956=CARTESIAN_POINT('',(0.0168125,0.022075,0.003175));
#17957=CARTESIAN_POINT('',(0.0168125,0.022075,0.003175));
#17958=CARTESIAN_POINT('',(0.0173125,0.022075,0.003175));
#17959=CARTESIAN_POINT('',(0.0168125,0.028575,0.003175));
#17960=CARTESIAN_POINT('',(0.0168125,0.028575,0.0015875));
#17961=CARTESIAN_POINT('',(0.0168125,0.035075,0.0015875));
#17962=CARTESIAN_POINT('',(0.0168125,0.035075,0.003175));
#17963=CARTESIAN_POINT('',(0.0168125,0.035075,0.003175));
#17964=CARTESIAN_POINT('',(0.0168125,0.028575,0.003175));
#17965=CARTESIAN_POINT('',(0.0173125,0.035075,0.003175));
#17966=CARTESIAN_POINT('',(0.0173125,0.035075,0.0015875));
#17967=CARTESIAN_POINT('',(0.0173125,0.035575,0.0015875));
#17968=CARTESIAN_POINT('',(0.0173125,0.035575,0.003175));
#17969=CARTESIAN_POINT('',(0.0173125,0.035575,0.003175));
#17970=CARTESIAN_POINT('',(0.0173125,0.035075,0.003175));
#17971=CARTESIAN_POINT('',(0.0017375,0.016025,0.003175));
#17972=CARTESIAN_POINT('',(0.0017375,0.016025,0.0015875));
#17973=CARTESIAN_POINT('',(0.0022375,0.016025,0.0015875));
#17974=CARTESIAN_POINT('',(0.0017375,0.016525,0.0015875));
#17975=CARTESIAN_POINT('',(0.0022375,0.016025,0.003175));
#17976=CARTESIAN_POINT('',(0.0022375,0.016025,0.003175));
#17977=CARTESIAN_POINT('',(0.0017375,0.016025,0.003175));
#17978=CARTESIAN_POINT('',(0.0017375,0.016525,0.003175));
#17979=CARTESIAN_POINT('',(0.0017375,0.016525,0.003175));
#17980=CARTESIAN_POINT('',(0.0022375,0.009525,0.003175));
#17981=CARTESIAN_POINT('',(0.0022375,0.009525,0.0015875));
#17982=CARTESIAN_POINT('',(0.0022375,0.003025,0.0015875));
#17983=CARTESIAN_POINT('',(0.0022375,0.003025,0.003175));
#17984=CARTESIAN_POINT('',(0.0022375,0.003025,0.003175));
#17985=CARTESIAN_POINT('',(0.0022375,0.009525,0.003175));
#17986=CARTESIAN_POINT('',(0.0017375,0.003025,0.003175));
#17987=CARTESIAN_POINT('',(0.0017375,0.003025,0.0015875));
#17988=CARTESIAN_POINT('',(0.0017375,0.002525,0.0015875));
#17989=CARTESIAN_POINT('',(0.0017375,0.002525,0.003175));
#17990=CARTESIAN_POINT('',(0.0017375,0.002525,0.003175));
#17991=CARTESIAN_POINT('',(0.0017375,0.003025,0.003175));
#17992=CARTESIAN_POINT('',(-0.0047625,0.002525,0.003175));
#17993=CARTESIAN_POINT('',(-0.0047625,0.002525,0.0015875));
#17994=CARTESIAN_POINT('',(-0.0112625,0.002525,0.0015875));
#17995=CARTESIAN_POINT('',(-0.0112625,0.002525,0.003175));
#17996=CARTESIAN_POINT('',(-0.0112625,0.002525,0.003175));
#17997=CARTESIAN_POINT('',(-0.0047625,0.002525,0.003175));
#17998=CARTESIAN_POINT('',(-0.0112625,0.003025,0.003175));
#17999=CARTESIAN_POINT('',(-0.0112625,0.003025,0.0015875));
#18000=CARTESIAN_POINT('',(-0.0117625,0.003025,0.0015875));
#18001=CARTESIAN_POINT('',(-0.0117625,0.003025,0.003175));
#18002=CARTESIAN_POINT('',(-0.0117625,0.003025,0.003175));
#18003=CARTESIAN_POINT('',(-0.0112625,0.003025,0.003175));
#18004=CARTESIAN_POINT('',(-0.0117625,0.009525,0.003175));
#18005=CARTESIAN_POINT('',(-0.0117625,0.009525,0.0015875));
#18006=CARTESIAN_POINT('',(-0.0117625,0.016025,0.0015875));
#18007=CARTESIAN_POINT('',(-0.0117625,0.016025,0.003175));
#18008=CARTESIAN_POINT('',(-0.0117625,0.016025,0.003175));
#18009=CARTESIAN_POINT('',(-0.0117625,0.009525,0.003175));
#18010=CARTESIAN_POINT('',(-0.0112625,0.016025,0.003175));
#18011=CARTESIAN_POINT('',(-0.0112625,0.016025,0.0015875));
#18012=CARTESIAN_POINT('',(-0.0112625,0.016525,0.0015875));
#18013=CARTESIAN_POINT('',(-0.0112625,0.016525,0.003175));
#18014=CARTESIAN_POINT('',(-0.0112625,0.016525,0.003175));
#18015=CARTESIAN_POINT('',(-0.0112625,0.016025,0.003175));
#18016=CARTESIAN_POINT('',(-0.130325,-0.022075,0.003175));
#18017=CARTESIAN_POINT('',(-0.130325,-0.022075,0.0015875));
#18018=CARTESIAN_POINT('',(-0.130325,-0.021575,0.0015875));
#18019=CARTESIAN_POINT('',(-0.130825,-0.022075,0.0015875));
#18020=CARTESIAN_POINT('',(-0.130325,-0.021575,0.003175));
#18021=CARTESIAN_POINT('',(-0.130325,-0.021575,0.003175));
#18022=CARTESIAN_POINT('',(-0.130325,-0.022075,0.003175));
#18023=CARTESIAN_POINT('',(-0.130825,-0.022075,0.003175));
#18024=CARTESIAN_POINT('',(-0.130825,-0.022075,0.003175));
#18025=CARTESIAN_POINT('',(-0.123825,-0.021575,0.003175));
#18026=CARTESIAN_POINT('',(-0.123825,-0.021575,0.0015875));
#18027=CARTESIAN_POINT('',(-0.117325,-0.021575,0.0015875));
#18028=CARTESIAN_POINT('',(-0.117325,-0.021575,0.003175));
#18029=CARTESIAN_POINT('',(-0.117325,-0.021575,0.003175));
#18030=CARTESIAN_POINT('',(-0.123825,-0.021575,0.003175));
#18031=CARTESIAN_POINT('',(-0.117325,-0.022075,0.003175));
#18032=CARTESIAN_POINT('',(-0.117325,-0.022075,0.0015875));
#18033=CARTESIAN_POINT('',(-0.116825,-0.022075,0.0015875));
#18034=CARTESIAN_POINT('',(-0.116825,-0.022075,0.003175));
#18035=CARTESIAN_POINT('',(-0.116825,-0.022075,0.003175));
#18036=CARTESIAN_POINT('',(-0.117325,-0.022075,0.003175));
#18037=CARTESIAN_POINT('',(-0.116825,-0.028575,0.003175));
#18038=CARTESIAN_POINT('',(-0.116825,-0.028575,0.0015875));
#18039=CARTESIAN_POINT('',(-0.116825,-0.035075,0.0015875));
#18040=CARTESIAN_POINT('',(-0.116825,-0.035075,0.003175));
#18041=CARTESIAN_POINT('',(-0.116825,-0.035075,0.003175));
#18042=CARTESIAN_POINT('',(-0.116825,-0.028575,0.003175));
#18043=CARTESIAN_POINT('',(-0.117325,-0.035075,0.003175));
#18044=CARTESIAN_POINT('',(-0.117325,-0.035075,0.0015875));
#18045=CARTESIAN_POINT('',(-0.117325,-0.035575,0.0015875));
#18046=CARTESIAN_POINT('',(-0.117325,-0.035575,0.003175));
#18047=CARTESIAN_POINT('',(-0.117325,-0.035575,0.003175));
#18048=CARTESIAN_POINT('',(-0.117325,-0.035075,0.003175));
#18049=CARTESIAN_POINT('',(-0.123825,-0.035575,0.003175));
#18050=CARTESIAN_POINT('',(-0.123825,-0.035575,0.0015875));
#18051=CARTESIAN_POINT('',(-0.130325,-0.035575,0.0015875));
#18052=CARTESIAN_POINT('',(-0.130325,-0.035575,0.003175));
#18053=CARTESIAN_POINT('',(-0.130325,-0.035575,0.003175));
#18054=CARTESIAN_POINT('',(-0.123825,-0.035575,0.003175));
#18055=CARTESIAN_POINT('',(-0.130325,-0.035075,0.003175));
#18056=CARTESIAN_POINT('',(-0.130325,-0.035075,0.0015875));
#18057=CARTESIAN_POINT('',(-0.130825,-0.035075,0.0015875));
#18058=CARTESIAN_POINT('',(-0.130825,-0.035075,0.003175));
#18059=CARTESIAN_POINT('',(-0.130825,-0.035075,0.003175));
#18060=CARTESIAN_POINT('',(-0.130325,-0.035075,0.003175));
#18061=CARTESIAN_POINT('',(-0.1030375,0.035075,0.003175));
#18062=CARTESIAN_POINT('',(-0.1030375,0.035075,0.0015875));
#18063=CARTESIAN_POINT('',(-0.1025375,0.035075,0.0015875));
#18064=CARTESIAN_POINT('',(-0.1030375,0.035575,0.0015875));
#18065=CARTESIAN_POINT('',(-0.1025375,0.035075,0.003175));
#18066=CARTESIAN_POINT('',(-0.1025375,0.035075,0.003175));
#18067=CARTESIAN_POINT('',(-0.1030375,0.035075,0.003175));
#18068=CARTESIAN_POINT('',(-0.1030375,0.035575,0.003175));
#18069=CARTESIAN_POINT('',(-0.1030375,0.035575,0.003175));
#18070=CARTESIAN_POINT('',(-0.1025375,0.028575,0.003175));
#18071=CARTESIAN_POINT('',(-0.1025375,0.028575,0.0015875));
#18072=CARTESIAN_POINT('',(-0.1025375,0.022075,0.0015875));
#18073=CARTESIAN_POINT('',(-0.1025375,0.022075,0.003175));
#18074=CARTESIAN_POINT('',(-0.1025375,0.022075,0.003175));
#18075=CARTESIAN_POINT('',(-0.1025375,0.028575,0.003175));
#18076=CARTESIAN_POINT('',(-0.1030375,0.022075,0.003175));
#18077=CARTESIAN_POINT('',(-0.1030375,0.022075,0.0015875));
#18078=CARTESIAN_POINT('',(-0.1030375,0.021575,0.0015875));
#18079=CARTESIAN_POINT('',(-0.1030375,0.021575,0.003175));
#18080=CARTESIAN_POINT('',(-0.1030375,0.021575,0.003175));
#18081=CARTESIAN_POINT('',(-0.1030375,0.022075,0.003175));
#18082=CARTESIAN_POINT('',(-0.1095375,0.021575,0.003175));
#18083=CARTESIAN_POINT('',(-0.1095375,0.021575,0.0015875));
#18084=CARTESIAN_POINT('',(-0.1160375,0.021575,0.0015875));
#18085=CARTESIAN_POINT('',(-0.1160375,0.021575,0.003175));
#18086=CARTESIAN_POINT('',(-0.1160375,0.021575,0.003175));
#18087=CARTESIAN_POINT('',(-0.1095375,0.021575,0.003175));
#18088=CARTESIAN_POINT('',(-0.1160375,0.022075,0.003175));
#18089=CARTESIAN_POINT('',(-0.1160375,0.022075,0.0015875));
#18090=CARTESIAN_POINT('',(-0.1165375,0.022075,0.0015875));
#18091=CARTESIAN_POINT('',(-0.1165375,0.022075,0.003175));
#18092=CARTESIAN_POINT('',(-0.1165375,0.022075,0.003175));
#18093=CARTESIAN_POINT('',(-0.1160375,0.022075,0.003175));
#18094=CARTESIAN_POINT('',(-0.1165375,0.028575,0.003175));
#18095=CARTESIAN_POINT('',(-0.1165375,0.028575,0.0015875));
#18096=CARTESIAN_POINT('',(-0.1165375,0.035075,0.0015875));
#18097=CARTESIAN_POINT('',(-0.1165375,0.035075,0.003175));
#18098=CARTESIAN_POINT('',(-0.1165375,0.035075,0.003175));
#18099=CARTESIAN_POINT('',(-0.1165375,0.028575,0.003175));
#18100=CARTESIAN_POINT('',(-0.1160375,0.035075,0.003175));
#18101=CARTESIAN_POINT('',(-0.1160375,0.035075,0.0015875));
#18102=CARTESIAN_POINT('',(-0.1160375,0.035575,0.0015875));
#18103=CARTESIAN_POINT('',(-0.1160375,0.035575,0.003175));
#18104=CARTESIAN_POINT('',(-0.1160375,0.035575,0.003175));
#18105=CARTESIAN_POINT('',(-0.1160375,0.035075,0.003175));
#18106=CARTESIAN_POINT('',(-0.0839875,0.035075,0.003175));
#18107=CARTESIAN_POINT('',(-0.0839875,0.035075,0.0015875));
#18108=CARTESIAN_POINT('',(-0.0834875,0.035075,0.0015875));
#18109=CARTESIAN_POINT('',(-0.0839875,0.035575,0.0015875));
#18110=CARTESIAN_POINT('',(-0.0834875,0.035075,0.003175));
#18111=CARTESIAN_POINT('',(-0.0834875,0.035075,0.003175));
#18112=CARTESIAN_POINT('',(-0.0839875,0.035075,0.003175));
#18113=CARTESIAN_POINT('',(-0.0839875,0.035575,0.003175));
#18114=CARTESIAN_POINT('',(-0.0839875,0.035575,0.003175));
#18115=CARTESIAN_POINT('',(-0.0834875,0.028575,0.003175));
#18116=CARTESIAN_POINT('',(-0.0834875,0.028575,0.0015875));
#18117=CARTESIAN_POINT('',(-0.0834875,0.022075,0.0015875));
#18118=CARTESIAN_POINT('',(-0.0834875,0.022075,0.003175));
#18119=CARTESIAN_POINT('',(-0.0834875,0.022075,0.003175));
#18120=CARTESIAN_POINT('',(-0.0834875,0.028575,0.003175));
#18121=CARTESIAN_POINT('',(-0.0839875,0.022075,0.003175));
#18122=CARTESIAN_POINT('',(-0.0839875,0.022075,0.0015875));
#18123=CARTESIAN_POINT('',(-0.0839875,0.021575,0.0015875));
#18124=CARTESIAN_POINT('',(-0.0839875,0.021575,0.003175));
#18125=CARTESIAN_POINT('',(-0.0839875,0.021575,0.003175));
#18126=CARTESIAN_POINT('',(-0.0839875,0.022075,0.003175));
#18127=CARTESIAN_POINT('',(-0.0904875,0.021575,0.003175));
#18128=CARTESIAN_POINT('',(-0.0904875,0.021575,0.0015875));
#18129=CARTESIAN_POINT('',(-0.0969875,0.021575,0.0015875));
#18130=CARTESIAN_POINT('',(-0.0969875,0.021575,0.003175));
#18131=CARTESIAN_POINT('',(-0.0969875,0.021575,0.003175));
#18132=CARTESIAN_POINT('',(-0.0904875,0.021575,0.003175));
#18133=CARTESIAN_POINT('',(-0.0969875,0.022075,0.003175));
#18134=CARTESIAN_POINT('',(-0.0969875,0.022075,0.0015875));
#18135=CARTESIAN_POINT('',(-0.0974875,0.022075,0.0015875));
#18136=CARTESIAN_POINT('',(-0.0974875,0.022075,0.003175));
#18137=CARTESIAN_POINT('',(-0.0974875,0.022075,0.003175));
#18138=CARTESIAN_POINT('',(-0.0969875,0.022075,0.003175));
#18139=CARTESIAN_POINT('',(-0.0974875,0.028575,0.003175));
#18140=CARTESIAN_POINT('',(-0.0974875,0.028575,0.0015875));
#18141=CARTESIAN_POINT('',(-0.0974875,0.035075,0.0015875));
#18142=CARTESIAN_POINT('',(-0.0974875,0.035075,0.003175));
#18143=CARTESIAN_POINT('',(-0.0974875,0.035075,0.003175));
#18144=CARTESIAN_POINT('',(-0.0974875,0.028575,0.003175));
#18145=CARTESIAN_POINT('',(-0.0969875,0.035075,0.003175));
#18146=CARTESIAN_POINT('',(-0.0969875,0.035075,0.0015875));
#18147=CARTESIAN_POINT('',(-0.0969875,0.035575,0.0015875));
#18148=CARTESIAN_POINT('',(-0.0969875,0.035575,0.003175));
#18149=CARTESIAN_POINT('',(-0.0969875,0.035575,0.003175));
#18150=CARTESIAN_POINT('',(-0.0969875,0.035075,0.003175));
#18151=CARTESIAN_POINT('',(-0.1220875,0.035075,0.003175));
#18152=CARTESIAN_POINT('',(-0.1220875,0.035075,0.0015875));
#18153=CARTESIAN_POINT('',(-0.1215875,0.035075,0.0015875));
#18154=CARTESIAN_POINT('',(-0.1220875,0.035575,0.0015875));
#18155=CARTESIAN_POINT('',(-0.1215875,0.035075,0.003175));
#18156=CARTESIAN_POINT('',(-0.1215875,0.035075,0.003175));
#18157=CARTESIAN_POINT('',(-0.1220875,0.035075,0.003175));
#18158=CARTESIAN_POINT('',(-0.1220875,0.035575,0.003175));
#18159=CARTESIAN_POINT('',(-0.1220875,0.035575,0.003175));
#18160=CARTESIAN_POINT('',(-0.1215875,0.028575,0.003175));
#18161=CARTESIAN_POINT('',(-0.1215875,0.028575,0.0015875));
#18162=CARTESIAN_POINT('',(-0.1215875,0.022075,0.0015875));
#18163=CARTESIAN_POINT('',(-0.1215875,0.022075,0.003175));
#18164=CARTESIAN_POINT('',(-0.1215875,0.022075,0.003175));
#18165=CARTESIAN_POINT('',(-0.1215875,0.028575,0.003175));
#18166=CARTESIAN_POINT('',(-0.1220875,0.022075,0.003175));
#18167=CARTESIAN_POINT('',(-0.1220875,0.022075,0.0015875));
#18168=CARTESIAN_POINT('',(-0.1220875,0.021575,0.0015875));
#18169=CARTESIAN_POINT('',(-0.1220875,0.021575,0.003175));
#18170=CARTESIAN_POINT('',(-0.1220875,0.021575,0.003175));
#18171=CARTESIAN_POINT('',(-0.1220875,0.022075,0.003175));
#18172=CARTESIAN_POINT('',(-0.1285875,0.021575,0.003175));
#18173=CARTESIAN_POINT('',(-0.1285875,0.021575,0.0015875));
#18174=CARTESIAN_POINT('',(-0.1350875,0.021575,0.0015875));
#18175=CARTESIAN_POINT('',(-0.1350875,0.021575,0.003175));
#18176=CARTESIAN_POINT('',(-0.1350875,0.021575,0.003175));
#18177=CARTESIAN_POINT('',(-0.1285875,0.021575,0.003175));
#18178=CARTESIAN_POINT('',(-0.1350875,0.022075,0.003175));
#18179=CARTESIAN_POINT('',(-0.1350875,0.022075,0.0015875));
#18180=CARTESIAN_POINT('',(-0.1355875,0.022075,0.0015875));
#18181=CARTESIAN_POINT('',(-0.1355875,0.022075,0.003175));
#18182=CARTESIAN_POINT('',(-0.1355875,0.022075,0.003175));
#18183=CARTESIAN_POINT('',(-0.1350875,0.022075,0.003175));
#18184=CARTESIAN_POINT('',(-0.1355875,0.028575,0.003175));
#18185=CARTESIAN_POINT('',(-0.1355875,0.028575,0.0015875));
#18186=CARTESIAN_POINT('',(-0.1355875,0.035075,0.0015875));
#18187=CARTESIAN_POINT('',(-0.1355875,0.035075,0.003175));
#18188=CARTESIAN_POINT('',(-0.1355875,0.035075,0.003175));
#18189=CARTESIAN_POINT('',(-0.1355875,0.028575,0.003175));
#18190=CARTESIAN_POINT('',(-0.1350875,0.035075,0.003175));
#18191=CARTESIAN_POINT('',(-0.1350875,0.035075,0.0015875));
#18192=CARTESIAN_POINT('',(-0.1350875,0.035575,0.0015875));
#18193=CARTESIAN_POINT('',(-0.1350875,0.035575,0.003175));
#18194=CARTESIAN_POINT('',(-0.1350875,0.035575,0.003175));
#18195=CARTESIAN_POINT('',(-0.1350875,0.035075,0.003175));
#18196=CARTESIAN_POINT('',(-0.07079375,-0.054125,0.003175));
#18197=CARTESIAN_POINT('',(-0.07079375,-0.054125,0.0015875));
#18198=CARTESIAN_POINT('',(-0.07129375,-0.054125,0.0015875));
#18199=CARTESIAN_POINT('',(-0.07079375,-0.054625,0.0015875));
#18200=CARTESIAN_POINT('',(-0.07129375,-0.054125,0.003175));
#18201=CARTESIAN_POINT('',(-0.07129375,-0.054125,0.003175));
#18202=CARTESIAN_POINT('',(-0.07079375,-0.054125,0.003175));
#18203=CARTESIAN_POINT('',(-0.07079375,-0.054625,0.003175));
#18204=CARTESIAN_POINT('',(-0.07079375,-0.054625,0.003175));
#18205=CARTESIAN_POINT('',(-0.07129375,-0.047625,0.003175));
#18206=CARTESIAN_POINT('',(-0.07129375,-0.047625,0.0015875));
#18207=CARTESIAN_POINT('',(-0.07129375,-0.041125,0.0015875));
#18208=CARTESIAN_POINT('',(-0.07129375,-0.041125,0.003175));
#18209=CARTESIAN_POINT('',(-0.07129375,-0.041125,0.003175));
#18210=CARTESIAN_POINT('',(-0.07129375,-0.047625,0.003175));
#18211=CARTESIAN_POINT('',(-0.07079375,-0.041125,0.003175));
#18212=CARTESIAN_POINT('',(-0.07079375,-0.041125,0.0015875));
#18213=CARTESIAN_POINT('',(-0.07079375,-0.040625,0.0015875));
#18214=CARTESIAN_POINT('',(-0.07079375,-0.040625,0.003175));
#18215=CARTESIAN_POINT('',(-0.07079375,-0.040625,0.003175));
#18216=CARTESIAN_POINT('',(-0.07079375,-0.041125,0.003175));
#18217=CARTESIAN_POINT('',(-0.06429375,-0.040625,0.003175));
#18218=CARTESIAN_POINT('',(-0.06429375,-0.040625,0.0015875));
#18219=CARTESIAN_POINT('',(-0.05779375,-0.040625,0.0015875));
#18220=CARTESIAN_POINT('',(-0.05779375,-0.040625,0.003175));
#18221=CARTESIAN_POINT('',(-0.05779375,-0.040625,0.003175));
#18222=CARTESIAN_POINT('',(-0.06429375,-0.040625,0.003175));
#18223=CARTESIAN_POINT('',(-0.05779375,-0.041125,0.003175));
#18224=CARTESIAN_POINT('',(-0.05779375,-0.041125,0.0015875));
#18225=CARTESIAN_POINT('',(-0.05729375,-0.041125,0.0015875));
#18226=CARTESIAN_POINT('',(-0.05729375,-0.041125,0.003175));
#18227=CARTESIAN_POINT('',(-0.05729375,-0.041125,0.003175));
#18228=CARTESIAN_POINT('',(-0.05779375,-0.041125,0.003175));
#18229=CARTESIAN_POINT('',(-0.05729375,-0.047625,0.003175));
#18230=CARTESIAN_POINT('',(-0.05729375,-0.047625,0.0015875));
#18231=CARTESIAN_POINT('',(-0.05729375,-0.054125,0.0015875));
#18232=CARTESIAN_POINT('',(-0.05729375,-0.054125,0.003175));
#18233=CARTESIAN_POINT('',(-0.05729375,-0.054125,0.003175));
#18234=CARTESIAN_POINT('',(-0.05729375,-0.047625,0.003175));
#18235=CARTESIAN_POINT('',(-0.05779375,-0.054125,0.003175));
#18236=CARTESIAN_POINT('',(-0.05779375,-0.054125,0.0015875));
#18237=CARTESIAN_POINT('',(-0.05779375,-0.054625,0.0015875));
#18238=CARTESIAN_POINT('',(-0.05779375,-0.054625,0.003175));
#18239=CARTESIAN_POINT('',(-0.05779375,-0.054625,0.003175));
#18240=CARTESIAN_POINT('',(-0.05779375,-0.054125,0.003175));
#18241=CARTESIAN_POINT('',(-0.1220875,0.0588875,0.003175));
#18242=CARTESIAN_POINT('',(-0.1220875,0.0588875,0.0015875));
#18243=CARTESIAN_POINT('',(-0.1215875,0.0588875,0.0015875));
#18244=CARTESIAN_POINT('',(-0.1220875,0.0593875,0.0015875));
#18245=CARTESIAN_POINT('',(-0.1215875,0.0588875,0.003175));
#18246=CARTESIAN_POINT('',(-0.1215875,0.0588875,0.003175));
#18247=CARTESIAN_POINT('',(-0.1220875,0.0588875,0.003175));
#18248=CARTESIAN_POINT('',(-0.1220875,0.0593875,0.003175));
#18249=CARTESIAN_POINT('',(-0.1220875,0.0593875,0.003175));
#18250=CARTESIAN_POINT('',(-0.1215875,0.0523875,0.003175));
#18251=CARTESIAN_POINT('',(-0.1215875,0.0523875,0.0015875));
#18252=CARTESIAN_POINT('',(-0.1215875,0.0458875,0.0015875));
#18253=CARTESIAN_POINT('',(-0.1215875,0.0458875,0.003175));
#18254=CARTESIAN_POINT('',(-0.1215875,0.0458875,0.003175));
#18255=CARTESIAN_POINT('',(-0.1215875,0.0523875,0.003175));
#18256=CARTESIAN_POINT('',(-0.1220875,0.0458875,0.003175));
#18257=CARTESIAN_POINT('',(-0.1220875,0.0458875,0.0015875));
#18258=CARTESIAN_POINT('',(-0.1220875,0.0453875,0.0015875));
#18259=CARTESIAN_POINT('',(-0.1220875,0.0453875,0.003175));
#18260=CARTESIAN_POINT('',(-0.1220875,0.0453875,0.003175));
#18261=CARTESIAN_POINT('',(-0.1220875,0.0458875,0.003175));
#18262=CARTESIAN_POINT('',(-0.1285875,0.0453875,0.003175));
#18263=CARTESIAN_POINT('',(-0.1285875,0.0453875,0.0015875));
#18264=CARTESIAN_POINT('',(-0.1350875,0.0453875,0.0015875));
#18265=CARTESIAN_POINT('',(-0.1350875,0.0453875,0.003175));
#18266=CARTESIAN_POINT('',(-0.1350875,0.0453875,0.003175));
#18267=CARTESIAN_POINT('',(-0.1285875,0.0453875,0.003175));
#18268=CARTESIAN_POINT('',(-0.1350875,0.0458875,0.003175));
#18269=CARTESIAN_POINT('',(-0.1350875,0.0458875,0.0015875));
#18270=CARTESIAN_POINT('',(-0.1355875,0.0458875,0.0015875));
#18271=CARTESIAN_POINT('',(-0.1355875,0.0458875,0.003175));
#18272=CARTESIAN_POINT('',(-0.1355875,0.0458875,0.003175));
#18273=CARTESIAN_POINT('',(-0.1350875,0.0458875,0.003175));
#18274=CARTESIAN_POINT('',(-0.1355875,0.0523875,0.003175));
#18275=CARTESIAN_POINT('',(-0.1355875,0.0523875,0.0015875));
#18276=CARTESIAN_POINT('',(-0.1355875,0.0588875,0.0015875));
#18277=CARTESIAN_POINT('',(-0.1355875,0.0588875,0.003175));
#18278=CARTESIAN_POINT('',(-0.1355875,0.0588875,0.003175));
#18279=CARTESIAN_POINT('',(-0.1355875,0.0523875,0.003175));
#18280=CARTESIAN_POINT('',(-0.1350875,0.0588875,0.003175));
#18281=CARTESIAN_POINT('',(-0.1350875,0.0588875,0.0015875));
#18282=CARTESIAN_POINT('',(-0.1350875,0.0593875,0.0015875));
#18283=CARTESIAN_POINT('',(-0.1350875,0.0593875,0.003175));
#18284=CARTESIAN_POINT('',(-0.1350875,0.0593875,0.003175));
#18285=CARTESIAN_POINT('',(-0.1350875,0.0588875,0.003175));
#18286=CARTESIAN_POINT('',(-0.0363625,0.0588875,0.003175));
#18287=CARTESIAN_POINT('',(-0.0363625,0.0588875,0.0015875));
#18288=CARTESIAN_POINT('',(-0.0358625,0.0588875,0.0015875));
#18289=CARTESIAN_POINT('',(-0.0363625,0.0593875,0.0015875));
#18290=CARTESIAN_POINT('',(-0.0358625,0.0588875,0.003175));
#18291=CARTESIAN_POINT('',(-0.0358625,0.0588875,0.003175));
#18292=CARTESIAN_POINT('',(-0.0363625,0.0588875,0.003175));
#18293=CARTESIAN_POINT('',(-0.0363625,0.0593875,0.003175));
#18294=CARTESIAN_POINT('',(-0.0363625,0.0593875,0.003175));
#18295=CARTESIAN_POINT('',(-0.0358625,0.0523875,0.003175));
#18296=CARTESIAN_POINT('',(-0.0358625,0.0523875,0.0015875));
#18297=CARTESIAN_POINT('',(-0.0358625,0.0458875,0.0015875));
#18298=CARTESIAN_POINT('',(-0.0358625,0.0458875,0.003175));
#18299=CARTESIAN_POINT('',(-0.0358625,0.0458875,0.003175));
#18300=CARTESIAN_POINT('',(-0.0358625,0.0523875,0.003175));
#18301=CARTESIAN_POINT('',(-0.0363625,0.0458875,0.003175));
#18302=CARTESIAN_POINT('',(-0.0363625,0.0458875,0.0015875));
#18303=CARTESIAN_POINT('',(-0.0363625,0.0453875,0.0015875));
#18304=CARTESIAN_POINT('',(-0.0363625,0.0453875,0.003175));
#18305=CARTESIAN_POINT('',(-0.0363625,0.0453875,0.003175));
#18306=CARTESIAN_POINT('',(-0.0363625,0.0458875,0.003175));
#18307=CARTESIAN_POINT('',(-0.0428625,0.0453875,0.003175));
#18308=CARTESIAN_POINT('',(-0.0428625,0.0453875,0.0015875));
#18309=CARTESIAN_POINT('',(-0.0493625,0.0453875,0.0015875));
#18310=CARTESIAN_POINT('',(-0.0493625,0.0453875,0.003175));
#18311=CARTESIAN_POINT('',(-0.0493625,0.0453875,0.003175));
#18312=CARTESIAN_POINT('',(-0.0428625,0.0453875,0.003175));
#18313=CARTESIAN_POINT('',(-0.0493625,0.0458875,0.003175));
#18314=CARTESIAN_POINT('',(-0.0493625,0.0458875,0.0015875));
#18315=CARTESIAN_POINT('',(-0.0498625,0.0458875,0.0015875));
#18316=CARTESIAN_POINT('',(-0.0498625,0.0458875,0.003175));
#18317=CARTESIAN_POINT('',(-0.0498625,0.0458875,0.003175));
#18318=CARTESIAN_POINT('',(-0.0493625,0.0458875,0.003175));
#18319=CARTESIAN_POINT('',(-0.0498625,0.0523875,0.003175));
#18320=CARTESIAN_POINT('',(-0.0498625,0.0523875,0.0015875));
#18321=CARTESIAN_POINT('',(-0.0498625,0.0588875,0.0015875));
#18322=CARTESIAN_POINT('',(-0.0498625,0.0588875,0.003175));
#18323=CARTESIAN_POINT('',(-0.0498625,0.0588875,0.003175));
#18324=CARTESIAN_POINT('',(-0.0498625,0.0523875,0.003175));
#18325=CARTESIAN_POINT('',(-0.0493625,0.0588875,0.003175));
#18326=CARTESIAN_POINT('',(-0.0493625,0.0588875,0.0015875));
#18327=CARTESIAN_POINT('',(-0.0493625,0.0593875,0.0015875));
#18328=CARTESIAN_POINT('',(-0.0493625,0.0593875,0.003175));
#18329=CARTESIAN_POINT('',(-0.0493625,0.0593875,0.003175));
#18330=CARTESIAN_POINT('',(-0.0493625,0.0588875,0.003175));
#18331=CARTESIAN_POINT('',(-0.11729375,-0.056125,0.003175));
#18332=CARTESIAN_POINT('',(-0.11729375,-0.056125,0.0015875));
#18333=CARTESIAN_POINT('',(-0.11779375,-0.056125,0.0015875));
#18334=CARTESIAN_POINT('',(-0.11729375,-0.056625,0.0015875));
#18335=CARTESIAN_POINT('',(-0.11779375,-0.056125,0.003175));
#18336=CARTESIAN_POINT('',(-0.11779375,-0.056125,0.003175));
#18337=CARTESIAN_POINT('',(-0.11729375,-0.056125,0.003175));
#18338=CARTESIAN_POINT('',(-0.11729375,-0.056625,0.003175));
#18339=CARTESIAN_POINT('',(-0.11729375,-0.056625,0.003175));
#18340=CARTESIAN_POINT('',(-0.11779375,-0.049125,0.003175));
#18341=CARTESIAN_POINT('',(-0.11779375,-0.049125,0.0015875));
#18342=CARTESIAN_POINT('',(-0.11779375,-0.042125,0.0015875));
#18343=CARTESIAN_POINT('',(-0.11779375,-0.042125,0.003175));
#18344=CARTESIAN_POINT('',(-0.11779375,-0.042125,0.003175));
#18345=CARTESIAN_POINT('',(-0.11779375,-0.049125,0.003175));
#18346=CARTESIAN_POINT('',(-0.11729375,-0.042125,0.003175));
#18347=CARTESIAN_POINT('',(-0.11729375,-0.042125,0.0015875));
#18348=CARTESIAN_POINT('',(-0.11729375,-0.041625,0.0015875));
#18349=CARTESIAN_POINT('',(-0.11729375,-0.041625,0.003175));
#18350=CARTESIAN_POINT('',(-0.11729375,-0.041625,0.003175));
#18351=CARTESIAN_POINT('',(-0.11729375,-0.042125,0.003175));
#18352=CARTESIAN_POINT('',(-0.11429375,-0.041625,0.003175));
#18353=CARTESIAN_POINT('',(-0.11429375,-0.041625,0.0015875));
#18354=CARTESIAN_POINT('',(-0.11129375,-0.041625,0.0015875));
#18355=CARTESIAN_POINT('',(-0.11129375,-0.041625,0.003175));
#18356=CARTESIAN_POINT('',(-0.11129375,-0.041625,0.003175));
#18357=CARTESIAN_POINT('',(-0.11429375,-0.041625,0.003175));
#18358=CARTESIAN_POINT('',(-0.11129375,-0.042125,0.003175));
#18359=CARTESIAN_POINT('',(-0.11129375,-0.042125,0.0015875));
#18360=CARTESIAN_POINT('',(-0.11079375,-0.042125,0.0015875));
#18361=CARTESIAN_POINT('',(-0.11079375,-0.042125,0.003175));
#18362=CARTESIAN_POINT('',(-0.11079375,-0.042125,0.003175));
#18363=CARTESIAN_POINT('',(-0.11129375,-0.042125,0.003175));
#18364=CARTESIAN_POINT('',(-0.11079375,-0.049125,0.003175));
#18365=CARTESIAN_POINT('',(-0.11079375,-0.049125,0.0015875));
#18366=CARTESIAN_POINT('',(-0.11079375,-0.056125,0.0015875));
#18367=CARTESIAN_POINT('',(-0.11079375,-0.056125,0.003175));
#18368=CARTESIAN_POINT('',(-0.11079375,-0.056125,0.003175));
#18369=CARTESIAN_POINT('',(-0.11079375,-0.049125,0.003175));
#18370=CARTESIAN_POINT('',(-0.11129375,-0.056125,0.003175));
#18371=CARTESIAN_POINT('',(-0.11129375,-0.056125,0.0015875));
#18372=CARTESIAN_POINT('',(-0.11129375,-0.056625,0.0015875));
#18373=CARTESIAN_POINT('',(-0.11129375,-0.056625,0.003175));
#18374=CARTESIAN_POINT('',(-0.11129375,-0.056625,0.003175));
#18375=CARTESIAN_POINT('',(-0.11129375,-0.056125,0.003175));
#18376=CARTESIAN_POINT('',(-0.0112625,0.0588875,0.003175));
#18377=CARTESIAN_POINT('',(-0.0112625,0.0588875,0.0015875));
#18378=CARTESIAN_POINT('',(-0.0112625,0.0593875,0.0015875));
#18379=CARTESIAN_POINT('',(-0.0117625,0.0588875,0.0015875));
#18380=CARTESIAN_POINT('',(-0.0112625,0.0593875,0.003175));
#18381=CARTESIAN_POINT('',(-0.0112625,0.0593875,0.003175));
#18382=CARTESIAN_POINT('',(-0.0112625,0.0588875,0.003175));
#18383=CARTESIAN_POINT('',(-0.0117625,0.0588875,0.003175));
#18384=CARTESIAN_POINT('',(-0.0117625,0.0588875,0.003175));
#18385=CARTESIAN_POINT('',(-0.0047625,0.0593875,0.003175));
#18386=CARTESIAN_POINT('',(-0.0047625,0.0593875,0.0015875));
#18387=CARTESIAN_POINT('',(0.0017375,0.0593875,0.0015875));
#18388=CARTESIAN_POINT('',(0.0017375,0.0593875,0.003175));
#18389=CARTESIAN_POINT('',(0.0017375,0.0593875,0.003175));
#18390=CARTESIAN_POINT('',(-0.0047625,0.0593875,0.003175));
#18391=CARTESIAN_POINT('',(0.0017375,0.0588875,0.003175));
#18392=CARTESIAN_POINT('',(0.0017375,0.0588875,0.0015875));
#18393=CARTESIAN_POINT('',(0.0022375,0.0588875,0.0015875));
#18394=CARTESIAN_POINT('',(0.0022375,0.0588875,0.003175));
#18395=CARTESIAN_POINT('',(0.0022375,0.0588875,0.003175));
#18396=CARTESIAN_POINT('',(0.0017375,0.0588875,0.003175));
#18397=CARTESIAN_POINT('',(0.0022375,0.0523875,0.003175));
#18398=CARTESIAN_POINT('',(0.0022375,0.0523875,0.0015875));
#18399=CARTESIAN_POINT('',(0.0022375,0.0458875,0.0015875));
#18400=CARTESIAN_POINT('',(0.0022375,0.0458875,0.003175));
#18401=CARTESIAN_POINT('',(0.0022375,0.0458875,0.003175));
#18402=CARTESIAN_POINT('',(0.0022375,0.0523875,0.003175));
#18403=CARTESIAN_POINT('',(0.0017375,0.0458875,0.003175));
#18404=CARTESIAN_POINT('',(0.0017375,0.0458875,0.0015875));
#18405=CARTESIAN_POINT('',(0.0017375,0.0453875,0.0015875));
#18406=CARTESIAN_POINT('',(0.0017375,0.0453875,0.003175));
#18407=CARTESIAN_POINT('',(0.0017375,0.0453875,0.003175));
#18408=CARTESIAN_POINT('',(0.0017375,0.0458875,0.003175));
#18409=CARTESIAN_POINT('',(-0.0047625,0.0453875,0.003175));
#18410=CARTESIAN_POINT('',(-0.0047625,0.0453875,0.0015875));
#18411=CARTESIAN_POINT('',(-0.0112625,0.0453875,0.0015875));
#18412=CARTESIAN_POINT('',(-0.0112625,0.0453875,0.003175));
#18413=CARTESIAN_POINT('',(-0.0112625,0.0453875,0.003175));
#18414=CARTESIAN_POINT('',(-0.0047625,0.0453875,0.003175));
#18415=CARTESIAN_POINT('',(-0.0112625,0.0458875,0.003175));
#18416=CARTESIAN_POINT('',(-0.0112625,0.0458875,0.0015875));
#18417=CARTESIAN_POINT('',(-0.0117625,0.0458875,0.0015875));
#18418=CARTESIAN_POINT('',(-0.0117625,0.0458875,0.003175));
#18419=CARTESIAN_POINT('',(-0.0117625,0.0458875,0.003175));
#18420=CARTESIAN_POINT('',(-0.0112625,0.0458875,0.003175));
#18421=CARTESIAN_POINT('',(0.0303125,0.0588875,0.003175));
#18422=CARTESIAN_POINT('',(0.0303125,0.0588875,0.0015875));
#18423=CARTESIAN_POINT('',(0.0308125,0.0588875,0.0015875));
#18424=CARTESIAN_POINT('',(0.0303125,0.0593875,0.0015875));
#18425=CARTESIAN_POINT('',(0.0308125,0.0588875,0.003175));
#18426=CARTESIAN_POINT('',(0.0308125,0.0588875,0.003175));
#18427=CARTESIAN_POINT('',(0.0303125,0.0588875,0.003175));
#18428=CARTESIAN_POINT('',(0.0303125,0.0593875,0.003175));
#18429=CARTESIAN_POINT('',(0.0303125,0.0593875,0.003175));
#18430=CARTESIAN_POINT('',(0.0308125,0.0523875,0.003175));
#18431=CARTESIAN_POINT('',(0.0308125,0.0523875,0.0015875));
#18432=CARTESIAN_POINT('',(0.0308125,0.0458875,0.0015875));
#18433=CARTESIAN_POINT('',(0.0308125,0.0458875,0.003175));
#18434=CARTESIAN_POINT('',(0.0308125,0.0458875,0.003175));
#18435=CARTESIAN_POINT('',(0.0308125,0.0523875,0.003175));
#18436=CARTESIAN_POINT('',(0.0303125,0.0458875,0.003175));
#18437=CARTESIAN_POINT('',(0.0303125,0.0458875,0.0015875));
#18438=CARTESIAN_POINT('',(0.0303125,0.0453875,0.0015875));
#18439=CARTESIAN_POINT('',(0.0303125,0.0453875,0.003175));
#18440=CARTESIAN_POINT('',(0.0303125,0.0453875,0.003175));
#18441=CARTESIAN_POINT('',(0.0303125,0.0458875,0.003175));
#18442=CARTESIAN_POINT('',(0.0238125,0.0453875,0.003175));
#18443=CARTESIAN_POINT('',(0.0238125,0.0453875,0.0015875));
#18444=CARTESIAN_POINT('',(0.0173125,0.0453875,0.0015875));
#18445=CARTESIAN_POINT('',(0.0173125,0.0453875,0.003175));
#18446=CARTESIAN_POINT('',(0.0173125,0.0453875,0.003175));
#18447=CARTESIAN_POINT('',(0.0238125,0.0453875,0.003175));
#18448=CARTESIAN_POINT('',(0.0173125,0.0458875,0.003175));
#18449=CARTESIAN_POINT('',(0.0173125,0.0458875,0.0015875));
#18450=CARTESIAN_POINT('',(0.0168125,0.0458875,0.0015875));
#18451=CARTESIAN_POINT('',(0.0168125,0.0458875,0.003175));
#18452=CARTESIAN_POINT('',(0.0168125,0.0458875,0.003175));
#18453=CARTESIAN_POINT('',(0.0173125,0.0458875,0.003175));
#18454=CARTESIAN_POINT('',(0.0168125,0.0523875,0.003175));
#18455=CARTESIAN_POINT('',(0.0168125,0.0523875,0.0015875));
#18456=CARTESIAN_POINT('',(0.0168125,0.0588875,0.0015875));
#18457=CARTESIAN_POINT('',(0.0168125,0.0588875,0.003175));
#18458=CARTESIAN_POINT('',(0.0168125,0.0588875,0.003175));
#18459=CARTESIAN_POINT('',(0.0168125,0.0523875,0.003175));
#18460=CARTESIAN_POINT('',(0.0173125,0.0588875,0.003175));
#18461=CARTESIAN_POINT('',(0.0173125,0.0588875,0.0015875));
#18462=CARTESIAN_POINT('',(0.0173125,0.0593875,0.0015875));
#18463=CARTESIAN_POINT('',(0.0173125,0.0593875,0.003175));
#18464=CARTESIAN_POINT('',(0.0173125,0.0593875,0.003175));
#18465=CARTESIAN_POINT('',(0.0173125,0.0588875,0.003175));
#18466=CARTESIAN_POINT('',(-0.0935125,0.016025,0.003175));
#18467=CARTESIAN_POINT('',(-0.0935125,0.016025,0.0015875));
#18468=CARTESIAN_POINT('',(-0.0930125,0.016025,0.0015875));
#18469=CARTESIAN_POINT('',(-0.0935125,0.016525,0.0015875));
#18470=CARTESIAN_POINT('',(-0.0930125,0.016025,0.003175));
#18471=CARTESIAN_POINT('',(-0.0930125,0.016025,0.003175));
#18472=CARTESIAN_POINT('',(-0.0935125,0.016025,0.003175));
#18473=CARTESIAN_POINT('',(-0.0935125,0.016525,0.003175));
#18474=CARTESIAN_POINT('',(-0.0935125,0.016525,0.003175));
#18475=CARTESIAN_POINT('',(-0.0930125,0.009525,0.003175));
#18476=CARTESIAN_POINT('',(-0.0930125,0.009525,0.0015875));
#18477=CARTESIAN_POINT('',(-0.0930125,0.003025,0.0015875));
#18478=CARTESIAN_POINT('',(-0.0930125,0.003025,0.003175));
#18479=CARTESIAN_POINT('',(-0.0930125,0.003025,0.003175));
#18480=CARTESIAN_POINT('',(-0.0930125,0.009525,0.003175));
#18481=CARTESIAN_POINT('',(-0.0935125,0.003025,0.003175));
#18482=CARTESIAN_POINT('',(-0.0935125,0.003025,0.0015875));
#18483=CARTESIAN_POINT('',(-0.0935125,0.002525,0.0015875));
#18484=CARTESIAN_POINT('',(-0.0935125,0.002525,0.003175));
#18485=CARTESIAN_POINT('',(-0.0935125,0.002525,0.003175));
#18486=CARTESIAN_POINT('',(-0.0935125,0.003025,0.003175));
#18487=CARTESIAN_POINT('',(-0.1000125,0.002525,0.003175));
#18488=CARTESIAN_POINT('',(-0.1000125,0.002525,0.0015875));
#18489=CARTESIAN_POINT('',(-0.1065125,0.002525,0.0015875));
#18490=CARTESIAN_POINT('',(-0.1065125,0.002525,0.003175));
#18491=CARTESIAN_POINT('',(-0.1065125,0.002525,0.003175));
#18492=CARTESIAN_POINT('',(-0.1000125,0.002525,0.003175));
#18493=CARTESIAN_POINT('',(-0.1065125,0.00302500000000004,0.003175));
#18494=CARTESIAN_POINT('',(-0.1065125,0.00302500000000004,0.0015875));
#18495=CARTESIAN_POINT('',(-0.1070125,0.003025,0.0015875));
#18496=CARTESIAN_POINT('',(-0.1070125,0.003025,0.003175));
#18497=CARTESIAN_POINT('',(-0.1070125,0.003025,0.003175));
#18498=CARTESIAN_POINT('',(-0.1065125,0.00302500000000004,0.003175));
#18499=CARTESIAN_POINT('',(-0.1070125,0.009525,0.003175));
#18500=CARTESIAN_POINT('',(-0.1070125,0.009525,0.0015875));
#18501=CARTESIAN_POINT('',(-0.1070125,0.016025,0.0015875));
#18502=CARTESIAN_POINT('',(-0.1070125,0.016025,0.003175));
#18503=CARTESIAN_POINT('',(-0.1070125,0.016025,0.003175));
#18504=CARTESIAN_POINT('',(-0.1070125,0.009525,0.003175));
#18505=CARTESIAN_POINT('',(-0.1065125,0.016025,0.003175));
#18506=CARTESIAN_POINT('',(-0.1065125,0.016025,0.0015875));
#18507=CARTESIAN_POINT('',(-0.1065125,0.016525,0.0015875));
#18508=CARTESIAN_POINT('',(-0.1065125,0.016525,0.003175));
#18509=CARTESIAN_POINT('',(-0.1065125,0.016525,0.003175));
#18510=CARTESIAN_POINT('',(-0.1065125,0.016025,0.003175));
#18511=CARTESIAN_POINT('',(-0.0022375,0.028575,0.003175));
#18512=CARTESIAN_POINT('',(-0.0022375,0.028575,0.0015875));
#18513=CARTESIAN_POINT('',(-0.0022375,0.035075,0.0015875));
#18514=CARTESIAN_POINT('',(-0.0022375,0.022075,0.0015875));
#18515=CARTESIAN_POINT('',(-0.0022375,0.035075,0.003175));
#18516=CARTESIAN_POINT('',(-0.0022375,0.035075,0.003175));
#18517=CARTESIAN_POINT('',(-0.0022375,0.028575,0.003175));
#18518=CARTESIAN_POINT('',(-0.0022375,0.022075,0.003175));
#18519=CARTESIAN_POINT('',(-0.0022375,0.022075,0.003175));
#18520=CARTESIAN_POINT('',(-0.0017375,0.035075,0.003175));
#18521=CARTESIAN_POINT('',(-0.0017375,0.035075,0.0015875));
#18522=CARTESIAN_POINT('',(-0.0017375,0.035575,0.0015875));
#18523=CARTESIAN_POINT('',(-0.0017375,0.035575,0.003175));
#18524=CARTESIAN_POINT('',(-0.0017375,0.035575,0.003175));
#18525=CARTESIAN_POINT('',(-0.0017375,0.035075,0.003175));
#18526=CARTESIAN_POINT('',(0.0047625,0.035575,0.003175));
#18527=CARTESIAN_POINT('',(0.0047625,0.035575,0.0015875));
#18528=CARTESIAN_POINT('',(0.0112625,0.035575,0.0015875));
#18529=CARTESIAN_POINT('',(0.0112625,0.035575,0.003175));
#18530=CARTESIAN_POINT('',(0.0112625,0.035575,0.003175));
#18531=CARTESIAN_POINT('',(0.0047625,0.035575,0.003175));
#18532=CARTESIAN_POINT('',(0.0112625,0.035075,0.003175));
#18533=CARTESIAN_POINT('',(0.0112625,0.035075,0.0015875));
#18534=CARTESIAN_POINT('',(0.0117625,0.035075,0.0015875));
#18535=CARTESIAN_POINT('',(0.0117625,0.035075,0.003175));
#18536=CARTESIAN_POINT('',(0.0117625,0.035075,0.003175));
#18537=CARTESIAN_POINT('',(0.0112625,0.035075,0.003175));
#18538=CARTESIAN_POINT('',(0.0117625,0.028575,0.003175));
#18539=CARTESIAN_POINT('',(0.0117625,0.028575,0.0015875));
#18540=CARTESIAN_POINT('',(0.0117625,0.022075,0.0015875));
#18541=CARTESIAN_POINT('',(0.0117625,0.022075,0.003175));
#18542=CARTESIAN_POINT('',(0.0117625,0.022075,0.003175));
#18543=CARTESIAN_POINT('',(0.0117625,0.028575,0.003175));
#18544=CARTESIAN_POINT('',(0.0112625,0.022075,0.003175));
#18545=CARTESIAN_POINT('',(0.0112625,0.022075,0.0015875));
#18546=CARTESIAN_POINT('',(0.0112625,0.021575,0.0015875));
#18547=CARTESIAN_POINT('',(0.0112625,0.021575,0.003175));
#18548=CARTESIAN_POINT('',(0.0112625,0.021575,0.003175));
#18549=CARTESIAN_POINT('',(0.0112625,0.022075,0.003175));
#18550=CARTESIAN_POINT('',(0.0047625,0.021575,0.003175));
#18551=CARTESIAN_POINT('',(0.0047625,0.021575,0.0015875));
#18552=CARTESIAN_POINT('',(-0.0017375,0.021575,0.0015875));
#18553=CARTESIAN_POINT('',(-0.0017375,0.021575,0.003175));
#18554=CARTESIAN_POINT('',(-0.0017375,0.021575,0.003175));
#18555=CARTESIAN_POINT('',(0.0047625,0.021575,0.003175));
#18556=CARTESIAN_POINT('',(-0.104775,-0.021575,0.003175));
#18557=CARTESIAN_POINT('',(-0.104775,-0.021575,0.0015875));
#18558=CARTESIAN_POINT('',(-0.104775,-0.021575,0.003175));
#18559=CARTESIAN_POINT('',(-0.085725,-0.021575,0.003175));
#18560=CARTESIAN_POINT('',(-0.085725,-0.021575,0.0015875));
#18561=CARTESIAN_POINT('',(-0.085725,-0.021575,0.003175));
#18562=CARTESIAN_POINT('',(-0.0381,-0.002525,0.003175));
#18563=CARTESIAN_POINT('',(-0.0381,-0.002525,0.0015875));
#18564=CARTESIAN_POINT('',(-0.0381,-0.002525,0.003175));
#18565=CARTESIAN_POINT('',(-0.18559375,-0.009525,0.003175));
#18566=CARTESIAN_POINT('',(-0.18559375,-0.009525,0.0015875));
#18567=CARTESIAN_POINT('',(-0.18559375,-0.009525,0.003175));
#18568=CARTESIAN_POINT('',(-0.1165375,0.0523875,0.003175));
#18569=CARTESIAN_POINT('',(-0.1165375,0.0523875,0.0015875));
#18570=CARTESIAN_POINT('',(-0.1165375,0.0523875,0.003175));
#18571=CARTESIAN_POINT('',(-0.15558125,-0.021575,0.003175));
#18572=CARTESIAN_POINT('',(-0.15558125,-0.021575,0.0015875));
#18573=CARTESIAN_POINT('',(-0.15558125,-0.021575,0.003175));
#18574=CARTESIAN_POINT('',(0.0072875,0.009525,0.003175));
#18575=CARTESIAN_POINT('',(0.0072875,0.009525,0.0015875));
#18576=CARTESIAN_POINT('',(0.0072875,0.009525,0.003175));
#18577=CARTESIAN_POINT('',(-0.0809625,0.016525,0.003175));
#18578=CARTESIAN_POINT('',(-0.0809625,0.016525,0.0015875));
#18579=CARTESIAN_POINT('',(-0.0809625,0.016525,0.003175));
#18580=CARTESIAN_POINT('',(-0.170225,0.016525,0.003175));
#18581=CARTESIAN_POINT('',(-0.170225,0.016525,0.0015875));
#18582=CARTESIAN_POINT('',(-0.170225,0.016525,0.003175));
#18583=CARTESIAN_POINT('',(-0.066675,-0.021575,0.003175));
#18584=CARTESIAN_POINT('',(-0.066675,-0.021575,0.0015875));
#18585=CARTESIAN_POINT('',(-0.066675,-0.021575,0.003175));
#18586=CARTESIAN_POINT('',(-0.1476375,0.0593875,0.003175));
#18587=CARTESIAN_POINT('',(-0.1476375,0.0593875,0.0015875));
#18588=CARTESIAN_POINT('',(-0.1476375,0.0593875,0.003175));
#18589=CARTESIAN_POINT('',(-0.0832,-0.009525,0.003175));
#18590=CARTESIAN_POINT('',(-0.0832,-0.009525,0.0015875));
#18591=CARTESIAN_POINT('',(-0.0832,-0.009525,0.003175));
#18592=CARTESIAN_POINT('',(-0.16884375,-0.009525,0.003175));
#18593=CARTESIAN_POINT('',(-0.16884375,-0.009525,0.0015875));
#18594=CARTESIAN_POINT('',(-0.16884375,-0.009525,0.003175));
#18595=CARTESIAN_POINT('',(-0.17383125,-0.021575,0.003175));
#18596=CARTESIAN_POINT('',(-0.17383125,-0.021575,0.0015875));
#18597=CARTESIAN_POINT('',(-0.17383125,-0.021575,0.003175));
#18598=CARTESIAN_POINT('',(-0.0403375,0.028575,0.003175));
#18599=CARTESIAN_POINT('',(-0.0403375,0.028575,0.0015875));
#18600=CARTESIAN_POINT('',(-0.0403375,0.028575,0.003175));
#18601=CARTESIAN_POINT('',(-0.0784375,0.028575,0.003175));
#18602=CARTESIAN_POINT('',(-0.0784375,0.028575,0.0015875));
#18603=CARTESIAN_POINT('',(-0.0784375,0.028575,0.003175));
#18604=CARTESIAN_POINT('',(-0.047625,-0.021575,0.003175));
#18605=CARTESIAN_POINT('',(-0.047625,-0.021575,0.0015875));
#18606=CARTESIAN_POINT('',(-0.047625,-0.021575,0.003175));
#18607=CARTESIAN_POINT('',(-0.035575,-0.028575,0.003175));
#18608=CARTESIAN_POINT('',(-0.035575,-0.028575,0.0015875));
#18609=CARTESIAN_POINT('',(-0.035575,-0.028575,0.003175));
#18610=CARTESIAN_POINT('',(-0.0523875,0.035575,0.003175));
#18611=CARTESIAN_POINT('',(-0.0523875,0.035575,0.0015875));
#18612=CARTESIAN_POINT('',(-0.0523875,0.035575,0.003175));
#18613=CARTESIAN_POINT('',(0.0250564530918034,0.01905,0.003175));
#18614=CARTESIAN_POINT('',(0.0250564530918034,0.01905,0.0015875));
#18615=CARTESIAN_POINT('',(0.0250564530918034,0.01905,0.003175));
#18616=CARTESIAN_POINT('',(-0.0142875,0.021575,0.003175));
#18617=CARTESIAN_POINT('',(-0.0142875,0.021575,0.0015875));
#18618=CARTESIAN_POINT('',(-0.0142875,0.021575,0.003175));
#18619=CARTESIAN_POINT('',(-0.1476375,0.035575,0.003175));
#18620=CARTESIAN_POINT('',(-0.1476375,0.035575,0.0015875));
#18621=CARTESIAN_POINT('',(-0.1476375,0.035575,0.003175));
#18622=CARTESIAN_POINT('',(-0.0238125,0.0593875,0.003175));
#18623=CARTESIAN_POINT('',(-0.0238125,0.0593875,0.0015875));
#18624=CARTESIAN_POINT('',(-0.0238125,0.0593875,0.003175));
#18625=CARTESIAN_POINT('',(-0.0498625,0.009525,0.003175));
#18626=CARTESIAN_POINT('',(-0.0498625,0.009525,0.0015875));
#18627=CARTESIAN_POINT('',(-0.0498625,0.009525,0.003175));
#18628=CARTESIAN_POINT('',(-0.1927375,0.0523875,0.003175));
#18629=CARTESIAN_POINT('',(-0.1927375,0.0523875,0.0015875));
#18630=CARTESIAN_POINT('',(-0.1927375,0.0523875,0.003175));
#18631=CARTESIAN_POINT('',(-0.16189325,-0.037575,0.003175));
#18632=CARTESIAN_POINT('',(-0.16189325,-0.037575,0.0015875));
#18633=CARTESIAN_POINT('',(-0.16189325,-0.037575,0.003175));
#18634=CARTESIAN_POINT('',(-0.0974875,0.0523875,0.003175));
#18635=CARTESIAN_POINT('',(-0.0974875,0.0523875,0.0015875));
#18636=CARTESIAN_POINT('',(-0.0974875,0.0523875,0.003175));
#18637=CARTESIAN_POINT('',(-0.0689125,0.0523875,0.003175));
#18638=CARTESIAN_POINT('',(-0.0689125,0.0523875,0.0015875));
#18639=CARTESIAN_POINT('',(-0.0689125,0.0523875,0.003175));
#18640=CARTESIAN_POINT('',(-0.01079375,-0.049125,0.003175));
#18641=CARTESIAN_POINT('',(-0.01079375,-0.049125,0.0015875));
#18642=CARTESIAN_POINT('',(-0.01079375,-0.049125,0.003175));
#18643=CARTESIAN_POINT('',(-0.1451125,0.009525,0.003175));
#18644=CARTESIAN_POINT('',(-0.1451125,0.009525,0.0015875));
#18645=CARTESIAN_POINT('',(-0.1451125,0.009525,0.003175));
#18646=CARTESIAN_POINT('',(-0.1260625,0.009525,0.003175));
#18647=CARTESIAN_POINT('',(-0.1260625,0.009525,0.0015875));
#18648=CARTESIAN_POINT('',(-0.1260625,0.009525,0.003175));
#18649=CARTESIAN_POINT('',(-0.18226925,-0.030075,0.003175));
#18650=CARTESIAN_POINT('',(-0.18226925,-0.030075,0.0015875));
#18651=CARTESIAN_POINT('',(-0.18226925,-0.030075,0.003175));
#18652=CARTESIAN_POINT('',(-0.149875,-0.028575,0.003175));
#18653=CARTESIAN_POINT('',(-0.149875,-0.028575,0.0015875));
#18654=CARTESIAN_POINT('',(-0.149875,-0.028575,0.003175));
#18655=CARTESIAN_POINT('',(-0.1524,-0.002525,0.003175));
#18656=CARTESIAN_POINT('',(-0.1524,-0.002525,0.0015875));
#18657=CARTESIAN_POINT('',(-0.1524,-0.002525,0.003175));
#18658=CARTESIAN_POINT('',(-0.10175,-0.016025,0.003175));
#18659=CARTESIAN_POINT('',(-0.10175,-0.016025,0.0015875));
#18660=CARTESIAN_POINT('',(-0.10175,-0.016025,0.003175));
#18661=CARTESIAN_POINT('',(-0.1857375,0.035575,0.003175));
#18662=CARTESIAN_POINT('',(-0.1857375,0.035575,0.0015875));
#18663=CARTESIAN_POINT('',(-0.1857375,0.035575,0.003175));
#18664=CARTESIAN_POINT('',(-0.15254375,-0.047625,0.003175));
#18665=CARTESIAN_POINT('',(-0.15254375,-0.047625,0.0015875));
#18666=CARTESIAN_POINT('',(-0.15254375,-0.047625,0.003175));
#18667=CARTESIAN_POINT('',(0.,-0.002525,0.003175));
#18668=CARTESIAN_POINT('',(0.,-0.002525,0.0015875));
#18669=CARTESIAN_POINT('',(0.,-0.002525,0.003175));
#18670=CARTESIAN_POINT('',(-0.0238125,0.002525,0.003175));
#18671=CARTESIAN_POINT('',(-0.0238125,0.002525,0.0015875));
#18672=CARTESIAN_POINT('',(-0.0238125,0.002525,0.003175));
#18673=CARTESIAN_POINT('',(-0.19035625,-0.047625,0.003175));
#18674=CARTESIAN_POINT('',(-0.19035625,-0.047625,0.0015875));
#18675=CARTESIAN_POINT('',(-0.19035625,-0.047625,0.003175));
#18676=CARTESIAN_POINT('',(-0.14273125,-0.047625,0.003175));
#18677=CARTESIAN_POINT('',(-0.14273125,-0.047625,0.0015875));
#18678=CARTESIAN_POINT('',(-0.14273125,-0.047625,0.003175));
#18679=CARTESIAN_POINT('',(-0.01905,-0.016525,0.003175));
#18680=CARTESIAN_POINT('',(-0.01905,-0.016525,0.0015875));
#18681=CARTESIAN_POINT('',(-0.01905,-0.016525,0.003175));
#18682=CARTESIAN_POINT('',(-0.0619125,0.002525,0.003175));
#18683=CARTESIAN_POINT('',(-0.0619125,0.002525,0.0015875));
#18684=CARTESIAN_POINT('',(-0.0619125,0.002525,0.003175));
#18685=CARTESIAN_POINT('',(-0.13335,-0.002525,0.003175));
#18686=CARTESIAN_POINT('',(-0.13335,-0.002525,0.0015875));
#18687=CARTESIAN_POINT('',(-0.13335,-0.002525,0.003175));
#18688=CARTESIAN_POINT('',(-0.1143,-0.002525,0.003175));
#18689=CARTESIAN_POINT('',(-0.1143,-0.002525,0.0015875));
#18690=CARTESIAN_POINT('',(-0.1143,-0.002525,0.003175));
#18691=CARTESIAN_POINT('',(-0.187475,0.00302500000000006,0.003175));
#18692=CARTESIAN_POINT('',(-0.187475,0.00302500000000006,0.0015875));
#18693=CARTESIAN_POINT('',(-0.187475,0.00302500000000006,0.003175));
#18694=CARTESIAN_POINT('',(-0.19108125,-0.028575,0.003175));
#18695=CARTESIAN_POINT('',(-0.19108125,-0.028575,0.0015875));
#18696=CARTESIAN_POINT('',(-0.19108125,-0.028575,0.003175));
#18697=CARTESIAN_POINT('',(-0.05715,-0.002525,0.003175));
#18698=CARTESIAN_POINT('',(-0.05715,-0.002525,0.0015875));
#18699=CARTESIAN_POINT('',(-0.05715,-0.002525,0.003175));
#18700=CARTESIAN_POINT('',(-0.190725,0.009525,0.003175));
#18701=CARTESIAN_POINT('',(-0.190725,0.009525,0.0015875));
#18702=CARTESIAN_POINT('',(-0.190725,0.009525,0.003175));
#18703=CARTESIAN_POINT('',(-0.18884375,-0.016025,0.003175));
#18704=CARTESIAN_POINT('',(-0.18884375,-0.016025,0.0015875));
#18705=CARTESIAN_POINT('',(-0.18884375,-0.016025,0.003175));
#18706=CARTESIAN_POINT('',(-0.1636625,0.003025,0.003175));
#18707=CARTESIAN_POINT('',(-0.1636625,0.003025,0.0015875));
#18708=CARTESIAN_POINT('',(-0.1636625,0.003025,0.003175));
#18709=CARTESIAN_POINT('',(-0.1666875,0.035575,0.003175));
#18710=CARTESIAN_POINT('',(-0.1666875,0.035575,0.0015875));
#18711=CARTESIAN_POINT('',(-0.1666875,0.035575,0.003175));
#18712=CARTESIAN_POINT('',(0.0238125,0.035575,0.003175));
#18713=CARTESIAN_POINT('',(0.0238125,0.035575,0.0015875));
#18714=CARTESIAN_POINT('',(0.0238125,0.035575,0.003175));
#18715=CARTESIAN_POINT('',(-0.0047625,0.016525,0.003175));
#18716=CARTESIAN_POINT('',(-0.0047625,0.016525,0.0015875));
#18717=CARTESIAN_POINT('',(-0.0047625,0.016525,0.003175));
#18718=CARTESIAN_POINT('',(-0.130825,-0.028575,0.003175));
#18719=CARTESIAN_POINT('',(-0.130825,-0.028575,0.0015875));
#18720=CARTESIAN_POINT('',(-0.130825,-0.028575,0.003175));
#18721=CARTESIAN_POINT('',(-0.1095375,0.035575,0.003175));
#18722=CARTESIAN_POINT('',(-0.1095375,0.035575,0.0015875));
#18723=CARTESIAN_POINT('',(-0.1095375,0.035575,0.003175));
#18724=CARTESIAN_POINT('',(-0.0904875,0.035575,0.003175));
#18725=CARTESIAN_POINT('',(-0.0904875,0.035575,0.0015875));
#18726=CARTESIAN_POINT('',(-0.0904875,0.035575,0.003175));
#18727=CARTESIAN_POINT('',(-0.1285875,0.035575,0.003175));
#18728=CARTESIAN_POINT('',(-0.1285875,0.035575,0.0015875));
#18729=CARTESIAN_POINT('',(-0.1285875,0.035575,0.003175));
#18730=CARTESIAN_POINT('',(-0.06429375,-0.054625,0.003175));
#18731=CARTESIAN_POINT('',(-0.06429375,-0.054625,0.0015875));
#18732=CARTESIAN_POINT('',(-0.06429375,-0.054625,0.003175));
#18733=CARTESIAN_POINT('',(-0.1285875,0.0593875,0.003175));
#18734=CARTESIAN_POINT('',(-0.1285875,0.0593875,0.0015875));
#18735=CARTESIAN_POINT('',(-0.1285875,0.0593875,0.003175));
#18736=CARTESIAN_POINT('',(-0.0428625,0.0593875,0.003175));
#18737=CARTESIAN_POINT('',(-0.0428625,0.0593875,0.0015875));
#18738=CARTESIAN_POINT('',(-0.0428625,0.0593875,0.003175));
#18739=CARTESIAN_POINT('',(-0.11429375,-0.056625,0.003175));
#18740=CARTESIAN_POINT('',(-0.11429375,-0.056625,0.0015875));
#18741=CARTESIAN_POINT('',(-0.11429375,-0.056625,0.003175));
#18742=CARTESIAN_POINT('',(-0.0117625,0.0523875,0.003175));
#18743=CARTESIAN_POINT('',(-0.0117625,0.0523875,0.0015875));
#18744=CARTESIAN_POINT('',(-0.0117625,0.0523875,0.003175));
#18745=CARTESIAN_POINT('',(0.0238125,0.0593875,0.003175));
#18746=CARTESIAN_POINT('',(0.0238125,0.0593875,0.0015875));
#18747=CARTESIAN_POINT('',(0.0238125,0.0593875,0.003175));
#18748=CARTESIAN_POINT('',(-0.1000125,0.016525,0.003175));
#18749=CARTESIAN_POINT('',(-0.1000125,0.016525,0.0015875));
#18750=CARTESIAN_POINT('',(-0.1000125,0.016525,0.003175));
#18751=CARTESIAN_POINT('',(-0.0017375,0.022075,0.003175));
#18752=CARTESIAN_POINT('',(-0.0017375,0.022075,0.0015875));
#18753=CARTESIAN_POINT('',(-0.0017375,0.022075,0.003175));
#18754=CARTESIAN_POINT('',(-0.009525,-0.021575,0.003175));
#18755=CARTESIAN_POINT('',(-0.009525,-0.021575,0.0015875));
#18756=CARTESIAN_POINT('',(-0.009525,-0.021575,0.003175));
#18757=CARTESIAN_POINT('',(-3.14444244207679E-5,0.000836833030907647,0.003175));
#18758=CARTESIAN_POINT('',(-3.14444244207679E-5,0.000836833030907647,0.0015875));
#18759=MECHANICAL_DESIGN_GEOMETRIC_PRESENTATION_REPRESENTATION('',(#11156),
#18760);
#18760=(
GEOMETRIC_REPRESENTATION_CONTEXT(3)
GLOBAL_UNCERTAINTY_ASSIGNED_CONTEXT((#18761))
GLOBAL_UNIT_ASSIGNED_CONTEXT((#18764,#18763,#18762))
REPRESENTATION_CONTEXT('Part 2','TOP_LEVEL_ASSEMBLY_PART')
);
#18761=UNCERTAINTY_MEASURE_WITH_UNIT(LENGTH_MEASURE(1.E-8),#18764,
'DISTANCE_ACCURACY_VALUE','Maximum Tolerance applied to model');
#18762=(
NAMED_UNIT(*)
SI_UNIT($,.STERADIAN.)
SOLID_ANGLE_UNIT()
);
#18763=(
NAMED_UNIT(*)
PLANE_ANGLE_UNIT()
SI_UNIT($,.RADIAN.)
);
#18764=(
LENGTH_UNIT()
NAMED_UNIT(*)
SI_UNIT($,.METRE.)
);
#18765=PRODUCT_DEFINITION_SHAPE('','',#18766);
#18766=PRODUCT_DEFINITION('','',#18768,#18767);
#18767=PRODUCT_DEFINITION_CONTEXT('',#18774,'design');
#18768=PRODUCT_DEFINITION_FORMATION_WITH_SPECIFIED_SOURCE('','',#18770,
 .NOT_KNOWN.);
#18769=PRODUCT_RELATED_PRODUCT_CATEGORY('','',(#18770));
#18770=PRODUCT('Part 2','Part 2','Part 2',(#18772));
#18771=PRODUCT_CATEGORY('','');
#18772=PRODUCT_CONTEXT('',#18774,'mechanical');
#18773=APPLICATION_PROTOCOL_DEFINITION('international standard',
'ap242_managed_model_based_3d_engineering',2020,#18774);
#18774=APPLICATION_CONTEXT('managed model based 3d engineering');
ENDSEC;
END-ISO-10303-21;
