ISO-10303-21;
HEADER;
/* Generated by software containing ST-Developer
 * from STEP Tools, Inc. (www.steptools.com) 
 */
/* OPTION: using custom renumber hook */

FILE_DESCRIPTION(
/* description */ ('STEP AP242 Edition 2',
'CAx-IF Rec.Pracs.---Representation and Presentation of Product Manufa
cturing Information (PMI)---4.0---2014-10-13',
'CAx-IF Rec.Pracs.---3D Tessellated Geometry---0.4---2014-09-14','2;1',
'CAx-IF Rec.Pracs.---User Defined Attributes---1.5---2016-08-15'),
/* implementation_level */ '2;1');

FILE_NAME(
/* name */ 'TOP CASE - Part 1',
/* time_stamp */ '2026-08-18T01:20:43Z',
/* author */ (''),
/* organization */ (''),
/* preprocessor_version */ 'ST-DEVELOPER v20',
/* originating_system */ 'ONSHAPE BY PTC INC, 1.219',
/* authorisation */ '  ');

FILE_SCHEMA (('AP242_MANAGED_MODEL_BASED_3D_ENGINEERING_MIM_LF { 1 0 10303 442 3 1 4 }'));
ENDSEC;

DATA;
#10=SHAPE_REPRESENTATION_RELATIONSHIP('','',#5106,#11);
#11=ADVANCED_BREP_SHAPE_REPRESENTATION('',(#5104),#8735);
#12=TOROIDAL_SURFACE('',#5373,0.00483084460396747,0.000428);
#13=TOROIDAL_SURFACE('',#5376,0.00157199999999994,0.000428);
#14=TOROIDAL_SURFACE('',#5379,0.00530754370746212,0.000428);
#15=TOROIDAL_SURFACE('',#5382,0.00157200000000041,0.000428);
#16=TOROIDAL_SURFACE('',#5385,0.00483084460396747,0.000428);
#17=TOROIDAL_SURFACE('',#5414,0.00397484460396747,0.000428);
#18=TOROIDAL_SURFACE('',#5417,0.00242800000000041,0.000428);
#19=TOROIDAL_SURFACE('',#5420,0.00616354370746212,0.000428);
#20=TOROIDAL_SURFACE('',#5438,0.00616354370746212,0.000428);
#21=TOROIDAL_SURFACE('',#5441,0.00242799999999994,0.000428);
#22=TOROIDAL_SURFACE('',#5444,0.00397484460396747,0.000428);
#23=TOROIDAL_SURFACE('',#5454,0.00129999999999999,0.0002);
#24=TOROIDAL_SURFACE('',#5459,0.00129999999999998,0.0002);
#25=TOROIDAL_SURFACE('',#5464,0.000625,0.0002);
#26=B_SPLINE_SURFACE_WITH_KNOTS('',1,3,((#7853,#7854,#7855,#7856,#7857,
#7858,#7859,#7860,#7861,#7862,#7863,#7864),(#7865,#7866,#7867,#7868,#7869,
#7870,#7871,#7872,#7873,#7874,#7875,#7876)),.RULED_SURF.,.F.,.F.,.F.,(2,
2),(4,2,2,2,2,4),(0.,1.),(1.38733410897943E-8,0.000143602775274976,0.000287205550549952,
0.000430808325824927,0.000502609713462415,0.000551609116211045),
 .UNSPECIFIED.);
#27=B_SPLINE_SURFACE_WITH_KNOTS('',1,3,((#8018,#8019,#8020,#8021,#8022,
#8023,#8024,#8025,#8026,#8027,#8028,#8029),(#8030,#8031,#8032,#8033,#8034,
#8035,#8036,#8037,#8038,#8039,#8040,#8041)),.RULED_SURF.,.F.,.F.,.F.,(2,
2),(4,2,2,2,2,4),(0.,1.),(0.,0.000143604229209271,0.000287208458418543,
0.000430812687627814,0.00050261480223245,0.000551615759181103),
 .UNSPECIFIED.);
#28=CONICAL_SURFACE('',#5298,0.0016,0.785398163397439);
#29=CONICAL_SURFACE('',#5300,0.0016,0.785398163397439);
#30=CONICAL_SURFACE('',#5302,0.0016,0.785398163397486);
#31=CONICAL_SURFACE('',#5304,0.0016,0.785398163397486);
#32=CONICAL_SURFACE('',#5306,0.0016,0.785398163397486);
#33=CONICAL_SURFACE('',#5308,0.0016,0.785398163397486);
#34=CONICAL_SURFACE('',#5310,0.0016,0.785398163397439);
#35=CONICAL_SURFACE('',#5312,0.0016,0.785398163397439);
#36=CONICAL_SURFACE('',#5314,0.0016,0.785398163397448);
#37=CONICAL_SURFACE('',#5316,0.0016,0.785398163397448);
#38=CONICAL_SURFACE('',#5321,0.000424999999999995,0.785398163397476);
#39=CONICAL_SURFACE('',#5323,0.00239851349275227,0.785398163397457);
#40=CONICAL_SURFACE('',#5325,0.00215,0.785398163397448);
#41=CONICAL_SURFACE('',#5328,0.00215,0.785398163397448);
#42=CONICAL_SURFACE('',#5330,0.00239851349274987,0.785398163397459);
#43=CONICAL_SURFACE('',#5332,0.000424999999999995,0.785398163397448);
#44=CONICAL_SURFACE('',#5335,0.00239851349276063,0.785398163397457);
#45=CONICAL_SURFACE('',#5337,0.00215,0.785398163397448);
#46=CONICAL_SURFACE('',#5340,0.00215,0.785398163397448);
#47=CONICAL_SURFACE('',#5347,0.00175,0.785398163397455);
#48=CONICAL_SURFACE('',#5350,0.00175,0.785398163397455);
#49=CONICAL_SURFACE('',#5354,0.000424999999999995,0.785398163397447);
#50=CONICAL_SURFACE('',#5356,0.00239851349329585,0.785398163397446);
#51=CONICAL_SURFACE('',#5358,0.00215,0.785398163397448);
#52=CONICAL_SURFACE('',#5361,0.00215,0.785398163397448);
#53=CONICAL_SURFACE('',#5363,0.00239851349329915,0.785398163397445);
#54=CONICAL_SURFACE('',#5365,0.000424999999999995,0.785398163397476);
#55=CONICAL_SURFACE('',#5391,0.00239851349251195,0.785398163397452);
#56=CONICAL_SURFACE('',#5393,0.00215,0.785398163397448);
#57=CONICAL_SURFACE('',#5396,0.00215,0.785398163397448);
#58=CONICAL_SURFACE('',#5398,0.00239851349251152,0.785398163397452);
#59=CONICAL_SURFACE('',#5400,0.000424999999999995,0.785398163397448);
#60=ELLIPSE('',#5247,0.000605283404695675,0.000428);
#61=ELLIPSE('',#5248,0.000605283404695675,0.000428);
#62=ELLIPSE('',#5293,0.000500776682876296,0.0005);
#63=ELLIPSE('',#5294,0.000501984009627371,0.0005);
#64=ELLIPSE('',#5368,0.000856,0.000428);
#65=ELLIPSE('',#5370,0.000463263861725146,0.000428);
#66=ELLIPSE('',#5389,0.000605283404695685,0.000428);
#67=ELLIPSE('',#5409,0.000282842712474619,0.0002);
#68=ELLIPSE('',#5411,0.000605283404695685,0.000428);
#69=ELLIPSE('',#5423,0.000282842712474619,0.0002);
#70=ELLIPSE('',#5424,0.000282842712474619,0.0002);
#71=ELLIPSE('',#5426,0.000282842712474619,0.0002);
#72=ELLIPSE('',#5428,0.000282842712474619,0.0002);
#73=ELLIPSE('',#5430,0.000282842712474619,0.0002);
#74=ELLIPSE('',#5432,0.000282842712474619,0.0002);
#75=ELLIPSE('',#5434,0.000282842712474619,0.0002);
#76=ELLIPSE('',#5436,0.000282842712474619,0.0002);
#77=ELLIPSE('',#5448,0.000463263861725146,0.000428);
#78=ELLIPSE('',#5468,0.000282842712474619,0.0002);
#79=ELLIPSE('',#5469,0.000282842712474619,0.0002);
#80=ELLIPSE('',#5471,0.000282842712474619,0.0002);
#81=ELLIPSE('',#5473,0.000282842712474619,0.0002);
#82=ELLIPSE('',#5475,0.000282842712474619,0.0002);
#83=ELLIPSE('',#5476,0.000282842712474619,0.0002);
#84=ELLIPSE('',#5478,0.000282842712474619,0.0002);
#85=ELLIPSE('',#5480,0.000282842712474619,0.0002);
#86=ELLIPSE('',#5483,0.000282842712474619,0.0002);
#87=ELLIPSE('',#5484,0.000282842712474619,0.0002);
#88=ELLIPSE('',#5486,0.000282842712474619,0.0002);
#89=ELLIPSE('',#5488,0.000282842712474619,0.0002);
#90=ELLIPSE('',#5491,0.000282842712474619,0.0002);
#91=ELLIPSE('',#5492,0.000282842712474619,0.0002);
#92=ELLIPSE('',#5494,0.000282842712474619,0.0002);
#93=ELLIPSE('',#5496,0.000282842712474619,0.0002);
#94=ELLIPSE('',#5499,0.000282842712474619,0.0002);
#95=ELLIPSE('',#5500,0.000282842712474619,0.0002);
#96=ELLIPSE('',#5502,0.000282842712474619,0.0002);
#97=ELLIPSE('',#5504,0.000282842712474619,0.0002);
#98=ELLIPSE('',#5507,0.000282842712474619,0.0002);
#99=ELLIPSE('',#5508,0.000282842712474619,0.0002);
#100=ELLIPSE('',#5510,0.000282842712474619,0.0002);
#101=ELLIPSE('',#5512,0.000282842712474619,0.0002);
#102=ELLIPSE('',#5559,0.000282842712474619,0.0002);
#103=ELLIPSE('',#5560,0.000282842712474619,0.0002);
#104=ELLIPSE('',#5562,0.000282842712474619,0.0002);
#105=ELLIPSE('',#5564,0.000282842712474619,0.0002);
#106=ELLIPSE('',#5568,0.000707106781186548,0.0005);
#107=ELLIPSE('',#5572,0.000212132034355964,0.00015);
#108=ELLIPSE('',#5574,0.000183116188314219,0.00015);
#109=(
BOUNDED_SURFACE()
B_SPLINE_SURFACE(3,2,((#7423,#7424,#7425),(#7426,#7427,#7428),(#7429,#7430,
#7431),(#7432,#7433,#7434),(#7435,#7436,#7437)),.UNSPECIFIED.,.F.,.F.,.F.)
B_SPLINE_SURFACE_WITH_KNOTS((4,1,4),(3,3),(-1.79110198894605E-16,0.00165871179951878,
0.00331742359903774),(0.,1.),.UNSPECIFIED.)
GEOMETRIC_REPRESENTATION_ITEM()
RATIONAL_B_SPLINE_SURFACE(((1.,0.707106781186536,1.),(1.,0.787162529188008,
1.),(1.,0.856961789436654,1.),(1.,0.787080570850619,1.),(1.,0.707106781186536,
1.)))
REPRESENTATION_ITEM('')
SURFACE()
);
#110=(
BOUNDED_SURFACE()
B_SPLINE_SURFACE(3,2,((#8121,#8122,#8123),(#8124,#8125,#8126),(#8127,#8128,
#8129),(#8130,#8131,#8132)),.UNSPECIFIED.,.F.,.F.,.F.)
B_SPLINE_SURFACE_WITH_KNOTS((4,4),(3,3),(-3.10584566338064E-7,5.20746789588773E-5),
(0.,1.),.PIECEWISE_BEZIER_KNOTS.)
GEOMETRIC_REPRESENTATION_ITEM()
RATIONAL_B_SPLINE_SURFACE(((1.,0.707106781186535,1.),(1.,0.707106781186535,
1.),(1.,0.707106781186555,1.),(1.,0.707106781186555,1.)))
REPRESENTATION_ITEM('')
SURFACE()
);
#111=B_SPLINE_CURVE_WITH_KNOTS('',3,(#7291,#7292,#7293,#7294),
 .UNSPECIFIED.,.F.,.F.,(4,4),(0.,2.70412954749808E-5),.UNSPECIFIED.);
#112=B_SPLINE_CURVE_WITH_KNOTS('',3,(#7366,#7367,#7368,#7369,#7370),
 .UNSPECIFIED.,.F.,.F.,(4,1,4),(9.28439075549336E-6,0.500003921603077,0.999998558815398),
 .UNSPECIFIED.);
#113=B_SPLINE_CURVE_WITH_KNOTS('',3,(#7385,#7386,#7387,#7388,#7389),
 .UNSPECIFIED.,.F.,.F.,(4,1,4),(6.8135019964392E-6,0.500002684777629,0.999998556053261),
 .UNSPECIFIED.);
#114=B_SPLINE_CURVE_WITH_KNOTS('',3,(#7390,#7391,#7392,#7393),
 .UNSPECIFIED.,.F.,.F.,(4,4),(0.,0.997482561614069),.UNSPECIFIED.);
#115=B_SPLINE_CURVE_WITH_KNOTS('',3,(#7441,#7442,#7443,#7444,#7445),
 .UNSPECIFIED.,.F.,.F.,(4,1,4),(0.,0.00152919784599856,0.00305839569199712),
 .UNSPECIFIED.);
#116=B_SPLINE_CURVE_WITH_KNOTS('',3,(#7449,#7450,#7451,#7452,#7453),
 .UNSPECIFIED.,.F.,.F.,(4,1,4),(0.,0.00163717831229764,0.00327435662459528),
 .UNSPECIFIED.);
#117=B_SPLINE_CURVE_WITH_KNOTS('',3,(#7846,#7847,#7848,#7849),
 .UNSPECIFIED.,.F.,.F.,(4,4),(0.,1.),.UNSPECIFIED.);
#118=B_SPLINE_CURVE_WITH_KNOTS('',3,(#7877,#7878,#7879,#7880),
 .UNSPECIFIED.,.F.,.F.,(4,4),(5.27914820593842E-6,0.999979039731455),
 .UNSPECIFIED.);
#119=B_SPLINE_CURVE_WITH_KNOTS('',3,(#7882,#7883,#7884,#7885,#7886),
 .UNSPECIFIED.,.F.,.F.,(4,1,4),(0.,0.5,1.),.UNSPECIFIED.);
#120=B_SPLINE_CURVE_WITH_KNOTS('',3,(#7902,#7903,#7904,#7905),
 .UNSPECIFIED.,.F.,.F.,(4,4),(5.42101086242752E-20,0.000519390745799712),
 .UNSPECIFIED.);
#121=B_SPLINE_CURVE_WITH_KNOTS('',3,(#7909,#7910,#7911,#7912),
 .UNSPECIFIED.,.F.,.F.,(4,4),(0.,1.),.UNSPECIFIED.);
#122=B_SPLINE_CURVE_WITH_KNOTS('',3,(#7921,#7922,#7923,#7924),
 .UNSPECIFIED.,.F.,.F.,(4,4),(0.,0.000353686231079867),.UNSPECIFIED.);
#123=B_SPLINE_CURVE_WITH_KNOTS('',3,(#8014,#8015,#8016,#8017),
 .UNSPECIFIED.,.F.,.F.,(4,4),(0.00395581304543689,1.),.UNSPECIFIED.);
#124=B_SPLINE_CURVE_WITH_KNOTS('',3,(#8042,#8043,#8044,#8045),
 .UNSPECIFIED.,.F.,.F.,(4,4),(5.28043694688544E-6,0.999979035976287),
 .UNSPECIFIED.);
#125=B_SPLINE_CURVE_WITH_KNOTS('',3,(#8047,#8048,#8049,#8050,#8051),
 .UNSPECIFIED.,.F.,.F.,(4,1,4),(0.,0.5,1.),.UNSPECIFIED.);
#126=B_SPLINE_CURVE_WITH_KNOTS('',3,(#8110,#8111,#8112,#8113),
 .UNSPECIFIED.,.F.,.F.,(4,4),(0.,1.),.UNSPECIFIED.);
#127=B_SPLINE_CURVE_WITH_KNOTS('',3,(#8117,#8118,#8119,#8120),
 .UNSPECIFIED.,.F.,.F.,(4,4),(2.60208521396521E-18,0.000312589423557084),
 .UNSPECIFIED.);
#128=B_SPLINE_CURVE_WITH_KNOTS('',3,(#8133,#8134,#8135,#8136),
 .UNSPECIFIED.,.F.,.F.,(4,4),(0.,4.30261592858072E-5),.UNSPECIFIED.);
#129=B_SPLINE_CURVE_WITH_KNOTS('',3,(#8138,#8139,#8140,#8141),
 .UNSPECIFIED.,.F.,.F.,(4,4),(0.,1.),.UNSPECIFIED.);
#130=B_SPLINE_CURVE_WITH_KNOTS('',3,(#8217,#8218,#8219,#8220),
 .UNSPECIFIED.,.F.,.F.,(4,4),(0.,0.000442239197253228),.UNSPECIFIED.);
#131=B_SPLINE_CURVE_WITH_KNOTS('',3,(#8240,#8241,#8242,#8243),
 .UNSPECIFIED.,.F.,.F.,(4,4),(0.,0.000312610966080905),.UNSPECIFIED.);
#132=B_SPLINE_CURVE_WITH_KNOTS('',3,(#8249,#8250,#8251,#8252),
 .UNSPECIFIED.,.F.,.F.,(4,4),(0.,1.),.UNSPECIFIED.);
#133=B_SPLINE_CURVE_WITH_KNOTS('',3,(#8256,#8257,#8258,#8259),
 .UNSPECIFIED.,.F.,.F.,(4,4),(0.,0.000312569135899036),.UNSPECIFIED.);
#134=B_SPLINE_CURVE_WITH_KNOTS('',3,(#8263,#8264,#8265,#8266),
 .UNSPECIFIED.,.F.,.F.,(4,4),(0.,1.),.UNSPECIFIED.);
#135=CYLINDRICAL_SURFACE('',#5142,0.0016);
#136=CYLINDRICAL_SURFACE('',#5144,0.0016);
#137=CYLINDRICAL_SURFACE('',#5146,0.0016);
#138=CYLINDRICAL_SURFACE('',#5148,0.0016);
#139=CYLINDRICAL_SURFACE('',#5150,0.0016);
#140=CYLINDRICAL_SURFACE('',#5152,0.0016);
#141=CYLINDRICAL_SURFACE('',#5154,0.0016);
#142=CYLINDRICAL_SURFACE('',#5156,0.0016);
#143=CYLINDRICAL_SURFACE('',#5158,0.0016);
#144=CYLINDRICAL_SURFACE('',#5160,0.0016);
#145=CYLINDRICAL_SURFACE('',#5162,0.00214851349275226);
#146=CYLINDRICAL_SURFACE('',#5165,0.0019);
#147=CYLINDRICAL_SURFACE('',#5169,0.0019);
#148=CYLINDRICAL_SURFACE('',#5172,0.00214851349274987);
#149=CYLINDRICAL_SURFACE('',#5175,0.00214851349276063);
#150=CYLINDRICAL_SURFACE('',#5178,0.0019);
#151=CYLINDRICAL_SURFACE('',#5182,0.0019);
#152=CYLINDRICAL_SURFACE('',#5189,0.00214851349274299);
#153=CYLINDRICAL_SURFACE('',#5190,0.000424999999999995);
#154=CYLINDRICAL_SURFACE('',#5192,0.00214851349329585);
#155=CYLINDRICAL_SURFACE('',#5194,0.0019);
#156=CYLINDRICAL_SURFACE('',#5197,0.0019);
#157=CYLINDRICAL_SURFACE('',#5199,0.00214851349329915);
#158=CYLINDRICAL_SURFACE('',#5201,0.000424999999999995);
#159=CYLINDRICAL_SURFACE('',#5203,0.00214851349251194);
#160=CYLINDRICAL_SURFACE('',#5205,0.0019);
#161=CYLINDRICAL_SURFACE('',#5208,0.0019);
#162=CYLINDRICAL_SURFACE('',#5210,0.00214851349251152);
#163=CYLINDRICAL_SURFACE('',#5212,0.000424999999999995);
#164=CYLINDRICAL_SURFACE('',#5217,0.000424999999999995);
#165=CYLINDRICAL_SURFACE('',#5219,0.000425014805128632);
#166=CYLINDRICAL_SURFACE('',#5220,0.000424999999999995);
#167=CYLINDRICAL_SURFACE('',#5223,0.000424999999999982);
#168=CYLINDRICAL_SURFACE('',#5226,0.00440284460396747);
#169=CYLINDRICAL_SURFACE('',#5229,0.00200000000000041);
#170=CYLINDRICAL_SURFACE('',#5234,0.00573554370746212);
#171=CYLINDRICAL_SURFACE('',#5238,0.00199999999999994);
#172=CYLINDRICAL_SURFACE('',#5241,0.00440284460396747);
#173=CYLINDRICAL_SURFACE('',#5250,0.00149999999999999);
#174=CYLINDRICAL_SURFACE('',#5254,0.00149999999999998);
#175=CYLINDRICAL_SURFACE('',#5292,0.0005);
#176=CYLINDRICAL_SURFACE('',#5342,0.000424999999999995);
#177=CYLINDRICAL_SURFACE('',#5369,0.000428);
#178=CYLINDRICAL_SURFACE('',#5371,0.000428);
#179=CYLINDRICAL_SURFACE('',#5388,0.000428);
#180=CYLINDRICAL_SURFACE('',#5407,0.0002);
#181=CYLINDRICAL_SURFACE('',#5408,0.0002);
#182=CYLINDRICAL_SURFACE('',#5412,0.000428);
#183=CYLINDRICAL_SURFACE('',#5422,0.0002);
#184=CYLINDRICAL_SURFACE('',#5425,0.0002);
#185=CYLINDRICAL_SURFACE('',#5427,0.0002);
#186=CYLINDRICAL_SURFACE('',#5429,0.0002);
#187=CYLINDRICAL_SURFACE('',#5431,0.0002);
#188=CYLINDRICAL_SURFACE('',#5433,0.0002);
#189=CYLINDRICAL_SURFACE('',#5435,0.0002);
#190=CYLINDRICAL_SURFACE('',#5437,0.0002);
#191=CYLINDRICAL_SURFACE('',#5447,0.000428);
#192=CYLINDRICAL_SURFACE('',#5449,0.000428);
#193=CYLINDRICAL_SURFACE('',#5450,0.0002);
#194=CYLINDRICAL_SURFACE('',#5452,0.0002);
#195=CYLINDRICAL_SURFACE('',#5457,0.0002);
#196=CYLINDRICAL_SURFACE('',#5461,0.0002);
#197=CYLINDRICAL_SURFACE('',#5463,0.0002);
#198=CYLINDRICAL_SURFACE('',#5466,0.0002);
#199=CYLINDRICAL_SURFACE('',#5467,0.0002);
#200=CYLINDRICAL_SURFACE('',#5470,0.0002);
#201=CYLINDRICAL_SURFACE('',#5472,0.0002);
#202=CYLINDRICAL_SURFACE('',#5474,0.0002);
#203=CYLINDRICAL_SURFACE('',#5477,0.0002);
#204=CYLINDRICAL_SURFACE('',#5479,0.0002);
#205=CYLINDRICAL_SURFACE('',#5481,0.0002);
#206=CYLINDRICAL_SURFACE('',#5482,0.0002);
#207=CYLINDRICAL_SURFACE('',#5485,0.0002);
#208=CYLINDRICAL_SURFACE('',#5487,0.0002);
#209=CYLINDRICAL_SURFACE('',#5489,0.0002);
#210=CYLINDRICAL_SURFACE('',#5490,0.0002);
#211=CYLINDRICAL_SURFACE('',#5493,0.0002);
#212=CYLINDRICAL_SURFACE('',#5495,0.0002);
#213=CYLINDRICAL_SURFACE('',#5497,0.0002);
#214=CYLINDRICAL_SURFACE('',#5498,0.0002);
#215=CYLINDRICAL_SURFACE('',#5501,0.0002);
#216=CYLINDRICAL_SURFACE('',#5503,0.0002);
#217=CYLINDRICAL_SURFACE('',#5505,0.0002);
#218=CYLINDRICAL_SURFACE('',#5506,0.0002);
#219=CYLINDRICAL_SURFACE('',#5509,0.0002);
#220=CYLINDRICAL_SURFACE('',#5511,0.0002);
#221=CYLINDRICAL_SURFACE('',#5513,0.0002);
#222=CYLINDRICAL_SURFACE('',#5554,0.0002);
#223=CYLINDRICAL_SURFACE('',#5556,0.0002);
#224=CYLINDRICAL_SURFACE('',#5558,0.0002);
#225=CYLINDRICAL_SURFACE('',#5561,0.0002);
#226=CYLINDRICAL_SURFACE('',#5563,0.0002);
#227=CYLINDRICAL_SURFACE('',#5567,0.0005);
#228=CYLINDRICAL_SURFACE('',#5571,0.00015);
#229=CYLINDRICAL_SURFACE('',#5575,0.00015);
#230=CYLINDRICAL_SURFACE('',#5587,0.0005);
#231=CYLINDRICAL_SURFACE('',#5590,0.00015);
#232=CYLINDRICAL_SURFACE('',#5594,0.0002);
#233=CYLINDRICAL_SURFACE('',#5596,0.0002);
#234=CYLINDRICAL_SURFACE('',#5598,0.0002);
#235=CYLINDRICAL_SURFACE('',#5600,0.0002);
#236=CYLINDRICAL_SURFACE('',#5602,0.0002);
#237=CYLINDRICAL_SURFACE('',#5604,0.0002);
#238=LINE('',#7159,#719);
#239=LINE('',#7168,#720);
#240=LINE('',#7176,#721);
#241=LINE('',#7185,#722);
#242=LINE('',#7223,#723);
#243=LINE('',#7228,#724);
#244=LINE('',#7234,#725);
#245=LINE('',#7238,#726);
#246=LINE('',#7240,#727);
#247=LINE('',#7242,#728);
#248=LINE('',#7246,#729);
#249=LINE('',#7252,#730);
#250=LINE('',#7256,#731);
#251=LINE('',#7261,#732);
#252=LINE('',#7267,#733);
#253=LINE('',#7271,#734);
#254=LINE('',#7273,#735);
#255=LINE('',#7275,#736);
#256=LINE('',#7279,#737);
#257=LINE('',#7286,#738);
#258=LINE('',#7296,#739);
#259=LINE('',#7298,#740);
#260=LINE('',#7302,#741);
#261=LINE('',#7306,#742);
#262=LINE('',#7310,#743);
#263=LINE('',#7312,#744);
#264=LINE('',#7314,#745);
#265=LINE('',#7318,#746);
#266=LINE('',#7322,#747);
#267=LINE('',#7326,#748);
#268=LINE('',#7328,#749);
#269=LINE('',#7332,#750);
#270=LINE('',#7336,#751);
#271=LINE('',#7338,#752);
#272=LINE('',#7340,#753);
#273=LINE('',#7344,#754);
#274=LINE('',#7348,#755);
#275=LINE('',#7352,#756);
#276=LINE('',#7354,#757);
#277=LINE('',#7360,#758);
#278=LINE('',#7364,#759);
#279=LINE('',#7374,#760);
#280=LINE('',#7376,#761);
#281=LINE('',#7378,#762);
#282=LINE('',#7380,#763);
#283=LINE('',#7382,#764);
#284=LINE('',#7395,#765);
#285=LINE('',#7397,#766);
#286=LINE('',#7399,#767);
#287=LINE('',#7401,#768);
#288=LINE('',#7403,#769);
#289=LINE('',#7406,#770);
#290=LINE('',#7408,#771);
#291=LINE('',#7410,#772);
#292=LINE('',#7414,#773);
#293=LINE('',#7420,#774);
#294=LINE('',#7458,#775);
#295=LINE('',#7464,#776);
#296=LINE('',#7470,#777);
#297=LINE('',#7474,#778);
#298=LINE('',#7476,#779);
#299=LINE('',#7478,#780);
#300=LINE('',#7480,#781);
#301=LINE('',#7482,#782);
#302=LINE('',#7484,#783);
#303=LINE('',#7486,#784);
#304=LINE('',#7491,#785);
#305=LINE('',#7493,#786);
#306=LINE('',#7495,#787);
#307=LINE('',#7497,#788);
#308=LINE('',#7500,#789);
#309=LINE('',#7501,#790);
#310=LINE('',#7503,#791);
#311=LINE('',#7509,#792);
#312=LINE('',#7512,#793);
#313=LINE('',#7513,#794);
#314=LINE('',#7515,#795);
#315=LINE('',#7521,#796);
#316=LINE('',#7524,#797);
#317=LINE('',#7525,#798);
#318=LINE('',#7527,#799);
#319=LINE('',#7530,#800);
#320=LINE('',#7531,#801);
#321=LINE('',#7533,#802);
#322=LINE('',#7535,#803);
#323=LINE('',#7537,#804);
#324=LINE('',#7539,#805);
#325=LINE('',#7541,#806);
#326=LINE('',#7544,#807);
#327=LINE('',#7546,#808);
#328=LINE('',#7548,#809);
#329=LINE('',#7550,#810);
#330=LINE('',#7553,#811);
#331=LINE('',#7554,#812);
#332=LINE('',#7556,#813);
#333=LINE('',#7558,#814);
#334=LINE('',#7560,#815);
#335=LINE('',#7562,#816);
#336=LINE('',#7565,#817);
#337=LINE('',#7567,#818);
#338=LINE('',#7569,#819);
#339=LINE('',#7571,#820);
#340=LINE('',#7574,#821);
#341=LINE('',#7575,#822);
#342=LINE('',#7577,#823);
#343=LINE('',#7580,#824);
#344=LINE('',#7581,#825);
#345=LINE('',#7583,#826);
#346=LINE('',#7584,#827);
#347=LINE('',#7586,#828);
#348=LINE('',#7589,#829);
#349=LINE('',#7591,#830);
#350=LINE('',#7593,#831);
#351=LINE('',#7595,#832);
#352=LINE('',#7598,#833);
#353=LINE('',#7599,#834);
#354=LINE('',#7601,#835);
#355=LINE('',#7604,#836);
#356=LINE('',#7605,#837);
#357=LINE('',#7607,#838);
#358=LINE('',#7610,#839);
#359=LINE('',#7611,#840);
#360=LINE('',#7613,#841);
#361=LINE('',#7616,#842);
#362=LINE('',#7617,#843);
#363=LINE('',#7619,#844);
#364=LINE('',#7622,#845);
#365=LINE('',#7623,#846);
#366=LINE('',#7625,#847);
#367=LINE('',#7628,#848);
#368=LINE('',#7629,#849);
#369=LINE('',#7631,#850);
#370=LINE('',#7632,#851);
#371=LINE('',#7634,#852);
#372=LINE('',#7637,#853);
#373=LINE('',#7639,#854);
#374=LINE('',#7641,#855);
#375=LINE('',#7643,#856);
#376=LINE('',#7646,#857);
#377=LINE('',#7647,#858);
#378=LINE('',#7649,#859);
#379=LINE('',#7652,#860);
#380=LINE('',#7653,#861);
#381=LINE('',#7655,#862);
#382=LINE('',#7656,#863);
#383=LINE('',#7658,#864);
#384=LINE('',#7661,#865);
#385=LINE('',#7663,#866);
#386=LINE('',#7665,#867);
#387=LINE('',#7667,#868);
#388=LINE('',#7670,#869);
#389=LINE('',#7671,#870);
#390=LINE('',#7673,#871);
#391=LINE('',#7676,#872);
#392=LINE('',#7677,#873);
#393=LINE('',#7679,#874);
#394=LINE('',#7680,#875);
#395=LINE('',#7682,#876);
#396=LINE('',#7685,#877);
#397=LINE('',#7687,#878);
#398=LINE('',#7689,#879);
#399=LINE('',#7691,#880);
#400=LINE('',#7694,#881);
#401=LINE('',#7695,#882);
#402=LINE('',#7697,#883);
#403=LINE('',#7700,#884);
#404=LINE('',#7701,#885);
#405=LINE('',#7703,#886);
#406=LINE('',#7704,#887);
#407=LINE('',#7706,#888);
#408=LINE('',#7709,#889);
#409=LINE('',#7711,#890);
#410=LINE('',#7713,#891);
#411=LINE('',#7715,#892);
#412=LINE('',#7718,#893);
#413=LINE('',#7719,#894);
#414=LINE('',#7721,#895);
#415=LINE('',#7724,#896);
#416=LINE('',#7725,#897);
#417=LINE('',#7727,#898);
#418=LINE('',#7730,#899);
#419=LINE('',#7732,#900);
#420=LINE('',#7734,#901);
#421=LINE('',#7736,#902);
#422=LINE('',#7738,#903);
#423=LINE('',#7740,#904);
#424=LINE('',#7742,#905);
#425=LINE('',#7744,#906);
#426=LINE('',#7749,#907);
#427=LINE('',#7753,#908);
#428=LINE('',#7755,#909);
#429=LINE('',#7758,#910);
#430=LINE('',#7760,#911);
#431=LINE('',#7762,#912);
#432=LINE('',#7764,#913);
#433=LINE('',#7766,#914);
#434=LINE('',#7767,#915);
#435=LINE('',#7768,#916);
#436=LINE('',#7770,#917);
#437=LINE('',#7772,#918);
#438=LINE('',#7804,#919);
#439=LINE('',#7808,#920);
#440=LINE('',#7810,#921);
#441=LINE('',#7812,#922);
#442=LINE('',#7814,#923);
#443=LINE('',#7816,#924);
#444=LINE('',#7820,#925);
#445=LINE('',#7824,#926);
#446=LINE('',#7828,#927);
#447=LINE('',#7830,#928);
#448=LINE('',#7832,#929);
#449=LINE('',#7834,#930);
#450=LINE('',#7838,#931);
#451=LINE('',#7842,#932);
#452=LINE('',#7851,#933);
#453=LINE('',#7852,#934);
#454=LINE('',#7888,#935);
#455=LINE('',#7892,#936);
#456=LINE('',#7896,#937);
#457=LINE('',#7898,#938);
#458=LINE('',#7915,#939);
#459=LINE('',#7917,#940);
#460=LINE('',#7919,#941);
#461=LINE('',#7928,#942);
#462=LINE('',#7930,#943);
#463=LINE('',#7932,#944);
#464=LINE('',#7936,#945);
#465=LINE('',#7938,#946);
#466=LINE('',#7940,#947);
#467=LINE('',#7942,#948);
#468=LINE('',#7944,#949);
#469=LINE('',#7948,#950);
#470=LINE('',#7952,#951);
#471=LINE('',#7956,#952);
#472=LINE('',#7958,#953);
#473=LINE('',#7960,#954);
#474=LINE('',#7962,#955);
#475=LINE('',#7966,#956);
#476=LINE('',#7970,#957);
#477=LINE('',#7974,#958);
#478=LINE('',#7980,#959);
#479=LINE('',#7984,#960);
#480=LINE('',#8008,#961);
#481=LINE('',#8010,#962);
#482=LINE('',#8012,#963);
#483=LINE('',#8053,#964);
#484=LINE('',#8057,#965);
#485=LINE('',#8061,#966);
#486=LINE('',#8063,#967);
#487=LINE('',#8065,#968);
#488=LINE('',#8069,#969);
#489=LINE('',#8073,#970);
#490=LINE('',#8077,#971);
#491=LINE('',#8079,#972);
#492=LINE('',#8081,#973);
#493=LINE('',#8083,#974);
#494=LINE('',#8085,#975);
#495=LINE('',#8087,#976);
#496=LINE('',#8089,#977);
#497=LINE('',#8091,#978);
#498=LINE('',#8093,#979);
#499=LINE('',#8095,#980);
#500=LINE('',#8098,#981);
#501=LINE('',#8099,#982);
#502=LINE('',#8101,#983);
#503=LINE('',#8104,#984);
#504=LINE('',#8106,#985);
#505=LINE('',#8108,#986);
#506=LINE('',#8115,#987);
#507=LINE('',#8143,#988);
#508=LINE('',#8147,#989);
#509=LINE('',#8150,#990);
#510=LINE('',#8154,#991);
#511=LINE('',#8170,#992);
#512=LINE('',#8174,#993);
#513=LINE('',#8178,#994);
#514=LINE('',#8182,#995);
#515=LINE('',#8184,#996);
#516=LINE('',#8188,#997);
#517=LINE('',#8192,#998);
#518=LINE('',#8196,#999);
#519=LINE('',#8197,#1000);
#520=LINE('',#8213,#1001);
#521=LINE('',#8215,#1002);
#522=LINE('',#8222,#1003);
#523=LINE('',#8226,#1004);
#524=LINE('',#8234,#1005);
#525=LINE('',#8247,#1006);
#526=LINE('',#8254,#1007);
#527=LINE('',#8268,#1008);
#528=LINE('',#8274,#1009);
#529=LINE('',#8276,#1010);
#530=LINE('',#8280,#1011);
#531=LINE('',#8288,#1012);
#532=LINE('',#8292,#1013);
#533=LINE('',#8293,#1014);
#534=LINE('',#8295,#1015);
#535=LINE('',#8299,#1016);
#536=LINE('',#8303,#1017);
#537=LINE('',#8307,#1018);
#538=LINE('',#8311,#1019);
#539=LINE('',#8315,#1020);
#540=LINE('',#8319,#1021);
#541=LINE('',#8323,#1022);
#542=LINE('',#8327,#1023);
#543=LINE('',#8331,#1024);
#544=LINE('',#8335,#1025);
#545=LINE('',#8339,#1026);
#546=LINE('',#8345,#1027);
#547=LINE('',#8347,#1028);
#548=LINE('',#8353,#1029);
#549=LINE('',#8355,#1030);
#550=LINE('',#8359,#1031);
#551=LINE('',#8363,#1032);
#552=LINE('',#8365,#1033);
#553=LINE('',#8367,#1034);
#554=LINE('',#8369,#1035);
#555=LINE('',#8371,#1036);
#556=LINE('',#8373,#1037);
#557=LINE('',#8375,#1038);
#558=LINE('',#8377,#1039);
#559=LINE('',#8379,#1040);
#560=LINE('',#8381,#1041);
#561=LINE('',#8383,#1042);
#562=LINE('',#8385,#1043);
#563=LINE('',#8387,#1044);
#564=LINE('',#8389,#1045);
#565=LINE('',#8391,#1046);
#566=LINE('',#8393,#1047);
#567=LINE('',#8395,#1048);
#568=LINE('',#8397,#1049);
#569=LINE('',#8399,#1050);
#570=LINE('',#8401,#1051);
#571=LINE('',#8403,#1052);
#572=LINE('',#8405,#1053);
#573=LINE('',#8407,#1054);
#574=LINE('',#8409,#1055);
#575=LINE('',#8411,#1056);
#576=LINE('',#8413,#1057);
#577=LINE('',#8415,#1058);
#578=LINE('',#8417,#1059);
#579=LINE('',#8419,#1060);
#580=LINE('',#8421,#1061);
#581=LINE('',#8423,#1062);
#582=LINE('',#8425,#1063);
#583=LINE('',#8427,#1064);
#584=LINE('',#8429,#1065);
#585=LINE('',#8431,#1066);
#586=LINE('',#8433,#1067);
#587=LINE('',#8435,#1068);
#588=LINE('',#8437,#1069);
#589=LINE('',#8439,#1070);
#590=LINE('',#8441,#1071);
#591=LINE('',#8443,#1072);
#592=LINE('',#8445,#1073);
#593=LINE('',#8447,#1074);
#594=LINE('',#8449,#1075);
#595=LINE('',#8451,#1076);
#596=LINE('',#8453,#1077);
#597=LINE('',#8455,#1078);
#598=LINE('',#8457,#1079);
#599=LINE('',#8459,#1080);
#600=LINE('',#8461,#1081);
#601=LINE('',#8463,#1082);
#602=LINE('',#8465,#1083);
#603=LINE('',#8467,#1084);
#604=LINE('',#8469,#1085);
#605=LINE('',#8471,#1086);
#606=LINE('',#8473,#1087);
#607=LINE('',#8475,#1088);
#608=LINE('',#8477,#1089);
#609=LINE('',#8479,#1090);
#610=LINE('',#8481,#1091);
#611=LINE('',#8483,#1092);
#612=LINE('',#8485,#1093);
#613=LINE('',#8487,#1094);
#614=LINE('',#8489,#1095);
#615=LINE('',#8491,#1096);
#616=LINE('',#8493,#1097);
#617=LINE('',#8495,#1098);
#618=LINE('',#8497,#1099);
#619=LINE('',#8499,#1100);
#620=LINE('',#8501,#1101);
#621=LINE('',#8503,#1102);
#622=LINE('',#8505,#1103);
#623=LINE('',#8507,#1104);
#624=LINE('',#8509,#1105);
#625=LINE('',#8511,#1106);
#626=LINE('',#8513,#1107);
#627=LINE('',#8515,#1108);
#628=LINE('',#8517,#1109);
#629=LINE('',#8519,#1110);
#630=LINE('',#8522,#1111);
#631=LINE('',#8523,#1112);
#632=LINE('',#8525,#1113);
#633=LINE('',#8527,#1114);
#634=LINE('',#8531,#1115);
#635=LINE('',#8535,#1116);
#636=LINE('',#8539,#1117);
#637=LINE('',#8543,#1118);
#638=LINE('',#8549,#1119);
#639=LINE('',#8551,#1120);
#640=LINE('',#8553,#1121);
#641=LINE('',#8555,#1122);
#642=LINE('',#8557,#1123);
#643=LINE('',#8559,#1124);
#644=LINE('',#8563,#1125);
#645=LINE('',#8565,#1126);
#646=LINE('',#8568,#1127);
#647=LINE('',#8573,#1128);
#648=LINE('',#8575,#1129);
#649=LINE('',#8578,#1130);
#650=LINE('',#8579,#1131);
#651=LINE('',#8583,#1132);
#652=LINE('',#8585,#1133);
#653=LINE('',#8589,#1134);
#654=LINE('',#8591,#1135);
#655=LINE('',#8593,#1136);
#656=LINE('',#8595,#1137);
#657=LINE('',#8598,#1138);
#658=LINE('',#8599,#1139);
#659=LINE('',#8601,#1140);
#660=LINE('',#8604,#1141);
#661=LINE('',#8605,#1142);
#662=LINE('',#8607,#1143);
#663=LINE('',#8610,#1144);
#664=LINE('',#8611,#1145);
#665=LINE('',#8613,#1146);
#666=LINE('',#8616,#1147);
#667=LINE('',#8617,#1148);
#668=LINE('',#8619,#1149);
#669=LINE('',#8622,#1150);
#670=LINE('',#8623,#1151);
#671=LINE('',#8625,#1152);
#672=LINE('',#8628,#1153);
#673=LINE('',#8629,#1154);
#674=LINE('',#8631,#1155);
#675=LINE('',#8634,#1156);
#676=LINE('',#8635,#1157);
#677=LINE('',#8637,#1158);
#678=LINE('',#8638,#1159);
#679=LINE('',#8639,#1160);
#680=LINE('',#8641,#1161);
#681=LINE('',#8644,#1162);
#682=LINE('',#8645,#1163);
#683=LINE('',#8650,#1164);
#684=LINE('',#8651,#1165);
#685=LINE('',#8653,#1166);
#686=LINE('',#8655,#1167);
#687=LINE('',#8659,#1168);
#688=LINE('',#8661,#1169);
#689=LINE('',#8663,#1170);
#690=LINE('',#8665,#1171);
#691=LINE('',#8669,#1172);
#692=LINE('',#8674,#1173);
#693=LINE('',#8675,#1174);
#694=LINE('',#8680,#1175);
#695=LINE('',#8681,#1176);
#696=LINE('',#8686,#1177);
#697=LINE('',#8687,#1178);
#698=LINE('',#8692,#1179);
#699=LINE('',#8693,#1180);
#700=LINE('',#8695,#1181);
#701=LINE('',#8699,#1182);
#702=LINE('',#8701,#1183);
#703=LINE('',#8702,#1184);
#704=LINE('',#8703,#1185);
#705=LINE('',#8705,#1186);
#706=LINE('',#8707,#1187);
#707=LINE('',#8709,#1188);
#708=LINE('',#8711,#1189);
#709=LINE('',#8713,#1190);
#710=LINE('',#8716,#1191);
#711=LINE('',#8717,#1192);
#712=LINE('',#8719,#1193);
#713=LINE('',#8721,#1194);
#714=LINE('',#8723,#1195);
#715=LINE('',#8724,#1196);
#716=LINE('',#8726,#1197);
#717=LINE('',#8728,#1198);
#718=LINE('',#8730,#1199);
#719=VECTOR('',#5664,1.);
#720=VECTOR('',#5671,1.);
#721=VECTOR('',#5680,1.);
#722=VECTOR('',#5687,1.);
#723=VECTOR('',#5736,1.);
#724=VECTOR('',#5739,1.);
#725=VECTOR('',#5746,1.);
#726=VECTOR('',#5751,1.);
#727=VECTOR('',#5752,1.);
#728=VECTOR('',#5753,1.);
#729=VECTOR('',#5758,1.);
#730=VECTOR('',#5765,1.);
#731=VECTOR('',#5770,1.);
#732=VECTOR('',#5773,1.);
#733=VECTOR('',#5780,1.);
#734=VECTOR('',#5785,1.);
#735=VECTOR('',#5786,1.);
#736=VECTOR('',#5787,1.);
#737=VECTOR('',#5792,1.);
#738=VECTOR('',#5799,1.);
#739=VECTOR('',#5806,1.);
#740=VECTOR('',#5809,1.);
#741=VECTOR('',#5812,1.);
#742=VECTOR('',#5817,1.);
#743=VECTOR('',#5822,1.);
#744=VECTOR('',#5825,1.);
#745=VECTOR('',#5826,1.);
#746=VECTOR('',#5831,1.);
#747=VECTOR('',#5836,1.);
#748=VECTOR('',#5841,1.);
#749=VECTOR('',#5844,1.);
#750=VECTOR('',#5847,1.);
#751=VECTOR('',#5852,1.);
#752=VECTOR('',#5855,1.);
#753=VECTOR('',#5856,1.);
#754=VECTOR('',#5861,1.);
#755=VECTOR('',#5866,1.);
#756=VECTOR('',#5871,1.);
#757=VECTOR('',#5874,1.);
#758=VECTOR('',#5881,1.);
#759=VECTOR('',#5886,1.);
#760=VECTOR('',#5891,1.);
#761=VECTOR('',#5894,1.);
#762=VECTOR('',#5895,1.);
#763=VECTOR('',#5896,1.);
#764=VECTOR('',#5899,1.);
#765=VECTOR('',#5900,1.);
#766=VECTOR('',#5903,1.);
#767=VECTOR('',#5904,1.);
#768=VECTOR('',#5905,1.);
#769=VECTOR('',#5908,1.);
#770=VECTOR('',#5909,1.);
#771=VECTOR('',#5910,1.);
#772=VECTOR('',#5911,1.);
#773=VECTOR('',#5916,1.);
#774=VECTOR('',#5923,1.);
#775=VECTOR('',#5936,1.);
#776=VECTOR('',#5943,1.);
#777=VECTOR('',#5950,1.);
#778=VECTOR('',#5955,1.);
#779=VECTOR('',#5956,1.);
#780=VECTOR('',#5957,1.);
#781=VECTOR('',#5960,1.);
#782=VECTOR('',#5961,1.);
#783=VECTOR('',#5962,1.);
#784=VECTOR('',#5965,1.);
#785=VECTOR('',#5970,1.);
#786=VECTOR('',#5971,1.);
#787=VECTOR('',#5972,1.);
#788=VECTOR('',#5975,1.);
#789=VECTOR('',#5976,1.);
#790=VECTOR('',#5977,1.);
#791=VECTOR('',#5980,1.);
#792=VECTOR('',#5987,1.);
#793=VECTOR('',#5988,1.);
#794=VECTOR('',#5989,1.);
#795=VECTOR('',#5992,1.);
#796=VECTOR('',#5999,1.);
#797=VECTOR('',#6000,1.);
#798=VECTOR('',#6001,1.);
#799=VECTOR('',#6004,1.);
#800=VECTOR('',#6005,1.);
#801=VECTOR('',#6006,1.);
#802=VECTOR('',#6007,1.);
#803=VECTOR('',#6010,1.);
#804=VECTOR('',#6011,1.);
#805=VECTOR('',#6012,1.);
#806=VECTOR('',#6015,1.);
#807=VECTOR('',#6016,1.);
#808=VECTOR('',#6017,1.);
#809=VECTOR('',#6018,1.);
#810=VECTOR('',#6021,1.);
#811=VECTOR('',#6022,1.);
#812=VECTOR('',#6023,1.);
#813=VECTOR('',#6026,1.);
#814=VECTOR('',#6027,1.);
#815=VECTOR('',#6028,1.);
#816=VECTOR('',#6031,1.);
#817=VECTOR('',#6032,1.);
#818=VECTOR('',#6033,1.);
#819=VECTOR('',#6034,1.);
#820=VECTOR('',#6037,1.);
#821=VECTOR('',#6038,1.);
#822=VECTOR('',#6039,1.);
#823=VECTOR('',#6042,1.);
#824=VECTOR('',#6043,1.);
#825=VECTOR('',#6044,1.);
#826=VECTOR('',#6047,1.);
#827=VECTOR('',#6048,1.);
#828=VECTOR('',#6051,1.);
#829=VECTOR('',#6052,1.);
#830=VECTOR('',#6053,1.);
#831=VECTOR('',#6054,1.);
#832=VECTOR('',#6057,1.);
#833=VECTOR('',#6058,1.);
#834=VECTOR('',#6059,1.);
#835=VECTOR('',#6062,1.);
#836=VECTOR('',#6063,1.);
#837=VECTOR('',#6064,1.);
#838=VECTOR('',#6067,1.);
#839=VECTOR('',#6068,1.);
#840=VECTOR('',#6069,1.);
#841=VECTOR('',#6072,1.);
#842=VECTOR('',#6073,1.);
#843=VECTOR('',#6074,1.);
#844=VECTOR('',#6077,1.);
#845=VECTOR('',#6078,1.);
#846=VECTOR('',#6079,1.);
#847=VECTOR('',#6082,1.);
#848=VECTOR('',#6083,1.);
#849=VECTOR('',#6084,1.);
#850=VECTOR('',#6087,1.);
#851=VECTOR('',#6088,1.);
#852=VECTOR('',#6091,1.);
#853=VECTOR('',#6092,1.);
#854=VECTOR('',#6093,1.);
#855=VECTOR('',#6094,1.);
#856=VECTOR('',#6097,1.);
#857=VECTOR('',#6098,1.);
#858=VECTOR('',#6099,1.);
#859=VECTOR('',#6102,1.);
#860=VECTOR('',#6103,1.);
#861=VECTOR('',#6104,1.);
#862=VECTOR('',#6107,1.);
#863=VECTOR('',#6108,1.);
#864=VECTOR('',#6111,1.);
#865=VECTOR('',#6112,1.);
#866=VECTOR('',#6113,1.);
#867=VECTOR('',#6114,1.);
#868=VECTOR('',#6117,1.);
#869=VECTOR('',#6118,1.);
#870=VECTOR('',#6119,1.);
#871=VECTOR('',#6122,1.);
#872=VECTOR('',#6123,1.);
#873=VECTOR('',#6124,1.);
#874=VECTOR('',#6127,1.);
#875=VECTOR('',#6128,1.);
#876=VECTOR('',#6131,1.);
#877=VECTOR('',#6132,1.);
#878=VECTOR('',#6133,1.);
#879=VECTOR('',#6134,1.);
#880=VECTOR('',#6137,1.);
#881=VECTOR('',#6138,1.);
#882=VECTOR('',#6139,1.);
#883=VECTOR('',#6142,1.);
#884=VECTOR('',#6143,1.);
#885=VECTOR('',#6144,1.);
#886=VECTOR('',#6147,1.);
#887=VECTOR('',#6148,1.);
#888=VECTOR('',#6151,1.);
#889=VECTOR('',#6152,1.);
#890=VECTOR('',#6153,1.);
#891=VECTOR('',#6154,1.);
#892=VECTOR('',#6157,1.);
#893=VECTOR('',#6158,1.);
#894=VECTOR('',#6159,1.);
#895=VECTOR('',#6162,1.);
#896=VECTOR('',#6163,1.);
#897=VECTOR('',#6164,1.);
#898=VECTOR('',#6167,1.);
#899=VECTOR('',#6168,1.);
#900=VECTOR('',#6169,1.);
#901=VECTOR('',#6170,1.);
#902=VECTOR('',#6171,1.);
#903=VECTOR('',#6174,1.);
#904=VECTOR('',#6175,1.);
#905=VECTOR('',#6176,1.);
#906=VECTOR('',#6177,1.);
#907=VECTOR('',#6182,1.);
#908=VECTOR('',#6185,1.);
#909=VECTOR('',#6188,1.);
#910=VECTOR('',#6189,1.);
#911=VECTOR('',#6190,1.);
#912=VECTOR('',#6191,1.);
#913=VECTOR('',#6194,1.);
#914=VECTOR('',#6195,1.);
#915=VECTOR('',#6196,1.);
#916=VECTOR('',#6197,1.);
#917=VECTOR('',#6200,1.);
#918=VECTOR('',#6201,1.);
#919=VECTOR('',#6244,1.);
#920=VECTOR('',#6247,1.);
#921=VECTOR('',#6250,1.);
#922=VECTOR('',#6251,1.);
#923=VECTOR('',#6252,1.);
#924=VECTOR('',#6255,1.);
#925=VECTOR('',#6258,1.);
#926=VECTOR('',#6263,1.);
#927=VECTOR('',#6268,1.);
#928=VECTOR('',#6271,1.);
#929=VECTOR('',#6272,1.);
#930=VECTOR('',#6275,1.);
#931=VECTOR('',#6280,1.);
#932=VECTOR('',#6285,1.);
#933=VECTOR('',#6290,1.);
#934=VECTOR('',#6291,1.);
#935=VECTOR('',#6294,1.);
#936=VECTOR('',#6299,1.);
#937=VECTOR('',#6304,1.);
#938=VECTOR('',#6305,1.);
#939=VECTOR('',#6318,1.);
#940=VECTOR('',#6319,1.);
#941=VECTOR('',#6322,1.);
#942=VECTOR('',#6327,1.);
#943=VECTOR('',#6330,1.);
#944=VECTOR('',#6331,1.);
#945=VECTOR('',#6336,1.);
#946=VECTOR('',#6339,1.);
#947=VECTOR('',#6340,1.);
#948=VECTOR('',#6343,1.);
#949=VECTOR('',#6344,1.);
#950=VECTOR('',#6349,1.);
#951=VECTOR('',#6354,1.);
#952=VECTOR('',#6359,1.);
#953=VECTOR('',#6362,1.);
#954=VECTOR('',#6363,1.);
#955=VECTOR('',#6366,1.);
#956=VECTOR('',#6371,1.);
#957=VECTOR('',#6376,1.);
#958=VECTOR('',#6381,1.);
#959=VECTOR('',#6388,1.);
#960=VECTOR('',#6393,1.);
#961=VECTOR('',#6428,1.);
#962=VECTOR('',#6431,1.);
#963=VECTOR('',#6432,1.);
#964=VECTOR('',#6435,1.);
#965=VECTOR('',#6440,1.);
#966=VECTOR('',#6445,1.);
#967=VECTOR('',#6446,1.);
#968=VECTOR('',#6449,1.);
#969=VECTOR('',#6454,1.);
#970=VECTOR('',#6459,1.);
#971=VECTOR('',#6464,1.);
#972=VECTOR('',#6465,1.);
#973=VECTOR('',#6466,1.);
#974=VECTOR('',#6469,1.);
#975=VECTOR('',#6470,1.);
#976=VECTOR('',#6471,1.);
#977=VECTOR('',#6474,1.);
#978=VECTOR('',#6475,1.);
#979=VECTOR('',#6476,1.);
#980=VECTOR('',#6479,1.);
#981=VECTOR('',#6480,1.);
#982=VECTOR('',#6481,1.);
#983=VECTOR('',#6484,1.);
#984=VECTOR('',#6485,1.);
#985=VECTOR('',#6486,1.);
#986=VECTOR('',#6487,1.);
#987=VECTOR('',#6490,1.);
#988=VECTOR('',#6493,1.);
#989=VECTOR('',#6498,1.);
#990=VECTOR('',#6501,1.);
#991=VECTOR('',#6506,1.);
#992=VECTOR('',#6529,1.);
#993=VECTOR('',#6534,1.);
#994=VECTOR('',#6539,1.);
#995=VECTOR('',#6544,1.);
#996=VECTOR('',#6547,1.);
#997=VECTOR('',#6552,1.);
#998=VECTOR('',#6557,1.);
#999=VECTOR('',#6562,1.);
#1000=VECTOR('',#6563,1.);
#1001=VECTOR('',#6586,1.);
#1002=VECTOR('',#6589,1.);
#1003=VECTOR('',#6592,1.);
#1004=VECTOR('',#6597,1.);
#1005=VECTOR('',#6608,1.);
#1006=VECTOR('',#6619,1.);
#1007=VECTOR('',#6622,1.);
#1008=VECTOR('',#6629,1.);
#1009=VECTOR('',#6636,1.);
#1010=VECTOR('',#6639,1.);
#1011=VECTOR('',#6644,1.);
#1012=VECTOR('',#6653,1.);
#1013=VECTOR('',#6658,1.);
#1014=VECTOR('',#6659,1.);
#1015=VECTOR('',#6662,1.);
#1016=VECTOR('',#6667,1.);
#1017=VECTOR('',#6672,1.);
#1018=VECTOR('',#6677,1.);
#1019=VECTOR('',#6682,1.);
#1020=VECTOR('',#6687,1.);
#1021=VECTOR('',#6692,1.);
#1022=VECTOR('',#6697,1.);
#1023=VECTOR('',#6702,1.);
#1024=VECTOR('',#6707,1.);
#1025=VECTOR('',#6712,1.);
#1026=VECTOR('',#6717,1.);
#1027=VECTOR('',#6724,1.);
#1028=VECTOR('',#6727,1.);
#1029=VECTOR('',#6734,1.);
#1030=VECTOR('',#6737,1.);
#1031=VECTOR('',#6742,1.);
#1032=VECTOR('',#6747,1.);
#1033=VECTOR('',#6750,1.);
#1034=VECTOR('',#6751,1.);
#1035=VECTOR('',#6752,1.);
#1036=VECTOR('',#6755,1.);
#1037=VECTOR('',#6756,1.);
#1038=VECTOR('',#6759,1.);
#1039=VECTOR('',#6760,1.);
#1040=VECTOR('',#6763,1.);
#1041=VECTOR('',#6766,1.);
#1042=VECTOR('',#6767,1.);
#1043=VECTOR('',#6768,1.);
#1044=VECTOR('',#6771,1.);
#1045=VECTOR('',#6772,1.);
#1046=VECTOR('',#6775,1.);
#1047=VECTOR('',#6776,1.);
#1048=VECTOR('',#6779,1.);
#1049=VECTOR('',#6782,1.);
#1050=VECTOR('',#6783,1.);
#1051=VECTOR('',#6784,1.);
#1052=VECTOR('',#6787,1.);
#1053=VECTOR('',#6788,1.);
#1054=VECTOR('',#6791,1.);
#1055=VECTOR('',#6792,1.);
#1056=VECTOR('',#6795,1.);
#1057=VECTOR('',#6796,1.);
#1058=VECTOR('',#6799,1.);
#1059=VECTOR('',#6800,1.);
#1060=VECTOR('',#6803,1.);
#1061=VECTOR('',#6804,1.);
#1062=VECTOR('',#6807,1.);
#1063=VECTOR('',#6808,1.);
#1064=VECTOR('',#6811,1.);
#1065=VECTOR('',#6814,1.);
#1066=VECTOR('',#6815,1.);
#1067=VECTOR('',#6816,1.);
#1068=VECTOR('',#6819,1.);
#1069=VECTOR('',#6820,1.);
#1070=VECTOR('',#6823,1.);
#1071=VECTOR('',#6824,1.);
#1072=VECTOR('',#6827,1.);
#1073=VECTOR('',#6830,1.);
#1074=VECTOR('',#6831,1.);
#1075=VECTOR('',#6832,1.);
#1076=VECTOR('',#6835,1.);
#1077=VECTOR('',#6836,1.);
#1078=VECTOR('',#6839,1.);
#1079=VECTOR('',#6840,1.);
#1080=VECTOR('',#6843,1.);
#1081=VECTOR('',#6846,1.);
#1082=VECTOR('',#6847,1.);
#1083=VECTOR('',#6848,1.);
#1084=VECTOR('',#6851,1.);
#1085=VECTOR('',#6852,1.);
#1086=VECTOR('',#6855,1.);
#1087=VECTOR('',#6856,1.);
#1088=VECTOR('',#6859,1.);
#1089=VECTOR('',#6862,1.);
#1090=VECTOR('',#6863,1.);
#1091=VECTOR('',#6864,1.);
#1092=VECTOR('',#6867,1.);
#1093=VECTOR('',#6868,1.);
#1094=VECTOR('',#6871,1.);
#1095=VECTOR('',#6872,1.);
#1096=VECTOR('',#6875,1.);
#1097=VECTOR('',#6876,1.);
#1098=VECTOR('',#6877,1.);
#1099=VECTOR('',#6880,1.);
#1100=VECTOR('',#6883,1.);
#1101=VECTOR('',#6884,1.);
#1102=VECTOR('',#6885,1.);
#1103=VECTOR('',#6888,1.);
#1104=VECTOR('',#6889,1.);
#1105=VECTOR('',#6892,1.);
#1106=VECTOR('',#6893,1.);
#1107=VECTOR('',#6896,1.);
#1108=VECTOR('',#6899,1.);
#1109=VECTOR('',#6900,1.);
#1110=VECTOR('',#6903,1.);
#1111=VECTOR('',#6904,1.);
#1112=VECTOR('',#6905,1.);
#1113=VECTOR('',#6908,1.);
#1114=VECTOR('',#6909,1.);
#1115=VECTOR('',#6914,1.);
#1116=VECTOR('',#6919,1.);
#1117=VECTOR('',#6924,1.);
#1118=VECTOR('',#6929,1.);
#1119=VECTOR('',#6936,1.);
#1120=VECTOR('',#6939,1.);
#1121=VECTOR('',#6940,1.);
#1122=VECTOR('',#6943,1.);
#1123=VECTOR('',#6944,1.);
#1124=VECTOR('',#6947,1.);
#1125=VECTOR('',#6950,1.);
#1126=VECTOR('',#6953,1.);
#1127=VECTOR('',#6954,1.);
#1128=VECTOR('',#6961,1.);
#1129=VECTOR('',#6964,1.);
#1130=VECTOR('',#6965,1.);
#1131=VECTOR('',#6966,1.);
#1132=VECTOR('',#6969,1.);
#1133=VECTOR('',#6972,1.);
#1134=VECTOR('',#6975,1.);
#1135=VECTOR('',#6978,1.);
#1136=VECTOR('',#6979,1.);
#1137=VECTOR('',#6982,1.);
#1138=VECTOR('',#6983,1.);
#1139=VECTOR('',#6984,1.);
#1140=VECTOR('',#6987,1.);
#1141=VECTOR('',#6988,1.);
#1142=VECTOR('',#6989,1.);
#1143=VECTOR('',#6992,1.);
#1144=VECTOR('',#6993,1.);
#1145=VECTOR('',#6994,1.);
#1146=VECTOR('',#6997,1.);
#1147=VECTOR('',#6998,1.);
#1148=VECTOR('',#6999,1.);
#1149=VECTOR('',#7002,1.);
#1150=VECTOR('',#7003,1.);
#1151=VECTOR('',#7004,1.);
#1152=VECTOR('',#7007,1.);
#1153=VECTOR('',#7008,1.);
#1154=VECTOR('',#7009,1.);
#1155=VECTOR('',#7012,1.);
#1156=VECTOR('',#7013,1.);
#1157=VECTOR('',#7014,1.);
#1158=VECTOR('',#7017,1.);
#1159=VECTOR('',#7018,1.);
#1160=VECTOR('',#7019,1.);
#1161=VECTOR('',#7022,1.);
#1162=VECTOR('',#7023,1.);
#1163=VECTOR('',#7024,1.);
#1164=VECTOR('',#7029,1.);
#1165=VECTOR('',#7030,1.);
#1166=VECTOR('',#7033,1.);
#1167=VECTOR('',#7036,1.);
#1168=VECTOR('',#7039,1.);
#1169=VECTOR('',#7042,1.);
#1170=VECTOR('',#7045,1.);
#1171=VECTOR('',#7048,1.);
#1172=VECTOR('',#7051,1.);
#1173=VECTOR('',#7056,1.);
#1174=VECTOR('',#7057,1.);
#1175=VECTOR('',#7062,1.);
#1176=VECTOR('',#7063,1.);
#1177=VECTOR('',#7068,1.);
#1178=VECTOR('',#7069,1.);
#1179=VECTOR('',#7074,1.);
#1180=VECTOR('',#7075,1.);
#1181=VECTOR('',#7078,1.);
#1182=VECTOR('',#7081,1.);
#1183=VECTOR('',#7084,1.);
#1184=VECTOR('',#7085,1.);
#1185=VECTOR('',#7086,1.);
#1186=VECTOR('',#7089,1.);
#1187=VECTOR('',#7092,1.);
#1188=VECTOR('',#7095,1.);
#1189=VECTOR('',#7098,1.);
#1190=VECTOR('',#7101,1.);
#1191=VECTOR('',#7102,1.);
#1192=VECTOR('',#7103,1.);
#1193=VECTOR('',#7106,1.);
#1194=VECTOR('',#7109,1.);
#1195=VECTOR('',#7112,1.);
#1196=VECTOR('',#7113,1.);
#1197=VECTOR('',#7116,1.);
#1198=VECTOR('',#7117,1.);
#1199=VECTOR('',#7120,1.);
#1200=ORIENTED_EDGE('',*,*,#2626,.T.);
#1201=ORIENTED_EDGE('',*,*,#2627,.T.);
#1202=ORIENTED_EDGE('',*,*,#2628,.T.);
#1203=ORIENTED_EDGE('',*,*,#2629,.T.);
#1204=ORIENTED_EDGE('',*,*,#2630,.T.);
#1205=ORIENTED_EDGE('',*,*,#2631,.T.);
#1206=ORIENTED_EDGE('',*,*,#2632,.T.);
#1207=ORIENTED_EDGE('',*,*,#2633,.T.);
#1208=ORIENTED_EDGE('',*,*,#2634,.T.);
#1209=ORIENTED_EDGE('',*,*,#2635,.T.);
#1210=ORIENTED_EDGE('',*,*,#2636,.F.);
#1211=ORIENTED_EDGE('',*,*,#2637,.T.);
#1212=ORIENTED_EDGE('',*,*,#2638,.F.);
#1213=ORIENTED_EDGE('',*,*,#2639,.F.);
#1214=ORIENTED_EDGE('',*,*,#2640,.T.);
#1215=ORIENTED_EDGE('',*,*,#2641,.F.);
#1216=ORIENTED_EDGE('',*,*,#2642,.F.);
#1217=ORIENTED_EDGE('',*,*,#2643,.T.);
#1218=ORIENTED_EDGE('',*,*,#2644,.F.);
#1219=ORIENTED_EDGE('',*,*,#2645,.T.);
#1220=ORIENTED_EDGE('',*,*,#2646,.F.);
#1221=ORIENTED_EDGE('',*,*,#2647,.F.);
#1222=ORIENTED_EDGE('',*,*,#2648,.T.);
#1223=ORIENTED_EDGE('',*,*,#2649,.F.);
#1224=ORIENTED_EDGE('',*,*,#2650,.F.);
#1225=ORIENTED_EDGE('',*,*,#2651,.T.);
#1226=ORIENTED_EDGE('',*,*,#2652,.T.);
#1227=ORIENTED_EDGE('',*,*,#2626,.F.);
#1228=ORIENTED_EDGE('',*,*,#2653,.T.);
#1229=ORIENTED_EDGE('',*,*,#2627,.F.);
#1230=ORIENTED_EDGE('',*,*,#2654,.T.);
#1231=ORIENTED_EDGE('',*,*,#2628,.F.);
#1232=ORIENTED_EDGE('',*,*,#2655,.T.);
#1233=ORIENTED_EDGE('',*,*,#2629,.F.);
#1234=ORIENTED_EDGE('',*,*,#2656,.T.);
#1235=ORIENTED_EDGE('',*,*,#2630,.F.);
#1236=ORIENTED_EDGE('',*,*,#2657,.T.);
#1237=ORIENTED_EDGE('',*,*,#2631,.F.);
#1238=ORIENTED_EDGE('',*,*,#2658,.T.);
#1239=ORIENTED_EDGE('',*,*,#2632,.F.);
#1240=ORIENTED_EDGE('',*,*,#2659,.T.);
#1241=ORIENTED_EDGE('',*,*,#2633,.F.);
#1242=ORIENTED_EDGE('',*,*,#2660,.T.);
#1243=ORIENTED_EDGE('',*,*,#2634,.F.);
#1244=ORIENTED_EDGE('',*,*,#2661,.T.);
#1245=ORIENTED_EDGE('',*,*,#2635,.F.);
#1246=ORIENTED_EDGE('',*,*,#2662,.F.);
#1247=ORIENTED_EDGE('',*,*,#2663,.T.);
#1248=ORIENTED_EDGE('',*,*,#2664,.T.);
#1249=ORIENTED_EDGE('',*,*,#2665,.T.);
#1250=ORIENTED_EDGE('',*,*,#2664,.F.);
#1251=ORIENTED_EDGE('',*,*,#2666,.T.);
#1252=ORIENTED_EDGE('',*,*,#2667,.T.);
#1253=ORIENTED_EDGE('',*,*,#2668,.T.);
#1254=ORIENTED_EDGE('',*,*,#2667,.F.);
#1255=ORIENTED_EDGE('',*,*,#2669,.T.);
#1256=ORIENTED_EDGE('',*,*,#2670,.T.);
#1257=ORIENTED_EDGE('',*,*,#2671,.F.);
#1258=ORIENTED_EDGE('',*,*,#2670,.F.);
#1259=ORIENTED_EDGE('',*,*,#2672,.T.);
#1260=ORIENTED_EDGE('',*,*,#2673,.T.);
#1261=ORIENTED_EDGE('',*,*,#2674,.T.);
#1262=ORIENTED_EDGE('',*,*,#2673,.F.);
#1263=ORIENTED_EDGE('',*,*,#2675,.T.);
#1264=ORIENTED_EDGE('',*,*,#2676,.T.);
#1265=ORIENTED_EDGE('',*,*,#2677,.T.);
#1266=ORIENTED_EDGE('',*,*,#2678,.F.);
#1267=ORIENTED_EDGE('',*,*,#2679,.T.);
#1268=ORIENTED_EDGE('',*,*,#2680,.T.);
#1269=ORIENTED_EDGE('',*,*,#2681,.T.);
#1270=ORIENTED_EDGE('',*,*,#2680,.F.);
#1271=ORIENTED_EDGE('',*,*,#2682,.T.);
#1272=ORIENTED_EDGE('',*,*,#2683,.T.);
#1273=ORIENTED_EDGE('',*,*,#2684,.T.);
#1274=ORIENTED_EDGE('',*,*,#2683,.F.);
#1275=ORIENTED_EDGE('',*,*,#2685,.T.);
#1276=ORIENTED_EDGE('',*,*,#2686,.T.);
#1277=ORIENTED_EDGE('',*,*,#2687,.F.);
#1278=ORIENTED_EDGE('',*,*,#2686,.F.);
#1279=ORIENTED_EDGE('',*,*,#2688,.T.);
#1280=ORIENTED_EDGE('',*,*,#2689,.T.);
#1281=ORIENTED_EDGE('',*,*,#2690,.T.);
#1282=ORIENTED_EDGE('',*,*,#2691,.T.);
#1283=ORIENTED_EDGE('',*,*,#2692,.T.);
#1284=ORIENTED_EDGE('',*,*,#2693,.T.);
#1285=ORIENTED_EDGE('',*,*,#2681,.F.);
#1286=ORIENTED_EDGE('',*,*,#2684,.F.);
#1287=ORIENTED_EDGE('',*,*,#2687,.T.);
#1288=ORIENTED_EDGE('',*,*,#2690,.F.);
#1289=ORIENTED_EDGE('',*,*,#2694,.F.);
#1290=ORIENTED_EDGE('',*,*,#2689,.F.);
#1291=ORIENTED_EDGE('',*,*,#2695,.T.);
#1292=ORIENTED_EDGE('',*,*,#2696,.T.);
#1293=ORIENTED_EDGE('',*,*,#2694,.T.);
#1294=ORIENTED_EDGE('',*,*,#2697,.F.);
#1295=ORIENTED_EDGE('',*,*,#2698,.T.);
#1296=ORIENTED_EDGE('',*,*,#2699,.T.);
#1297=ORIENTED_EDGE('',*,*,#2645,.F.);
#1298=ORIENTED_EDGE('',*,*,#2699,.F.);
#1299=ORIENTED_EDGE('',*,*,#2700,.T.);
#1300=ORIENTED_EDGE('',*,*,#2701,.T.);
#1301=ORIENTED_EDGE('',*,*,#2646,.T.);
#1302=ORIENTED_EDGE('',*,*,#2701,.F.);
#1303=ORIENTED_EDGE('',*,*,#2702,.T.);
#1304=ORIENTED_EDGE('',*,*,#2703,.T.);
#1305=ORIENTED_EDGE('',*,*,#2647,.T.);
#1306=ORIENTED_EDGE('',*,*,#2703,.F.);
#1307=ORIENTED_EDGE('',*,*,#2704,.T.);
#1308=ORIENTED_EDGE('',*,*,#2705,.T.);
#1309=ORIENTED_EDGE('',*,*,#2648,.F.);
#1310=ORIENTED_EDGE('',*,*,#2705,.F.);
#1311=ORIENTED_EDGE('',*,*,#2706,.T.);
#1312=ORIENTED_EDGE('',*,*,#2707,.T.);
#1313=ORIENTED_EDGE('',*,*,#2649,.T.);
#1314=ORIENTED_EDGE('',*,*,#2707,.F.);
#1315=ORIENTED_EDGE('',*,*,#2708,.T.);
#1316=ORIENTED_EDGE('',*,*,#2709,.T.);
#1317=ORIENTED_EDGE('',*,*,#2650,.T.);
#1318=ORIENTED_EDGE('',*,*,#2709,.F.);
#1319=ORIENTED_EDGE('',*,*,#2710,.T.);
#1320=ORIENTED_EDGE('',*,*,#2711,.T.);
#1321=ORIENTED_EDGE('',*,*,#2651,.F.);
#1322=ORIENTED_EDGE('',*,*,#2712,.F.);
#1323=ORIENTED_EDGE('',*,*,#2713,.T.);
#1324=ORIENTED_EDGE('',*,*,#2714,.T.);
#1325=ORIENTED_EDGE('',*,*,#2638,.T.);
#1326=ORIENTED_EDGE('',*,*,#2714,.F.);
#1327=ORIENTED_EDGE('',*,*,#2715,.T.);
#1328=ORIENTED_EDGE('',*,*,#2716,.T.);
#1329=ORIENTED_EDGE('',*,*,#2639,.T.);
#1330=ORIENTED_EDGE('',*,*,#2716,.F.);
#1331=ORIENTED_EDGE('',*,*,#2717,.T.);
#1332=ORIENTED_EDGE('',*,*,#2718,.T.);
#1333=ORIENTED_EDGE('',*,*,#2640,.F.);
#1334=ORIENTED_EDGE('',*,*,#2718,.F.);
#1335=ORIENTED_EDGE('',*,*,#2719,.T.);
#1336=ORIENTED_EDGE('',*,*,#2720,.T.);
#1337=ORIENTED_EDGE('',*,*,#2641,.T.);
#1338=ORIENTED_EDGE('',*,*,#2720,.F.);
#1339=ORIENTED_EDGE('',*,*,#2721,.T.);
#1340=ORIENTED_EDGE('',*,*,#2722,.T.);
#1341=ORIENTED_EDGE('',*,*,#2642,.T.);
#1342=ORIENTED_EDGE('',*,*,#2722,.F.);
#1343=ORIENTED_EDGE('',*,*,#2723,.T.);
#1344=ORIENTED_EDGE('',*,*,#2724,.T.);
#1345=ORIENTED_EDGE('',*,*,#2643,.F.);
#1346=ORIENTED_EDGE('',*,*,#2725,.F.);
#1347=ORIENTED_EDGE('',*,*,#2726,.T.);
#1348=ORIENTED_EDGE('',*,*,#2665,.F.);
#1349=ORIENTED_EDGE('',*,*,#2668,.F.);
#1350=ORIENTED_EDGE('',*,*,#2671,.T.);
#1351=ORIENTED_EDGE('',*,*,#2674,.F.);
#1352=ORIENTED_EDGE('',*,*,#2677,.F.);
#1353=ORIENTED_EDGE('',*,*,#2727,.T.);
#1354=ORIENTED_EDGE('',*,*,#2728,.F.);
#1355=ORIENTED_EDGE('',*,*,#2729,.T.);
#1356=ORIENTED_EDGE('',*,*,#2662,.T.);
#1357=ORIENTED_EDGE('',*,*,#2726,.F.);
#1358=ORIENTED_EDGE('',*,*,#2730,.F.);
#1359=ORIENTED_EDGE('',*,*,#2731,.T.);
#1360=ORIENTED_EDGE('',*,*,#2678,.T.);
#1361=ORIENTED_EDGE('',*,*,#2693,.F.);
#1362=ORIENTED_EDGE('',*,*,#2676,.F.);
#1363=ORIENTED_EDGE('',*,*,#2732,.T.);
#1364=ORIENTED_EDGE('',*,*,#2733,.T.);
#1365=ORIENTED_EDGE('',*,*,#2727,.F.);
#1366=ORIENTED_EDGE('',*,*,#2734,.F.);
#1367=ORIENTED_EDGE('',*,*,#2735,.T.);
#1368=ORIENTED_EDGE('',*,*,#2736,.T.);
#1369=ORIENTED_EDGE('',*,*,#2636,.T.);
#1370=ORIENTED_EDGE('',*,*,#2737,.F.);
#1371=ORIENTED_EDGE('',*,*,#2738,.T.);
#1372=ORIENTED_EDGE('',*,*,#2712,.T.);
#1373=ORIENTED_EDGE('',*,*,#2637,.F.);
#1374=ORIENTED_EDGE('',*,*,#2736,.F.);
#1375=ORIENTED_EDGE('',*,*,#2739,.T.);
#1376=ORIENTED_EDGE('',*,*,#2740,.T.);
#1377=ORIENTED_EDGE('',*,*,#2741,.T.);
#1378=ORIENTED_EDGE('',*,*,#2742,.T.);
#1379=ORIENTED_EDGE('',*,*,#2743,.T.);
#1380=ORIENTED_EDGE('',*,*,#2737,.T.);
#1381=ORIENTED_EDGE('',*,*,#2740,.F.);
#1382=ORIENTED_EDGE('',*,*,#2744,.F.);
#1383=ORIENTED_EDGE('',*,*,#2745,.T.);
#1384=ORIENTED_EDGE('',*,*,#2746,.T.);
#1385=ORIENTED_EDGE('',*,*,#2747,.T.);
#1386=ORIENTED_EDGE('',*,*,#2746,.F.);
#1387=ORIENTED_EDGE('',*,*,#2748,.T.);
#1388=ORIENTED_EDGE('',*,*,#2749,.T.);
#1389=ORIENTED_EDGE('',*,*,#2750,.T.);
#1390=ORIENTED_EDGE('',*,*,#2749,.F.);
#1391=ORIENTED_EDGE('',*,*,#2751,.T.);
#1392=ORIENTED_EDGE('',*,*,#2752,.T.);
#1393=ORIENTED_EDGE('',*,*,#2753,.T.);
#1394=ORIENTED_EDGE('',*,*,#2754,.T.);
#1395=ORIENTED_EDGE('',*,*,#2755,.F.);
#1396=ORIENTED_EDGE('',*,*,#2756,.F.);
#1397=ORIENTED_EDGE('',*,*,#2757,.F.);
#1398=ORIENTED_EDGE('',*,*,#2752,.F.);
#1399=ORIENTED_EDGE('',*,*,#2758,.T.);
#1400=ORIENTED_EDGE('',*,*,#2755,.T.);
#1401=ORIENTED_EDGE('',*,*,#2759,.T.);
#1402=ORIENTED_EDGE('',*,*,#2760,.T.);
#1403=ORIENTED_EDGE('',*,*,#2761,.T.);
#1404=ORIENTED_EDGE('',*,*,#2760,.F.);
#1405=ORIENTED_EDGE('',*,*,#2762,.T.);
#1406=ORIENTED_EDGE('',*,*,#2763,.T.);
#1407=ORIENTED_EDGE('',*,*,#2764,.T.);
#1408=ORIENTED_EDGE('',*,*,#2763,.F.);
#1409=ORIENTED_EDGE('',*,*,#2765,.T.);
#1410=ORIENTED_EDGE('',*,*,#2766,.T.);
#1411=ORIENTED_EDGE('',*,*,#2767,.T.);
#1412=ORIENTED_EDGE('',*,*,#2766,.F.);
#1413=ORIENTED_EDGE('',*,*,#2768,.T.);
#1414=ORIENTED_EDGE('',*,*,#2769,.T.);
#1415=ORIENTED_EDGE('',*,*,#2770,.T.);
#1416=ORIENTED_EDGE('',*,*,#2769,.F.);
#1417=ORIENTED_EDGE('',*,*,#2771,.T.);
#1418=ORIENTED_EDGE('',*,*,#2772,.T.);
#1419=ORIENTED_EDGE('',*,*,#2773,.T.);
#1420=ORIENTED_EDGE('',*,*,#2774,.T.);
#1421=ORIENTED_EDGE('',*,*,#2775,.T.);
#1422=ORIENTED_EDGE('',*,*,#2772,.F.);
#1423=ORIENTED_EDGE('',*,*,#2776,.T.);
#1424=ORIENTED_EDGE('',*,*,#2777,.T.);
#1425=ORIENTED_EDGE('',*,*,#2778,.F.);
#1426=ORIENTED_EDGE('',*,*,#2779,.T.);
#1427=ORIENTED_EDGE('',*,*,#2697,.T.);
#1428=ORIENTED_EDGE('',*,*,#2644,.T.);
#1429=ORIENTED_EDGE('',*,*,#2711,.F.);
#1430=ORIENTED_EDGE('',*,*,#2780,.F.);
#1431=ORIENTED_EDGE('',*,*,#2781,.T.);
#1432=ORIENTED_EDGE('',*,*,#2778,.T.);
#1433=ORIENTED_EDGE('',*,*,#2782,.T.);
#1434=ORIENTED_EDGE('',*,*,#2783,.F.);
#1435=ORIENTED_EDGE('',*,*,#2784,.T.);
#1436=ORIENTED_EDGE('',*,*,#2780,.T.);
#1437=ORIENTED_EDGE('',*,*,#2785,.T.);
#1438=ORIENTED_EDGE('',*,*,#2786,.F.);
#1439=ORIENTED_EDGE('',*,*,#2787,.T.);
#1440=ORIENTED_EDGE('',*,*,#2783,.T.);
#1441=ORIENTED_EDGE('',*,*,#2788,.T.);
#1442=ORIENTED_EDGE('',*,*,#2789,.F.);
#1443=ORIENTED_EDGE('',*,*,#2790,.T.);
#1444=ORIENTED_EDGE('',*,*,#2786,.T.);
#1445=ORIENTED_EDGE('',*,*,#2791,.T.);
#1446=ORIENTED_EDGE('',*,*,#2792,.F.);
#1447=ORIENTED_EDGE('',*,*,#2793,.T.);
#1448=ORIENTED_EDGE('',*,*,#2789,.T.);
#1449=ORIENTED_EDGE('',*,*,#2794,.T.);
#1450=ORIENTED_EDGE('',*,*,#2795,.F.);
#1451=ORIENTED_EDGE('',*,*,#2796,.T.);
#1452=ORIENTED_EDGE('',*,*,#2792,.T.);
#1453=ORIENTED_EDGE('',*,*,#2797,.T.);
#1454=ORIENTED_EDGE('',*,*,#2798,.T.);
#1455=ORIENTED_EDGE('',*,*,#2799,.F.);
#1456=ORIENTED_EDGE('',*,*,#2800,.T.);
#1457=ORIENTED_EDGE('',*,*,#2801,.T.);
#1458=ORIENTED_EDGE('',*,*,#2692,.F.);
#1459=ORIENTED_EDGE('',*,*,#2802,.T.);
#1460=ORIENTED_EDGE('',*,*,#2803,.T.);
#1461=ORIENTED_EDGE('',*,*,#2804,.F.);
#1462=ORIENTED_EDGE('',*,*,#2805,.T.);
#1463=ORIENTED_EDGE('',*,*,#2806,.T.);
#1464=ORIENTED_EDGE('',*,*,#2807,.T.);
#1465=ORIENTED_EDGE('',*,*,#2802,.F.);
#1466=ORIENTED_EDGE('',*,*,#2808,.T.);
#1467=ORIENTED_EDGE('',*,*,#2804,.T.);
#1468=ORIENTED_EDGE('',*,*,#2809,.T.);
#1469=ORIENTED_EDGE('',*,*,#2810,.F.);
#1470=ORIENTED_EDGE('',*,*,#2811,.T.);
#1471=ORIENTED_EDGE('',*,*,#2812,.T.);
#1472=ORIENTED_EDGE('',*,*,#2813,.T.);
#1473=ORIENTED_EDGE('',*,*,#2814,.F.);
#1474=ORIENTED_EDGE('',*,*,#2815,.T.);
#1475=ORIENTED_EDGE('',*,*,#2816,.T.);
#1476=ORIENTED_EDGE('',*,*,#2817,.T.);
#1477=ORIENTED_EDGE('',*,*,#2812,.F.);
#1478=ORIENTED_EDGE('',*,*,#2818,.T.);
#1479=ORIENTED_EDGE('',*,*,#2819,.T.);
#1480=ORIENTED_EDGE('',*,*,#2820,.T.);
#1481=ORIENTED_EDGE('',*,*,#2816,.F.);
#1482=ORIENTED_EDGE('',*,*,#2821,.T.);
#1483=ORIENTED_EDGE('',*,*,#2814,.T.);
#1484=ORIENTED_EDGE('',*,*,#2822,.T.);
#1485=ORIENTED_EDGE('',*,*,#2819,.F.);
#1486=ORIENTED_EDGE('',*,*,#2823,.T.);
#1487=ORIENTED_EDGE('',*,*,#2824,.T.);
#1488=ORIENTED_EDGE('',*,*,#2825,.T.);
#1489=ORIENTED_EDGE('',*,*,#2826,.F.);
#1490=ORIENTED_EDGE('',*,*,#2827,.T.);
#1491=ORIENTED_EDGE('',*,*,#2828,.T.);
#1492=ORIENTED_EDGE('',*,*,#2829,.T.);
#1493=ORIENTED_EDGE('',*,*,#2824,.F.);
#1494=ORIENTED_EDGE('',*,*,#2830,.T.);
#1495=ORIENTED_EDGE('',*,*,#2831,.T.);
#1496=ORIENTED_EDGE('',*,*,#2832,.T.);
#1497=ORIENTED_EDGE('',*,*,#2828,.F.);
#1498=ORIENTED_EDGE('',*,*,#2833,.T.);
#1499=ORIENTED_EDGE('',*,*,#2834,.T.);
#1500=ORIENTED_EDGE('',*,*,#2835,.T.);
#1501=ORIENTED_EDGE('',*,*,#2831,.F.);
#1502=ORIENTED_EDGE('',*,*,#2836,.T.);
#1503=ORIENTED_EDGE('',*,*,#2837,.T.);
#1504=ORIENTED_EDGE('',*,*,#2838,.T.);
#1505=ORIENTED_EDGE('',*,*,#2834,.F.);
#1506=ORIENTED_EDGE('',*,*,#2839,.T.);
#1507=ORIENTED_EDGE('',*,*,#2840,.T.);
#1508=ORIENTED_EDGE('',*,*,#2841,.T.);
#1509=ORIENTED_EDGE('',*,*,#2837,.F.);
#1510=ORIENTED_EDGE('',*,*,#2842,.T.);
#1511=ORIENTED_EDGE('',*,*,#2843,.T.);
#1512=ORIENTED_EDGE('',*,*,#2844,.T.);
#1513=ORIENTED_EDGE('',*,*,#2840,.F.);
#1514=ORIENTED_EDGE('',*,*,#2845,.T.);
#1515=ORIENTED_EDGE('',*,*,#2826,.T.);
#1516=ORIENTED_EDGE('',*,*,#2846,.T.);
#1517=ORIENTED_EDGE('',*,*,#2843,.F.);
#1518=ORIENTED_EDGE('',*,*,#2847,.T.);
#1519=ORIENTED_EDGE('',*,*,#2848,.T.);
#1520=ORIENTED_EDGE('',*,*,#2849,.T.);
#1521=ORIENTED_EDGE('',*,*,#2850,.F.);
#1522=ORIENTED_EDGE('',*,*,#2851,.T.);
#1523=ORIENTED_EDGE('',*,*,#2852,.T.);
#1524=ORIENTED_EDGE('',*,*,#2853,.T.);
#1525=ORIENTED_EDGE('',*,*,#2848,.F.);
#1526=ORIENTED_EDGE('',*,*,#2854,.T.);
#1527=ORIENTED_EDGE('',*,*,#2855,.T.);
#1528=ORIENTED_EDGE('',*,*,#2856,.T.);
#1529=ORIENTED_EDGE('',*,*,#2852,.F.);
#1530=ORIENTED_EDGE('',*,*,#2857,.T.);
#1531=ORIENTED_EDGE('',*,*,#2850,.T.);
#1532=ORIENTED_EDGE('',*,*,#2858,.T.);
#1533=ORIENTED_EDGE('',*,*,#2855,.F.);
#1534=ORIENTED_EDGE('',*,*,#2859,.T.);
#1535=ORIENTED_EDGE('',*,*,#2860,.T.);
#1536=ORIENTED_EDGE('',*,*,#2861,.T.);
#1537=ORIENTED_EDGE('',*,*,#2862,.F.);
#1538=ORIENTED_EDGE('',*,*,#2863,.T.);
#1539=ORIENTED_EDGE('',*,*,#2864,.T.);
#1540=ORIENTED_EDGE('',*,*,#2865,.T.);
#1541=ORIENTED_EDGE('',*,*,#2860,.F.);
#1542=ORIENTED_EDGE('',*,*,#2866,.T.);
#1543=ORIENTED_EDGE('',*,*,#2867,.T.);
#1544=ORIENTED_EDGE('',*,*,#2868,.T.);
#1545=ORIENTED_EDGE('',*,*,#2864,.F.);
#1546=ORIENTED_EDGE('',*,*,#2869,.T.);
#1547=ORIENTED_EDGE('',*,*,#2862,.T.);
#1548=ORIENTED_EDGE('',*,*,#2870,.T.);
#1549=ORIENTED_EDGE('',*,*,#2867,.F.);
#1550=ORIENTED_EDGE('',*,*,#2871,.T.);
#1551=ORIENTED_EDGE('',*,*,#2872,.T.);
#1552=ORIENTED_EDGE('',*,*,#2873,.T.);
#1553=ORIENTED_EDGE('',*,*,#2874,.F.);
#1554=ORIENTED_EDGE('',*,*,#2875,.T.);
#1555=ORIENTED_EDGE('',*,*,#2876,.T.);
#1556=ORIENTED_EDGE('',*,*,#2877,.T.);
#1557=ORIENTED_EDGE('',*,*,#2872,.F.);
#1558=ORIENTED_EDGE('',*,*,#2878,.T.);
#1559=ORIENTED_EDGE('',*,*,#2879,.T.);
#1560=ORIENTED_EDGE('',*,*,#2880,.T.);
#1561=ORIENTED_EDGE('',*,*,#2876,.F.);
#1562=ORIENTED_EDGE('',*,*,#2881,.T.);
#1563=ORIENTED_EDGE('',*,*,#2874,.T.);
#1564=ORIENTED_EDGE('',*,*,#2882,.T.);
#1565=ORIENTED_EDGE('',*,*,#2879,.F.);
#1566=ORIENTED_EDGE('',*,*,#2883,.T.);
#1567=ORIENTED_EDGE('',*,*,#2884,.T.);
#1568=ORIENTED_EDGE('',*,*,#2885,.T.);
#1569=ORIENTED_EDGE('',*,*,#2886,.F.);
#1570=ORIENTED_EDGE('',*,*,#2887,.T.);
#1571=ORIENTED_EDGE('',*,*,#2888,.T.);
#1572=ORIENTED_EDGE('',*,*,#2889,.T.);
#1573=ORIENTED_EDGE('',*,*,#2884,.F.);
#1574=ORIENTED_EDGE('',*,*,#2890,.T.);
#1575=ORIENTED_EDGE('',*,*,#2891,.T.);
#1576=ORIENTED_EDGE('',*,*,#2892,.T.);
#1577=ORIENTED_EDGE('',*,*,#2888,.F.);
#1578=ORIENTED_EDGE('',*,*,#2893,.T.);
#1579=ORIENTED_EDGE('',*,*,#2894,.T.);
#1580=ORIENTED_EDGE('',*,*,#2895,.T.);
#1581=ORIENTED_EDGE('',*,*,#2896,.T.);
#1582=ORIENTED_EDGE('',*,*,#2897,.T.);
#1583=ORIENTED_EDGE('',*,*,#2898,.T.);
#1584=ORIENTED_EDGE('',*,*,#2899,.F.);
#1585=ORIENTED_EDGE('',*,*,#2896,.F.);
#1586=ORIENTED_EDGE('',*,*,#2900,.F.);
#1587=ORIENTED_EDGE('',*,*,#2901,.F.);
#1588=ORIENTED_EDGE('',*,*,#2902,.F.);
#1589=ORIENTED_EDGE('',*,*,#2903,.F.);
#1590=ORIENTED_EDGE('',*,*,#2904,.F.);
#1591=ORIENTED_EDGE('',*,*,#2905,.F.);
#1592=ORIENTED_EDGE('',*,*,#2906,.F.);
#1593=ORIENTED_EDGE('',*,*,#2907,.T.);
#1594=ORIENTED_EDGE('',*,*,#2908,.T.);
#1595=ORIENTED_EDGE('',*,*,#2909,.F.);
#1596=ORIENTED_EDGE('',*,*,#2910,.F.);
#1597=ORIENTED_EDGE('',*,*,#2911,.T.);
#1598=ORIENTED_EDGE('',*,*,#2902,.T.);
#1599=ORIENTED_EDGE('',*,*,#2912,.F.);
#1600=ORIENTED_EDGE('',*,*,#2913,.F.);
#1601=ORIENTED_EDGE('',*,*,#2910,.T.);
#1602=ORIENTED_EDGE('',*,*,#2914,.F.);
#1603=ORIENTED_EDGE('',*,*,#2897,.F.);
#1604=ORIENTED_EDGE('',*,*,#2899,.T.);
#1605=ORIENTED_EDGE('',*,*,#2911,.F.);
#1606=ORIENTED_EDGE('',*,*,#2915,.F.);
#1607=ORIENTED_EDGE('',*,*,#2916,.F.);
#1608=ORIENTED_EDGE('',*,*,#2917,.F.);
#1609=ORIENTED_EDGE('',*,*,#2652,.F.);
#1610=ORIENTED_EDGE('',*,*,#2918,.F.);
#1611=ORIENTED_EDGE('',*,*,#2653,.F.);
#1612=ORIENTED_EDGE('',*,*,#2919,.F.);
#1613=ORIENTED_EDGE('',*,*,#2654,.F.);
#1614=ORIENTED_EDGE('',*,*,#2920,.F.);
#1615=ORIENTED_EDGE('',*,*,#2655,.F.);
#1616=ORIENTED_EDGE('',*,*,#2921,.F.);
#1617=ORIENTED_EDGE('',*,*,#2656,.F.);
#1618=ORIENTED_EDGE('',*,*,#2922,.F.);
#1619=ORIENTED_EDGE('',*,*,#2657,.F.);
#1620=ORIENTED_EDGE('',*,*,#2923,.F.);
#1621=ORIENTED_EDGE('',*,*,#2658,.F.);
#1622=ORIENTED_EDGE('',*,*,#2924,.F.);
#1623=ORIENTED_EDGE('',*,*,#2659,.F.);
#1624=ORIENTED_EDGE('',*,*,#2925,.F.);
#1625=ORIENTED_EDGE('',*,*,#2660,.F.);
#1626=ORIENTED_EDGE('',*,*,#2926,.F.);
#1627=ORIENTED_EDGE('',*,*,#2661,.F.);
#1628=ORIENTED_EDGE('',*,*,#2927,.T.);
#1629=ORIENTED_EDGE('',*,*,#2928,.T.);
#1630=ORIENTED_EDGE('',*,*,#2929,.F.);
#1631=ORIENTED_EDGE('',*,*,#2907,.F.);
#1632=ORIENTED_EDGE('',*,*,#2913,.T.);
#1633=ORIENTED_EDGE('',*,*,#2903,.T.);
#1634=ORIENTED_EDGE('',*,*,#2908,.F.);
#1635=ORIENTED_EDGE('',*,*,#2930,.F.);
#1636=ORIENTED_EDGE('',*,*,#2931,.F.);
#1637=ORIENTED_EDGE('',*,*,#2932,.F.);
#1638=ORIENTED_EDGE('',*,*,#2933,.T.);
#1639=ORIENTED_EDGE('',*,*,#2934,.F.);
#1640=ORIENTED_EDGE('',*,*,#2935,.F.);
#1641=ORIENTED_EDGE('',*,*,#2729,.F.);
#1642=ORIENTED_EDGE('',*,*,#2935,.T.);
#1643=ORIENTED_EDGE('',*,*,#2936,.F.);
#1644=ORIENTED_EDGE('',*,*,#2937,.F.);
#1645=ORIENTED_EDGE('',*,*,#2663,.F.);
#1646=ORIENTED_EDGE('',*,*,#2937,.T.);
#1647=ORIENTED_EDGE('',*,*,#2938,.F.);
#1648=ORIENTED_EDGE('',*,*,#2939,.F.);
#1649=ORIENTED_EDGE('',*,*,#2666,.F.);
#1650=ORIENTED_EDGE('',*,*,#2939,.T.);
#1651=ORIENTED_EDGE('',*,*,#2940,.F.);
#1652=ORIENTED_EDGE('',*,*,#2941,.F.);
#1653=ORIENTED_EDGE('',*,*,#2669,.F.);
#1654=ORIENTED_EDGE('',*,*,#2942,.T.);
#1655=ORIENTED_EDGE('',*,*,#2672,.F.);
#1656=ORIENTED_EDGE('',*,*,#2941,.T.);
#1657=ORIENTED_EDGE('',*,*,#2943,.F.);
#1658=ORIENTED_EDGE('',*,*,#2944,.T.);
#1659=ORIENTED_EDGE('',*,*,#2675,.F.);
#1660=ORIENTED_EDGE('',*,*,#2942,.F.);
#1661=ORIENTED_EDGE('',*,*,#2945,.F.);
#1662=ORIENTED_EDGE('',*,*,#2946,.T.);
#1663=ORIENTED_EDGE('',*,*,#2732,.F.);
#1664=ORIENTED_EDGE('',*,*,#2944,.F.);
#1665=ORIENTED_EDGE('',*,*,#2947,.F.);
#1666=ORIENTED_EDGE('',*,*,#2948,.T.);
#1667=ORIENTED_EDGE('',*,*,#2949,.F.);
#1668=ORIENTED_EDGE('',*,*,#2946,.F.);
#1669=ORIENTED_EDGE('',*,*,#2950,.F.);
#1670=ORIENTED_EDGE('',*,*,#2951,.T.);
#1671=ORIENTED_EDGE('',*,*,#2731,.F.);
#1672=ORIENTED_EDGE('',*,*,#2948,.F.);
#1673=ORIENTED_EDGE('',*,*,#2952,.F.);
#1674=ORIENTED_EDGE('',*,*,#2953,.T.);
#1675=ORIENTED_EDGE('',*,*,#2679,.F.);
#1676=ORIENTED_EDGE('',*,*,#2951,.F.);
#1677=ORIENTED_EDGE('',*,*,#2954,.F.);
#1678=ORIENTED_EDGE('',*,*,#2955,.T.);
#1679=ORIENTED_EDGE('',*,*,#2682,.F.);
#1680=ORIENTED_EDGE('',*,*,#2953,.F.);
#1681=ORIENTED_EDGE('',*,*,#2956,.F.);
#1682=ORIENTED_EDGE('',*,*,#2957,.T.);
#1683=ORIENTED_EDGE('',*,*,#2685,.F.);
#1684=ORIENTED_EDGE('',*,*,#2955,.F.);
#1685=ORIENTED_EDGE('',*,*,#2958,.F.);
#1686=ORIENTED_EDGE('',*,*,#2695,.F.);
#1687=ORIENTED_EDGE('',*,*,#2688,.F.);
#1688=ORIENTED_EDGE('',*,*,#2957,.F.);
#1689=ORIENTED_EDGE('',*,*,#2959,.F.);
#1690=ORIENTED_EDGE('',*,*,#2960,.F.);
#1691=ORIENTED_EDGE('',*,*,#2696,.F.);
#1692=ORIENTED_EDGE('',*,*,#2960,.T.);
#1693=ORIENTED_EDGE('',*,*,#2961,.T.);
#1694=ORIENTED_EDGE('',*,*,#2962,.T.);
#1695=ORIENTED_EDGE('',*,*,#2795,.T.);
#1696=ORIENTED_EDGE('',*,*,#2798,.F.);
#1697=ORIENTED_EDGE('',*,*,#2963,.T.);
#1698=ORIENTED_EDGE('',*,*,#2799,.T.);
#1699=ORIENTED_EDGE('',*,*,#2691,.F.);
#1700=ORIENTED_EDGE('',*,*,#2962,.F.);
#1701=ORIENTED_EDGE('',*,*,#2964,.F.);
#1702=ORIENTED_EDGE('',*,*,#2965,.F.);
#1703=ORIENTED_EDGE('',*,*,#2796,.F.);
#1704=ORIENTED_EDGE('',*,*,#2965,.T.);
#1705=ORIENTED_EDGE('',*,*,#2966,.F.);
#1706=ORIENTED_EDGE('',*,*,#2967,.F.);
#1707=ORIENTED_EDGE('',*,*,#2793,.F.);
#1708=ORIENTED_EDGE('',*,*,#2967,.T.);
#1709=ORIENTED_EDGE('',*,*,#2968,.F.);
#1710=ORIENTED_EDGE('',*,*,#2969,.F.);
#1711=ORIENTED_EDGE('',*,*,#2790,.F.);
#1712=ORIENTED_EDGE('',*,*,#2969,.T.);
#1713=ORIENTED_EDGE('',*,*,#2970,.F.);
#1714=ORIENTED_EDGE('',*,*,#2971,.F.);
#1715=ORIENTED_EDGE('',*,*,#2787,.F.);
#1716=ORIENTED_EDGE('',*,*,#2971,.T.);
#1717=ORIENTED_EDGE('',*,*,#2972,.F.);
#1718=ORIENTED_EDGE('',*,*,#2973,.F.);
#1719=ORIENTED_EDGE('',*,*,#2784,.F.);
#1720=ORIENTED_EDGE('',*,*,#2973,.T.);
#1721=ORIENTED_EDGE('',*,*,#2974,.F.);
#1722=ORIENTED_EDGE('',*,*,#2975,.F.);
#1723=ORIENTED_EDGE('',*,*,#2781,.F.);
#1724=ORIENTED_EDGE('',*,*,#2975,.T.);
#1725=ORIENTED_EDGE('',*,*,#2976,.F.);
#1726=ORIENTED_EDGE('',*,*,#2977,.F.);
#1727=ORIENTED_EDGE('',*,*,#2779,.F.);
#1728=ORIENTED_EDGE('',*,*,#2977,.T.);
#1729=ORIENTED_EDGE('',*,*,#2978,.F.);
#1730=ORIENTED_EDGE('',*,*,#2979,.F.);
#1731=ORIENTED_EDGE('',*,*,#2698,.F.);
#1732=ORIENTED_EDGE('',*,*,#2979,.T.);
#1733=ORIENTED_EDGE('',*,*,#2980,.F.);
#1734=ORIENTED_EDGE('',*,*,#2981,.F.);
#1735=ORIENTED_EDGE('',*,*,#2700,.F.);
#1736=ORIENTED_EDGE('',*,*,#2981,.T.);
#1737=ORIENTED_EDGE('',*,*,#2982,.F.);
#1738=ORIENTED_EDGE('',*,*,#2983,.F.);
#1739=ORIENTED_EDGE('',*,*,#2702,.F.);
#1740=ORIENTED_EDGE('',*,*,#2983,.T.);
#1741=ORIENTED_EDGE('',*,*,#2984,.F.);
#1742=ORIENTED_EDGE('',*,*,#2985,.F.);
#1743=ORIENTED_EDGE('',*,*,#2704,.F.);
#1744=ORIENTED_EDGE('',*,*,#2986,.T.);
#1745=ORIENTED_EDGE('',*,*,#2706,.F.);
#1746=ORIENTED_EDGE('',*,*,#2985,.T.);
#1747=ORIENTED_EDGE('',*,*,#2987,.F.);
#1748=ORIENTED_EDGE('',*,*,#2988,.T.);
#1749=ORIENTED_EDGE('',*,*,#2708,.F.);
#1750=ORIENTED_EDGE('',*,*,#2986,.F.);
#1751=ORIENTED_EDGE('',*,*,#2989,.F.);
#1752=ORIENTED_EDGE('',*,*,#2990,.T.);
#1753=ORIENTED_EDGE('',*,*,#2710,.F.);
#1754=ORIENTED_EDGE('',*,*,#2988,.F.);
#1755=ORIENTED_EDGE('',*,*,#2991,.F.);
#1756=ORIENTED_EDGE('',*,*,#2992,.F.);
#1757=ORIENTED_EDGE('',*,*,#2993,.T.);
#1758=ORIENTED_EDGE('',*,*,#2774,.F.);
#1759=ORIENTED_EDGE('',*,*,#2990,.F.);
#1760=ORIENTED_EDGE('',*,*,#2994,.T.);
#1761=ORIENTED_EDGE('',*,*,#2773,.F.);
#1762=ORIENTED_EDGE('',*,*,#2775,.F.);
#1763=ORIENTED_EDGE('',*,*,#2993,.F.);
#1764=ORIENTED_EDGE('',*,*,#2995,.F.);
#1765=ORIENTED_EDGE('',*,*,#2996,.T.);
#1766=ORIENTED_EDGE('',*,*,#2770,.F.);
#1767=ORIENTED_EDGE('',*,*,#2994,.F.);
#1768=ORIENTED_EDGE('',*,*,#2997,.F.);
#1769=ORIENTED_EDGE('',*,*,#2998,.T.);
#1770=ORIENTED_EDGE('',*,*,#2767,.F.);
#1771=ORIENTED_EDGE('',*,*,#2996,.F.);
#1772=ORIENTED_EDGE('',*,*,#2999,.F.);
#1773=ORIENTED_EDGE('',*,*,#3000,.T.);
#1774=ORIENTED_EDGE('',*,*,#2764,.F.);
#1775=ORIENTED_EDGE('',*,*,#2998,.F.);
#1776=ORIENTED_EDGE('',*,*,#3001,.F.);
#1777=ORIENTED_EDGE('',*,*,#3002,.T.);
#1778=ORIENTED_EDGE('',*,*,#2761,.F.);
#1779=ORIENTED_EDGE('',*,*,#3000,.F.);
#1780=ORIENTED_EDGE('',*,*,#3003,.F.);
#1781=ORIENTED_EDGE('',*,*,#3004,.T.);
#1782=ORIENTED_EDGE('',*,*,#2753,.F.);
#1783=ORIENTED_EDGE('',*,*,#3002,.F.);
#1784=ORIENTED_EDGE('',*,*,#3005,.F.);
#1785=ORIENTED_EDGE('',*,*,#3006,.T.);
#1786=ORIENTED_EDGE('',*,*,#2750,.F.);
#1787=ORIENTED_EDGE('',*,*,#3004,.F.);
#1788=ORIENTED_EDGE('',*,*,#3007,.F.);
#1789=ORIENTED_EDGE('',*,*,#3008,.F.);
#1790=ORIENTED_EDGE('',*,*,#2747,.F.);
#1791=ORIENTED_EDGE('',*,*,#3006,.F.);
#1792=ORIENTED_EDGE('',*,*,#3009,.F.);
#1793=ORIENTED_EDGE('',*,*,#3010,.F.);
#1794=ORIENTED_EDGE('',*,*,#3011,.F.);
#1795=ORIENTED_EDGE('',*,*,#3012,.T.);
#1796=ORIENTED_EDGE('',*,*,#2743,.F.);
#1797=ORIENTED_EDGE('',*,*,#3013,.T.);
#1798=ORIENTED_EDGE('',*,*,#2738,.F.);
#1799=ORIENTED_EDGE('',*,*,#3012,.F.);
#1800=ORIENTED_EDGE('',*,*,#3014,.F.);
#1801=ORIENTED_EDGE('',*,*,#3015,.T.);
#1802=ORIENTED_EDGE('',*,*,#2713,.F.);
#1803=ORIENTED_EDGE('',*,*,#3013,.F.);
#1804=ORIENTED_EDGE('',*,*,#3016,.F.);
#1805=ORIENTED_EDGE('',*,*,#3017,.T.);
#1806=ORIENTED_EDGE('',*,*,#2715,.F.);
#1807=ORIENTED_EDGE('',*,*,#3015,.F.);
#1808=ORIENTED_EDGE('',*,*,#3018,.F.);
#1809=ORIENTED_EDGE('',*,*,#3019,.T.);
#1810=ORIENTED_EDGE('',*,*,#2717,.F.);
#1811=ORIENTED_EDGE('',*,*,#3017,.F.);
#1812=ORIENTED_EDGE('',*,*,#3020,.F.);
#1813=ORIENTED_EDGE('',*,*,#3021,.T.);
#1814=ORIENTED_EDGE('',*,*,#2719,.F.);
#1815=ORIENTED_EDGE('',*,*,#3019,.F.);
#1816=ORIENTED_EDGE('',*,*,#3022,.F.);
#1817=ORIENTED_EDGE('',*,*,#3023,.T.);
#1818=ORIENTED_EDGE('',*,*,#2721,.F.);
#1819=ORIENTED_EDGE('',*,*,#3021,.F.);
#1820=ORIENTED_EDGE('',*,*,#3024,.F.);
#1821=ORIENTED_EDGE('',*,*,#3025,.T.);
#1822=ORIENTED_EDGE('',*,*,#2723,.F.);
#1823=ORIENTED_EDGE('',*,*,#3023,.F.);
#1824=ORIENTED_EDGE('',*,*,#3026,.F.);
#1825=ORIENTED_EDGE('',*,*,#2724,.F.);
#1826=ORIENTED_EDGE('',*,*,#3027,.T.);
#1827=ORIENTED_EDGE('',*,*,#3028,.T.);
#1828=ORIENTED_EDGE('',*,*,#3029,.T.);
#1829=ORIENTED_EDGE('',*,*,#2734,.T.);
#1830=ORIENTED_EDGE('',*,*,#2733,.F.);
#1831=ORIENTED_EDGE('',*,*,#2949,.T.);
#1832=ORIENTED_EDGE('',*,*,#2730,.T.);
#1833=ORIENTED_EDGE('',*,*,#2801,.F.);
#1834=ORIENTED_EDGE('',*,*,#3030,.T.);
#1835=ORIENTED_EDGE('',*,*,#3031,.F.);
#1836=ORIENTED_EDGE('',*,*,#3032,.T.);
#1837=ORIENTED_EDGE('',*,*,#2728,.T.);
#1838=ORIENTED_EDGE('',*,*,#2725,.T.);
#1839=ORIENTED_EDGE('',*,*,#2886,.T.);
#1840=ORIENTED_EDGE('',*,*,#3033,.T.);
#1841=ORIENTED_EDGE('',*,*,#3034,.F.);
#1842=ORIENTED_EDGE('',*,*,#3035,.T.);
#1843=ORIENTED_EDGE('',*,*,#3036,.T.);
#1844=ORIENTED_EDGE('',*,*,#3037,.T.);
#1845=ORIENTED_EDGE('',*,*,#2891,.F.);
#1846=ORIENTED_EDGE('',*,*,#3038,.T.);
#1847=ORIENTED_EDGE('',*,*,#3039,.T.);
#1848=ORIENTED_EDGE('',*,*,#3040,.T.);
#1849=ORIENTED_EDGE('',*,*,#3041,.F.);
#1850=ORIENTED_EDGE('',*,*,#3042,.T.);
#1851=ORIENTED_EDGE('',*,*,#3043,.T.);
#1852=ORIENTED_EDGE('',*,*,#3044,.F.);
#1853=ORIENTED_EDGE('',*,*,#3045,.F.);
#1854=ORIENTED_EDGE('',*,*,#2735,.F.);
#1855=ORIENTED_EDGE('',*,*,#3045,.T.);
#1856=ORIENTED_EDGE('',*,*,#3046,.F.);
#1857=ORIENTED_EDGE('',*,*,#3047,.F.);
#1858=ORIENTED_EDGE('',*,*,#2739,.F.);
#1859=ORIENTED_EDGE('',*,*,#3048,.F.);
#1860=ORIENTED_EDGE('',*,*,#3049,.T.);
#1861=ORIENTED_EDGE('',*,*,#2741,.F.);
#1862=ORIENTED_EDGE('',*,*,#3047,.T.);
#1863=ORIENTED_EDGE('',*,*,#3050,.F.);
#1864=ORIENTED_EDGE('',*,*,#3051,.T.);
#1865=ORIENTED_EDGE('',*,*,#2744,.T.);
#1866=ORIENTED_EDGE('',*,*,#3008,.T.);
#1867=ORIENTED_EDGE('',*,*,#3052,.T.);
#1868=ORIENTED_EDGE('',*,*,#3010,.T.);
#1869=ORIENTED_EDGE('',*,*,#2742,.F.);
#1870=ORIENTED_EDGE('',*,*,#3049,.F.);
#1871=ORIENTED_EDGE('',*,*,#3053,.T.);
#1872=ORIENTED_EDGE('',*,*,#2745,.F.);
#1873=ORIENTED_EDGE('',*,*,#3051,.F.);
#1874=ORIENTED_EDGE('',*,*,#3054,.F.);
#1875=ORIENTED_EDGE('',*,*,#3055,.T.);
#1876=ORIENTED_EDGE('',*,*,#2748,.F.);
#1877=ORIENTED_EDGE('',*,*,#3053,.F.);
#1878=ORIENTED_EDGE('',*,*,#3056,.F.);
#1879=ORIENTED_EDGE('',*,*,#3057,.T.);
#1880=ORIENTED_EDGE('',*,*,#2751,.F.);
#1881=ORIENTED_EDGE('',*,*,#3055,.F.);
#1882=ORIENTED_EDGE('',*,*,#3058,.F.);
#1883=ORIENTED_EDGE('',*,*,#2756,.T.);
#1884=ORIENTED_EDGE('',*,*,#2758,.F.);
#1885=ORIENTED_EDGE('',*,*,#3057,.F.);
#1886=ORIENTED_EDGE('',*,*,#3059,.F.);
#1887=ORIENTED_EDGE('',*,*,#3060,.T.);
#1888=ORIENTED_EDGE('',*,*,#2841,.F.);
#1889=ORIENTED_EDGE('',*,*,#3061,.F.);
#1890=ORIENTED_EDGE('',*,*,#3062,.F.);
#1891=ORIENTED_EDGE('',*,*,#3063,.T.);
#1892=ORIENTED_EDGE('',*,*,#2838,.F.);
#1893=ORIENTED_EDGE('',*,*,#3060,.F.);
#1894=ORIENTED_EDGE('',*,*,#3064,.F.);
#1895=ORIENTED_EDGE('',*,*,#3065,.T.);
#1896=ORIENTED_EDGE('',*,*,#2835,.F.);
#1897=ORIENTED_EDGE('',*,*,#3063,.F.);
#1898=ORIENTED_EDGE('',*,*,#3066,.F.);
#1899=ORIENTED_EDGE('',*,*,#3067,.F.);
#1900=ORIENTED_EDGE('',*,*,#2832,.F.);
#1901=ORIENTED_EDGE('',*,*,#3065,.F.);
#1902=ORIENTED_EDGE('',*,*,#3068,.F.);
#1903=ORIENTED_EDGE('',*,*,#3067,.T.);
#1904=ORIENTED_EDGE('',*,*,#3069,.F.);
#1905=ORIENTED_EDGE('',*,*,#3070,.F.);
#1906=ORIENTED_EDGE('',*,*,#2829,.F.);
#1907=ORIENTED_EDGE('',*,*,#3070,.T.);
#1908=ORIENTED_EDGE('',*,*,#3071,.F.);
#1909=ORIENTED_EDGE('',*,*,#3072,.F.);
#1910=ORIENTED_EDGE('',*,*,#2825,.F.);
#1911=ORIENTED_EDGE('',*,*,#3072,.T.);
#1912=ORIENTED_EDGE('',*,*,#3073,.F.);
#1913=ORIENTED_EDGE('',*,*,#3074,.F.);
#1914=ORIENTED_EDGE('',*,*,#2846,.F.);
#1915=ORIENTED_EDGE('',*,*,#3075,.F.);
#1916=ORIENTED_EDGE('',*,*,#2757,.T.);
#1917=ORIENTED_EDGE('',*,*,#3076,.F.);
#1918=ORIENTED_EDGE('',*,*,#3061,.T.);
#1919=ORIENTED_EDGE('',*,*,#2844,.F.);
#1920=ORIENTED_EDGE('',*,*,#3074,.T.);
#1921=ORIENTED_EDGE('',*,*,#3077,.T.);
#1922=ORIENTED_EDGE('',*,*,#2759,.F.);
#1923=ORIENTED_EDGE('',*,*,#2754,.F.);
#1924=ORIENTED_EDGE('',*,*,#3078,.F.);
#1925=ORIENTED_EDGE('',*,*,#3079,.T.);
#1926=ORIENTED_EDGE('',*,*,#2762,.F.);
#1927=ORIENTED_EDGE('',*,*,#3077,.F.);
#1928=ORIENTED_EDGE('',*,*,#3080,.F.);
#1929=ORIENTED_EDGE('',*,*,#3081,.T.);
#1930=ORIENTED_EDGE('',*,*,#2765,.F.);
#1931=ORIENTED_EDGE('',*,*,#3079,.F.);
#1932=ORIENTED_EDGE('',*,*,#3082,.F.);
#1933=ORIENTED_EDGE('',*,*,#3083,.T.);
#1934=ORIENTED_EDGE('',*,*,#2768,.F.);
#1935=ORIENTED_EDGE('',*,*,#3081,.F.);
#1936=ORIENTED_EDGE('',*,*,#3084,.F.);
#1937=ORIENTED_EDGE('',*,*,#2776,.F.);
#1938=ORIENTED_EDGE('',*,*,#2771,.F.);
#1939=ORIENTED_EDGE('',*,*,#3083,.F.);
#1940=ORIENTED_EDGE('',*,*,#3085,.F.);
#1941=ORIENTED_EDGE('',*,*,#3086,.F.);
#1942=ORIENTED_EDGE('',*,*,#2777,.F.);
#1943=ORIENTED_EDGE('',*,*,#3086,.T.);
#1944=ORIENTED_EDGE('',*,*,#3087,.F.);
#1945=ORIENTED_EDGE('',*,*,#3088,.F.);
#1946=ORIENTED_EDGE('',*,*,#3088,.T.);
#1947=ORIENTED_EDGE('',*,*,#3089,.F.);
#1948=ORIENTED_EDGE('',*,*,#3090,.F.);
#1949=ORIENTED_EDGE('',*,*,#2782,.F.);
#1950=ORIENTED_EDGE('',*,*,#3090,.T.);
#1951=ORIENTED_EDGE('',*,*,#3091,.F.);
#1952=ORIENTED_EDGE('',*,*,#3092,.F.);
#1953=ORIENTED_EDGE('',*,*,#2785,.F.);
#1954=ORIENTED_EDGE('',*,*,#3092,.T.);
#1955=ORIENTED_EDGE('',*,*,#3093,.F.);
#1956=ORIENTED_EDGE('',*,*,#3094,.F.);
#1957=ORIENTED_EDGE('',*,*,#2788,.F.);
#1958=ORIENTED_EDGE('',*,*,#3094,.T.);
#1959=ORIENTED_EDGE('',*,*,#3095,.F.);
#1960=ORIENTED_EDGE('',*,*,#3096,.F.);
#1961=ORIENTED_EDGE('',*,*,#2791,.F.);
#1962=ORIENTED_EDGE('',*,*,#3097,.T.);
#1963=ORIENTED_EDGE('',*,*,#2794,.F.);
#1964=ORIENTED_EDGE('',*,*,#3096,.T.);
#1965=ORIENTED_EDGE('',*,*,#3098,.F.);
#1966=ORIENTED_EDGE('',*,*,#3099,.T.);
#1967=ORIENTED_EDGE('',*,*,#2797,.F.);
#1968=ORIENTED_EDGE('',*,*,#3097,.F.);
#1969=ORIENTED_EDGE('',*,*,#3100,.F.);
#1970=ORIENTED_EDGE('',*,*,#3101,.T.);
#1971=ORIENTED_EDGE('',*,*,#2963,.F.);
#1972=ORIENTED_EDGE('',*,*,#3099,.F.);
#1973=ORIENTED_EDGE('',*,*,#3102,.F.);
#1974=ORIENTED_EDGE('',*,*,#3103,.T.);
#1975=ORIENTED_EDGE('',*,*,#2800,.F.);
#1976=ORIENTED_EDGE('',*,*,#3101,.F.);
#1977=ORIENTED_EDGE('',*,*,#3104,.F.);
#1978=ORIENTED_EDGE('',*,*,#3105,.T.);
#1979=ORIENTED_EDGE('',*,*,#2892,.F.);
#1980=ORIENTED_EDGE('',*,*,#3106,.F.);
#1981=ORIENTED_EDGE('',*,*,#3107,.F.);
#1982=ORIENTED_EDGE('',*,*,#3105,.F.);
#1983=ORIENTED_EDGE('',*,*,#3108,.F.);
#1984=ORIENTED_EDGE('',*,*,#3109,.F.);
#1985=ORIENTED_EDGE('',*,*,#2889,.F.);
#1986=ORIENTED_EDGE('',*,*,#3109,.T.);
#1987=ORIENTED_EDGE('',*,*,#3110,.F.);
#1988=ORIENTED_EDGE('',*,*,#3111,.F.);
#1989=ORIENTED_EDGE('',*,*,#2885,.F.);
#1990=ORIENTED_EDGE('',*,*,#3112,.T.);
#1991=ORIENTED_EDGE('',*,*,#2809,.F.);
#1992=ORIENTED_EDGE('',*,*,#3113,.F.);
#1993=ORIENTED_EDGE('',*,*,#3114,.F.);
#1994=ORIENTED_EDGE('',*,*,#3115,.F.);
#1995=ORIENTED_EDGE('',*,*,#3116,.F.);
#1996=ORIENTED_EDGE('',*,*,#3112,.F.);
#1997=ORIENTED_EDGE('',*,*,#3117,.F.);
#1998=ORIENTED_EDGE('',*,*,#3115,.T.);
#1999=ORIENTED_EDGE('',*,*,#3118,.F.);
#2000=ORIENTED_EDGE('',*,*,#3119,.F.);
#2001=ORIENTED_EDGE('',*,*,#2807,.F.);
#2002=ORIENTED_EDGE('',*,*,#3113,.T.);
#2003=ORIENTED_EDGE('',*,*,#2803,.F.);
#2004=ORIENTED_EDGE('',*,*,#3119,.T.);
#2005=ORIENTED_EDGE('',*,*,#3120,.F.);
#2006=ORIENTED_EDGE('',*,*,#3121,.F.);
#2007=ORIENTED_EDGE('',*,*,#3122,.F.);
#2008=ORIENTED_EDGE('',*,*,#3123,.F.);
#2009=ORIENTED_EDGE('',*,*,#2813,.F.);
#2010=ORIENTED_EDGE('',*,*,#3123,.T.);
#2011=ORIENTED_EDGE('',*,*,#3124,.F.);
#2012=ORIENTED_EDGE('',*,*,#3125,.F.);
#2013=ORIENTED_EDGE('',*,*,#2822,.F.);
#2014=ORIENTED_EDGE('',*,*,#3125,.T.);
#2015=ORIENTED_EDGE('',*,*,#3126,.F.);
#2016=ORIENTED_EDGE('',*,*,#3127,.T.);
#2017=ORIENTED_EDGE('',*,*,#2820,.F.);
#2018=ORIENTED_EDGE('',*,*,#3121,.T.);
#2019=ORIENTED_EDGE('',*,*,#2817,.F.);
#2020=ORIENTED_EDGE('',*,*,#3127,.F.);
#2021=ORIENTED_EDGE('',*,*,#3128,.F.);
#2022=ORIENTED_EDGE('',*,*,#3129,.F.);
#2023=ORIENTED_EDGE('',*,*,#3130,.F.);
#2024=ORIENTED_EDGE('',*,*,#3131,.F.);
#2025=ORIENTED_EDGE('',*,*,#2849,.F.);
#2026=ORIENTED_EDGE('',*,*,#3131,.T.);
#2027=ORIENTED_EDGE('',*,*,#3132,.F.);
#2028=ORIENTED_EDGE('',*,*,#3133,.F.);
#2029=ORIENTED_EDGE('',*,*,#2858,.F.);
#2030=ORIENTED_EDGE('',*,*,#3133,.T.);
#2031=ORIENTED_EDGE('',*,*,#3134,.F.);
#2032=ORIENTED_EDGE('',*,*,#3135,.T.);
#2033=ORIENTED_EDGE('',*,*,#2856,.F.);
#2034=ORIENTED_EDGE('',*,*,#3129,.T.);
#2035=ORIENTED_EDGE('',*,*,#2853,.F.);
#2036=ORIENTED_EDGE('',*,*,#3135,.F.);
#2037=ORIENTED_EDGE('',*,*,#3136,.F.);
#2038=ORIENTED_EDGE('',*,*,#3137,.T.);
#2039=ORIENTED_EDGE('',*,*,#3138,.F.);
#2040=ORIENTED_EDGE('',*,*,#3139,.F.);
#2041=ORIENTED_EDGE('',*,*,#2870,.F.);
#2042=ORIENTED_EDGE('',*,*,#3139,.T.);
#2043=ORIENTED_EDGE('',*,*,#3140,.F.);
#2044=ORIENTED_EDGE('',*,*,#3141,.T.);
#2045=ORIENTED_EDGE('',*,*,#2868,.F.);
#2046=ORIENTED_EDGE('',*,*,#3142,.T.);
#2047=ORIENTED_EDGE('',*,*,#2865,.F.);
#2048=ORIENTED_EDGE('',*,*,#3141,.F.);
#2049=ORIENTED_EDGE('',*,*,#3143,.F.);
#2050=ORIENTED_EDGE('',*,*,#3142,.F.);
#2051=ORIENTED_EDGE('',*,*,#3144,.F.);
#2052=ORIENTED_EDGE('',*,*,#3137,.F.);
#2053=ORIENTED_EDGE('',*,*,#2861,.F.);
#2054=ORIENTED_EDGE('',*,*,#3145,.T.);
#2055=ORIENTED_EDGE('',*,*,#2877,.F.);
#2056=ORIENTED_EDGE('',*,*,#3146,.F.);
#2057=ORIENTED_EDGE('',*,*,#3147,.F.);
#2058=ORIENTED_EDGE('',*,*,#3145,.F.);
#2059=ORIENTED_EDGE('',*,*,#3148,.F.);
#2060=ORIENTED_EDGE('',*,*,#3149,.F.);
#2061=ORIENTED_EDGE('',*,*,#2873,.F.);
#2062=ORIENTED_EDGE('',*,*,#3149,.T.);
#2063=ORIENTED_EDGE('',*,*,#3150,.F.);
#2064=ORIENTED_EDGE('',*,*,#3151,.F.);
#2065=ORIENTED_EDGE('',*,*,#2882,.F.);
#2066=ORIENTED_EDGE('',*,*,#3151,.T.);
#2067=ORIENTED_EDGE('',*,*,#3152,.F.);
#2068=ORIENTED_EDGE('',*,*,#3146,.T.);
#2069=ORIENTED_EDGE('',*,*,#2880,.F.);
#2070=ORIENTED_EDGE('',*,*,#3153,.F.);
#2071=ORIENTED_EDGE('',*,*,#3154,.F.);
#2072=ORIENTED_EDGE('',*,*,#3155,.F.);
#2073=ORIENTED_EDGE('',*,*,#2811,.F.);
#2074=ORIENTED_EDGE('',*,*,#3155,.T.);
#2075=ORIENTED_EDGE('',*,*,#3156,.F.);
#2076=ORIENTED_EDGE('',*,*,#3157,.F.);
#2077=ORIENTED_EDGE('',*,*,#2805,.F.);
#2078=ORIENTED_EDGE('',*,*,#3157,.T.);
#2079=ORIENTED_EDGE('',*,*,#3158,.F.);
#2080=ORIENTED_EDGE('',*,*,#3159,.F.);
#2081=ORIENTED_EDGE('',*,*,#2808,.F.);
#2082=ORIENTED_EDGE('',*,*,#2810,.T.);
#2083=ORIENTED_EDGE('',*,*,#3116,.T.);
#2084=ORIENTED_EDGE('',*,*,#2806,.F.);
#2085=ORIENTED_EDGE('',*,*,#3159,.T.);
#2086=ORIENTED_EDGE('',*,*,#3160,.F.);
#2087=ORIENTED_EDGE('',*,*,#3153,.T.);
#2088=ORIENTED_EDGE('',*,*,#3161,.F.);
#2089=ORIENTED_EDGE('',*,*,#2815,.F.);
#2090=ORIENTED_EDGE('',*,*,#3162,.F.);
#2091=ORIENTED_EDGE('',*,*,#3163,.F.);
#2092=ORIENTED_EDGE('',*,*,#3161,.T.);
#2093=ORIENTED_EDGE('',*,*,#3164,.F.);
#2094=ORIENTED_EDGE('',*,*,#3165,.F.);
#2095=ORIENTED_EDGE('',*,*,#2818,.F.);
#2096=ORIENTED_EDGE('',*,*,#3166,.T.);
#2097=ORIENTED_EDGE('',*,*,#2821,.F.);
#2098=ORIENTED_EDGE('',*,*,#3165,.T.);
#2099=ORIENTED_EDGE('',*,*,#3167,.F.);
#2100=ORIENTED_EDGE('',*,*,#3162,.T.);
#2101=ORIENTED_EDGE('',*,*,#2823,.F.);
#2102=ORIENTED_EDGE('',*,*,#3166,.F.);
#2103=ORIENTED_EDGE('',*,*,#3168,.F.);
#2104=ORIENTED_EDGE('',*,*,#3169,.T.);
#2105=ORIENTED_EDGE('',*,*,#2827,.F.);
#2106=ORIENTED_EDGE('',*,*,#3170,.F.);
#2107=ORIENTED_EDGE('',*,*,#3171,.F.);
#2108=ORIENTED_EDGE('',*,*,#3172,.T.);
#2109=ORIENTED_EDGE('',*,*,#2830,.F.);
#2110=ORIENTED_EDGE('',*,*,#3169,.F.);
#2111=ORIENTED_EDGE('',*,*,#3173,.F.);
#2112=ORIENTED_EDGE('',*,*,#3172,.F.);
#2113=ORIENTED_EDGE('',*,*,#3174,.F.);
#2114=ORIENTED_EDGE('',*,*,#3175,.F.);
#2115=ORIENTED_EDGE('',*,*,#2833,.F.);
#2116=ORIENTED_EDGE('',*,*,#3175,.T.);
#2117=ORIENTED_EDGE('',*,*,#3176,.F.);
#2118=ORIENTED_EDGE('',*,*,#3177,.F.);
#2119=ORIENTED_EDGE('',*,*,#2836,.F.);
#2120=ORIENTED_EDGE('',*,*,#3177,.T.);
#2121=ORIENTED_EDGE('',*,*,#3178,.F.);
#2122=ORIENTED_EDGE('',*,*,#3179,.F.);
#2123=ORIENTED_EDGE('',*,*,#2839,.F.);
#2124=ORIENTED_EDGE('',*,*,#3179,.T.);
#2125=ORIENTED_EDGE('',*,*,#3180,.F.);
#2126=ORIENTED_EDGE('',*,*,#3181,.F.);
#2127=ORIENTED_EDGE('',*,*,#2842,.F.);
#2128=ORIENTED_EDGE('',*,*,#3181,.T.);
#2129=ORIENTED_EDGE('',*,*,#3182,.F.);
#2130=ORIENTED_EDGE('',*,*,#3183,.T.);
#2131=ORIENTED_EDGE('',*,*,#2845,.F.);
#2132=ORIENTED_EDGE('',*,*,#3170,.T.);
#2133=ORIENTED_EDGE('',*,*,#2847,.F.);
#2134=ORIENTED_EDGE('',*,*,#3183,.F.);
#2135=ORIENTED_EDGE('',*,*,#3184,.F.);
#2136=ORIENTED_EDGE('',*,*,#3185,.F.);
#2137=ORIENTED_EDGE('',*,*,#2851,.F.);
#2138=ORIENTED_EDGE('',*,*,#3186,.F.);
#2139=ORIENTED_EDGE('',*,*,#3187,.F.);
#2140=ORIENTED_EDGE('',*,*,#3185,.T.);
#2141=ORIENTED_EDGE('',*,*,#3188,.F.);
#2142=ORIENTED_EDGE('',*,*,#3189,.F.);
#2143=ORIENTED_EDGE('',*,*,#2854,.F.);
#2144=ORIENTED_EDGE('',*,*,#3190,.T.);
#2145=ORIENTED_EDGE('',*,*,#2857,.F.);
#2146=ORIENTED_EDGE('',*,*,#3189,.T.);
#2147=ORIENTED_EDGE('',*,*,#3191,.F.);
#2148=ORIENTED_EDGE('',*,*,#3186,.T.);
#2149=ORIENTED_EDGE('',*,*,#2859,.F.);
#2150=ORIENTED_EDGE('',*,*,#3190,.F.);
#2151=ORIENTED_EDGE('',*,*,#3192,.F.);
#2152=ORIENTED_EDGE('',*,*,#3193,.F.);
#2153=ORIENTED_EDGE('',*,*,#2863,.F.);
#2154=ORIENTED_EDGE('',*,*,#3194,.F.);
#2155=ORIENTED_EDGE('',*,*,#3195,.F.);
#2156=ORIENTED_EDGE('',*,*,#3193,.T.);
#2157=ORIENTED_EDGE('',*,*,#3196,.F.);
#2158=ORIENTED_EDGE('',*,*,#3197,.F.);
#2159=ORIENTED_EDGE('',*,*,#2866,.F.);
#2160=ORIENTED_EDGE('',*,*,#3198,.T.);
#2161=ORIENTED_EDGE('',*,*,#2869,.F.);
#2162=ORIENTED_EDGE('',*,*,#3197,.T.);
#2163=ORIENTED_EDGE('',*,*,#3199,.F.);
#2164=ORIENTED_EDGE('',*,*,#3194,.T.);
#2165=ORIENTED_EDGE('',*,*,#2871,.F.);
#2166=ORIENTED_EDGE('',*,*,#3198,.F.);
#2167=ORIENTED_EDGE('',*,*,#3200,.F.);
#2168=ORIENTED_EDGE('',*,*,#3201,.F.);
#2169=ORIENTED_EDGE('',*,*,#2875,.F.);
#2170=ORIENTED_EDGE('',*,*,#3202,.F.);
#2171=ORIENTED_EDGE('',*,*,#3203,.F.);
#2172=ORIENTED_EDGE('',*,*,#3201,.T.);
#2173=ORIENTED_EDGE('',*,*,#3204,.F.);
#2174=ORIENTED_EDGE('',*,*,#3205,.F.);
#2175=ORIENTED_EDGE('',*,*,#2878,.F.);
#2176=ORIENTED_EDGE('',*,*,#3206,.T.);
#2177=ORIENTED_EDGE('',*,*,#2881,.F.);
#2178=ORIENTED_EDGE('',*,*,#3205,.T.);
#2179=ORIENTED_EDGE('',*,*,#3207,.F.);
#2180=ORIENTED_EDGE('',*,*,#3202,.T.);
#2181=ORIENTED_EDGE('',*,*,#2883,.F.);
#2182=ORIENTED_EDGE('',*,*,#3206,.F.);
#2183=ORIENTED_EDGE('',*,*,#3208,.F.);
#2184=ORIENTED_EDGE('',*,*,#3209,.T.);
#2185=ORIENTED_EDGE('',*,*,#2887,.F.);
#2186=ORIENTED_EDGE('',*,*,#3210,.F.);
#2187=ORIENTED_EDGE('',*,*,#3211,.F.);
#2188=ORIENTED_EDGE('',*,*,#3212,.F.);
#2189=ORIENTED_EDGE('',*,*,#2890,.F.);
#2190=ORIENTED_EDGE('',*,*,#3209,.F.);
#2191=ORIENTED_EDGE('',*,*,#3213,.F.);
#2192=ORIENTED_EDGE('',*,*,#3212,.T.);
#2193=ORIENTED_EDGE('',*,*,#3214,.F.);
#2194=ORIENTED_EDGE('',*,*,#3215,.F.);
#2195=ORIENTED_EDGE('',*,*,#2893,.F.);
#2196=ORIENTED_EDGE('',*,*,#3216,.T.);
#2197=ORIENTED_EDGE('',*,*,#3217,.F.);
#2198=ORIENTED_EDGE('',*,*,#3218,.F.);
#2199=ORIENTED_EDGE('',*,*,#2898,.F.);
#2200=ORIENTED_EDGE('',*,*,#3219,.F.);
#2201=ORIENTED_EDGE('',*,*,#2904,.T.);
#2202=ORIENTED_EDGE('',*,*,#2912,.T.);
#2203=ORIENTED_EDGE('',*,*,#2901,.T.);
#2204=ORIENTED_EDGE('',*,*,#3220,.T.);
#2205=ORIENTED_EDGE('',*,*,#3042,.F.);
#2206=ORIENTED_EDGE('',*,*,#3221,.F.);
#2207=ORIENTED_EDGE('',*,*,#3222,.F.);
#2208=ORIENTED_EDGE('',*,*,#3210,.T.);
#2209=ORIENTED_EDGE('',*,*,#3035,.F.);
#2210=ORIENTED_EDGE('',*,*,#3223,.F.);
#2211=ORIENTED_EDGE('',*,*,#3224,.F.);
#2212=ORIENTED_EDGE('',*,*,#3215,.T.);
#2213=ORIENTED_EDGE('',*,*,#3225,.F.);
#2214=ORIENTED_EDGE('',*,*,#3226,.F.);
#2215=ORIENTED_EDGE('',*,*,#3038,.F.);
#2216=ORIENTED_EDGE('',*,*,#3216,.F.);
#2217=ORIENTED_EDGE('',*,*,#2916,.T.);
#2218=ORIENTED_EDGE('',*,*,#3227,.F.);
#2219=ORIENTED_EDGE('',*,*,#3228,.T.);
#2220=ORIENTED_EDGE('',*,*,#3218,.T.);
#2221=ORIENTED_EDGE('',*,*,#3229,.F.);
#2222=ORIENTED_EDGE('',*,*,#3230,.T.);
#2223=ORIENTED_EDGE('',*,*,#3231,.T.);
#2224=ORIENTED_EDGE('',*,*,#2894,.F.);
#2225=ORIENTED_EDGE('',*,*,#3228,.F.);
#2226=ORIENTED_EDGE('',*,*,#3232,.F.);
#2227=ORIENTED_EDGE('',*,*,#3233,.F.);
#2228=ORIENTED_EDGE('',*,*,#3234,.F.);
#2229=ORIENTED_EDGE('',*,*,#2900,.T.);
#2230=ORIENTED_EDGE('',*,*,#2895,.F.);
#2231=ORIENTED_EDGE('',*,*,#3231,.F.);
#2232=ORIENTED_EDGE('',*,*,#3235,.T.);
#2233=ORIENTED_EDGE('',*,*,#3236,.F.);
#2234=ORIENTED_EDGE('',*,*,#3043,.F.);
#2235=ORIENTED_EDGE('',*,*,#3029,.F.);
#2236=ORIENTED_EDGE('',*,*,#3237,.T.);
#2237=ORIENTED_EDGE('',*,*,#3030,.F.);
#2238=ORIENTED_EDGE('',*,*,#3103,.F.);
#2239=ORIENTED_EDGE('',*,*,#3238,.F.);
#2240=ORIENTED_EDGE('',*,*,#3239,.T.);
#2241=ORIENTED_EDGE('',*,*,#3240,.F.);
#2242=ORIENTED_EDGE('',*,*,#3241,.F.);
#2243=ORIENTED_EDGE('',*,*,#3040,.F.);
#2244=ORIENTED_EDGE('',*,*,#3111,.T.);
#2245=ORIENTED_EDGE('',*,*,#3242,.F.);
#2246=ORIENTED_EDGE('',*,*,#3243,.F.);
#2247=ORIENTED_EDGE('',*,*,#3033,.F.);
#2248=ORIENTED_EDGE('',*,*,#3106,.T.);
#2249=ORIENTED_EDGE('',*,*,#3037,.F.);
#2250=ORIENTED_EDGE('',*,*,#3244,.F.);
#2251=ORIENTED_EDGE('',*,*,#3245,.F.);
#2252=ORIENTED_EDGE('',*,*,#3246,.T.);
#2253=ORIENTED_EDGE('',*,*,#3247,.F.);
#2254=ORIENTED_EDGE('',*,*,#2933,.F.);
#2255=ORIENTED_EDGE('',*,*,#3032,.F.);
#2256=ORIENTED_EDGE('',*,*,#3248,.T.);
#2257=ORIENTED_EDGE('',*,*,#3027,.F.);
#2258=ORIENTED_EDGE('',*,*,#3025,.F.);
#2259=ORIENTED_EDGE('',*,*,#3249,.F.);
#2260=ORIENTED_EDGE('',*,*,#2905,.T.);
#2261=ORIENTED_EDGE('',*,*,#3250,.F.);
#2262=ORIENTED_EDGE('',*,*,#3251,.F.);
#2263=ORIENTED_EDGE('',*,*,#3252,.F.);
#2264=ORIENTED_EDGE('',*,*,#3253,.T.);
#2265=ORIENTED_EDGE('',*,*,#3254,.T.);
#2266=ORIENTED_EDGE('',*,*,#2927,.F.);
#2267=ORIENTED_EDGE('',*,*,#2906,.T.);
#2268=ORIENTED_EDGE('',*,*,#3252,.T.);
#2269=ORIENTED_EDGE('',*,*,#3255,.T.);
#2270=ORIENTED_EDGE('',*,*,#2928,.F.);
#2271=ORIENTED_EDGE('',*,*,#3254,.F.);
#2272=ORIENTED_EDGE('',*,*,#3256,.F.);
#2273=ORIENTED_EDGE('',*,*,#3257,.F.);
#2274=ORIENTED_EDGE('',*,*,#3258,.T.);
#2275=ORIENTED_EDGE('',*,*,#3259,.T.);
#2276=ORIENTED_EDGE('',*,*,#2931,.T.);
#2277=ORIENTED_EDGE('',*,*,#3260,.F.);
#2278=ORIENTED_EDGE('',*,*,#3261,.T.);
#2279=ORIENTED_EDGE('',*,*,#3262,.F.);
#2280=ORIENTED_EDGE('',*,*,#3263,.F.);
#2281=ORIENTED_EDGE('',*,*,#3264,.T.);
#2282=ORIENTED_EDGE('',*,*,#3265,.F.);
#2283=ORIENTED_EDGE('',*,*,#3261,.F.);
#2284=ORIENTED_EDGE('',*,*,#3265,.T.);
#2285=ORIENTED_EDGE('',*,*,#3266,.T.);
#2286=ORIENTED_EDGE('',*,*,#3267,.T.);
#2287=ORIENTED_EDGE('',*,*,#3262,.T.);
#2288=ORIENTED_EDGE('',*,*,#3268,.F.);
#2289=ORIENTED_EDGE('',*,*,#3269,.F.);
#2290=ORIENTED_EDGE('',*,*,#3248,.F.);
#2291=ORIENTED_EDGE('',*,*,#3270,.F.);
#2292=ORIENTED_EDGE('',*,*,#3271,.F.);
#2293=ORIENTED_EDGE('',*,*,#3272,.F.);
#2294=ORIENTED_EDGE('',*,*,#3223,.T.);
#2295=ORIENTED_EDGE('',*,*,#3273,.F.);
#2296=ORIENTED_EDGE('',*,*,#3274,.F.);
#2297=ORIENTED_EDGE('',*,*,#3275,.F.);
#2298=ORIENTED_EDGE('',*,*,#3226,.T.);
#2299=ORIENTED_EDGE('',*,*,#3276,.F.);
#2300=ORIENTED_EDGE('',*,*,#3277,.F.);
#2301=ORIENTED_EDGE('',*,*,#3278,.F.);
#2302=ORIENTED_EDGE('',*,*,#3221,.T.);
#2303=ORIENTED_EDGE('',*,*,#3279,.F.);
#2304=ORIENTED_EDGE('',*,*,#3280,.F.);
#2305=ORIENTED_EDGE('',*,*,#3281,.F.);
#2306=ORIENTED_EDGE('',*,*,#3220,.F.);
#2307=ORIENTED_EDGE('',*,*,#3282,.F.);
#2308=ORIENTED_EDGE('',*,*,#3283,.F.);
#2309=ORIENTED_EDGE('',*,*,#3284,.F.);
#2310=ORIENTED_EDGE('',*,*,#3227,.T.);
#2311=ORIENTED_EDGE('',*,*,#3285,.F.);
#2312=ORIENTED_EDGE('',*,*,#3286,.F.);
#2313=ORIENTED_EDGE('',*,*,#3287,.F.);
#2314=ORIENTED_EDGE('',*,*,#3229,.T.);
#2315=ORIENTED_EDGE('',*,*,#3288,.F.);
#2316=ORIENTED_EDGE('',*,*,#3289,.F.);
#2317=ORIENTED_EDGE('',*,*,#3288,.T.);
#2318=ORIENTED_EDGE('',*,*,#3217,.T.);
#2319=ORIENTED_EDGE('',*,*,#3284,.T.);
#2320=ORIENTED_EDGE('',*,*,#3290,.F.);
#2321=ORIENTED_EDGE('',*,*,#3282,.T.);
#2322=ORIENTED_EDGE('',*,*,#3222,.T.);
#2323=ORIENTED_EDGE('',*,*,#3278,.T.);
#2324=ORIENTED_EDGE('',*,*,#3291,.F.);
#2325=ORIENTED_EDGE('',*,*,#3276,.T.);
#2326=ORIENTED_EDGE('',*,*,#3225,.T.);
#2327=ORIENTED_EDGE('',*,*,#3214,.T.);
#2328=ORIENTED_EDGE('',*,*,#3213,.T.);
#2329=ORIENTED_EDGE('',*,*,#3211,.T.);
#2330=ORIENTED_EDGE('',*,*,#3224,.T.);
#2331=ORIENTED_EDGE('',*,*,#3272,.T.);
#2332=ORIENTED_EDGE('',*,*,#3208,.T.);
#2333=ORIENTED_EDGE('',*,*,#3207,.T.);
#2334=ORIENTED_EDGE('',*,*,#3204,.T.);
#2335=ORIENTED_EDGE('',*,*,#3203,.T.);
#2336=ORIENTED_EDGE('',*,*,#3200,.T.);
#2337=ORIENTED_EDGE('',*,*,#3199,.T.);
#2338=ORIENTED_EDGE('',*,*,#3196,.T.);
#2339=ORIENTED_EDGE('',*,*,#3195,.T.);
#2340=ORIENTED_EDGE('',*,*,#3192,.T.);
#2341=ORIENTED_EDGE('',*,*,#3191,.T.);
#2342=ORIENTED_EDGE('',*,*,#3188,.T.);
#2343=ORIENTED_EDGE('',*,*,#3187,.T.);
#2344=ORIENTED_EDGE('',*,*,#3184,.T.);
#2345=ORIENTED_EDGE('',*,*,#3182,.T.);
#2346=ORIENTED_EDGE('',*,*,#3180,.T.);
#2347=ORIENTED_EDGE('',*,*,#3178,.T.);
#2348=ORIENTED_EDGE('',*,*,#3176,.T.);
#2349=ORIENTED_EDGE('',*,*,#3174,.T.);
#2350=ORIENTED_EDGE('',*,*,#3173,.T.);
#2351=ORIENTED_EDGE('',*,*,#3171,.T.);
#2352=ORIENTED_EDGE('',*,*,#3168,.T.);
#2353=ORIENTED_EDGE('',*,*,#3167,.T.);
#2354=ORIENTED_EDGE('',*,*,#3164,.T.);
#2355=ORIENTED_EDGE('',*,*,#3163,.T.);
#2356=ORIENTED_EDGE('',*,*,#3160,.T.);
#2357=ORIENTED_EDGE('',*,*,#3158,.T.);
#2358=ORIENTED_EDGE('',*,*,#3156,.T.);
#2359=ORIENTED_EDGE('',*,*,#3154,.T.);
#2360=ORIENTED_EDGE('',*,*,#3292,.F.);
#2361=ORIENTED_EDGE('',*,*,#3293,.F.);
#2362=ORIENTED_EDGE('',*,*,#3233,.T.);
#2363=ORIENTED_EDGE('',*,*,#3230,.F.);
#2364=ORIENTED_EDGE('',*,*,#3294,.F.);
#2365=ORIENTED_EDGE('',*,*,#3295,.F.);
#2366=ORIENTED_EDGE('',*,*,#3296,.F.);
#2367=ORIENTED_EDGE('',*,*,#3255,.F.);
#2368=ORIENTED_EDGE('',*,*,#3251,.T.);
#2369=ORIENTED_EDGE('',*,*,#3297,.F.);
#2370=ORIENTED_EDGE('',*,*,#3298,.F.);
#2371=ORIENTED_EDGE('',*,*,#3297,.T.);
#2372=ORIENTED_EDGE('',*,*,#3250,.T.);
#2373=ORIENTED_EDGE('',*,*,#3219,.T.);
#2374=ORIENTED_EDGE('',*,*,#3234,.T.);
#2375=ORIENTED_EDGE('',*,*,#3293,.T.);
#2376=ORIENTED_EDGE('',*,*,#3299,.F.);
#2377=ORIENTED_EDGE('',*,*,#3300,.T.);
#2378=ORIENTED_EDGE('',*,*,#3301,.F.);
#2379=ORIENTED_EDGE('',*,*,#3256,.T.);
#2380=ORIENTED_EDGE('',*,*,#3302,.F.);
#2381=ORIENTED_EDGE('',*,*,#3299,.T.);
#2382=ORIENTED_EDGE('',*,*,#3253,.F.);
#2383=ORIENTED_EDGE('',*,*,#3296,.T.);
#2384=ORIENTED_EDGE('',*,*,#3303,.F.);
#2385=ORIENTED_EDGE('',*,*,#3294,.T.);
#2386=ORIENTED_EDGE('',*,*,#3232,.T.);
#2387=ORIENTED_EDGE('',*,*,#3287,.T.);
#2388=ORIENTED_EDGE('',*,*,#3304,.F.);
#2389=ORIENTED_EDGE('',*,*,#3305,.T.);
#2390=ORIENTED_EDGE('',*,*,#3306,.F.);
#2391=ORIENTED_EDGE('',*,*,#3237,.F.);
#2392=ORIENTED_EDGE('',*,*,#3307,.F.);
#2393=ORIENTED_EDGE('',*,*,#3308,.F.);
#2394=ORIENTED_EDGE('',*,*,#3239,.F.);
#2395=ORIENTED_EDGE('',*,*,#3309,.F.);
#2396=ORIENTED_EDGE('',*,*,#3310,.F.);
#2397=ORIENTED_EDGE('',*,*,#3311,.F.);
#2398=ORIENTED_EDGE('',*,*,#3241,.T.);
#2399=ORIENTED_EDGE('',*,*,#3312,.F.);
#2400=ORIENTED_EDGE('',*,*,#3313,.F.);
#2401=ORIENTED_EDGE('',*,*,#3314,.F.);
#2402=ORIENTED_EDGE('',*,*,#3244,.T.);
#2403=ORIENTED_EDGE('',*,*,#3315,.F.);
#2404=ORIENTED_EDGE('',*,*,#3316,.F.);
#2405=ORIENTED_EDGE('',*,*,#3317,.F.);
#2406=ORIENTED_EDGE('',*,*,#3243,.T.);
#2407=ORIENTED_EDGE('',*,*,#3318,.F.);
#2408=ORIENTED_EDGE('',*,*,#3319,.F.);
#2409=ORIENTED_EDGE('',*,*,#3320,.T.);
#2410=ORIENTED_EDGE('',*,*,#3321,.F.);
#2411=ORIENTED_EDGE('',*,*,#3235,.F.);
#2412=ORIENTED_EDGE('',*,*,#3152,.T.);
#2413=ORIENTED_EDGE('',*,*,#3150,.T.);
#2414=ORIENTED_EDGE('',*,*,#3148,.T.);
#2415=ORIENTED_EDGE('',*,*,#3147,.T.);
#2416=ORIENTED_EDGE('',*,*,#3144,.T.);
#2417=ORIENTED_EDGE('',*,*,#3143,.T.);
#2418=ORIENTED_EDGE('',*,*,#3140,.T.);
#2419=ORIENTED_EDGE('',*,*,#3138,.T.);
#2420=ORIENTED_EDGE('',*,*,#3136,.T.);
#2421=ORIENTED_EDGE('',*,*,#3134,.T.);
#2422=ORIENTED_EDGE('',*,*,#3132,.T.);
#2423=ORIENTED_EDGE('',*,*,#3130,.T.);
#2424=ORIENTED_EDGE('',*,*,#3128,.T.);
#2425=ORIENTED_EDGE('',*,*,#3126,.T.);
#2426=ORIENTED_EDGE('',*,*,#3124,.T.);
#2427=ORIENTED_EDGE('',*,*,#3122,.T.);
#2428=ORIENTED_EDGE('',*,*,#3120,.T.);
#2429=ORIENTED_EDGE('',*,*,#3118,.T.);
#2430=ORIENTED_EDGE('',*,*,#3117,.T.);
#2431=ORIENTED_EDGE('',*,*,#3114,.T.);
#2432=ORIENTED_EDGE('',*,*,#3321,.T.);
#2433=ORIENTED_EDGE('',*,*,#3322,.T.);
#2434=ORIENTED_EDGE('',*,*,#3318,.T.);
#2435=ORIENTED_EDGE('',*,*,#3242,.T.);
#2436=ORIENTED_EDGE('',*,*,#3110,.T.);
#2437=ORIENTED_EDGE('',*,*,#3108,.T.);
#2438=ORIENTED_EDGE('',*,*,#3107,.T.);
#2439=ORIENTED_EDGE('',*,*,#3245,.T.);
#2440=ORIENTED_EDGE('',*,*,#3314,.T.);
#2441=ORIENTED_EDGE('',*,*,#3323,.T.);
#2442=ORIENTED_EDGE('',*,*,#3312,.T.);
#2443=ORIENTED_EDGE('',*,*,#3240,.T.);
#2444=ORIENTED_EDGE('',*,*,#3308,.T.);
#2445=ORIENTED_EDGE('',*,*,#3324,.T.);
#2446=ORIENTED_EDGE('',*,*,#3304,.T.);
#2447=ORIENTED_EDGE('',*,*,#3238,.T.);
#2448=ORIENTED_EDGE('',*,*,#3104,.T.);
#2449=ORIENTED_EDGE('',*,*,#3102,.T.);
#2450=ORIENTED_EDGE('',*,*,#3100,.T.);
#2451=ORIENTED_EDGE('',*,*,#3098,.T.);
#2452=ORIENTED_EDGE('',*,*,#3095,.T.);
#2453=ORIENTED_EDGE('',*,*,#3093,.T.);
#2454=ORIENTED_EDGE('',*,*,#3091,.T.);
#2455=ORIENTED_EDGE('',*,*,#3089,.T.);
#2456=ORIENTED_EDGE('',*,*,#3087,.T.);
#2457=ORIENTED_EDGE('',*,*,#3085,.T.);
#2458=ORIENTED_EDGE('',*,*,#3084,.T.);
#2459=ORIENTED_EDGE('',*,*,#3082,.T.);
#2460=ORIENTED_EDGE('',*,*,#3080,.T.);
#2461=ORIENTED_EDGE('',*,*,#3078,.T.);
#2462=ORIENTED_EDGE('',*,*,#3075,.T.);
#2463=ORIENTED_EDGE('',*,*,#3073,.T.);
#2464=ORIENTED_EDGE('',*,*,#3071,.T.);
#2465=ORIENTED_EDGE('',*,*,#3069,.T.);
#2466=ORIENTED_EDGE('',*,*,#3068,.T.);
#2467=ORIENTED_EDGE('',*,*,#3066,.T.);
#2468=ORIENTED_EDGE('',*,*,#3064,.T.);
#2469=ORIENTED_EDGE('',*,*,#3062,.T.);
#2470=ORIENTED_EDGE('',*,*,#3076,.T.);
#2471=ORIENTED_EDGE('',*,*,#3059,.T.);
#2472=ORIENTED_EDGE('',*,*,#3058,.T.);
#2473=ORIENTED_EDGE('',*,*,#3056,.T.);
#2474=ORIENTED_EDGE('',*,*,#3054,.T.);
#2475=ORIENTED_EDGE('',*,*,#3050,.T.);
#2476=ORIENTED_EDGE('',*,*,#3048,.T.);
#2477=ORIENTED_EDGE('',*,*,#3046,.T.);
#2478=ORIENTED_EDGE('',*,*,#3044,.T.);
#2479=ORIENTED_EDGE('',*,*,#3236,.T.);
#2480=ORIENTED_EDGE('',*,*,#3311,.T.);
#2481=ORIENTED_EDGE('',*,*,#3325,.T.);
#2482=ORIENTED_EDGE('',*,*,#3279,.T.);
#2483=ORIENTED_EDGE('',*,*,#3041,.T.);
#2484=ORIENTED_EDGE('',*,*,#3326,.F.);
#2485=ORIENTED_EDGE('',*,*,#3309,.T.);
#2486=ORIENTED_EDGE('',*,*,#3039,.F.);
#2487=ORIENTED_EDGE('',*,*,#3281,.T.);
#2488=ORIENTED_EDGE('',*,*,#3327,.F.);
#2489=ORIENTED_EDGE('',*,*,#3315,.T.);
#2490=ORIENTED_EDGE('',*,*,#3036,.F.);
#2491=ORIENTED_EDGE('',*,*,#3275,.T.);
#2492=ORIENTED_EDGE('',*,*,#3328,.F.);
#2493=ORIENTED_EDGE('',*,*,#3273,.T.);
#2494=ORIENTED_EDGE('',*,*,#3034,.T.);
#2495=ORIENTED_EDGE('',*,*,#3317,.T.);
#2496=ORIENTED_EDGE('',*,*,#3329,.F.);
#2497=ORIENTED_EDGE('',*,*,#3330,.F.);
#2498=ORIENTED_EDGE('',*,*,#3246,.F.);
#2499=ORIENTED_EDGE('',*,*,#3331,.F.);
#2500=ORIENTED_EDGE('',*,*,#3332,.F.);
#2501=ORIENTED_EDGE('',*,*,#3331,.T.);
#2502=ORIENTED_EDGE('',*,*,#3031,.T.);
#2503=ORIENTED_EDGE('',*,*,#3306,.T.);
#2504=ORIENTED_EDGE('',*,*,#3333,.F.);
#2505=ORIENTED_EDGE('',*,*,#3319,.T.);
#2506=ORIENTED_EDGE('',*,*,#3028,.F.);
#2507=ORIENTED_EDGE('',*,*,#3269,.T.);
#2508=ORIENTED_EDGE('',*,*,#3301,.T.);
#2509=ORIENTED_EDGE('',*,*,#3334,.T.);
#2510=ORIENTED_EDGE('',*,*,#3270,.T.);
#2511=ORIENTED_EDGE('',*,*,#3249,.T.);
#2512=ORIENTED_EDGE('',*,*,#3026,.T.);
#2513=ORIENTED_EDGE('',*,*,#3024,.T.);
#2514=ORIENTED_EDGE('',*,*,#3022,.T.);
#2515=ORIENTED_EDGE('',*,*,#3020,.T.);
#2516=ORIENTED_EDGE('',*,*,#3018,.T.);
#2517=ORIENTED_EDGE('',*,*,#3016,.T.);
#2518=ORIENTED_EDGE('',*,*,#3014,.T.);
#2519=ORIENTED_EDGE('',*,*,#3011,.T.);
#2520=ORIENTED_EDGE('',*,*,#3052,.F.);
#2521=ORIENTED_EDGE('',*,*,#3009,.T.);
#2522=ORIENTED_EDGE('',*,*,#3007,.T.);
#2523=ORIENTED_EDGE('',*,*,#3005,.T.);
#2524=ORIENTED_EDGE('',*,*,#3003,.T.);
#2525=ORIENTED_EDGE('',*,*,#3001,.T.);
#2526=ORIENTED_EDGE('',*,*,#2999,.T.);
#2527=ORIENTED_EDGE('',*,*,#2997,.T.);
#2528=ORIENTED_EDGE('',*,*,#2995,.T.);
#2529=ORIENTED_EDGE('',*,*,#2992,.T.);
#2530=ORIENTED_EDGE('',*,*,#2991,.T.);
#2531=ORIENTED_EDGE('',*,*,#2989,.T.);
#2532=ORIENTED_EDGE('',*,*,#2987,.T.);
#2533=ORIENTED_EDGE('',*,*,#2984,.T.);
#2534=ORIENTED_EDGE('',*,*,#2982,.T.);
#2535=ORIENTED_EDGE('',*,*,#2980,.T.);
#2536=ORIENTED_EDGE('',*,*,#2978,.T.);
#2537=ORIENTED_EDGE('',*,*,#2976,.T.);
#2538=ORIENTED_EDGE('',*,*,#2974,.T.);
#2539=ORIENTED_EDGE('',*,*,#2972,.T.);
#2540=ORIENTED_EDGE('',*,*,#2970,.T.);
#2541=ORIENTED_EDGE('',*,*,#2968,.T.);
#2542=ORIENTED_EDGE('',*,*,#2966,.T.);
#2543=ORIENTED_EDGE('',*,*,#2964,.T.);
#2544=ORIENTED_EDGE('',*,*,#2961,.F.);
#2545=ORIENTED_EDGE('',*,*,#2959,.T.);
#2546=ORIENTED_EDGE('',*,*,#2958,.T.);
#2547=ORIENTED_EDGE('',*,*,#2956,.T.);
#2548=ORIENTED_EDGE('',*,*,#2954,.T.);
#2549=ORIENTED_EDGE('',*,*,#2952,.T.);
#2550=ORIENTED_EDGE('',*,*,#2950,.T.);
#2551=ORIENTED_EDGE('',*,*,#2947,.T.);
#2552=ORIENTED_EDGE('',*,*,#2945,.T.);
#2553=ORIENTED_EDGE('',*,*,#2943,.T.);
#2554=ORIENTED_EDGE('',*,*,#2940,.T.);
#2555=ORIENTED_EDGE('',*,*,#2938,.T.);
#2556=ORIENTED_EDGE('',*,*,#2936,.T.);
#2557=ORIENTED_EDGE('',*,*,#2934,.T.);
#2558=ORIENTED_EDGE('',*,*,#3247,.T.);
#2559=ORIENTED_EDGE('',*,*,#3330,.T.);
#2560=ORIENTED_EDGE('',*,*,#3335,.T.);
#2561=ORIENTED_EDGE('',*,*,#3263,.T.);
#2562=ORIENTED_EDGE('',*,*,#3260,.T.);
#2563=ORIENTED_EDGE('',*,*,#2930,.T.);
#2564=ORIENTED_EDGE('',*,*,#2929,.T.);
#2565=ORIENTED_EDGE('',*,*,#3257,.T.);
#2566=ORIENTED_EDGE('',*,*,#2926,.T.);
#2567=ORIENTED_EDGE('',*,*,#2925,.T.);
#2568=ORIENTED_EDGE('',*,*,#2924,.T.);
#2569=ORIENTED_EDGE('',*,*,#2923,.T.);
#2570=ORIENTED_EDGE('',*,*,#2922,.T.);
#2571=ORIENTED_EDGE('',*,*,#2921,.T.);
#2572=ORIENTED_EDGE('',*,*,#2920,.T.);
#2573=ORIENTED_EDGE('',*,*,#2919,.T.);
#2574=ORIENTED_EDGE('',*,*,#2918,.T.);
#2575=ORIENTED_EDGE('',*,*,#2917,.T.);
#2576=ORIENTED_EDGE('',*,*,#3336,.T.);
#2577=ORIENTED_EDGE('',*,*,#3337,.T.);
#2578=ORIENTED_EDGE('',*,*,#3285,.T.);
#2579=ORIENTED_EDGE('',*,*,#2915,.T.);
#2580=ORIENTED_EDGE('',*,*,#2914,.T.);
#2581=ORIENTED_EDGE('',*,*,#2909,.T.);
#2582=ORIENTED_EDGE('',*,*,#2932,.T.);
#2583=ORIENTED_EDGE('',*,*,#3259,.F.);
#2584=ORIENTED_EDGE('',*,*,#3267,.F.);
#2585=ORIENTED_EDGE('',*,*,#3338,.T.);
#2586=ORIENTED_EDGE('',*,*,#3336,.F.);
#2587=ORIENTED_EDGE('',*,*,#3258,.F.);
#2588=ORIENTED_EDGE('',*,*,#3326,.T.);
#2589=ORIENTED_EDGE('',*,*,#3280,.T.);
#2590=ORIENTED_EDGE('',*,*,#3290,.T.);
#2591=ORIENTED_EDGE('',*,*,#3283,.T.);
#2592=ORIENTED_EDGE('',*,*,#3337,.F.);
#2593=ORIENTED_EDGE('',*,*,#3338,.F.);
#2594=ORIENTED_EDGE('',*,*,#3266,.F.);
#2595=ORIENTED_EDGE('',*,*,#3264,.F.);
#2596=ORIENTED_EDGE('',*,*,#3335,.F.);
#2597=ORIENTED_EDGE('',*,*,#3329,.T.);
#2598=ORIENTED_EDGE('',*,*,#3332,.T.);
#2599=ORIENTED_EDGE('',*,*,#3305,.F.);
#2600=ORIENTED_EDGE('',*,*,#3324,.F.);
#2601=ORIENTED_EDGE('',*,*,#3307,.T.);
#2602=ORIENTED_EDGE('',*,*,#3271,.T.);
#2603=ORIENTED_EDGE('',*,*,#3328,.T.);
#2604=ORIENTED_EDGE('',*,*,#3316,.T.);
#2605=ORIENTED_EDGE('',*,*,#3322,.F.);
#2606=ORIENTED_EDGE('',*,*,#3320,.F.);
#2607=ORIENTED_EDGE('',*,*,#3333,.T.);
#2608=ORIENTED_EDGE('',*,*,#3268,.T.);
#2609=ORIENTED_EDGE('',*,*,#3334,.F.);
#2610=ORIENTED_EDGE('',*,*,#3300,.F.);
#2611=ORIENTED_EDGE('',*,*,#3302,.T.);
#2612=ORIENTED_EDGE('',*,*,#3295,.T.);
#2613=ORIENTED_EDGE('',*,*,#3298,.T.);
#2614=ORIENTED_EDGE('',*,*,#3292,.T.);
#2615=ORIENTED_EDGE('',*,*,#3303,.T.);
#2616=ORIENTED_EDGE('',*,*,#3286,.T.);
#2617=ORIENTED_EDGE('',*,*,#3289,.T.);
#2618=ORIENTED_EDGE('',*,*,#3277,.T.);
#2619=ORIENTED_EDGE('',*,*,#3325,.F.);
#2620=ORIENTED_EDGE('',*,*,#3310,.T.);
#2621=ORIENTED_EDGE('',*,*,#3323,.F.);
#2622=ORIENTED_EDGE('',*,*,#3313,.T.);
#2623=ORIENTED_EDGE('',*,*,#3327,.T.);
#2624=ORIENTED_EDGE('',*,*,#3274,.T.);
#2625=ORIENTED_EDGE('',*,*,#3291,.T.);
#2626=EDGE_CURVE('',#3339,#3339,#3775,.T.);
#2627=EDGE_CURVE('',#3340,#3340,#3776,.T.);
#2628=EDGE_CURVE('',#3341,#3341,#3777,.T.);
#2629=EDGE_CURVE('',#3342,#3342,#3778,.T.);
#2630=EDGE_CURVE('',#3343,#3343,#3779,.T.);
#2631=EDGE_CURVE('',#3344,#3344,#3780,.T.);
#2632=EDGE_CURVE('',#3345,#3345,#3781,.T.);
#2633=EDGE_CURVE('',#3346,#3346,#3782,.T.);
#2634=EDGE_CURVE('',#3347,#3347,#3783,.T.);
#2635=EDGE_CURVE('',#3348,#3348,#3784,.T.);
#2636=EDGE_CURVE('',#3349,#3350,#238,.T.);
#2637=EDGE_CURVE('',#3349,#3351,#3785,.T.);
#2638=EDGE_CURVE('',#3352,#3351,#3786,.T.);
#2639=EDGE_CURVE('',#3353,#3352,#3787,.T.);
#2640=EDGE_CURVE('',#3353,#3354,#239,.T.);
#2641=EDGE_CURVE('',#3355,#3354,#3788,.T.);
#2642=EDGE_CURVE('',#3356,#3355,#3789,.T.);
#2643=EDGE_CURVE('',#3356,#3350,#3790,.T.);
#2644=EDGE_CURVE('',#3357,#3358,#240,.T.);
#2645=EDGE_CURVE('',#3357,#3359,#3791,.T.);
#2646=EDGE_CURVE('',#3360,#3359,#3792,.T.);
#2647=EDGE_CURVE('',#3361,#3360,#3793,.T.);
#2648=EDGE_CURVE('',#3361,#3362,#241,.T.);
#2649=EDGE_CURVE('',#3363,#3362,#3794,.T.);
#2650=EDGE_CURVE('',#3364,#3363,#3795,.T.);
#2651=EDGE_CURVE('',#3364,#3358,#3796,.T.);
#2652=EDGE_CURVE('',#3365,#3365,#3797,.F.);
#2653=EDGE_CURVE('',#3366,#3366,#3798,.F.);
#2654=EDGE_CURVE('',#3367,#3367,#3799,.F.);
#2655=EDGE_CURVE('',#3368,#3368,#3800,.F.);
#2656=EDGE_CURVE('',#3369,#3369,#3801,.F.);
#2657=EDGE_CURVE('',#3370,#3370,#3802,.F.);
#2658=EDGE_CURVE('',#3371,#3371,#3803,.F.);
#2659=EDGE_CURVE('',#3372,#3372,#3804,.F.);
#2660=EDGE_CURVE('',#3373,#3373,#3805,.F.);
#2661=EDGE_CURVE('',#3374,#3374,#3806,.F.);
#2662=EDGE_CURVE('',#3375,#3376,#242,.T.);
#2663=EDGE_CURVE('',#3375,#3377,#3807,.F.);
#2664=EDGE_CURVE('',#3377,#3378,#243,.T.);
#2665=EDGE_CURVE('',#3378,#3376,#3808,.T.);
#2666=EDGE_CURVE('',#3377,#3379,#3809,.F.);
#2667=EDGE_CURVE('',#3379,#3380,#244,.T.);
#2668=EDGE_CURVE('',#3380,#3378,#3810,.T.);
#2669=EDGE_CURVE('',#3379,#3381,#245,.T.);
#2670=EDGE_CURVE('',#3381,#3382,#246,.T.);
#2671=EDGE_CURVE('',#3380,#3382,#247,.T.);
#2672=EDGE_CURVE('',#3381,#3383,#3811,.F.);
#2673=EDGE_CURVE('',#3383,#3384,#248,.T.);
#2674=EDGE_CURVE('',#3384,#3382,#3812,.T.);
#2675=EDGE_CURVE('',#3383,#3385,#3813,.F.);
#2676=EDGE_CURVE('',#3385,#3386,#249,.T.);
#2677=EDGE_CURVE('',#3386,#3384,#3814,.T.);
#2678=EDGE_CURVE('',#3387,#3388,#250,.T.);
#2679=EDGE_CURVE('',#3387,#3389,#3815,.F.);
#2680=EDGE_CURVE('',#3389,#3390,#251,.T.);
#2681=EDGE_CURVE('',#3390,#3388,#3816,.T.);
#2682=EDGE_CURVE('',#3389,#3391,#3817,.F.);
#2683=EDGE_CURVE('',#3391,#3392,#252,.T.);
#2684=EDGE_CURVE('',#3392,#3390,#3818,.T.);
#2685=EDGE_CURVE('',#3391,#3393,#253,.T.);
#2686=EDGE_CURVE('',#3393,#3394,#254,.T.);
#2687=EDGE_CURVE('',#3392,#3394,#255,.T.);
#2688=EDGE_CURVE('',#3393,#3395,#3819,.F.);
#2689=EDGE_CURVE('',#3395,#3396,#256,.T.);
#2690=EDGE_CURVE('',#3396,#3394,#3820,.T.);
#2691=EDGE_CURVE('',#3397,#3398,#3821,.T.);
#2692=EDGE_CURVE('',#3398,#3399,#257,.T.);
#2693=EDGE_CURVE('',#3399,#3388,#3822,.T.);
#2694=EDGE_CURVE('',#3397,#3396,#3823,.T.);
#2695=EDGE_CURVE('',#3395,#3400,#111,.T.);
#2696=EDGE_CURVE('',#3400,#3397,#258,.T.);
#2697=EDGE_CURVE('',#3401,#3357,#259,.T.);
#2698=EDGE_CURVE('',#3401,#3402,#3824,.T.);
#2699=EDGE_CURVE('',#3402,#3359,#260,.T.);
#2700=EDGE_CURVE('',#3402,#3403,#3825,.F.);
#2701=EDGE_CURVE('',#3403,#3360,#261,.T.);
#2702=EDGE_CURVE('',#3403,#3404,#3826,.F.);
#2703=EDGE_CURVE('',#3404,#3361,#262,.T.);
#2704=EDGE_CURVE('',#3404,#3405,#263,.T.);
#2705=EDGE_CURVE('',#3405,#3362,#264,.T.);
#2706=EDGE_CURVE('',#3405,#3406,#3827,.F.);
#2707=EDGE_CURVE('',#3406,#3363,#265,.T.);
#2708=EDGE_CURVE('',#3406,#3407,#3828,.F.);
#2709=EDGE_CURVE('',#3407,#3364,#266,.T.);
#2710=EDGE_CURVE('',#3407,#3408,#3829,.T.);
#2711=EDGE_CURVE('',#3408,#3358,#267,.T.);
#2712=EDGE_CURVE('',#3409,#3351,#268,.T.);
#2713=EDGE_CURVE('',#3409,#3410,#3830,.F.);
#2714=EDGE_CURVE('',#3410,#3352,#269,.T.);
#2715=EDGE_CURVE('',#3410,#3411,#3831,.F.);
#2716=EDGE_CURVE('',#3411,#3353,#270,.T.);
#2717=EDGE_CURVE('',#3411,#3412,#271,.T.);
#2718=EDGE_CURVE('',#3412,#3354,#272,.T.);
#2719=EDGE_CURVE('',#3412,#3413,#3832,.F.);
#2720=EDGE_CURVE('',#3413,#3355,#273,.T.);
#2721=EDGE_CURVE('',#3413,#3414,#3833,.F.);
#2722=EDGE_CURVE('',#3414,#3356,#274,.T.);
#2723=EDGE_CURVE('',#3414,#3415,#3834,.T.);
#2724=EDGE_CURVE('',#3415,#3350,#275,.T.);
#2725=EDGE_CURVE('',#3416,#3417,#276,.T.);
#2726=EDGE_CURVE('',#3416,#3376,#3835,.T.);
#2727=EDGE_CURVE('',#3386,#3417,#3836,.T.);
#2728=EDGE_CURVE('',#3418,#3416,#277,.T.);
#2729=EDGE_CURVE('',#3418,#3375,#3837,.T.);
#2730=EDGE_CURVE('',#3419,#3399,#278,.T.);
#2731=EDGE_CURVE('',#3419,#3387,#112,.T.);
#2732=EDGE_CURVE('',#3385,#3420,#3838,.T.);
#2733=EDGE_CURVE('',#3420,#3417,#279,.T.);
#2734=EDGE_CURVE('',#3421,#3350,#280,.T.);
#2735=EDGE_CURVE('',#3421,#3422,#281,.F.);
#2736=EDGE_CURVE('',#3422,#3349,#282,.T.);
#2737=EDGE_CURVE('',#3423,#3424,#283,.T.);
#2738=EDGE_CURVE('',#3423,#3409,#113,.T.);
#2739=EDGE_CURVE('',#3422,#3425,#114,.T.);
#2740=EDGE_CURVE('',#3425,#3424,#284,.T.);
#2741=EDGE_CURVE('',#3425,#3426,#285,.F.);
#2742=EDGE_CURVE('',#3426,#3427,#286,.T.);
#2743=EDGE_CURVE('',#3427,#3423,#287,.T.);
#2744=EDGE_CURVE('',#3428,#3429,#288,.T.);
#2745=EDGE_CURVE('',#3428,#3430,#289,.F.);
#2746=EDGE_CURVE('',#3430,#3431,#290,.T.);
#2747=EDGE_CURVE('',#3431,#3429,#291,.T.);
#2748=EDGE_CURVE('',#3430,#3432,#3839,.T.);
#2749=EDGE_CURVE('',#3432,#3433,#292,.T.);
#2750=EDGE_CURVE('',#3433,#3431,#3840,.F.);
#2751=EDGE_CURVE('',#3432,#3434,#3841,.F.);
#2752=EDGE_CURVE('',#3434,#3435,#293,.T.);
#2753=EDGE_CURVE('',#3435,#3433,#3842,.T.);
#2754=EDGE_CURVE('',#3436,#3437,#3843,.T.);
#2755=EDGE_CURVE('',#3438,#3437,#115,.T.);
#2756=EDGE_CURVE('',#3439,#3438,#3844,.T.);
#2757=EDGE_CURVE('',#3436,#3439,#116,.T.);
#2758=EDGE_CURVE('',#3434,#3438,#3845,.F.);
#2759=EDGE_CURVE('',#3437,#3440,#3846,.F.);
#2760=EDGE_CURVE('',#3440,#3441,#294,.T.);
#2761=EDGE_CURVE('',#3441,#3435,#3847,.T.);
#2762=EDGE_CURVE('',#3440,#3442,#3848,.F.);
#2763=EDGE_CURVE('',#3442,#3443,#295,.T.);
#2764=EDGE_CURVE('',#3443,#3441,#3849,.T.);
#2765=EDGE_CURVE('',#3442,#3444,#3850,.T.);
#2766=EDGE_CURVE('',#3444,#3445,#296,.T.);
#2767=EDGE_CURVE('',#3445,#3443,#3851,.F.);
#2768=EDGE_CURVE('',#3444,#3446,#297,.T.);
#2769=EDGE_CURVE('',#3446,#3447,#298,.T.);
#2770=EDGE_CURVE('',#3447,#3445,#299,.F.);
#2771=EDGE_CURVE('',#3446,#3448,#300,.T.);
#2772=EDGE_CURVE('',#3448,#3449,#301,.T.);
#2773=EDGE_CURVE('',#3449,#3447,#302,.F.);
#2774=EDGE_CURVE('',#3408,#3450,#303,.T.);
#2775=EDGE_CURVE('',#3450,#3449,#60,.F.);
#2776=EDGE_CURVE('',#3448,#3451,#61,.T.);
#2777=EDGE_CURVE('',#3451,#3452,#304,.F.);
#2778=EDGE_CURVE('',#3453,#3452,#305,.T.);
#2779=EDGE_CURVE('',#3453,#3401,#306,.T.);
#2780=EDGE_CURVE('',#3454,#3455,#307,.T.);
#2781=EDGE_CURVE('',#3454,#3453,#308,.T.);
#2782=EDGE_CURVE('',#3452,#3455,#309,.T.);
#2783=EDGE_CURVE('',#3456,#3457,#310,.T.);
#2784=EDGE_CURVE('',#3456,#3454,#3852,.F.);
#2785=EDGE_CURVE('',#3455,#3457,#3853,.T.);
#2786=EDGE_CURVE('',#3458,#3459,#311,.T.);
#2787=EDGE_CURVE('',#3458,#3456,#312,.T.);
#2788=EDGE_CURVE('',#3457,#3459,#313,.T.);
#2789=EDGE_CURVE('',#3460,#3461,#314,.T.);
#2790=EDGE_CURVE('',#3460,#3458,#3854,.F.);
#2791=EDGE_CURVE('',#3459,#3461,#3855,.T.);
#2792=EDGE_CURVE('',#3462,#3463,#315,.T.);
#2793=EDGE_CURVE('',#3462,#3460,#316,.T.);
#2794=EDGE_CURVE('',#3461,#3463,#317,.F.);
#2795=EDGE_CURVE('',#3464,#3465,#318,.T.);
#2796=EDGE_CURVE('',#3464,#3462,#319,.T.);
#2797=EDGE_CURVE('',#3463,#3466,#320,.F.);
#2798=EDGE_CURVE('',#3466,#3465,#321,.T.);
#2799=EDGE_CURVE('',#3467,#3398,#322,.T.);
#2800=EDGE_CURVE('',#3467,#3468,#323,.T.);
#2801=EDGE_CURVE('',#3468,#3399,#324,.T.);
#2802=EDGE_CURVE('',#3469,#3470,#325,.T.);
#2803=EDGE_CURVE('',#3470,#3471,#326,.F.);
#2804=EDGE_CURVE('',#3472,#3471,#327,.T.);
#2805=EDGE_CURVE('',#3472,#3469,#328,.T.);
#2806=EDGE_CURVE('',#3473,#3474,#329,.T.);
#2807=EDGE_CURVE('',#3474,#3470,#330,.F.);
#2808=EDGE_CURVE('',#3469,#3473,#331,.T.);
#2809=EDGE_CURVE('',#3471,#3475,#332,.F.);
#2810=EDGE_CURVE('',#3476,#3475,#333,.T.);
#2811=EDGE_CURVE('',#3476,#3472,#334,.T.);
#2812=EDGE_CURVE('',#3477,#3478,#335,.T.);
#2813=EDGE_CURVE('',#3478,#3479,#336,.F.);
#2814=EDGE_CURVE('',#3480,#3479,#337,.T.);
#2815=EDGE_CURVE('',#3480,#3477,#338,.T.);
#2816=EDGE_CURVE('',#3481,#3482,#339,.T.);
#2817=EDGE_CURVE('',#3482,#3478,#340,.F.);
#2818=EDGE_CURVE('',#3477,#3481,#341,.T.);
#2819=EDGE_CURVE('',#3483,#3484,#342,.T.);
#2820=EDGE_CURVE('',#3484,#3482,#343,.T.);
#2821=EDGE_CURVE('',#3481,#3483,#344,.T.);
#2822=EDGE_CURVE('',#3479,#3484,#345,.F.);
#2823=EDGE_CURVE('',#3483,#3480,#346,.T.);
#2824=EDGE_CURVE('',#3485,#3486,#347,.T.);
#2825=EDGE_CURVE('',#3486,#3487,#348,.F.);
#2826=EDGE_CURVE('',#3488,#3487,#349,.T.);
#2827=EDGE_CURVE('',#3488,#3485,#350,.T.);
#2828=EDGE_CURVE('',#3489,#3490,#351,.T.);
#2829=EDGE_CURVE('',#3490,#3486,#352,.T.);
#2830=EDGE_CURVE('',#3485,#3489,#353,.T.);
#2831=EDGE_CURVE('',#3491,#3492,#354,.T.);
#2832=EDGE_CURVE('',#3492,#3490,#355,.T.);
#2833=EDGE_CURVE('',#3489,#3491,#356,.T.);
#2834=EDGE_CURVE('',#3493,#3494,#357,.T.);
#2835=EDGE_CURVE('',#3494,#3492,#358,.F.);
#2836=EDGE_CURVE('',#3491,#3493,#359,.T.);
#2837=EDGE_CURVE('',#3495,#3496,#360,.T.);
#2838=EDGE_CURVE('',#3496,#3494,#361,.T.);
#2839=EDGE_CURVE('',#3493,#3495,#362,.T.);
#2840=EDGE_CURVE('',#3497,#3498,#363,.T.);
#2841=EDGE_CURVE('',#3498,#3496,#364,.F.);
#2842=EDGE_CURVE('',#3495,#3497,#365,.T.);
#2843=EDGE_CURVE('',#3499,#3500,#366,.T.);
#2844=EDGE_CURVE('',#3500,#3498,#367,.F.);
#2845=EDGE_CURVE('',#3497,#3499,#368,.T.);
#2846=EDGE_CURVE('',#3487,#3500,#369,.F.);
#2847=EDGE_CURVE('',#3499,#3488,#370,.T.);
#2848=EDGE_CURVE('',#3501,#3502,#371,.T.);
#2849=EDGE_CURVE('',#3502,#3503,#372,.T.);
#2850=EDGE_CURVE('',#3504,#3503,#373,.T.);
#2851=EDGE_CURVE('',#3504,#3501,#374,.T.);
#2852=EDGE_CURVE('',#3505,#3506,#375,.T.);
#2853=EDGE_CURVE('',#3506,#3502,#376,.F.);
#2854=EDGE_CURVE('',#3501,#3505,#377,.T.);
#2855=EDGE_CURVE('',#3507,#3508,#378,.T.);
#2856=EDGE_CURVE('',#3508,#3506,#379,.T.);
#2857=EDGE_CURVE('',#3505,#3507,#380,.T.);
#2858=EDGE_CURVE('',#3503,#3508,#381,.T.);
#2859=EDGE_CURVE('',#3507,#3504,#382,.T.);
#2860=EDGE_CURVE('',#3509,#3510,#383,.T.);
#2861=EDGE_CURVE('',#3510,#3511,#384,.F.);
#2862=EDGE_CURVE('',#3512,#3511,#385,.T.);
#2863=EDGE_CURVE('',#3512,#3509,#386,.T.);
#2864=EDGE_CURVE('',#3513,#3514,#387,.T.);
#2865=EDGE_CURVE('',#3514,#3510,#388,.T.);
#2866=EDGE_CURVE('',#3509,#3513,#389,.T.);
#2867=EDGE_CURVE('',#3515,#3516,#390,.T.);
#2868=EDGE_CURVE('',#3516,#3514,#391,.T.);
#2869=EDGE_CURVE('',#3513,#3515,#392,.T.);
#2870=EDGE_CURVE('',#3511,#3516,#393,.F.);
#2871=EDGE_CURVE('',#3515,#3512,#394,.T.);
#2872=EDGE_CURVE('',#3517,#3518,#395,.T.);
#2873=EDGE_CURVE('',#3518,#3519,#396,.F.);
#2874=EDGE_CURVE('',#3520,#3519,#397,.T.);
#2875=EDGE_CURVE('',#3520,#3517,#398,.T.);
#2876=EDGE_CURVE('',#3521,#3522,#399,.T.);
#2877=EDGE_CURVE('',#3522,#3518,#400,.F.);
#2878=EDGE_CURVE('',#3517,#3521,#401,.T.);
#2879=EDGE_CURVE('',#3523,#3524,#402,.T.);
#2880=EDGE_CURVE('',#3524,#3522,#403,.T.);
#2881=EDGE_CURVE('',#3521,#3523,#404,.T.);
#2882=EDGE_CURVE('',#3519,#3524,#405,.T.);
#2883=EDGE_CURVE('',#3523,#3520,#406,.T.);
#2884=EDGE_CURVE('',#3525,#3526,#407,.T.);
#2885=EDGE_CURVE('',#3526,#3527,#408,.F.);
#2886=EDGE_CURVE('',#3528,#3527,#409,.T.);
#2887=EDGE_CURVE('',#3528,#3525,#410,.T.);
#2888=EDGE_CURVE('',#3529,#3530,#411,.T.);
#2889=EDGE_CURVE('',#3530,#3526,#412,.F.);
#2890=EDGE_CURVE('',#3525,#3529,#413,.T.);
#2891=EDGE_CURVE('',#3531,#3532,#414,.T.);
#2892=EDGE_CURVE('',#3532,#3530,#415,.F.);
#2893=EDGE_CURVE('',#3529,#3531,#416,.T.);
#2894=EDGE_CURVE('',#3533,#3534,#417,.T.);
#2895=EDGE_CURVE('',#3534,#3535,#418,.T.);
#2896=EDGE_CURVE('',#3535,#3536,#419,.T.);
#2897=EDGE_CURVE('',#3536,#3537,#420,.T.);
#2898=EDGE_CURVE('',#3537,#3533,#421,.T.);
#2899=EDGE_CURVE('',#3536,#3538,#422,.T.);
#2900=EDGE_CURVE('',#3539,#3535,#423,.T.);
#2901=EDGE_CURVE('',#3540,#3539,#424,.T.);
#2902=EDGE_CURVE('',#3538,#3540,#425,.F.);
#2903=EDGE_CURVE('',#3541,#3542,#62,.T.);
#2904=EDGE_CURVE('',#3543,#3541,#426,.F.);
#2905=EDGE_CURVE('',#3544,#3543,#63,.F.);
#2906=EDGE_CURVE('',#3542,#3544,#427,.T.);
#2907=EDGE_CURVE('',#3545,#3546,#428,.T.);
#2908=EDGE_CURVE('',#3546,#3547,#429,.F.);
#2909=EDGE_CURVE('',#3548,#3547,#430,.T.);
#2910=EDGE_CURVE('',#3545,#3548,#431,.T.);
#2911=EDGE_CURVE('',#3549,#3538,#432,.F.);
#2912=EDGE_CURVE('',#3541,#3540,#433,.T.);
#2913=EDGE_CURVE('',#3545,#3541,#434,.T.);
#2914=EDGE_CURVE('',#3549,#3548,#435,.T.);
#2915=EDGE_CURVE('',#3550,#3549,#436,.T.);
#2916=EDGE_CURVE('',#3537,#3550,#437,.F.);
#2917=EDGE_CURVE('',#3551,#3551,#3856,.T.);
#2918=EDGE_CURVE('',#3552,#3552,#3857,.T.);
#2919=EDGE_CURVE('',#3553,#3553,#3858,.T.);
#2920=EDGE_CURVE('',#3554,#3554,#3859,.T.);
#2921=EDGE_CURVE('',#3555,#3555,#3860,.T.);
#2922=EDGE_CURVE('',#3556,#3556,#3861,.T.);
#2923=EDGE_CURVE('',#3557,#3557,#3862,.T.);
#2924=EDGE_CURVE('',#3558,#3558,#3863,.T.);
#2925=EDGE_CURVE('',#3559,#3559,#3864,.T.);
#2926=EDGE_CURVE('',#3560,#3560,#3865,.T.);
#2927=EDGE_CURVE('',#3542,#3561,#438,.T.);
#2928=EDGE_CURVE('',#3561,#3562,#3866,.F.);
#2929=EDGE_CURVE('',#3546,#3562,#439,.T.);
#2930=EDGE_CURVE('',#3563,#3546,#440,.T.);
#2931=EDGE_CURVE('',#3564,#3563,#441,.F.);
#2932=EDGE_CURVE('',#3547,#3564,#442,.T.);
#2933=EDGE_CURVE('',#3418,#3565,#443,.T.);
#2934=EDGE_CURVE('',#3566,#3565,#3867,.F.);
#2935=EDGE_CURVE('',#3375,#3566,#444,.T.);
#2936=EDGE_CURVE('',#3567,#3566,#3868,.T.);
#2937=EDGE_CURVE('',#3377,#3567,#445,.T.);
#2938=EDGE_CURVE('',#3568,#3567,#3869,.T.);
#2939=EDGE_CURVE('',#3379,#3568,#446,.T.);
#2940=EDGE_CURVE('',#3569,#3568,#447,.T.);
#2941=EDGE_CURVE('',#3381,#3569,#448,.T.);
#2942=EDGE_CURVE('',#3570,#3383,#449,.T.);
#2943=EDGE_CURVE('',#3570,#3569,#3870,.T.);
#2944=EDGE_CURVE('',#3571,#3385,#450,.T.);
#2945=EDGE_CURVE('',#3571,#3570,#3871,.T.);
#2946=EDGE_CURVE('',#3572,#3420,#451,.T.);
#2947=EDGE_CURVE('',#3572,#3571,#3872,.F.);
#2948=EDGE_CURVE('',#3573,#3419,#117,.T.);
#2949=EDGE_CURVE('',#3420,#3419,#452,.T.);
#2950=EDGE_CURVE('',#3573,#3572,#453,.T.);
#2951=EDGE_CURVE('',#3574,#3387,#118,.F.);
#2952=EDGE_CURVE('',#3574,#3573,#119,.T.);
#2953=EDGE_CURVE('',#3575,#3389,#454,.T.);
#2954=EDGE_CURVE('',#3575,#3574,#3873,.T.);
#2955=EDGE_CURVE('',#3576,#3391,#455,.T.);
#2956=EDGE_CURVE('',#3576,#3575,#3874,.T.);
#2957=EDGE_CURVE('',#3577,#3393,#456,.T.);
#2958=EDGE_CURVE('',#3577,#3576,#457,.T.);
#2959=EDGE_CURVE('',#3578,#3577,#3875,.T.);
#2960=EDGE_CURVE('',#3400,#3578,#120,.T.);
#2961=EDGE_CURVE('',#3578,#3579,#3876,.T.);
#2962=EDGE_CURVE('',#3579,#3464,#121,.T.);
#2963=EDGE_CURVE('',#3466,#3467,#3877,.F.);
#2964=EDGE_CURVE('',#3580,#3579,#458,.T.);
#2965=EDGE_CURVE('',#3462,#3580,#459,.T.);
#2966=EDGE_CURVE('',#3581,#3580,#460,.T.);
#2967=EDGE_CURVE('',#3460,#3581,#122,.F.);
#2968=EDGE_CURVE('',#3582,#3581,#3878,.T.);
#2969=EDGE_CURVE('',#3458,#3582,#461,.T.);
#2970=EDGE_CURVE('',#3583,#3582,#462,.T.);
#2971=EDGE_CURVE('',#3456,#3583,#463,.T.);
#2972=EDGE_CURVE('',#3584,#3583,#3879,.T.);
#2973=EDGE_CURVE('',#3454,#3584,#464,.T.);
#2974=EDGE_CURVE('',#3585,#3584,#465,.T.);
#2975=EDGE_CURVE('',#3453,#3585,#466,.T.);
#2976=EDGE_CURVE('',#3586,#3585,#467,.T.);
#2977=EDGE_CURVE('',#3401,#3586,#468,.T.);
#2978=EDGE_CURVE('',#3587,#3586,#3880,.F.);
#2979=EDGE_CURVE('',#3402,#3587,#469,.T.);
#2980=EDGE_CURVE('',#3588,#3587,#3881,.T.);
#2981=EDGE_CURVE('',#3403,#3588,#470,.T.);
#2982=EDGE_CURVE('',#3589,#3588,#3882,.T.);
#2983=EDGE_CURVE('',#3404,#3589,#471,.T.);
#2984=EDGE_CURVE('',#3590,#3589,#472,.T.);
#2985=EDGE_CURVE('',#3405,#3590,#473,.T.);
#2986=EDGE_CURVE('',#3591,#3406,#474,.T.);
#2987=EDGE_CURVE('',#3591,#3590,#3883,.T.);
#2988=EDGE_CURVE('',#3592,#3407,#475,.T.);
#2989=EDGE_CURVE('',#3592,#3591,#3884,.T.);
#2990=EDGE_CURVE('',#3593,#3408,#476,.T.);
#2991=EDGE_CURVE('',#3593,#3592,#3885,.F.);
#2992=EDGE_CURVE('',#3594,#3593,#477,.T.);
#2993=EDGE_CURVE('',#3594,#3450,#64,.F.);
#2994=EDGE_CURVE('',#3595,#3447,#65,.F.);
#2995=EDGE_CURVE('',#3595,#3594,#478,.T.);
#2996=EDGE_CURVE('',#3596,#3445,#3886,.T.);
#2997=EDGE_CURVE('',#3596,#3595,#479,.T.);
#2998=EDGE_CURVE('',#3597,#3443,#3887,.T.);
#2999=EDGE_CURVE('',#3597,#3596,#3888,.T.);
#3000=EDGE_CURVE('',#3598,#3441,#3889,.T.);
#3001=EDGE_CURVE('',#3598,#3597,#3890,.F.);
#3002=EDGE_CURVE('',#3599,#3435,#3891,.T.);
#3003=EDGE_CURVE('',#3599,#3598,#3892,.F.);
#3004=EDGE_CURVE('',#3600,#3433,#3893,.T.);
#3005=EDGE_CURVE('',#3600,#3599,#3894,.F.);
#3006=EDGE_CURVE('',#3601,#3431,#3895,.T.);
#3007=EDGE_CURVE('',#3601,#3600,#3896,.T.);
#3008=EDGE_CURVE('',#3429,#3602,#66,.T.);
#3009=EDGE_CURVE('',#3602,#3601,#480,.F.);
#3010=EDGE_CURVE('',#3603,#3427,#481,.F.);
#3011=EDGE_CURVE('',#3604,#3603,#482,.T.);
#3012=EDGE_CURVE('',#3604,#3423,#123,.T.);
#3013=EDGE_CURVE('',#3605,#3409,#124,.F.);
#3014=EDGE_CURVE('',#3605,#3604,#125,.T.);
#3015=EDGE_CURVE('',#3606,#3410,#483,.T.);
#3016=EDGE_CURVE('',#3606,#3605,#3897,.T.);
#3017=EDGE_CURVE('',#3607,#3411,#484,.T.);
#3018=EDGE_CURVE('',#3607,#3606,#3898,.T.);
#3019=EDGE_CURVE('',#3608,#3412,#485,.T.);
#3020=EDGE_CURVE('',#3608,#3607,#486,.T.);
#3021=EDGE_CURVE('',#3609,#3413,#487,.T.);
#3022=EDGE_CURVE('',#3609,#3608,#3899,.T.);
#3023=EDGE_CURVE('',#3610,#3414,#488,.T.);
#3024=EDGE_CURVE('',#3610,#3609,#3900,.T.);
#3025=EDGE_CURVE('',#3611,#3415,#489,.T.);
#3026=EDGE_CURVE('',#3611,#3610,#3901,.F.);
#3027=EDGE_CURVE('',#3415,#3612,#490,.T.);
#3028=EDGE_CURVE('',#3612,#3613,#491,.T.);
#3029=EDGE_CURVE('',#3613,#3421,#492,.F.);
#3030=EDGE_CURVE('',#3468,#3614,#493,.F.);
#3031=EDGE_CURVE('',#3615,#3614,#494,.T.);
#3032=EDGE_CURVE('',#3615,#3418,#495,.T.);
#3033=EDGE_CURVE('',#3527,#3616,#496,.T.);
#3034=EDGE_CURVE('',#3617,#3616,#497,.T.);
#3035=EDGE_CURVE('',#3617,#3528,#498,.T.);
#3036=EDGE_CURVE('',#3618,#3619,#499,.T.);
#3037=EDGE_CURVE('',#3619,#3532,#500,.F.);
#3038=EDGE_CURVE('',#3531,#3618,#501,.T.);
#3039=EDGE_CURVE('',#3620,#3621,#502,.T.);
#3040=EDGE_CURVE('',#3621,#3622,#503,.F.);
#3041=EDGE_CURVE('',#3623,#3622,#504,.T.);
#3042=EDGE_CURVE('',#3623,#3620,#505,.T.);
#3043=EDGE_CURVE('',#3421,#3624,#126,.T.);
#3044=EDGE_CURVE('',#3625,#3624,#506,.T.);
#3045=EDGE_CURVE('',#3422,#3625,#127,.T.);
#3046=EDGE_CURVE('',#3626,#3625,#128,.T.);
#3047=EDGE_CURVE('',#3425,#3626,#129,.T.);
#3048=EDGE_CURVE('',#3627,#3626,#507,.T.);
#3049=EDGE_CURVE('',#3627,#3426,#67,.F.);
#3050=EDGE_CURVE('',#3628,#3627,#508,.T.);
#3051=EDGE_CURVE('',#3628,#3428,#68,.F.);
#3052=EDGE_CURVE('',#3602,#3603,#509,.T.);
#3053=EDGE_CURVE('',#3629,#3430,#3902,.T.);
#3054=EDGE_CURVE('',#3629,#3628,#510,.T.);
#3055=EDGE_CURVE('',#3630,#3432,#3903,.T.);
#3056=EDGE_CURVE('',#3630,#3629,#3904,.F.);
#3057=EDGE_CURVE('',#3631,#3434,#3905,.T.);
#3058=EDGE_CURVE('',#3631,#3630,#3906,.T.);
#3059=EDGE_CURVE('',#3439,#3631,#3907,.T.);
#3060=EDGE_CURVE('',#3632,#3496,#69,.F.);
#3061=EDGE_CURVE('',#3633,#3498,#70,.F.);
#3062=EDGE_CURVE('',#3632,#3633,#511,.T.);
#3063=EDGE_CURVE('',#3634,#3494,#71,.F.);
#3064=EDGE_CURVE('',#3634,#3632,#512,.F.);
#3065=EDGE_CURVE('',#3635,#3492,#72,.F.);
#3066=EDGE_CURVE('',#3635,#3634,#513,.T.);
#3067=EDGE_CURVE('',#3490,#3636,#73,.T.);
#3068=EDGE_CURVE('',#3636,#3635,#514,.F.);
#3069=EDGE_CURVE('',#3637,#3636,#515,.F.);
#3070=EDGE_CURVE('',#3486,#3637,#74,.T.);
#3071=EDGE_CURVE('',#3638,#3637,#516,.T.);
#3072=EDGE_CURVE('',#3487,#3638,#75,.T.);
#3073=EDGE_CURVE('',#3639,#3638,#517,.T.);
#3074=EDGE_CURVE('',#3500,#3639,#76,.T.);
#3075=EDGE_CURVE('',#3436,#3639,#518,.T.);
#3076=EDGE_CURVE('',#3633,#3439,#519,.T.);
#3077=EDGE_CURVE('',#3640,#3440,#3908,.T.);
#3078=EDGE_CURVE('',#3640,#3436,#3909,.T.);
#3079=EDGE_CURVE('',#3641,#3442,#3910,.T.);
#3080=EDGE_CURVE('',#3641,#3640,#3911,.T.);
#3081=EDGE_CURVE('',#3642,#3444,#3912,.T.);
#3082=EDGE_CURVE('',#3642,#3641,#3913,.F.);
#3083=EDGE_CURVE('',#3643,#3446,#77,.T.);
#3084=EDGE_CURVE('',#3643,#3642,#520,.F.);
#3085=EDGE_CURVE('',#3644,#3643,#521,.F.);
#3086=EDGE_CURVE('',#3451,#3644,#130,.T.);
#3087=EDGE_CURVE('',#3645,#3644,#522,.T.);
#3088=EDGE_CURVE('',#3452,#3645,#3914,.T.);
#3089=EDGE_CURVE('',#3646,#3645,#523,.F.);
#3090=EDGE_CURVE('',#3455,#3646,#3915,.T.);
#3091=EDGE_CURVE('',#3647,#3646,#3916,.F.);
#3092=EDGE_CURVE('',#3457,#3647,#3917,.T.);
#3093=EDGE_CURVE('',#3648,#3647,#524,.F.);
#3094=EDGE_CURVE('',#3459,#3648,#3918,.T.);
#3095=EDGE_CURVE('',#3649,#3648,#3919,.F.);
#3096=EDGE_CURVE('',#3461,#3649,#131,.T.);
#3097=EDGE_CURVE('',#3650,#3463,#3920,.T.);
#3098=EDGE_CURVE('',#3650,#3649,#525,.T.);
#3099=EDGE_CURVE('',#3651,#3466,#132,.T.);
#3100=EDGE_CURVE('',#3651,#3650,#526,.T.);
#3101=EDGE_CURVE('',#3652,#3467,#133,.F.);
#3102=EDGE_CURVE('',#3652,#3651,#3921,.T.);
#3103=EDGE_CURVE('',#3653,#3468,#134,.T.);
#3104=EDGE_CURVE('',#3653,#3652,#527,.F.);
#3105=EDGE_CURVE('',#3654,#3530,#78,.F.);
#3106=EDGE_CURVE('',#3655,#3532,#79,.F.);
#3107=EDGE_CURVE('',#3654,#3655,#528,.T.);
#3108=EDGE_CURVE('',#3656,#3654,#529,.T.);
#3109=EDGE_CURVE('',#3526,#3656,#80,.T.);
#3110=EDGE_CURVE('',#3657,#3656,#530,.T.);
#3111=EDGE_CURVE('',#3527,#3657,#81,.T.);
#3112=EDGE_CURVE('',#3658,#3475,#82,.F.);
#3113=EDGE_CURVE('',#3659,#3471,#83,.F.);
#3114=EDGE_CURVE('',#3658,#3659,#531,.T.);
#3115=EDGE_CURVE('',#3474,#3660,#84,.T.);
#3116=EDGE_CURVE('',#3475,#3474,#532,.T.);
#3117=EDGE_CURVE('',#3660,#3658,#533,.F.);
#3118=EDGE_CURVE('',#3661,#3660,#534,.T.);
#3119=EDGE_CURVE('',#3470,#3661,#85,.T.);
#3120=EDGE_CURVE('',#3659,#3661,#535,.T.);
#3121=EDGE_CURVE('',#3662,#3478,#86,.F.);
#3122=EDGE_CURVE('',#3663,#3662,#536,.T.);
#3123=EDGE_CURVE('',#3479,#3663,#87,.T.);
#3124=EDGE_CURVE('',#3664,#3663,#537,.T.);
#3125=EDGE_CURVE('',#3484,#3664,#88,.T.);
#3126=EDGE_CURVE('',#3665,#3664,#538,.F.);
#3127=EDGE_CURVE('',#3665,#3482,#89,.F.);
#3128=EDGE_CURVE('',#3662,#3665,#539,.T.);
#3129=EDGE_CURVE('',#3666,#3502,#90,.F.);
#3130=EDGE_CURVE('',#3667,#3666,#540,.F.);
#3131=EDGE_CURVE('',#3503,#3667,#91,.T.);
#3132=EDGE_CURVE('',#3668,#3667,#541,.F.);
#3133=EDGE_CURVE('',#3508,#3668,#92,.T.);
#3134=EDGE_CURVE('',#3669,#3668,#542,.F.);
#3135=EDGE_CURVE('',#3669,#3506,#93,.F.);
#3136=EDGE_CURVE('',#3666,#3669,#543,.T.);
#3137=EDGE_CURVE('',#3511,#3670,#94,.T.);
#3138=EDGE_CURVE('',#3671,#3670,#544,.T.);
#3139=EDGE_CURVE('',#3516,#3671,#95,.T.);
#3140=EDGE_CURVE('',#3672,#3671,#545,.F.);
#3141=EDGE_CURVE('',#3672,#3514,#96,.F.);
#3142=EDGE_CURVE('',#3673,#3510,#97,.F.);
#3143=EDGE_CURVE('',#3673,#3672,#546,.F.);
#3144=EDGE_CURVE('',#3670,#3673,#547,.T.);
#3145=EDGE_CURVE('',#3674,#3518,#98,.F.);
#3146=EDGE_CURVE('',#3675,#3522,#99,.F.);
#3147=EDGE_CURVE('',#3674,#3675,#548,.T.);
#3148=EDGE_CURVE('',#3676,#3674,#549,.T.);
#3149=EDGE_CURVE('',#3519,#3676,#100,.T.);
#3150=EDGE_CURVE('',#3677,#3676,#550,.F.);
#3151=EDGE_CURVE('',#3524,#3677,#101,.T.);
#3152=EDGE_CURVE('',#3675,#3677,#551,.F.);
#3153=EDGE_CURVE('',#3678,#3476,#552,.F.);
#3154=EDGE_CURVE('',#3679,#3678,#553,.T.);
#3155=EDGE_CURVE('',#3472,#3679,#554,.F.);
#3156=EDGE_CURVE('',#3680,#3679,#555,.T.);
#3157=EDGE_CURVE('',#3469,#3680,#556,.F.);
#3158=EDGE_CURVE('',#3681,#3680,#557,.T.);
#3159=EDGE_CURVE('',#3473,#3681,#558,.F.);
#3160=EDGE_CURVE('',#3678,#3681,#559,.T.);
#3161=EDGE_CURVE('',#3477,#3682,#560,.F.);
#3162=EDGE_CURVE('',#3683,#3480,#561,.T.);
#3163=EDGE_CURVE('',#3682,#3683,#562,.T.);
#3164=EDGE_CURVE('',#3684,#3682,#563,.T.);
#3165=EDGE_CURVE('',#3481,#3684,#564,.T.);
#3166=EDGE_CURVE('',#3685,#3483,#565,.T.);
#3167=EDGE_CURVE('',#3685,#3684,#566,.T.);
#3168=EDGE_CURVE('',#3683,#3685,#567,.T.);
#3169=EDGE_CURVE('',#3686,#3485,#568,.T.);
#3170=EDGE_CURVE('',#3687,#3488,#569,.F.);
#3171=EDGE_CURVE('',#3686,#3687,#570,.T.);
#3172=EDGE_CURVE('',#3688,#3489,#571,.F.);
#3173=EDGE_CURVE('',#3688,#3686,#572,.T.);
#3174=EDGE_CURVE('',#3689,#3688,#573,.T.);
#3175=EDGE_CURVE('',#3491,#3689,#574,.F.);
#3176=EDGE_CURVE('',#3690,#3689,#575,.T.);
#3177=EDGE_CURVE('',#3493,#3690,#576,.F.);
#3178=EDGE_CURVE('',#3691,#3690,#577,.T.);
#3179=EDGE_CURVE('',#3495,#3691,#578,.F.);
#3180=EDGE_CURVE('',#3692,#3691,#579,.T.);
#3181=EDGE_CURVE('',#3497,#3692,#580,.F.);
#3182=EDGE_CURVE('',#3693,#3692,#581,.T.);
#3183=EDGE_CURVE('',#3693,#3499,#582,.F.);
#3184=EDGE_CURVE('',#3687,#3693,#583,.T.);
#3185=EDGE_CURVE('',#3501,#3694,#584,.F.);
#3186=EDGE_CURVE('',#3695,#3504,#585,.F.);
#3187=EDGE_CURVE('',#3694,#3695,#586,.T.);
#3188=EDGE_CURVE('',#3696,#3694,#587,.T.);
#3189=EDGE_CURVE('',#3505,#3696,#588,.T.);
#3190=EDGE_CURVE('',#3697,#3507,#589,.F.);
#3191=EDGE_CURVE('',#3697,#3696,#590,.T.);
#3192=EDGE_CURVE('',#3695,#3697,#591,.T.);
#3193=EDGE_CURVE('',#3509,#3698,#592,.T.);
#3194=EDGE_CURVE('',#3699,#3512,#593,.T.);
#3195=EDGE_CURVE('',#3698,#3699,#594,.T.);
#3196=EDGE_CURVE('',#3700,#3698,#595,.T.);
#3197=EDGE_CURVE('',#3513,#3700,#596,.F.);
#3198=EDGE_CURVE('',#3701,#3515,#597,.T.);
#3199=EDGE_CURVE('',#3701,#3700,#598,.T.);
#3200=EDGE_CURVE('',#3699,#3701,#599,.T.);
#3201=EDGE_CURVE('',#3517,#3702,#600,.F.);
#3202=EDGE_CURVE('',#3703,#3520,#601,.F.);
#3203=EDGE_CURVE('',#3702,#3703,#602,.T.);
#3204=EDGE_CURVE('',#3704,#3702,#603,.T.);
#3205=EDGE_CURVE('',#3521,#3704,#604,.T.);
#3206=EDGE_CURVE('',#3705,#3523,#605,.F.);
#3207=EDGE_CURVE('',#3705,#3704,#606,.T.);
#3208=EDGE_CURVE('',#3703,#3705,#607,.T.);
#3209=EDGE_CURVE('',#3706,#3525,#608,.T.);
#3210=EDGE_CURVE('',#3707,#3528,#609,.F.);
#3211=EDGE_CURVE('',#3706,#3707,#610,.T.);
#3212=EDGE_CURVE('',#3529,#3708,#611,.F.);
#3213=EDGE_CURVE('',#3708,#3706,#612,.T.);
#3214=EDGE_CURVE('',#3709,#3708,#613,.T.);
#3215=EDGE_CURVE('',#3531,#3709,#614,.F.);
#3216=EDGE_CURVE('',#3537,#3710,#615,.F.);
#3217=EDGE_CURVE('',#3711,#3710,#616,.T.);
#3218=EDGE_CURVE('',#3533,#3711,#617,.T.);
#3219=EDGE_CURVE('',#3543,#3539,#618,.T.);
#3220=EDGE_CURVE('',#3712,#3620,#619,.T.);
#3221=EDGE_CURVE('',#3713,#3623,#620,.T.);
#3222=EDGE_CURVE('',#3712,#3713,#621,.T.);
#3223=EDGE_CURVE('',#3714,#3617,#622,.F.);
#3224=EDGE_CURVE('',#3707,#3714,#623,.T.);
#3225=EDGE_CURVE('',#3715,#3709,#624,.T.);
#3226=EDGE_CURVE('',#3618,#3715,#625,.F.);
#3227=EDGE_CURVE('',#3710,#3550,#626,.F.);
#3228=EDGE_CURVE('',#3716,#3533,#627,.T.);
#3229=EDGE_CURVE('',#3716,#3711,#628,.T.);
#3230=EDGE_CURVE('',#3717,#3718,#629,.F.);
#3231=EDGE_CURVE('',#3718,#3534,#630,.T.);
#3232=EDGE_CURVE('',#3717,#3716,#631,.T.);
#3233=EDGE_CURVE('',#3719,#3718,#632,.F.);
#3234=EDGE_CURVE('',#3539,#3719,#633,.T.);
#3235=EDGE_CURVE('',#3613,#3720,#3922,.T.);
#3236=EDGE_CURVE('',#3624,#3720,#634,.T.);
#3237=EDGE_CURVE('',#3721,#3614,#3923,.T.);
#3238=EDGE_CURVE('',#3721,#3653,#635,.T.);
#3239=EDGE_CURVE('',#3621,#3722,#102,.T.);
#3240=EDGE_CURVE('',#3723,#3722,#636,.T.);
#3241=EDGE_CURVE('',#3622,#3723,#103,.T.);
#3242=EDGE_CURVE('',#3724,#3657,#637,.F.);
#3243=EDGE_CURVE('',#3616,#3724,#104,.T.);
#3244=EDGE_CURVE('',#3725,#3619,#105,.F.);
#3245=EDGE_CURVE('',#3655,#3725,#638,.T.);
#3246=EDGE_CURVE('',#3615,#3726,#639,.T.);
#3247=EDGE_CURVE('',#3565,#3726,#640,.T.);
#3248=EDGE_CURVE('',#3727,#3612,#641,.T.);
#3249=EDGE_CURVE('',#3727,#3611,#642,.T.);
#3250=EDGE_CURVE('',#3728,#3543,#643,.T.);
#3251=EDGE_CURVE('',#3729,#3728,#106,.T.);
#3252=EDGE_CURVE('',#3544,#3729,#644,.F.);
#3253=EDGE_CURVE('',#3730,#3731,#645,.T.);
#3254=EDGE_CURVE('',#3731,#3561,#646,.T.);
#3255=EDGE_CURVE('',#3729,#3730,#3924,.F.);
#3256=EDGE_CURVE('',#3732,#3731,#107,.T.);
#3257=EDGE_CURVE('',#3562,#3732,#647,.F.);
#3258=EDGE_CURVE('',#3733,#3734,#648,.T.);
#3259=EDGE_CURVE('',#3734,#3564,#649,.T.);
#3260=EDGE_CURVE('',#3735,#3563,#650,.T.);
#3261=EDGE_CURVE('',#3735,#3736,#108,.F.);
#3262=EDGE_CURVE('',#3733,#3736,#651,.T.);
#3263=EDGE_CURVE('',#3737,#3735,#652,.T.);
#3264=EDGE_CURVE('',#3737,#3738,#3925,.F.);
#3265=EDGE_CURVE('',#3736,#3738,#653,.F.);
#3266=EDGE_CURVE('',#3738,#3739,#654,.T.);
#3267=EDGE_CURVE('',#3739,#3733,#655,.T.);
#3268=EDGE_CURVE('',#3740,#3741,#656,.T.);
#3269=EDGE_CURVE('',#3612,#3740,#657,.T.);
#3270=EDGE_CURVE('',#3741,#3727,#658,.T.);
#3271=EDGE_CURVE('',#3742,#3743,#659,.F.);
#3272=EDGE_CURVE('',#3714,#3742,#660,.T.);
#3273=EDGE_CURVE('',#3743,#3617,#661,.T.);
#3274=EDGE_CURVE('',#3744,#3745,#662,.F.);
#3275=EDGE_CURVE('',#3618,#3744,#663,.T.);
#3276=EDGE_CURVE('',#3745,#3715,#664,.T.);
#3277=EDGE_CURVE('',#3746,#3747,#665,.T.);
#3278=EDGE_CURVE('',#3713,#3746,#666,.T.);
#3279=EDGE_CURVE('',#3747,#3623,#667,.T.);
#3280=EDGE_CURVE('',#3748,#3749,#668,.F.);
#3281=EDGE_CURVE('',#3620,#3748,#669,.T.);
#3282=EDGE_CURVE('',#3749,#3712,#670,.T.);
#3283=EDGE_CURVE('',#3750,#3751,#671,.T.);
#3284=EDGE_CURVE('',#3710,#3750,#672,.T.);
#3285=EDGE_CURVE('',#3751,#3550,#673,.T.);
#3286=EDGE_CURVE('',#3752,#3753,#674,.F.);
#3287=EDGE_CURVE('',#3716,#3752,#675,.T.);
#3288=EDGE_CURVE('',#3753,#3711,#676,.T.);
#3289=EDGE_CURVE('',#3753,#3742,#677,.T.);
#3290=EDGE_CURVE('',#3749,#3750,#678,.T.);
#3291=EDGE_CURVE('',#3745,#3746,#679,.T.);
#3292=EDGE_CURVE('',#3754,#3755,#680,.F.);
#3293=EDGE_CURVE('',#3719,#3754,#681,.T.);
#3294=EDGE_CURVE('',#3755,#3717,#682,.T.);
#3295=EDGE_CURVE('',#3756,#3757,#3926,.F.);
#3296=EDGE_CURVE('',#3730,#3756,#683,.T.);
#3297=EDGE_CURVE('',#3757,#3728,#684,.F.);
#3298=EDGE_CURVE('',#3757,#3754,#685,.T.);
#3299=EDGE_CURVE('',#3758,#3731,#686,.T.);
#3300=EDGE_CURVE('',#3758,#3759,#3927,.F.);
#3301=EDGE_CURVE('',#3732,#3759,#687,.F.);
#3302=EDGE_CURVE('',#3758,#3756,#688,.T.);
#3303=EDGE_CURVE('',#3755,#3752,#689,.T.);
#3304=EDGE_CURVE('',#3760,#3721,#690,.T.);
#3305=EDGE_CURVE('',#3760,#3761,#3928,.F.);
#3306=EDGE_CURVE('',#3614,#3761,#691,.F.);
#3307=EDGE_CURVE('',#3762,#3763,#3929,.F.);
#3308=EDGE_CURVE('',#3722,#3762,#692,.T.);
#3309=EDGE_CURVE('',#3763,#3621,#693,.F.);
#3310=EDGE_CURVE('',#3764,#3765,#3930,.F.);
#3311=EDGE_CURVE('',#3622,#3764,#694,.T.);
#3312=EDGE_CURVE('',#3765,#3723,#695,.F.);
#3313=EDGE_CURVE('',#3766,#3767,#3931,.F.);
#3314=EDGE_CURVE('',#3725,#3766,#696,.T.);
#3315=EDGE_CURVE('',#3767,#3619,#697,.F.);
#3316=EDGE_CURVE('',#3768,#3769,#3932,.F.);
#3317=EDGE_CURVE('',#3616,#3768,#698,.F.);
#3318=EDGE_CURVE('',#3769,#3724,#699,.T.);
#3319=EDGE_CURVE('',#3770,#3613,#700,.F.);
#3320=EDGE_CURVE('',#3770,#3771,#3933,.F.);
#3321=EDGE_CURVE('',#3720,#3771,#701,.T.);
#3322=EDGE_CURVE('',#3771,#3769,#702,.T.);
#3323=EDGE_CURVE('',#3766,#3765,#703,.T.);
#3324=EDGE_CURVE('',#3762,#3760,#704,.T.);
#3325=EDGE_CURVE('',#3764,#3747,#705,.T.);
#3326=EDGE_CURVE('',#3763,#3748,#706,.T.);
#3327=EDGE_CURVE('',#3767,#3744,#707,.T.);
#3328=EDGE_CURVE('',#3743,#3768,#708,.T.);
#3329=EDGE_CURVE('',#3772,#3773,#709,.T.);
#3330=EDGE_CURVE('',#3726,#3772,#710,.T.);
#3331=EDGE_CURVE('',#3773,#3615,#711,.T.);
#3332=EDGE_CURVE('',#3773,#3761,#712,.T.);
#3333=EDGE_CURVE('',#3770,#3740,#713,.T.);
#3334=EDGE_CURVE('',#3759,#3741,#714,.T.);
#3335=EDGE_CURVE('',#3772,#3737,#715,.T.);
#3336=EDGE_CURVE('',#3734,#3774,#716,.T.);
#3337=EDGE_CURVE('',#3774,#3751,#717,.T.);
#3338=EDGE_CURVE('',#3739,#3774,#718,.T.);
#3339=VERTEX_POINT('',#7130);
#3340=VERTEX_POINT('',#7133);
#3341=VERTEX_POINT('',#7136);
#3342=VERTEX_POINT('',#7139);
#3343=VERTEX_POINT('',#7142);
#3344=VERTEX_POINT('',#7145);
#3345=VERTEX_POINT('',#7148);
#3346=VERTEX_POINT('',#7151);
#3347=VERTEX_POINT('',#7154);
#3348=VERTEX_POINT('',#7157);
#3349=VERTEX_POINT('',#7160);
#3350=VERTEX_POINT('',#7161);
#3351=VERTEX_POINT('',#7163);
#3352=VERTEX_POINT('',#7165);
#3353=VERTEX_POINT('',#7167);
#3354=VERTEX_POINT('',#7169);
#3355=VERTEX_POINT('',#7171);
#3356=VERTEX_POINT('',#7173);
#3357=VERTEX_POINT('',#7177);
#3358=VERTEX_POINT('',#7178);
#3359=VERTEX_POINT('',#7180);
#3360=VERTEX_POINT('',#7182);
#3361=VERTEX_POINT('',#7184);
#3362=VERTEX_POINT('',#7186);
#3363=VERTEX_POINT('',#7188);
#3364=VERTEX_POINT('',#7190);
#3365=VERTEX_POINT('',#7194);
#3366=VERTEX_POINT('',#7197);
#3367=VERTEX_POINT('',#7200);
#3368=VERTEX_POINT('',#7203);
#3369=VERTEX_POINT('',#7206);
#3370=VERTEX_POINT('',#7209);
#3371=VERTEX_POINT('',#7212);
#3372=VERTEX_POINT('',#7215);
#3373=VERTEX_POINT('',#7218);
#3374=VERTEX_POINT('',#7221);
#3375=VERTEX_POINT('',#7224);
#3376=VERTEX_POINT('',#7225);
#3377=VERTEX_POINT('',#7227);
#3378=VERTEX_POINT('',#7229);
#3379=VERTEX_POINT('',#7233);
#3380=VERTEX_POINT('',#7235);
#3381=VERTEX_POINT('',#7239);
#3382=VERTEX_POINT('',#7241);
#3383=VERTEX_POINT('',#7245);
#3384=VERTEX_POINT('',#7247);
#3385=VERTEX_POINT('',#7251);
#3386=VERTEX_POINT('',#7253);
#3387=VERTEX_POINT('',#7257);
#3388=VERTEX_POINT('',#7258);
#3389=VERTEX_POINT('',#7260);
#3390=VERTEX_POINT('',#7262);
#3391=VERTEX_POINT('',#7266);
#3392=VERTEX_POINT('',#7268);
#3393=VERTEX_POINT('',#7272);
#3394=VERTEX_POINT('',#7274);
#3395=VERTEX_POINT('',#7278);
#3396=VERTEX_POINT('',#7280);
#3397=VERTEX_POINT('',#7284);
#3398=VERTEX_POINT('',#7285);
#3399=VERTEX_POINT('',#7287);
#3400=VERTEX_POINT('',#7295);
#3401=VERTEX_POINT('',#7299);
#3402=VERTEX_POINT('',#7301);
#3403=VERTEX_POINT('',#7305);
#3404=VERTEX_POINT('',#7309);
#3405=VERTEX_POINT('',#7313);
#3406=VERTEX_POINT('',#7317);
#3407=VERTEX_POINT('',#7321);
#3408=VERTEX_POINT('',#7325);
#3409=VERTEX_POINT('',#7329);
#3410=VERTEX_POINT('',#7331);
#3411=VERTEX_POINT('',#7335);
#3412=VERTEX_POINT('',#7339);
#3413=VERTEX_POINT('',#7343);
#3414=VERTEX_POINT('',#7347);
#3415=VERTEX_POINT('',#7351);
#3416=VERTEX_POINT('',#7355);
#3417=VERTEX_POINT('',#7356);
#3418=VERTEX_POINT('',#7361);
#3419=VERTEX_POINT('',#7365);
#3420=VERTEX_POINT('',#7373);
#3421=VERTEX_POINT('',#7377);
#3422=VERTEX_POINT('',#7379);
#3423=VERTEX_POINT('',#7383);
#3424=VERTEX_POINT('',#7384);
#3425=VERTEX_POINT('',#7394);
#3426=VERTEX_POINT('',#7398);
#3427=VERTEX_POINT('',#7400);
#3428=VERTEX_POINT('',#7404);
#3429=VERTEX_POINT('',#7405);
#3430=VERTEX_POINT('',#7407);
#3431=VERTEX_POINT('',#7409);
#3432=VERTEX_POINT('',#7413);
#3433=VERTEX_POINT('',#7415);
#3434=VERTEX_POINT('',#7419);
#3435=VERTEX_POINT('',#7421);
#3436=VERTEX_POINT('',#7439);
#3437=VERTEX_POINT('',#7440);
#3438=VERTEX_POINT('',#7446);
#3439=VERTEX_POINT('',#7448);
#3440=VERTEX_POINT('',#7457);
#3441=VERTEX_POINT('',#7459);
#3442=VERTEX_POINT('',#7463);
#3443=VERTEX_POINT('',#7465);
#3444=VERTEX_POINT('',#7469);
#3445=VERTEX_POINT('',#7471);
#3446=VERTEX_POINT('',#7475);
#3447=VERTEX_POINT('',#7477);
#3448=VERTEX_POINT('',#7481);
#3449=VERTEX_POINT('',#7483);
#3450=VERTEX_POINT('',#7487);
#3451=VERTEX_POINT('',#7490);
#3452=VERTEX_POINT('',#7492);
#3453=VERTEX_POINT('',#7494);
#3454=VERTEX_POINT('',#7498);
#3455=VERTEX_POINT('',#7499);
#3456=VERTEX_POINT('',#7504);
#3457=VERTEX_POINT('',#7505);
#3458=VERTEX_POINT('',#7510);
#3459=VERTEX_POINT('',#7511);
#3460=VERTEX_POINT('',#7516);
#3461=VERTEX_POINT('',#7517);
#3462=VERTEX_POINT('',#7522);
#3463=VERTEX_POINT('',#7523);
#3464=VERTEX_POINT('',#7528);
#3465=VERTEX_POINT('',#7529);
#3466=VERTEX_POINT('',#7532);
#3467=VERTEX_POINT('',#7536);
#3468=VERTEX_POINT('',#7538);
#3469=VERTEX_POINT('',#7542);
#3470=VERTEX_POINT('',#7543);
#3471=VERTEX_POINT('',#7545);
#3472=VERTEX_POINT('',#7547);
#3473=VERTEX_POINT('',#7551);
#3474=VERTEX_POINT('',#7552);
#3475=VERTEX_POINT('',#7557);
#3476=VERTEX_POINT('',#7559);
#3477=VERTEX_POINT('',#7563);
#3478=VERTEX_POINT('',#7564);
#3479=VERTEX_POINT('',#7566);
#3480=VERTEX_POINT('',#7568);
#3481=VERTEX_POINT('',#7572);
#3482=VERTEX_POINT('',#7573);
#3483=VERTEX_POINT('',#7578);
#3484=VERTEX_POINT('',#7579);
#3485=VERTEX_POINT('',#7587);
#3486=VERTEX_POINT('',#7588);
#3487=VERTEX_POINT('',#7590);
#3488=VERTEX_POINT('',#7592);
#3489=VERTEX_POINT('',#7596);
#3490=VERTEX_POINT('',#7597);
#3491=VERTEX_POINT('',#7602);
#3492=VERTEX_POINT('',#7603);
#3493=VERTEX_POINT('',#7608);
#3494=VERTEX_POINT('',#7609);
#3495=VERTEX_POINT('',#7614);
#3496=VERTEX_POINT('',#7615);
#3497=VERTEX_POINT('',#7620);
#3498=VERTEX_POINT('',#7621);
#3499=VERTEX_POINT('',#7626);
#3500=VERTEX_POINT('',#7627);
#3501=VERTEX_POINT('',#7635);
#3502=VERTEX_POINT('',#7636);
#3503=VERTEX_POINT('',#7638);
#3504=VERTEX_POINT('',#7640);
#3505=VERTEX_POINT('',#7644);
#3506=VERTEX_POINT('',#7645);
#3507=VERTEX_POINT('',#7650);
#3508=VERTEX_POINT('',#7651);
#3509=VERTEX_POINT('',#7659);
#3510=VERTEX_POINT('',#7660);
#3511=VERTEX_POINT('',#7662);
#3512=VERTEX_POINT('',#7664);
#3513=VERTEX_POINT('',#7668);
#3514=VERTEX_POINT('',#7669);
#3515=VERTEX_POINT('',#7674);
#3516=VERTEX_POINT('',#7675);
#3517=VERTEX_POINT('',#7683);
#3518=VERTEX_POINT('',#7684);
#3519=VERTEX_POINT('',#7686);
#3520=VERTEX_POINT('',#7688);
#3521=VERTEX_POINT('',#7692);
#3522=VERTEX_POINT('',#7693);
#3523=VERTEX_POINT('',#7698);
#3524=VERTEX_POINT('',#7699);
#3525=VERTEX_POINT('',#7707);
#3526=VERTEX_POINT('',#7708);
#3527=VERTEX_POINT('',#7710);
#3528=VERTEX_POINT('',#7712);
#3529=VERTEX_POINT('',#7716);
#3530=VERTEX_POINT('',#7717);
#3531=VERTEX_POINT('',#7722);
#3532=VERTEX_POINT('',#7723);
#3533=VERTEX_POINT('',#7728);
#3534=VERTEX_POINT('',#7729);
#3535=VERTEX_POINT('',#7731);
#3536=VERTEX_POINT('',#7733);
#3537=VERTEX_POINT('',#7735);
#3538=VERTEX_POINT('',#7739);
#3539=VERTEX_POINT('',#7741);
#3540=VERTEX_POINT('',#7743);
#3541=VERTEX_POINT('',#7747);
#3542=VERTEX_POINT('',#7748);
#3543=VERTEX_POINT('',#7750);
#3544=VERTEX_POINT('',#7752);
#3545=VERTEX_POINT('',#7756);
#3546=VERTEX_POINT('',#7757);
#3547=VERTEX_POINT('',#7759);
#3548=VERTEX_POINT('',#7761);
#3549=VERTEX_POINT('',#7765);
#3550=VERTEX_POINT('',#7771);
#3551=VERTEX_POINT('',#7775);
#3552=VERTEX_POINT('',#7778);
#3553=VERTEX_POINT('',#7781);
#3554=VERTEX_POINT('',#7784);
#3555=VERTEX_POINT('',#7787);
#3556=VERTEX_POINT('',#7790);
#3557=VERTEX_POINT('',#7793);
#3558=VERTEX_POINT('',#7796);
#3559=VERTEX_POINT('',#7799);
#3560=VERTEX_POINT('',#7802);
#3561=VERTEX_POINT('',#7805);
#3562=VERTEX_POINT('',#7807);
#3563=VERTEX_POINT('',#7811);
#3564=VERTEX_POINT('',#7813);
#3565=VERTEX_POINT('',#7817);
#3566=VERTEX_POINT('',#7819);
#3567=VERTEX_POINT('',#7823);
#3568=VERTEX_POINT('',#7827);
#3569=VERTEX_POINT('',#7831);
#3570=VERTEX_POINT('',#7835);
#3571=VERTEX_POINT('',#7839);
#3572=VERTEX_POINT('',#7843);
#3573=VERTEX_POINT('',#7850);
#3574=VERTEX_POINT('',#7881);
#3575=VERTEX_POINT('',#7889);
#3576=VERTEX_POINT('',#7893);
#3577=VERTEX_POINT('',#7897);
#3578=VERTEX_POINT('',#7901);
#3579=VERTEX_POINT('',#7908);
#3580=VERTEX_POINT('',#7916);
#3581=VERTEX_POINT('',#7920);
#3582=VERTEX_POINT('',#7927);
#3583=VERTEX_POINT('',#7931);
#3584=VERTEX_POINT('',#7935);
#3585=VERTEX_POINT('',#7939);
#3586=VERTEX_POINT('',#7943);
#3587=VERTEX_POINT('',#7947);
#3588=VERTEX_POINT('',#7951);
#3589=VERTEX_POINT('',#7955);
#3590=VERTEX_POINT('',#7959);
#3591=VERTEX_POINT('',#7963);
#3592=VERTEX_POINT('',#7967);
#3593=VERTEX_POINT('',#7971);
#3594=VERTEX_POINT('',#7975);
#3595=VERTEX_POINT('',#7979);
#3596=VERTEX_POINT('',#7983);
#3597=VERTEX_POINT('',#7987);
#3598=VERTEX_POINT('',#7991);
#3599=VERTEX_POINT('',#7995);
#3600=VERTEX_POINT('',#7999);
#3601=VERTEX_POINT('',#8003);
#3602=VERTEX_POINT('',#8007);
#3603=VERTEX_POINT('',#8011);
#3604=VERTEX_POINT('',#8013);
#3605=VERTEX_POINT('',#8046);
#3606=VERTEX_POINT('',#8054);
#3607=VERTEX_POINT('',#8058);
#3608=VERTEX_POINT('',#8062);
#3609=VERTEX_POINT('',#8066);
#3610=VERTEX_POINT('',#8070);
#3611=VERTEX_POINT('',#8074);
#3612=VERTEX_POINT('',#8078);
#3613=VERTEX_POINT('',#8080);
#3614=VERTEX_POINT('',#8084);
#3615=VERTEX_POINT('',#8086);
#3616=VERTEX_POINT('',#8090);
#3617=VERTEX_POINT('',#8092);
#3618=VERTEX_POINT('',#8096);
#3619=VERTEX_POINT('',#8097);
#3620=VERTEX_POINT('',#8102);
#3621=VERTEX_POINT('',#8103);
#3622=VERTEX_POINT('',#8105);
#3623=VERTEX_POINT('',#8107);
#3624=VERTEX_POINT('',#8114);
#3625=VERTEX_POINT('',#8116);
#3626=VERTEX_POINT('',#8137);
#3627=VERTEX_POINT('',#8144);
#3628=VERTEX_POINT('',#8148);
#3629=VERTEX_POINT('',#8153);
#3630=VERTEX_POINT('',#8157);
#3631=VERTEX_POINT('',#8161);
#3632=VERTEX_POINT('',#8167);
#3633=VERTEX_POINT('',#8169);
#3634=VERTEX_POINT('',#8173);
#3635=VERTEX_POINT('',#8177);
#3636=VERTEX_POINT('',#8181);
#3637=VERTEX_POINT('',#8185);
#3638=VERTEX_POINT('',#8189);
#3639=VERTEX_POINT('',#8193);
#3640=VERTEX_POINT('',#8200);
#3641=VERTEX_POINT('',#8204);
#3642=VERTEX_POINT('',#8208);
#3643=VERTEX_POINT('',#8212);
#3644=VERTEX_POINT('',#8216);
#3645=VERTEX_POINT('',#8223);
#3646=VERTEX_POINT('',#8227);
#3647=VERTEX_POINT('',#8231);
#3648=VERTEX_POINT('',#8235);
#3649=VERTEX_POINT('',#8239);
#3650=VERTEX_POINT('',#8246);
#3651=VERTEX_POINT('',#8253);
#3652=VERTEX_POINT('',#8260);
#3653=VERTEX_POINT('',#8267);
#3654=VERTEX_POINT('',#8271);
#3655=VERTEX_POINT('',#8273);
#3656=VERTEX_POINT('',#8277);
#3657=VERTEX_POINT('',#8281);
#3658=VERTEX_POINT('',#8285);
#3659=VERTEX_POINT('',#8287);
#3660=VERTEX_POINT('',#8291);
#3661=VERTEX_POINT('',#8296);
#3662=VERTEX_POINT('',#8302);
#3663=VERTEX_POINT('',#8304);
#3664=VERTEX_POINT('',#8308);
#3665=VERTEX_POINT('',#8312);
#3666=VERTEX_POINT('',#8318);
#3667=VERTEX_POINT('',#8320);
#3668=VERTEX_POINT('',#8324);
#3669=VERTEX_POINT('',#8328);
#3670=VERTEX_POINT('',#8334);
#3671=VERTEX_POINT('',#8336);
#3672=VERTEX_POINT('',#8340);
#3673=VERTEX_POINT('',#8344);
#3674=VERTEX_POINT('',#8350);
#3675=VERTEX_POINT('',#8352);
#3676=VERTEX_POINT('',#8356);
#3677=VERTEX_POINT('',#8360);
#3678=VERTEX_POINT('',#8366);
#3679=VERTEX_POINT('',#8368);
#3680=VERTEX_POINT('',#8372);
#3681=VERTEX_POINT('',#8376);
#3682=VERTEX_POINT('',#8382);
#3683=VERTEX_POINT('',#8384);
#3684=VERTEX_POINT('',#8388);
#3685=VERTEX_POINT('',#8392);
#3686=VERTEX_POINT('',#8398);
#3687=VERTEX_POINT('',#8400);
#3688=VERTEX_POINT('',#8404);
#3689=VERTEX_POINT('',#8408);
#3690=VERTEX_POINT('',#8412);
#3691=VERTEX_POINT('',#8416);
#3692=VERTEX_POINT('',#8420);
#3693=VERTEX_POINT('',#8424);
#3694=VERTEX_POINT('',#8430);
#3695=VERTEX_POINT('',#8432);
#3696=VERTEX_POINT('',#8436);
#3697=VERTEX_POINT('',#8440);
#3698=VERTEX_POINT('',#8446);
#3699=VERTEX_POINT('',#8448);
#3700=VERTEX_POINT('',#8452);
#3701=VERTEX_POINT('',#8456);
#3702=VERTEX_POINT('',#8462);
#3703=VERTEX_POINT('',#8464);
#3704=VERTEX_POINT('',#8468);
#3705=VERTEX_POINT('',#8472);
#3706=VERTEX_POINT('',#8478);
#3707=VERTEX_POINT('',#8480);
#3708=VERTEX_POINT('',#8484);
#3709=VERTEX_POINT('',#8488);
#3710=VERTEX_POINT('',#8492);
#3711=VERTEX_POINT('',#8494);
#3712=VERTEX_POINT('',#8500);
#3713=VERTEX_POINT('',#8502);
#3714=VERTEX_POINT('',#8506);
#3715=VERTEX_POINT('',#8510);
#3716=VERTEX_POINT('',#8516);
#3717=VERTEX_POINT('',#8520);
#3718=VERTEX_POINT('',#8521);
#3719=VERTEX_POINT('',#8526);
#3720=VERTEX_POINT('',#8530);
#3721=VERTEX_POINT('',#8534);
#3722=VERTEX_POINT('',#8538);
#3723=VERTEX_POINT('',#8540);
#3724=VERTEX_POINT('',#8544);
#3725=VERTEX_POINT('',#8548);
#3726=VERTEX_POINT('',#8552);
#3727=VERTEX_POINT('',#8556);
#3728=VERTEX_POINT('',#8560);
#3729=VERTEX_POINT('',#8562);
#3730=VERTEX_POINT('',#8566);
#3731=VERTEX_POINT('',#8567);
#3732=VERTEX_POINT('',#8572);
#3733=VERTEX_POINT('',#8576);
#3734=VERTEX_POINT('',#8577);
#3735=VERTEX_POINT('',#8580);
#3736=VERTEX_POINT('',#8582);
#3737=VERTEX_POINT('',#8586);
#3738=VERTEX_POINT('',#8588);
#3739=VERTEX_POINT('',#8592);
#3740=VERTEX_POINT('',#8596);
#3741=VERTEX_POINT('',#8597);
#3742=VERTEX_POINT('',#8602);
#3743=VERTEX_POINT('',#8603);
#3744=VERTEX_POINT('',#8608);
#3745=VERTEX_POINT('',#8609);
#3746=VERTEX_POINT('',#8614);
#3747=VERTEX_POINT('',#8615);
#3748=VERTEX_POINT('',#8620);
#3749=VERTEX_POINT('',#8621);
#3750=VERTEX_POINT('',#8626);
#3751=VERTEX_POINT('',#8627);
#3752=VERTEX_POINT('',#8632);
#3753=VERTEX_POINT('',#8633);
#3754=VERTEX_POINT('',#8642);
#3755=VERTEX_POINT('',#8643);
#3756=VERTEX_POINT('',#8648);
#3757=VERTEX_POINT('',#8649);
#3758=VERTEX_POINT('',#8656);
#3759=VERTEX_POINT('',#8658);
#3760=VERTEX_POINT('',#8666);
#3761=VERTEX_POINT('',#8668);
#3762=VERTEX_POINT('',#8672);
#3763=VERTEX_POINT('',#8673);
#3764=VERTEX_POINT('',#8678);
#3765=VERTEX_POINT('',#8679);
#3766=VERTEX_POINT('',#8684);
#3767=VERTEX_POINT('',#8685);
#3768=VERTEX_POINT('',#8690);
#3769=VERTEX_POINT('',#8691);
#3770=VERTEX_POINT('',#8696);
#3771=VERTEX_POINT('',#8698);
#3772=VERTEX_POINT('',#8714);
#3773=VERTEX_POINT('',#8715);
#3774=VERTEX_POINT('',#8727);
#3775=CIRCLE('',#5109,0.0016);
#3776=CIRCLE('',#5111,0.0016);
#3777=CIRCLE('',#5113,0.0016);
#3778=CIRCLE('',#5115,0.0016);
#3779=CIRCLE('',#5117,0.0016);
#3780=CIRCLE('',#5119,0.0016);
#3781=CIRCLE('',#5121,0.0016);
#3782=CIRCLE('',#5123,0.0016);
#3783=CIRCLE('',#5125,0.0016);
#3784=CIRCLE('',#5127,0.0016);
#3785=CIRCLE('',#5129,0.000424999999999983);
#3786=CIRCLE('',#5130,0.00214851349251194);
#3787=CIRCLE('',#5131,0.0019);
#3788=CIRCLE('',#5132,0.0019);
#3789=CIRCLE('',#5133,0.00214851349251152);
#3790=CIRCLE('',#5134,0.000424999999999995);
#3791=CIRCLE('',#5136,0.000424999999999995);
#3792=CIRCLE('',#5137,0.00214851349329585);
#3793=CIRCLE('',#5138,0.0019);
#3794=CIRCLE('',#5139,0.0019);
#3795=CIRCLE('',#5140,0.00214851349329915);
#3796=CIRCLE('',#5141,0.000424999999999995);
#3797=CIRCLE('',#5143,0.0016);
#3798=CIRCLE('',#5145,0.0016);
#3799=CIRCLE('',#5147,0.0016);
#3800=CIRCLE('',#5149,0.0016);
#3801=CIRCLE('',#5151,0.0016);
#3802=CIRCLE('',#5153,0.0016);
#3803=CIRCLE('',#5155,0.0016);
#3804=CIRCLE('',#5157,0.0016);
#3805=CIRCLE('',#5159,0.0016);
#3806=CIRCLE('',#5161,0.0016);
#3807=CIRCLE('',#5163,0.00214851349275226);
#3808=CIRCLE('',#5164,0.00214851349275226);
#3809=CIRCLE('',#5166,0.0019);
#3810=CIRCLE('',#5167,0.0019);
#3811=CIRCLE('',#5170,0.0019);
#3812=CIRCLE('',#5171,0.0019);
#3813=CIRCLE('',#5173,0.00214851349274987);
#3814=CIRCLE('',#5174,0.00214851349274987);
#3815=CIRCLE('',#5176,0.00214851349276063);
#3816=CIRCLE('',#5177,0.00214851349276063);
#3817=CIRCLE('',#5179,0.0019);
#3818=CIRCLE('',#5180,0.0019);
#3819=CIRCLE('',#5183,0.0019);
#3820=CIRCLE('',#5184,0.0019);
#3821=CIRCLE('',#5186,0.000424999999999995);
#3822=CIRCLE('',#5187,0.000425014805128632);
#3823=CIRCLE('',#5188,0.00214851349274299);
#3824=CIRCLE('',#5191,0.000424999999999995);
#3825=CIRCLE('',#5193,0.00214851349329585);
#3826=CIRCLE('',#5195,0.0019);
#3827=CIRCLE('',#5198,0.0019);
#3828=CIRCLE('',#5200,0.00214851349329915);
#3829=CIRCLE('',#5202,0.000424999999999995);
#3830=CIRCLE('',#5204,0.00214851349251194);
#3831=CIRCLE('',#5206,0.0019);
#3832=CIRCLE('',#5209,0.0019);
#3833=CIRCLE('',#5211,0.00214851349251152);
#3834=CIRCLE('',#5213,0.000424999999999995);
#3835=CIRCLE('',#5215,0.000424999999999995);
#3836=CIRCLE('',#5216,0.000424999999999995);
#3837=CIRCLE('',#5218,0.000424999999999995);
#3838=CIRCLE('',#5221,0.000424999999999995);
#3839=CIRCLE('',#5227,0.00440284460396747);
#3840=CIRCLE('',#5228,0.00440284460396747);
#3841=CIRCLE('',#5230,0.00200000000000041);
#3842=CIRCLE('',#5231,0.00200000000000041);
#3843=CIRCLE('',#5232,0.000428);
#3844=CIRCLE('',#5233,0.000428);
#3845=CIRCLE('',#5235,0.00573554370746212);
#3846=CIRCLE('',#5236,0.00573554370746212);
#3847=CIRCLE('',#5237,0.00573554370746212);
#3848=CIRCLE('',#5239,0.00199999999999994);
#3849=CIRCLE('',#5240,0.00199999999999994);
#3850=CIRCLE('',#5242,0.00440284460396747);
#3851=CIRCLE('',#5243,0.00440284460396747);
#3852=CIRCLE('',#5251,0.00149999999999999);
#3853=CIRCLE('',#5252,0.00149999999999999);
#3854=CIRCLE('',#5255,0.00149999999999998);
#3855=CIRCLE('',#5256,0.00149999999999998);
#3856=CIRCLE('',#5299,0.00175);
#3857=CIRCLE('',#5301,0.00175);
#3858=CIRCLE('',#5303,0.00175);
#3859=CIRCLE('',#5305,0.00175);
#3860=CIRCLE('',#5307,0.00175);
#3861=CIRCLE('',#5309,0.00175);
#3862=CIRCLE('',#5311,0.00175);
#3863=CIRCLE('',#5313,0.00175);
#3864=CIRCLE('',#5315,0.00175);
#3865=CIRCLE('',#5317,0.00175);
#3866=CIRCLE('',#5319,0.00015);
#3867=CIRCLE('',#5322,0.00017499999999998);
#3868=CIRCLE('',#5324,0.00239851349275227);
#3869=CIRCLE('',#5326,0.00215);
#3870=CIRCLE('',#5329,0.00215);
#3871=CIRCLE('',#5331,0.00239851349274987);
#3872=CIRCLE('',#5333,0.000174999999999995);
#3873=CIRCLE('',#5336,0.00239851349276063);
#3874=CIRCLE('',#5338,0.00215);
#3875=CIRCLE('',#5341,0.00215);
#3876=CIRCLE('',#5343,0.000424999999999995);
#3877=CIRCLE('',#5344,0.000424999999999995);
#3878=CIRCLE('',#5348,0.00175);
#3879=CIRCLE('',#5351,0.00175);
#3880=CIRCLE('',#5355,0.000174999999999994);
#3881=CIRCLE('',#5357,0.00239851349329585);
#3882=CIRCLE('',#5359,0.00215);
#3883=CIRCLE('',#5362,0.00215);
#3884=CIRCLE('',#5364,0.00239851349329915);
#3885=CIRCLE('',#5366,0.00017499999999998);
#3886=CIRCLE('',#5372,0.000428);
#3887=CIRCLE('',#5374,0.000428);
#3888=CIRCLE('',#5375,0.00483084460396747);
#3889=CIRCLE('',#5377,0.000428);
#3890=CIRCLE('',#5378,0.00157199999999994);
#3891=CIRCLE('',#5380,0.000428);
#3892=CIRCLE('',#5381,0.00530754370746212);
#3893=CIRCLE('',#5383,0.000428);
#3894=CIRCLE('',#5384,0.00157200000000041);
#3895=CIRCLE('',#5386,0.000428);
#3896=CIRCLE('',#5387,0.00483084460396747);
#3897=CIRCLE('',#5392,0.00239851349251195);
#3898=CIRCLE('',#5394,0.00215);
#3899=CIRCLE('',#5397,0.00215);
#3900=CIRCLE('',#5399,0.00239851349251152);
#3901=CIRCLE('',#5401,0.000174999999999994);
#3902=CIRCLE('',#5413,0.000428);
#3903=CIRCLE('',#5415,0.000428);
#3904=CIRCLE('',#5416,0.00397484460396747);
#3905=CIRCLE('',#5418,0.000428);
#3906=CIRCLE('',#5419,0.00242800000000041);
#3907=CIRCLE('',#5421,0.00616354370746212);
#3908=CIRCLE('',#5439,0.000428);
#3909=CIRCLE('',#5440,0.00616354370746212);
#3910=CIRCLE('',#5442,0.000428);
#3911=CIRCLE('',#5443,0.00242799999999994);
#3912=CIRCLE('',#5445,0.000428);
#3913=CIRCLE('',#5446,0.00397484460396747);
#3914=CIRCLE('',#5451,0.0002);
#3915=CIRCLE('',#5453,0.0002);
#3916=CIRCLE('',#5455,0.00129999999999999);
#3917=CIRCLE('',#5456,0.0002);
#3918=CIRCLE('',#5458,0.0002);
#3919=CIRCLE('',#5460,0.00129999999999998);
#3920=CIRCLE('',#5462,0.0002);
#3921=CIRCLE('',#5465,0.000625);
#3922=CIRCLE('',#5555,0.0002);
#3923=CIRCLE('',#5557,0.0002);
#3924=CIRCLE('',#5570,0.0005);
#3925=CIRCLE('',#5576,0.00015);
#3926=CIRCLE('',#5588,0.0005);
#3927=CIRCLE('',#5591,0.00015);
#3928=CIRCLE('',#5595,0.0002);
#3929=CIRCLE('',#5597,0.0002);
#3930=CIRCLE('',#5599,0.0002);
#3931=CIRCLE('',#5601,0.0002);
#3932=CIRCLE('',#5603,0.0002);
#3933=CIRCLE('',#5605,0.0002);
#3934=EDGE_LOOP('',(#1200));
#3935=EDGE_LOOP('',(#1201));
#3936=EDGE_LOOP('',(#1202));
#3937=EDGE_LOOP('',(#1203));
#3938=EDGE_LOOP('',(#1204));
#3939=EDGE_LOOP('',(#1205));
#3940=EDGE_LOOP('',(#1206));
#3941=EDGE_LOOP('',(#1207));
#3942=EDGE_LOOP('',(#1208));
#3943=EDGE_LOOP('',(#1209));
#3944=EDGE_LOOP('',(#1210,#1211,#1212,#1213,#1214,#1215,#1216,#1217));
#3945=EDGE_LOOP('',(#1218,#1219,#1220,#1221,#1222,#1223,#1224,#1225));
#3946=EDGE_LOOP('',(#1226));
#3947=EDGE_LOOP('',(#1227));
#3948=EDGE_LOOP('',(#1228));
#3949=EDGE_LOOP('',(#1229));
#3950=EDGE_LOOP('',(#1230));
#3951=EDGE_LOOP('',(#1231));
#3952=EDGE_LOOP('',(#1232));
#3953=EDGE_LOOP('',(#1233));
#3954=EDGE_LOOP('',(#1234));
#3955=EDGE_LOOP('',(#1235));
#3956=EDGE_LOOP('',(#1236));
#3957=EDGE_LOOP('',(#1237));
#3958=EDGE_LOOP('',(#1238));
#3959=EDGE_LOOP('',(#1239));
#3960=EDGE_LOOP('',(#1240));
#3961=EDGE_LOOP('',(#1241));
#3962=EDGE_LOOP('',(#1242));
#3963=EDGE_LOOP('',(#1243));
#3964=EDGE_LOOP('',(#1244));
#3965=EDGE_LOOP('',(#1245));
#3966=EDGE_LOOP('',(#1246,#1247,#1248,#1249));
#3967=EDGE_LOOP('',(#1250,#1251,#1252,#1253));
#3968=EDGE_LOOP('',(#1254,#1255,#1256,#1257));
#3969=EDGE_LOOP('',(#1258,#1259,#1260,#1261));
#3970=EDGE_LOOP('',(#1262,#1263,#1264,#1265));
#3971=EDGE_LOOP('',(#1266,#1267,#1268,#1269));
#3972=EDGE_LOOP('',(#1270,#1271,#1272,#1273));
#3973=EDGE_LOOP('',(#1274,#1275,#1276,#1277));
#3974=EDGE_LOOP('',(#1278,#1279,#1280,#1281));
#3975=EDGE_LOOP('',(#1282,#1283,#1284,#1285,#1286,#1287,#1288,#1289));
#3976=EDGE_LOOP('',(#1290,#1291,#1292,#1293));
#3977=EDGE_LOOP('',(#1294,#1295,#1296,#1297));
#3978=EDGE_LOOP('',(#1298,#1299,#1300,#1301));
#3979=EDGE_LOOP('',(#1302,#1303,#1304,#1305));
#3980=EDGE_LOOP('',(#1306,#1307,#1308,#1309));
#3981=EDGE_LOOP('',(#1310,#1311,#1312,#1313));
#3982=EDGE_LOOP('',(#1314,#1315,#1316,#1317));
#3983=EDGE_LOOP('',(#1318,#1319,#1320,#1321));
#3984=EDGE_LOOP('',(#1322,#1323,#1324,#1325));
#3985=EDGE_LOOP('',(#1326,#1327,#1328,#1329));
#3986=EDGE_LOOP('',(#1330,#1331,#1332,#1333));
#3987=EDGE_LOOP('',(#1334,#1335,#1336,#1337));
#3988=EDGE_LOOP('',(#1338,#1339,#1340,#1341));
#3989=EDGE_LOOP('',(#1342,#1343,#1344,#1345));
#3990=EDGE_LOOP('',(#1346,#1347,#1348,#1349,#1350,#1351,#1352,#1353));
#3991=EDGE_LOOP('',(#1354,#1355,#1356,#1357));
#3992=EDGE_LOOP('',(#1358,#1359,#1360,#1361));
#3993=EDGE_LOOP('',(#1362,#1363,#1364,#1365));
#3994=EDGE_LOOP('',(#1366,#1367,#1368,#1369));
#3995=EDGE_LOOP('',(#1370,#1371,#1372,#1373,#1374,#1375,#1376));
#3996=EDGE_LOOP('',(#1377,#1378,#1379,#1380,#1381));
#3997=EDGE_LOOP('',(#1382,#1383,#1384,#1385));
#3998=EDGE_LOOP('',(#1386,#1387,#1388,#1389));
#3999=EDGE_LOOP('',(#1390,#1391,#1392,#1393));
#4000=EDGE_LOOP('',(#1394,#1395,#1396,#1397));
#4001=EDGE_LOOP('',(#1398,#1399,#1400,#1401,#1402,#1403));
#4002=EDGE_LOOP('',(#1404,#1405,#1406,#1407));
#4003=EDGE_LOOP('',(#1408,#1409,#1410,#1411));
#4004=EDGE_LOOP('',(#1412,#1413,#1414,#1415));
#4005=EDGE_LOOP('',(#1416,#1417,#1418,#1419));
#4006=EDGE_LOOP('',(#1420,#1421,#1422,#1423,#1424,#1425,#1426,#1427,#1428,
#1429));
#4007=EDGE_LOOP('',(#1430,#1431,#1432,#1433));
#4008=EDGE_LOOP('',(#1434,#1435,#1436,#1437));
#4009=EDGE_LOOP('',(#1438,#1439,#1440,#1441));
#4010=EDGE_LOOP('',(#1442,#1443,#1444,#1445));
#4011=EDGE_LOOP('',(#1446,#1447,#1448,#1449));
#4012=EDGE_LOOP('',(#1450,#1451,#1452,#1453,#1454));
#4013=EDGE_LOOP('',(#1455,#1456,#1457,#1458));
#4014=EDGE_LOOP('',(#1459,#1460,#1461,#1462));
#4015=EDGE_LOOP('',(#1463,#1464,#1465,#1466));
#4016=EDGE_LOOP('',(#1467,#1468,#1469,#1470));
#4017=EDGE_LOOP('',(#1471,#1472,#1473,#1474));
#4018=EDGE_LOOP('',(#1475,#1476,#1477,#1478));
#4019=EDGE_LOOP('',(#1479,#1480,#1481,#1482));
#4020=EDGE_LOOP('',(#1483,#1484,#1485,#1486));
#4021=EDGE_LOOP('',(#1487,#1488,#1489,#1490));
#4022=EDGE_LOOP('',(#1491,#1492,#1493,#1494));
#4023=EDGE_LOOP('',(#1495,#1496,#1497,#1498));
#4024=EDGE_LOOP('',(#1499,#1500,#1501,#1502));
#4025=EDGE_LOOP('',(#1503,#1504,#1505,#1506));
#4026=EDGE_LOOP('',(#1507,#1508,#1509,#1510));
#4027=EDGE_LOOP('',(#1511,#1512,#1513,#1514));
#4028=EDGE_LOOP('',(#1515,#1516,#1517,#1518));
#4029=EDGE_LOOP('',(#1519,#1520,#1521,#1522));
#4030=EDGE_LOOP('',(#1523,#1524,#1525,#1526));
#4031=EDGE_LOOP('',(#1527,#1528,#1529,#1530));
#4032=EDGE_LOOP('',(#1531,#1532,#1533,#1534));
#4033=EDGE_LOOP('',(#1535,#1536,#1537,#1538));
#4034=EDGE_LOOP('',(#1539,#1540,#1541,#1542));
#4035=EDGE_LOOP('',(#1543,#1544,#1545,#1546));
#4036=EDGE_LOOP('',(#1547,#1548,#1549,#1550));
#4037=EDGE_LOOP('',(#1551,#1552,#1553,#1554));
#4038=EDGE_LOOP('',(#1555,#1556,#1557,#1558));
#4039=EDGE_LOOP('',(#1559,#1560,#1561,#1562));
#4040=EDGE_LOOP('',(#1563,#1564,#1565,#1566));
#4041=EDGE_LOOP('',(#1567,#1568,#1569,#1570));
#4042=EDGE_LOOP('',(#1571,#1572,#1573,#1574));
#4043=EDGE_LOOP('',(#1575,#1576,#1577,#1578));
#4044=EDGE_LOOP('',(#1579,#1580,#1581,#1582,#1583));
#4045=EDGE_LOOP('',(#1584,#1585,#1586,#1587,#1588));
#4046=EDGE_LOOP('',(#1589,#1590,#1591,#1592));
#4047=EDGE_LOOP('',(#1593,#1594,#1595,#1596));
#4048=EDGE_LOOP('',(#1597,#1598,#1599,#1600,#1601,#1602));
#4049=EDGE_LOOP('',(#1603,#1604,#1605,#1606,#1607));
#4050=EDGE_LOOP('',(#1608));
#4051=EDGE_LOOP('',(#1609));
#4052=EDGE_LOOP('',(#1610));
#4053=EDGE_LOOP('',(#1611));
#4054=EDGE_LOOP('',(#1612));
#4055=EDGE_LOOP('',(#1613));
#4056=EDGE_LOOP('',(#1614));
#4057=EDGE_LOOP('',(#1615));
#4058=EDGE_LOOP('',(#1616));
#4059=EDGE_LOOP('',(#1617));
#4060=EDGE_LOOP('',(#1618));
#4061=EDGE_LOOP('',(#1619));
#4062=EDGE_LOOP('',(#1620));
#4063=EDGE_LOOP('',(#1621));
#4064=EDGE_LOOP('',(#1622));
#4065=EDGE_LOOP('',(#1623));
#4066=EDGE_LOOP('',(#1624));
#4067=EDGE_LOOP('',(#1625));
#4068=EDGE_LOOP('',(#1626));
#4069=EDGE_LOOP('',(#1627));
#4070=EDGE_LOOP('',(#1628,#1629,#1630,#1631,#1632,#1633));
#4071=EDGE_LOOP('',(#1634,#1635,#1636,#1637));
#4072=EDGE_LOOP('',(#1638,#1639,#1640,#1641));
#4073=EDGE_LOOP('',(#1642,#1643,#1644,#1645));
#4074=EDGE_LOOP('',(#1646,#1647,#1648,#1649));
#4075=EDGE_LOOP('',(#1650,#1651,#1652,#1653));
#4076=EDGE_LOOP('',(#1654,#1655,#1656,#1657));
#4077=EDGE_LOOP('',(#1658,#1659,#1660,#1661));
#4078=EDGE_LOOP('',(#1662,#1663,#1664,#1665));
#4079=EDGE_LOOP('',(#1666,#1667,#1668,#1669));
#4080=EDGE_LOOP('',(#1670,#1671,#1672,#1673));
#4081=EDGE_LOOP('',(#1674,#1675,#1676,#1677));
#4082=EDGE_LOOP('',(#1678,#1679,#1680,#1681));
#4083=EDGE_LOOP('',(#1682,#1683,#1684,#1685));
#4084=EDGE_LOOP('',(#1686,#1687,#1688,#1689,#1690));
#4085=EDGE_LOOP('',(#1691,#1692,#1693,#1694,#1695,#1696,#1697,#1698,#1699));
#4086=EDGE_LOOP('',(#1700,#1701,#1702,#1703));
#4087=EDGE_LOOP('',(#1704,#1705,#1706,#1707));
#4088=EDGE_LOOP('',(#1708,#1709,#1710,#1711));
#4089=EDGE_LOOP('',(#1712,#1713,#1714,#1715));
#4090=EDGE_LOOP('',(#1716,#1717,#1718,#1719));
#4091=EDGE_LOOP('',(#1720,#1721,#1722,#1723));
#4092=EDGE_LOOP('',(#1724,#1725,#1726,#1727));
#4093=EDGE_LOOP('',(#1728,#1729,#1730,#1731));
#4094=EDGE_LOOP('',(#1732,#1733,#1734,#1735));
#4095=EDGE_LOOP('',(#1736,#1737,#1738,#1739));
#4096=EDGE_LOOP('',(#1740,#1741,#1742,#1743));
#4097=EDGE_LOOP('',(#1744,#1745,#1746,#1747));
#4098=EDGE_LOOP('',(#1748,#1749,#1750,#1751));
#4099=EDGE_LOOP('',(#1752,#1753,#1754,#1755));
#4100=EDGE_LOOP('',(#1756,#1757,#1758,#1759));
#4101=EDGE_LOOP('',(#1760,#1761,#1762,#1763,#1764));
#4102=EDGE_LOOP('',(#1765,#1766,#1767,#1768));
#4103=EDGE_LOOP('',(#1769,#1770,#1771,#1772));
#4104=EDGE_LOOP('',(#1773,#1774,#1775,#1776));
#4105=EDGE_LOOP('',(#1777,#1778,#1779,#1780));
#4106=EDGE_LOOP('',(#1781,#1782,#1783,#1784));
#4107=EDGE_LOOP('',(#1785,#1786,#1787,#1788));
#4108=EDGE_LOOP('',(#1789,#1790,#1791,#1792));
#4109=EDGE_LOOP('',(#1793,#1794,#1795,#1796));
#4110=EDGE_LOOP('',(#1797,#1798,#1799,#1800));
#4111=EDGE_LOOP('',(#1801,#1802,#1803,#1804));
#4112=EDGE_LOOP('',(#1805,#1806,#1807,#1808));
#4113=EDGE_LOOP('',(#1809,#1810,#1811,#1812));
#4114=EDGE_LOOP('',(#1813,#1814,#1815,#1816));
#4115=EDGE_LOOP('',(#1817,#1818,#1819,#1820));
#4116=EDGE_LOOP('',(#1821,#1822,#1823,#1824));
#4117=EDGE_LOOP('',(#1825,#1826,#1827,#1828,#1829));
#4118=EDGE_LOOP('',(#1830,#1831,#1832,#1833,#1834,#1835,#1836,#1837,#1838));
#4119=EDGE_LOOP('',(#1839,#1840,#1841,#1842));
#4120=EDGE_LOOP('',(#1843,#1844,#1845,#1846));
#4121=EDGE_LOOP('',(#1847,#1848,#1849,#1850));
#4122=EDGE_LOOP('',(#1851,#1852,#1853,#1854));
#4123=EDGE_LOOP('',(#1855,#1856,#1857,#1858));
#4124=EDGE_LOOP('',(#1859,#1860,#1861,#1862));
#4125=EDGE_LOOP('',(#1863,#1864,#1865,#1866,#1867,#1868,#1869,#1870));
#4126=EDGE_LOOP('',(#1871,#1872,#1873,#1874));
#4127=EDGE_LOOP('',(#1875,#1876,#1877,#1878));
#4128=EDGE_LOOP('',(#1879,#1880,#1881,#1882));
#4129=EDGE_LOOP('',(#1883,#1884,#1885,#1886));
#4130=EDGE_LOOP('',(#1887,#1888,#1889,#1890));
#4131=EDGE_LOOP('',(#1891,#1892,#1893,#1894));
#4132=EDGE_LOOP('',(#1895,#1896,#1897,#1898));
#4133=EDGE_LOOP('',(#1899,#1900,#1901,#1902));
#4134=EDGE_LOOP('',(#1903,#1904,#1905,#1906));
#4135=EDGE_LOOP('',(#1907,#1908,#1909,#1910));
#4136=EDGE_LOOP('',(#1911,#1912,#1913,#1914));
#4137=EDGE_LOOP('',(#1915,#1916,#1917,#1918,#1919,#1920));
#4138=EDGE_LOOP('',(#1921,#1922,#1923,#1924));
#4139=EDGE_LOOP('',(#1925,#1926,#1927,#1928));
#4140=EDGE_LOOP('',(#1929,#1930,#1931,#1932));
#4141=EDGE_LOOP('',(#1933,#1934,#1935,#1936));
#4142=EDGE_LOOP('',(#1937,#1938,#1939,#1940,#1941));
#4143=EDGE_LOOP('',(#1942,#1943,#1944,#1945));
#4144=EDGE_LOOP('',(#1946,#1947,#1948,#1949));
#4145=EDGE_LOOP('',(#1950,#1951,#1952,#1953));
#4146=EDGE_LOOP('',(#1954,#1955,#1956,#1957));
#4147=EDGE_LOOP('',(#1958,#1959,#1960,#1961));
#4148=EDGE_LOOP('',(#1962,#1963,#1964,#1965));
#4149=EDGE_LOOP('',(#1966,#1967,#1968,#1969));
#4150=EDGE_LOOP('',(#1970,#1971,#1972,#1973));
#4151=EDGE_LOOP('',(#1974,#1975,#1976,#1977));
#4152=EDGE_LOOP('',(#1978,#1979,#1980,#1981));
#4153=EDGE_LOOP('',(#1982,#1983,#1984,#1985));
#4154=EDGE_LOOP('',(#1986,#1987,#1988,#1989));
#4155=EDGE_LOOP('',(#1990,#1991,#1992,#1993));
#4156=EDGE_LOOP('',(#1994,#1995,#1996,#1997));
#4157=EDGE_LOOP('',(#1998,#1999,#2000,#2001));
#4158=EDGE_LOOP('',(#2002,#2003,#2004,#2005));
#4159=EDGE_LOOP('',(#2006,#2007,#2008,#2009));
#4160=EDGE_LOOP('',(#2010,#2011,#2012,#2013));
#4161=EDGE_LOOP('',(#2014,#2015,#2016,#2017));
#4162=EDGE_LOOP('',(#2018,#2019,#2020,#2021));
#4163=EDGE_LOOP('',(#2022,#2023,#2024,#2025));
#4164=EDGE_LOOP('',(#2026,#2027,#2028,#2029));
#4165=EDGE_LOOP('',(#2030,#2031,#2032,#2033));
#4166=EDGE_LOOP('',(#2034,#2035,#2036,#2037));
#4167=EDGE_LOOP('',(#2038,#2039,#2040,#2041));
#4168=EDGE_LOOP('',(#2042,#2043,#2044,#2045));
#4169=EDGE_LOOP('',(#2046,#2047,#2048,#2049));
#4170=EDGE_LOOP('',(#2050,#2051,#2052,#2053));
#4171=EDGE_LOOP('',(#2054,#2055,#2056,#2057));
#4172=EDGE_LOOP('',(#2058,#2059,#2060,#2061));
#4173=EDGE_LOOP('',(#2062,#2063,#2064,#2065));
#4174=EDGE_LOOP('',(#2066,#2067,#2068,#2069));
#4175=EDGE_LOOP('',(#2070,#2071,#2072,#2073));
#4176=EDGE_LOOP('',(#2074,#2075,#2076,#2077));
#4177=EDGE_LOOP('',(#2078,#2079,#2080,#2081));
#4178=EDGE_LOOP('',(#2082,#2083,#2084,#2085,#2086,#2087));
#4179=EDGE_LOOP('',(#2088,#2089,#2090,#2091));
#4180=EDGE_LOOP('',(#2092,#2093,#2094,#2095));
#4181=EDGE_LOOP('',(#2096,#2097,#2098,#2099));
#4182=EDGE_LOOP('',(#2100,#2101,#2102,#2103));
#4183=EDGE_LOOP('',(#2104,#2105,#2106,#2107));
#4184=EDGE_LOOP('',(#2108,#2109,#2110,#2111));
#4185=EDGE_LOOP('',(#2112,#2113,#2114,#2115));
#4186=EDGE_LOOP('',(#2116,#2117,#2118,#2119));
#4187=EDGE_LOOP('',(#2120,#2121,#2122,#2123));
#4188=EDGE_LOOP('',(#2124,#2125,#2126,#2127));
#4189=EDGE_LOOP('',(#2128,#2129,#2130,#2131));
#4190=EDGE_LOOP('',(#2132,#2133,#2134,#2135));
#4191=EDGE_LOOP('',(#2136,#2137,#2138,#2139));
#4192=EDGE_LOOP('',(#2140,#2141,#2142,#2143));
#4193=EDGE_LOOP('',(#2144,#2145,#2146,#2147));
#4194=EDGE_LOOP('',(#2148,#2149,#2150,#2151));
#4195=EDGE_LOOP('',(#2152,#2153,#2154,#2155));
#4196=EDGE_LOOP('',(#2156,#2157,#2158,#2159));
#4197=EDGE_LOOP('',(#2160,#2161,#2162,#2163));
#4198=EDGE_LOOP('',(#2164,#2165,#2166,#2167));
#4199=EDGE_LOOP('',(#2168,#2169,#2170,#2171));
#4200=EDGE_LOOP('',(#2172,#2173,#2174,#2175));
#4201=EDGE_LOOP('',(#2176,#2177,#2178,#2179));
#4202=EDGE_LOOP('',(#2180,#2181,#2182,#2183));
#4203=EDGE_LOOP('',(#2184,#2185,#2186,#2187));
#4204=EDGE_LOOP('',(#2188,#2189,#2190,#2191));
#4205=EDGE_LOOP('',(#2192,#2193,#2194,#2195));
#4206=EDGE_LOOP('',(#2196,#2197,#2198,#2199));
#4207=EDGE_LOOP('',(#2200,#2201,#2202,#2203));
#4208=EDGE_LOOP('',(#2204,#2205,#2206,#2207));
#4209=EDGE_LOOP('',(#2208,#2209,#2210,#2211));
#4210=EDGE_LOOP('',(#2212,#2213,#2214,#2215));
#4211=EDGE_LOOP('',(#2216,#2217,#2218));
#4212=EDGE_LOOP('',(#2219,#2220,#2221));
#4213=EDGE_LOOP('',(#2222,#2223,#2224,#2225,#2226));
#4214=EDGE_LOOP('',(#2227,#2228,#2229,#2230,#2231));
#4215=EDGE_LOOP('',(#2232,#2233,#2234,#2235));
#4216=EDGE_LOOP('',(#2236,#2237,#2238,#2239));
#4217=EDGE_LOOP('',(#2240,#2241,#2242,#2243));
#4218=EDGE_LOOP('',(#2244,#2245,#2246,#2247));
#4219=EDGE_LOOP('',(#2248,#2249,#2250,#2251));
#4220=EDGE_LOOP('',(#2252,#2253,#2254,#2255));
#4221=EDGE_LOOP('',(#2256,#2257,#2258,#2259));
#4222=EDGE_LOOP('',(#2260,#2261,#2262,#2263));
#4223=EDGE_LOOP('',(#2264,#2265,#2266,#2267,#2268,#2269));
#4224=EDGE_LOOP('',(#2270,#2271,#2272,#2273));
#4225=EDGE_LOOP('',(#2274,#2275,#2276,#2277,#2278,#2279));
#4226=EDGE_LOOP('',(#2280,#2281,#2282,#2283));
#4227=EDGE_LOOP('',(#2284,#2285,#2286,#2287));
#4228=EDGE_LOOP('',(#2288,#2289,#2290,#2291));
#4229=EDGE_LOOP('',(#2292,#2293,#2294,#2295));
#4230=EDGE_LOOP('',(#2296,#2297,#2298,#2299));
#4231=EDGE_LOOP('',(#2300,#2301,#2302,#2303));
#4232=EDGE_LOOP('',(#2304,#2305,#2306,#2307));
#4233=EDGE_LOOP('',(#2308,#2309,#2310,#2311));
#4234=EDGE_LOOP('',(#2312,#2313,#2314,#2315));
#4235=EDGE_LOOP('',(#2316,#2317,#2318,#2319,#2320,#2321,#2322,#2323,#2324,
#2325,#2326,#2327,#2328,#2329,#2330,#2331));
#4236=EDGE_LOOP('',(#2332,#2333,#2334,#2335));
#4237=EDGE_LOOP('',(#2336,#2337,#2338,#2339));
#4238=EDGE_LOOP('',(#2340,#2341,#2342,#2343));
#4239=EDGE_LOOP('',(#2344,#2345,#2346,#2347,#2348,#2349,#2350,#2351));
#4240=EDGE_LOOP('',(#2352,#2353,#2354,#2355));
#4241=EDGE_LOOP('',(#2356,#2357,#2358,#2359));
#4242=EDGE_LOOP('',(#2360,#2361,#2362,#2363,#2364));
#4243=EDGE_LOOP('',(#2365,#2366,#2367,#2368,#2369));
#4244=EDGE_LOOP('',(#2370,#2371,#2372,#2373,#2374,#2375));
#4245=EDGE_LOOP('',(#2376,#2377,#2378,#2379));
#4246=EDGE_LOOP('',(#2380,#2381,#2382,#2383));
#4247=EDGE_LOOP('',(#2384,#2385,#2386,#2387));
#4248=EDGE_LOOP('',(#2388,#2389,#2390,#2391));
#4249=EDGE_LOOP('',(#2392,#2393,#2394,#2395));
#4250=EDGE_LOOP('',(#2396,#2397,#2398,#2399));
#4251=EDGE_LOOP('',(#2400,#2401,#2402,#2403));
#4252=EDGE_LOOP('',(#2404,#2405,#2406,#2407));
#4253=EDGE_LOOP('',(#2408,#2409,#2410,#2411));
#4254=EDGE_LOOP('',(#2412,#2413,#2414,#2415));
#4255=EDGE_LOOP('',(#2416,#2417,#2418,#2419));
#4256=EDGE_LOOP('',(#2420,#2421,#2422,#2423));
#4257=EDGE_LOOP('',(#2424,#2425,#2426,#2427));
#4258=EDGE_LOOP('',(#2428,#2429,#2430,#2431));
#4259=EDGE_LOOP('',(#2432,#2433,#2434,#2435,#2436,#2437,#2438,#2439,#2440,
#2441,#2442,#2443,#2444,#2445,#2446,#2447,#2448,#2449,#2450,#2451,#2452,
#2453,#2454,#2455,#2456,#2457,#2458,#2459,#2460,#2461,#2462,#2463,#2464,
#2465,#2466,#2467,#2468,#2469,#2470,#2471,#2472,#2473,#2474,#2475,#2476,
#2477,#2478,#2479));
#4260=EDGE_LOOP('',(#2480,#2481,#2482,#2483));
#4261=EDGE_LOOP('',(#2484,#2485,#2486,#2487));
#4262=EDGE_LOOP('',(#2488,#2489,#2490,#2491));
#4263=EDGE_LOOP('',(#2492,#2493,#2494,#2495));
#4264=EDGE_LOOP('',(#2496,#2497,#2498,#2499));
#4265=EDGE_LOOP('',(#2500,#2501,#2502,#2503));
#4266=EDGE_LOOP('',(#2504,#2505,#2506,#2507));
#4267=EDGE_LOOP('',(#2508,#2509,#2510,#2511,#2512,#2513,#2514,#2515,#2516,
#2517,#2518,#2519,#2520,#2521,#2522,#2523,#2524,#2525,#2526,#2527,#2528,
#2529,#2530,#2531,#2532,#2533,#2534,#2535,#2536,#2537,#2538,#2539,#2540,
#2541,#2542,#2543,#2544,#2545,#2546,#2547,#2548,#2549,#2550,#2551,#2552,
#2553,#2554,#2555,#2556,#2557,#2558,#2559,#2560,#2561,#2562,#2563,#2564,
#2565));
#4268=EDGE_LOOP('',(#2566));
#4269=EDGE_LOOP('',(#2567));
#4270=EDGE_LOOP('',(#2568));
#4271=EDGE_LOOP('',(#2569));
#4272=EDGE_LOOP('',(#2570));
#4273=EDGE_LOOP('',(#2571));
#4274=EDGE_LOOP('',(#2572));
#4275=EDGE_LOOP('',(#2573));
#4276=EDGE_LOOP('',(#2574));
#4277=EDGE_LOOP('',(#2575));
#4278=EDGE_LOOP('',(#2576,#2577,#2578,#2579,#2580,#2581,#2582,#2583));
#4279=EDGE_LOOP('',(#2584,#2585,#2586,#2587));
#4280=EDGE_LOOP('',(#2588,#2589,#2590,#2591,#2592,#2593,#2594,#2595,#2596,
#2597,#2598,#2599,#2600,#2601));
#4281=EDGE_LOOP('',(#2602,#2603,#2604,#2605,#2606,#2607,#2608,#2609,#2610,
#2611,#2612,#2613,#2614,#2615,#2616,#2617));
#4282=EDGE_LOOP('',(#2618,#2619,#2620,#2621,#2622,#2623,#2624,#2625));
#4283=FACE_BOUND('',#3934,.T.);
#4284=FACE_BOUND('',#3935,.T.);
#4285=FACE_BOUND('',#3936,.T.);
#4286=FACE_BOUND('',#3937,.T.);
#4287=FACE_BOUND('',#3938,.T.);
#4288=FACE_BOUND('',#3939,.T.);
#4289=FACE_BOUND('',#3940,.T.);
#4290=FACE_BOUND('',#3941,.T.);
#4291=FACE_BOUND('',#3942,.T.);
#4292=FACE_BOUND('',#3943,.T.);
#4293=FACE_BOUND('',#3944,.T.);
#4294=FACE_BOUND('',#3945,.T.);
#4295=FACE_BOUND('',#3946,.T.);
#4296=FACE_BOUND('',#3947,.T.);
#4297=FACE_BOUND('',#3948,.T.);
#4298=FACE_BOUND('',#3949,.T.);
#4299=FACE_BOUND('',#3950,.T.);
#4300=FACE_BOUND('',#3951,.T.);
#4301=FACE_BOUND('',#3952,.T.);
#4302=FACE_BOUND('',#3953,.T.);
#4303=FACE_BOUND('',#3954,.T.);
#4304=FACE_BOUND('',#3955,.T.);
#4305=FACE_BOUND('',#3956,.T.);
#4306=FACE_BOUND('',#3957,.T.);
#4307=FACE_BOUND('',#3958,.T.);
#4308=FACE_BOUND('',#3959,.T.);
#4309=FACE_BOUND('',#3960,.T.);
#4310=FACE_BOUND('',#3961,.T.);
#4311=FACE_BOUND('',#3962,.T.);
#4312=FACE_BOUND('',#3963,.T.);
#4313=FACE_BOUND('',#3964,.T.);
#4314=FACE_BOUND('',#3965,.T.);
#4315=FACE_BOUND('',#3966,.T.);
#4316=FACE_BOUND('',#3967,.T.);
#4317=FACE_BOUND('',#3968,.T.);
#4318=FACE_BOUND('',#3969,.T.);
#4319=FACE_BOUND('',#3970,.T.);
#4320=FACE_BOUND('',#3971,.T.);
#4321=FACE_BOUND('',#3972,.T.);
#4322=FACE_BOUND('',#3973,.T.);
#4323=FACE_BOUND('',#3974,.T.);
#4324=FACE_BOUND('',#3975,.T.);
#4325=FACE_BOUND('',#3976,.T.);
#4326=FACE_BOUND('',#3977,.T.);
#4327=FACE_BOUND('',#3978,.T.);
#4328=FACE_BOUND('',#3979,.T.);
#4329=FACE_BOUND('',#3980,.T.);
#4330=FACE_BOUND('',#3981,.T.);
#4331=FACE_BOUND('',#3982,.T.);
#4332=FACE_BOUND('',#3983,.T.);
#4333=FACE_BOUND('',#3984,.T.);
#4334=FACE_BOUND('',#3985,.T.);
#4335=FACE_BOUND('',#3986,.T.);
#4336=FACE_BOUND('',#3987,.T.);
#4337=FACE_BOUND('',#3988,.T.);
#4338=FACE_BOUND('',#3989,.T.);
#4339=FACE_BOUND('',#3990,.T.);
#4340=FACE_BOUND('',#3991,.T.);
#4341=FACE_BOUND('',#3992,.T.);
#4342=FACE_BOUND('',#3993,.T.);
#4343=FACE_BOUND('',#3994,.T.);
#4344=FACE_BOUND('',#3995,.T.);
#4345=FACE_BOUND('',#3996,.T.);
#4346=FACE_BOUND('',#3997,.T.);
#4347=FACE_BOUND('',#3998,.T.);
#4348=FACE_BOUND('',#3999,.T.);
#4349=FACE_BOUND('',#4000,.T.);
#4350=FACE_BOUND('',#4001,.T.);
#4351=FACE_BOUND('',#4002,.T.);
#4352=FACE_BOUND('',#4003,.T.);
#4353=FACE_BOUND('',#4004,.T.);
#4354=FACE_BOUND('',#4005,.T.);
#4355=FACE_BOUND('',#4006,.T.);
#4356=FACE_BOUND('',#4007,.T.);
#4357=FACE_BOUND('',#4008,.T.);
#4358=FACE_BOUND('',#4009,.T.);
#4359=FACE_BOUND('',#4010,.T.);
#4360=FACE_BOUND('',#4011,.T.);
#4361=FACE_BOUND('',#4012,.T.);
#4362=FACE_BOUND('',#4013,.T.);
#4363=FACE_BOUND('',#4014,.T.);
#4364=FACE_BOUND('',#4015,.T.);
#4365=FACE_BOUND('',#4016,.T.);
#4366=FACE_BOUND('',#4017,.T.);
#4367=FACE_BOUND('',#4018,.T.);
#4368=FACE_BOUND('',#4019,.T.);
#4369=FACE_BOUND('',#4020,.T.);
#4370=FACE_BOUND('',#4021,.T.);
#4371=FACE_BOUND('',#4022,.T.);
#4372=FACE_BOUND('',#4023,.T.);
#4373=FACE_BOUND('',#4024,.T.);
#4374=FACE_BOUND('',#4025,.T.);
#4375=FACE_BOUND('',#4026,.T.);
#4376=FACE_BOUND('',#4027,.T.);
#4377=FACE_BOUND('',#4028,.T.);
#4378=FACE_BOUND('',#4029,.T.);
#4379=FACE_BOUND('',#4030,.T.);
#4380=FACE_BOUND('',#4031,.T.);
#4381=FACE_BOUND('',#4032,.T.);
#4382=FACE_BOUND('',#4033,.T.);
#4383=FACE_BOUND('',#4034,.T.);
#4384=FACE_BOUND('',#4035,.T.);
#4385=FACE_BOUND('',#4036,.T.);
#4386=FACE_BOUND('',#4037,.T.);
#4387=FACE_BOUND('',#4038,.T.);
#4388=FACE_BOUND('',#4039,.T.);
#4389=FACE_BOUND('',#4040,.T.);
#4390=FACE_BOUND('',#4041,.T.);
#4391=FACE_BOUND('',#4042,.T.);
#4392=FACE_BOUND('',#4043,.T.);
#4393=FACE_BOUND('',#4044,.T.);
#4394=FACE_BOUND('',#4045,.T.);
#4395=FACE_BOUND('',#4046,.T.);
#4396=FACE_BOUND('',#4047,.T.);
#4397=FACE_BOUND('',#4048,.T.);
#4398=FACE_BOUND('',#4049,.T.);
#4399=FACE_BOUND('',#4050,.T.);
#4400=FACE_BOUND('',#4051,.T.);
#4401=FACE_BOUND('',#4052,.T.);
#4402=FACE_BOUND('',#4053,.T.);
#4403=FACE_BOUND('',#4054,.T.);
#4404=FACE_BOUND('',#4055,.T.);
#4405=FACE_BOUND('',#4056,.T.);
#4406=FACE_BOUND('',#4057,.T.);
#4407=FACE_BOUND('',#4058,.T.);
#4408=FACE_BOUND('',#4059,.T.);
#4409=FACE_BOUND('',#4060,.T.);
#4410=FACE_BOUND('',#4061,.T.);
#4411=FACE_BOUND('',#4062,.T.);
#4412=FACE_BOUND('',#4063,.T.);
#4413=FACE_BOUND('',#4064,.T.);
#4414=FACE_BOUND('',#4065,.T.);
#4415=FACE_BOUND('',#4066,.T.);
#4416=FACE_BOUND('',#4067,.T.);
#4417=FACE_BOUND('',#4068,.T.);
#4418=FACE_BOUND('',#4069,.T.);
#4419=FACE_BOUND('',#4070,.T.);
#4420=FACE_BOUND('',#4071,.T.);
#4421=FACE_BOUND('',#4072,.T.);
#4422=FACE_BOUND('',#4073,.T.);
#4423=FACE_BOUND('',#4074,.T.);
#4424=FACE_BOUND('',#4075,.T.);
#4425=FACE_BOUND('',#4076,.T.);
#4426=FACE_BOUND('',#4077,.T.);
#4427=FACE_BOUND('',#4078,.T.);
#4428=FACE_BOUND('',#4079,.T.);
#4429=FACE_BOUND('',#4080,.T.);
#4430=FACE_BOUND('',#4081,.T.);
#4431=FACE_BOUND('',#4082,.T.);
#4432=FACE_BOUND('',#4083,.T.);
#4433=FACE_BOUND('',#4084,.T.);
#4434=FACE_BOUND('',#4085,.T.);
#4435=FACE_BOUND('',#4086,.T.);
#4436=FACE_BOUND('',#4087,.T.);
#4437=FACE_BOUND('',#4088,.T.);
#4438=FACE_BOUND('',#4089,.T.);
#4439=FACE_BOUND('',#4090,.T.);
#4440=FACE_BOUND('',#4091,.T.);
#4441=FACE_BOUND('',#4092,.T.);
#4442=FACE_BOUND('',#4093,.T.);
#4443=FACE_BOUND('',#4094,.T.);
#4444=FACE_BOUND('',#4095,.T.);
#4445=FACE_BOUND('',#4096,.T.);
#4446=FACE_BOUND('',#4097,.T.);
#4447=FACE_BOUND('',#4098,.T.);
#4448=FACE_BOUND('',#4099,.T.);
#4449=FACE_BOUND('',#4100,.T.);
#4450=FACE_BOUND('',#4101,.T.);
#4451=FACE_BOUND('',#4102,.T.);
#4452=FACE_BOUND('',#4103,.T.);
#4453=FACE_BOUND('',#4104,.T.);
#4454=FACE_BOUND('',#4105,.T.);
#4455=FACE_BOUND('',#4106,.T.);
#4456=FACE_BOUND('',#4107,.T.);
#4457=FACE_BOUND('',#4108,.T.);
#4458=FACE_BOUND('',#4109,.T.);
#4459=FACE_BOUND('',#4110,.T.);
#4460=FACE_BOUND('',#4111,.T.);
#4461=FACE_BOUND('',#4112,.T.);
#4462=FACE_BOUND('',#4113,.T.);
#4463=FACE_BOUND('',#4114,.T.);
#4464=FACE_BOUND('',#4115,.T.);
#4465=FACE_BOUND('',#4116,.T.);
#4466=FACE_BOUND('',#4117,.T.);
#4467=FACE_BOUND('',#4118,.T.);
#4468=FACE_BOUND('',#4119,.T.);
#4469=FACE_BOUND('',#4120,.T.);
#4470=FACE_BOUND('',#4121,.T.);
#4471=FACE_BOUND('',#4122,.T.);
#4472=FACE_BOUND('',#4123,.T.);
#4473=FACE_BOUND('',#4124,.T.);
#4474=FACE_BOUND('',#4125,.T.);
#4475=FACE_BOUND('',#4126,.T.);
#4476=FACE_BOUND('',#4127,.T.);
#4477=FACE_BOUND('',#4128,.T.);
#4478=FACE_BOUND('',#4129,.T.);
#4479=FACE_BOUND('',#4130,.T.);
#4480=FACE_BOUND('',#4131,.T.);
#4481=FACE_BOUND('',#4132,.T.);
#4482=FACE_BOUND('',#4133,.T.);
#4483=FACE_BOUND('',#4134,.T.);
#4484=FACE_BOUND('',#4135,.T.);
#4485=FACE_BOUND('',#4136,.T.);
#4486=FACE_BOUND('',#4137,.T.);
#4487=FACE_BOUND('',#4138,.T.);
#4488=FACE_BOUND('',#4139,.T.);
#4489=FACE_BOUND('',#4140,.T.);
#4490=FACE_BOUND('',#4141,.T.);
#4491=FACE_BOUND('',#4142,.T.);
#4492=FACE_BOUND('',#4143,.T.);
#4493=FACE_BOUND('',#4144,.T.);
#4494=FACE_BOUND('',#4145,.T.);
#4495=FACE_BOUND('',#4146,.T.);
#4496=FACE_BOUND('',#4147,.T.);
#4497=FACE_BOUND('',#4148,.T.);
#4498=FACE_BOUND('',#4149,.T.);
#4499=FACE_BOUND('',#4150,.T.);
#4500=FACE_BOUND('',#4151,.T.);
#4501=FACE_BOUND('',#4152,.T.);
#4502=FACE_BOUND('',#4153,.T.);
#4503=FACE_BOUND('',#4154,.T.);
#4504=FACE_BOUND('',#4155,.T.);
#4505=FACE_BOUND('',#4156,.T.);
#4506=FACE_BOUND('',#4157,.T.);
#4507=FACE_BOUND('',#4158,.T.);
#4508=FACE_BOUND('',#4159,.T.);
#4509=FACE_BOUND('',#4160,.T.);
#4510=FACE_BOUND('',#4161,.T.);
#4511=FACE_BOUND('',#4162,.T.);
#4512=FACE_BOUND('',#4163,.T.);
#4513=FACE_BOUND('',#4164,.T.);
#4514=FACE_BOUND('',#4165,.T.);
#4515=FACE_BOUND('',#4166,.T.);
#4516=FACE_BOUND('',#4167,.T.);
#4517=FACE_BOUND('',#4168,.T.);
#4518=FACE_BOUND('',#4169,.T.);
#4519=FACE_BOUND('',#4170,.T.);
#4520=FACE_BOUND('',#4171,.T.);
#4521=FACE_BOUND('',#4172,.T.);
#4522=FACE_BOUND('',#4173,.T.);
#4523=FACE_BOUND('',#4174,.T.);
#4524=FACE_BOUND('',#4175,.T.);
#4525=FACE_BOUND('',#4176,.T.);
#4526=FACE_BOUND('',#4177,.T.);
#4527=FACE_BOUND('',#4178,.T.);
#4528=FACE_BOUND('',#4179,.T.);
#4529=FACE_BOUND('',#4180,.T.);
#4530=FACE_BOUND('',#4181,.T.);
#4531=FACE_BOUND('',#4182,.T.);
#4532=FACE_BOUND('',#4183,.T.);
#4533=FACE_BOUND('',#4184,.T.);
#4534=FACE_BOUND('',#4185,.T.);
#4535=FACE_BOUND('',#4186,.T.);
#4536=FACE_BOUND('',#4187,.T.);
#4537=FACE_BOUND('',#4188,.T.);
#4538=FACE_BOUND('',#4189,.T.);
#4539=FACE_BOUND('',#4190,.T.);
#4540=FACE_BOUND('',#4191,.T.);
#4541=FACE_BOUND('',#4192,.T.);
#4542=FACE_BOUND('',#4193,.T.);
#4543=FACE_BOUND('',#4194,.T.);
#4544=FACE_BOUND('',#4195,.T.);
#4545=FACE_BOUND('',#4196,.T.);
#4546=FACE_BOUND('',#4197,.T.);
#4547=FACE_BOUND('',#4198,.T.);
#4548=FACE_BOUND('',#4199,.T.);
#4549=FACE_BOUND('',#4200,.T.);
#4550=FACE_BOUND('',#4201,.T.);
#4551=FACE_BOUND('',#4202,.T.);
#4552=FACE_BOUND('',#4203,.T.);
#4553=FACE_BOUND('',#4204,.T.);
#4554=FACE_BOUND('',#4205,.T.);
#4555=FACE_BOUND('',#4206,.T.);
#4556=FACE_BOUND('',#4207,.T.);
#4557=FACE_BOUND('',#4208,.T.);
#4558=FACE_BOUND('',#4209,.T.);
#4559=FACE_BOUND('',#4210,.T.);
#4560=FACE_BOUND('',#4211,.T.);
#4561=FACE_BOUND('',#4212,.T.);
#4562=FACE_BOUND('',#4213,.T.);
#4563=FACE_BOUND('',#4214,.T.);
#4564=FACE_BOUND('',#4215,.T.);
#4565=FACE_BOUND('',#4216,.T.);
#4566=FACE_BOUND('',#4217,.T.);
#4567=FACE_BOUND('',#4218,.T.);
#4568=FACE_BOUND('',#4219,.T.);
#4569=FACE_BOUND('',#4220,.T.);
#4570=FACE_BOUND('',#4221,.T.);
#4571=FACE_BOUND('',#4222,.T.);
#4572=FACE_BOUND('',#4223,.T.);
#4573=FACE_BOUND('',#4224,.T.);
#4574=FACE_BOUND('',#4225,.T.);
#4575=FACE_BOUND('',#4226,.T.);
#4576=FACE_BOUND('',#4227,.T.);
#4577=FACE_BOUND('',#4228,.T.);
#4578=FACE_BOUND('',#4229,.T.);
#4579=FACE_BOUND('',#4230,.T.);
#4580=FACE_BOUND('',#4231,.T.);
#4581=FACE_BOUND('',#4232,.T.);
#4582=FACE_BOUND('',#4233,.T.);
#4583=FACE_BOUND('',#4234,.T.);
#4584=FACE_BOUND('',#4235,.T.);
#4585=FACE_BOUND('',#4236,.T.);
#4586=FACE_BOUND('',#4237,.T.);
#4587=FACE_BOUND('',#4238,.T.);
#4588=FACE_BOUND('',#4239,.T.);
#4589=FACE_BOUND('',#4240,.T.);
#4590=FACE_BOUND('',#4241,.T.);
#4591=FACE_BOUND('',#4242,.T.);
#4592=FACE_BOUND('',#4243,.T.);
#4593=FACE_BOUND('',#4244,.T.);
#4594=FACE_BOUND('',#4245,.T.);
#4595=FACE_BOUND('',#4246,.T.);
#4596=FACE_BOUND('',#4247,.T.);
#4597=FACE_BOUND('',#4248,.T.);
#4598=FACE_BOUND('',#4249,.T.);
#4599=FACE_BOUND('',#4250,.T.);
#4600=FACE_BOUND('',#4251,.T.);
#4601=FACE_BOUND('',#4252,.T.);
#4602=FACE_BOUND('',#4253,.T.);
#4603=FACE_BOUND('',#4254,.T.);
#4604=FACE_BOUND('',#4255,.T.);
#4605=FACE_BOUND('',#4256,.T.);
#4606=FACE_BOUND('',#4257,.T.);
#4607=FACE_BOUND('',#4258,.T.);
#4608=FACE_BOUND('',#4259,.T.);
#4609=FACE_BOUND('',#4260,.T.);
#4610=FACE_BOUND('',#4261,.T.);
#4611=FACE_BOUND('',#4262,.T.);
#4612=FACE_BOUND('',#4263,.T.);
#4613=FACE_BOUND('',#4264,.T.);
#4614=FACE_BOUND('',#4265,.T.);
#4615=FACE_BOUND('',#4266,.T.);
#4616=FACE_BOUND('',#4267,.T.);
#4617=FACE_BOUND('',#4268,.T.);
#4618=FACE_BOUND('',#4269,.T.);
#4619=FACE_BOUND('',#4270,.T.);
#4620=FACE_BOUND('',#4271,.T.);
#4621=FACE_BOUND('',#4272,.T.);
#4622=FACE_BOUND('',#4273,.T.);
#4623=FACE_BOUND('',#4274,.T.);
#4624=FACE_BOUND('',#4275,.T.);
#4625=FACE_BOUND('',#4276,.T.);
#4626=FACE_BOUND('',#4277,.T.);
#4627=FACE_BOUND('',#4278,.T.);
#4628=FACE_BOUND('',#4279,.T.);
#4629=FACE_BOUND('',#4280,.T.);
#4630=FACE_BOUND('',#4281,.T.);
#4631=FACE_BOUND('',#4282,.T.);
#4632=PLANE('',#5108);
#4633=PLANE('',#5110);
#4634=PLANE('',#5112);
#4635=PLANE('',#5114);
#4636=PLANE('',#5116);
#4637=PLANE('',#5118);
#4638=PLANE('',#5120);
#4639=PLANE('',#5122);
#4640=PLANE('',#5124);
#4641=PLANE('',#5126);
#4642=PLANE('',#5128);
#4643=PLANE('',#5135);
#4644=PLANE('',#5168);
#4645=PLANE('',#5181);
#4646=PLANE('',#5185);
#4647=PLANE('',#5196);
#4648=PLANE('',#5207);
#4649=PLANE('',#5214);
#4650=PLANE('',#5222);
#4651=PLANE('',#5224);
#4652=PLANE('',#5225);
#4653=PLANE('',#5244);
#4654=PLANE('',#5245);
#4655=PLANE('',#5246);
#4656=PLANE('',#5249);
#4657=PLANE('',#5253);
#4658=PLANE('',#5257);
#4659=PLANE('',#5258);
#4660=PLANE('',#5259);
#4661=PLANE('',#5260);
#4662=PLANE('',#5261);
#4663=PLANE('',#5262);
#4664=PLANE('',#5263);
#4665=PLANE('',#5264);
#4666=PLANE('',#5265);
#4667=PLANE('',#5266);
#4668=PLANE('',#5267);
#4669=PLANE('',#5268);
#4670=PLANE('',#5269);
#4671=PLANE('',#5270);
#4672=PLANE('',#5271);
#4673=PLANE('',#5272);
#4674=PLANE('',#5273);
#4675=PLANE('',#5274);
#4676=PLANE('',#5275);
#4677=PLANE('',#5276);
#4678=PLANE('',#5277);
#4679=PLANE('',#5278);
#4680=PLANE('',#5279);
#4681=PLANE('',#5280);
#4682=PLANE('',#5281);
#4683=PLANE('',#5282);
#4684=PLANE('',#5283);
#4685=PLANE('',#5284);
#4686=PLANE('',#5285);
#4687=PLANE('',#5286);
#4688=PLANE('',#5287);
#4689=PLANE('',#5288);
#4690=PLANE('',#5289);
#4691=PLANE('',#5290);
#4692=PLANE('',#5291);
#4693=PLANE('',#5295);
#4694=PLANE('',#5296);
#4695=PLANE('',#5297);
#4696=PLANE('',#5318);
#4697=PLANE('',#5320);
#4698=PLANE('',#5327);
#4699=PLANE('',#5334);
#4700=PLANE('',#5339);
#4701=PLANE('',#5345);
#4702=PLANE('',#5346);
#4703=PLANE('',#5349);
#4704=PLANE('',#5352);
#4705=PLANE('',#5353);
#4706=PLANE('',#5360);
#4707=PLANE('',#5367);
#4708=PLANE('',#5390);
#4709=PLANE('',#5395);
#4710=PLANE('',#5402);
#4711=PLANE('',#5403);
#4712=PLANE('',#5404);
#4713=PLANE('',#5405);
#4714=PLANE('',#5406);
#4715=PLANE('',#5410);
#4716=PLANE('',#5514);
#4717=PLANE('',#5515);
#4718=PLANE('',#5516);
#4719=PLANE('',#5517);
#4720=PLANE('',#5518);
#4721=PLANE('',#5519);
#4722=PLANE('',#5520);
#4723=PLANE('',#5521);
#4724=PLANE('',#5522);
#4725=PLANE('',#5523);
#4726=PLANE('',#5524);
#4727=PLANE('',#5525);
#4728=PLANE('',#5526);
#4729=PLANE('',#5527);
#4730=PLANE('',#5528);
#4731=PLANE('',#5529);
#4732=PLANE('',#5530);
#4733=PLANE('',#5531);
#4734=PLANE('',#5532);
#4735=PLANE('',#5533);
#4736=PLANE('',#5534);
#4737=PLANE('',#5535);
#4738=PLANE('',#5536);
#4739=PLANE('',#5537);
#4740=PLANE('',#5538);
#4741=PLANE('',#5539);
#4742=PLANE('',#5540);
#4743=PLANE('',#5541);
#4744=PLANE('',#5542);
#4745=PLANE('',#5543);
#4746=PLANE('',#5544);
#4747=PLANE('',#5545);
#4748=PLANE('',#5546);
#4749=PLANE('',#5547);
#4750=PLANE('',#5548);
#4751=PLANE('',#5549);
#4752=PLANE('',#5550);
#4753=PLANE('',#5551);
#4754=PLANE('',#5552);
#4755=PLANE('',#5553);
#4756=PLANE('',#5565);
#4757=PLANE('',#5566);
#4758=PLANE('',#5569);
#4759=PLANE('',#5573);
#4760=PLANE('',#5577);
#4761=PLANE('',#5578);
#4762=PLANE('',#5579);
#4763=PLANE('',#5580);
#4764=PLANE('',#5581);
#4765=PLANE('',#5582);
#4766=PLANE('',#5583);
#4767=PLANE('',#5584);
#4768=PLANE('',#5585);
#4769=PLANE('',#5586);
#4770=PLANE('',#5589);
#4771=PLANE('',#5592);
#4772=PLANE('',#5593);
#4773=PLANE('',#5606);
#4774=PLANE('',#5607);
#4775=PLANE('',#5608);
#4776=PLANE('',#5609);
#4777=PLANE('',#5610);
#4778=PLANE('',#5611);
#4779=PLANE('',#5612);
#4780=PLANE('',#5613);
#4781=PLANE('',#5614);
#4782=PLANE('',#5615);
#4783=PLANE('',#5616);
#4784=PLANE('',#5617);
#4785=PLANE('',#5618);
#4786=PLANE('',#5619);
#4787=ADVANCED_FACE('',(#4283),#4632,.T.);
#4788=ADVANCED_FACE('',(#4284),#4633,.T.);
#4789=ADVANCED_FACE('',(#4285),#4634,.T.);
#4790=ADVANCED_FACE('',(#4286),#4635,.T.);
#4791=ADVANCED_FACE('',(#4287),#4636,.T.);
#4792=ADVANCED_FACE('',(#4288),#4637,.T.);
#4793=ADVANCED_FACE('',(#4289),#4638,.T.);
#4794=ADVANCED_FACE('',(#4290),#4639,.T.);
#4795=ADVANCED_FACE('',(#4291),#4640,.T.);
#4796=ADVANCED_FACE('',(#4292),#4641,.T.);
#4797=ADVANCED_FACE('',(#4293),#4642,.F.);
#4798=ADVANCED_FACE('',(#4294),#4643,.F.);
#4799=ADVANCED_FACE('',(#4295,#4296),#135,.F.);
#4800=ADVANCED_FACE('',(#4297,#4298),#136,.F.);
#4801=ADVANCED_FACE('',(#4299,#4300),#137,.F.);
#4802=ADVANCED_FACE('',(#4301,#4302),#138,.F.);
#4803=ADVANCED_FACE('',(#4303,#4304),#139,.F.);
#4804=ADVANCED_FACE('',(#4305,#4306),#140,.F.);
#4805=ADVANCED_FACE('',(#4307,#4308),#141,.F.);
#4806=ADVANCED_FACE('',(#4309,#4310),#142,.F.);
#4807=ADVANCED_FACE('',(#4311,#4312),#143,.F.);
#4808=ADVANCED_FACE('',(#4313,#4314),#144,.F.);
#4809=ADVANCED_FACE('',(#4315),#145,.F.);
#4810=ADVANCED_FACE('',(#4316),#146,.F.);
#4811=ADVANCED_FACE('',(#4317),#4644,.T.);
#4812=ADVANCED_FACE('',(#4318),#147,.F.);
#4813=ADVANCED_FACE('',(#4319),#148,.F.);
#4814=ADVANCED_FACE('',(#4320),#149,.F.);
#4815=ADVANCED_FACE('',(#4321),#150,.F.);
#4816=ADVANCED_FACE('',(#4322),#4645,.T.);
#4817=ADVANCED_FACE('',(#4323),#151,.F.);
#4818=ADVANCED_FACE('',(#4324),#4646,.F.);
#4819=ADVANCED_FACE('',(#4325),#152,.F.);
#4820=ADVANCED_FACE('',(#4326),#153,.T.);
#4821=ADVANCED_FACE('',(#4327),#154,.F.);
#4822=ADVANCED_FACE('',(#4328),#155,.F.);
#4823=ADVANCED_FACE('',(#4329),#4647,.T.);
#4824=ADVANCED_FACE('',(#4330),#156,.F.);
#4825=ADVANCED_FACE('',(#4331),#157,.F.);
#4826=ADVANCED_FACE('',(#4332),#158,.T.);
#4827=ADVANCED_FACE('',(#4333),#159,.F.);
#4828=ADVANCED_FACE('',(#4334),#160,.F.);
#4829=ADVANCED_FACE('',(#4335),#4648,.T.);
#4830=ADVANCED_FACE('',(#4336),#161,.F.);
#4831=ADVANCED_FACE('',(#4337),#162,.F.);
#4832=ADVANCED_FACE('',(#4338),#163,.T.);
#4833=ADVANCED_FACE('',(#4339),#4649,.F.);
#4834=ADVANCED_FACE('',(#4340),#164,.T.);
#4835=ADVANCED_FACE('',(#4341),#165,.T.);
#4836=ADVANCED_FACE('',(#4342),#166,.T.);
#4837=ADVANCED_FACE('',(#4343),#4650,.F.);
#4838=ADVANCED_FACE('',(#4344),#167,.T.);
#4839=ADVANCED_FACE('',(#4345),#4651,.F.);
#4840=ADVANCED_FACE('',(#4346),#4652,.F.);
#4841=ADVANCED_FACE('',(#4347),#168,.F.);
#4842=ADVANCED_FACE('',(#4348),#169,.T.);
#4843=ADVANCED_FACE('',(#4349),#109,.F.);
#4844=ADVANCED_FACE('',(#4350),#170,.T.);
#4845=ADVANCED_FACE('',(#4351),#171,.T.);
#4846=ADVANCED_FACE('',(#4352),#172,.F.);
#4847=ADVANCED_FACE('',(#4353),#4653,.T.);
#4848=ADVANCED_FACE('',(#4354),#4654,.T.);
#4849=ADVANCED_FACE('',(#4355),#4655,.F.);
#4850=ADVANCED_FACE('',(#4356),#4656,.F.);
#4851=ADVANCED_FACE('',(#4357),#173,.F.);
#4852=ADVANCED_FACE('',(#4358),#4657,.F.);
#4853=ADVANCED_FACE('',(#4359),#174,.F.);
#4854=ADVANCED_FACE('',(#4360),#4658,.T.);
#4855=ADVANCED_FACE('',(#4361),#4659,.T.);
#4856=ADVANCED_FACE('',(#4362),#4660,.T.);
#4857=ADVANCED_FACE('',(#4363),#4661,.T.);
#4858=ADVANCED_FACE('',(#4364),#4662,.T.);
#4859=ADVANCED_FACE('',(#4365),#4663,.T.);
#4860=ADVANCED_FACE('',(#4366),#4664,.T.);
#4861=ADVANCED_FACE('',(#4367),#4665,.T.);
#4862=ADVANCED_FACE('',(#4368),#4666,.F.);
#4863=ADVANCED_FACE('',(#4369),#4667,.T.);
#4864=ADVANCED_FACE('',(#4370),#4668,.T.);
#4865=ADVANCED_FACE('',(#4371),#4669,.F.);
#4866=ADVANCED_FACE('',(#4372),#4670,.F.);
#4867=ADVANCED_FACE('',(#4373),#4671,.T.);
#4868=ADVANCED_FACE('',(#4374),#4672,.F.);
#4869=ADVANCED_FACE('',(#4375),#4673,.T.);
#4870=ADVANCED_FACE('',(#4376),#4674,.T.);
#4871=ADVANCED_FACE('',(#4377),#4675,.T.);
#4872=ADVANCED_FACE('',(#4378),#4676,.F.);
#4873=ADVANCED_FACE('',(#4379),#4677,.T.);
#4874=ADVANCED_FACE('',(#4380),#4678,.F.);
#4875=ADVANCED_FACE('',(#4381),#4679,.F.);
#4876=ADVANCED_FACE('',(#4382),#4680,.T.);
#4877=ADVANCED_FACE('',(#4383),#4681,.F.);
#4878=ADVANCED_FACE('',(#4384),#4682,.F.);
#4879=ADVANCED_FACE('',(#4385),#4683,.T.);
#4880=ADVANCED_FACE('',(#4386),#4684,.T.);
#4881=ADVANCED_FACE('',(#4387),#4685,.T.);
#4882=ADVANCED_FACE('',(#4388),#4686,.F.);
#4883=ADVANCED_FACE('',(#4389),#4687,.F.);
#4884=ADVANCED_FACE('',(#4390),#4688,.T.);
#4885=ADVANCED_FACE('',(#4391),#4689,.T.);
#4886=ADVANCED_FACE('',(#4392),#4690,.T.);
#4887=ADVANCED_FACE('',(#4393),#4691,.F.);
#4888=ADVANCED_FACE('',(#4394),#4692,.F.);
#4889=ADVANCED_FACE('',(#4395),#175,.T.);
#4890=ADVANCED_FACE('',(#4396),#4693,.F.);
#4891=ADVANCED_FACE('',(#4397),#4694,.F.);
#4892=ADVANCED_FACE('',(#4398),#4695,.F.);
#4893=ADVANCED_FACE('',(#4399,#4400),#28,.F.);
#4894=ADVANCED_FACE('',(#4401,#4402),#29,.F.);
#4895=ADVANCED_FACE('',(#4403,#4404),#30,.F.);
#4896=ADVANCED_FACE('',(#4405,#4406),#31,.F.);
#4897=ADVANCED_FACE('',(#4407,#4408),#32,.F.);
#4898=ADVANCED_FACE('',(#4409,#4410),#33,.F.);
#4899=ADVANCED_FACE('',(#4411,#4412),#34,.F.);
#4900=ADVANCED_FACE('',(#4413,#4414),#35,.F.);
#4901=ADVANCED_FACE('',(#4415,#4416),#36,.F.);
#4902=ADVANCED_FACE('',(#4417,#4418),#37,.F.);
#4903=ADVANCED_FACE('',(#4419),#4696,.F.);
#4904=ADVANCED_FACE('',(#4420),#4697,.F.);
#4905=ADVANCED_FACE('',(#4421),#38,.T.);
#4906=ADVANCED_FACE('',(#4422),#39,.F.);
#4907=ADVANCED_FACE('',(#4423),#40,.F.);
#4908=ADVANCED_FACE('',(#4424),#4698,.T.);
#4909=ADVANCED_FACE('',(#4425),#41,.F.);
#4910=ADVANCED_FACE('',(#4426),#42,.F.);
#4911=ADVANCED_FACE('',(#4427),#43,.T.);
#4912=ADVANCED_FACE('',(#4428),#4699,.T.);
#4913=ADVANCED_FACE('',(#4429),#26,.T.);
#4914=ADVANCED_FACE('',(#4430),#44,.F.);
#4915=ADVANCED_FACE('',(#4431),#45,.F.);
#4916=ADVANCED_FACE('',(#4432),#4700,.T.);
#4917=ADVANCED_FACE('',(#4433),#46,.F.);
#4918=ADVANCED_FACE('',(#4434),#176,.T.);
#4919=ADVANCED_FACE('',(#4435),#4701,.T.);
#4920=ADVANCED_FACE('',(#4436),#4702,.T.);
#4921=ADVANCED_FACE('',(#4437),#47,.F.);
#4922=ADVANCED_FACE('',(#4438),#4703,.F.);
#4923=ADVANCED_FACE('',(#4439),#48,.F.);
#4924=ADVANCED_FACE('',(#4440),#4704,.F.);
#4925=ADVANCED_FACE('',(#4441),#4705,.F.);
#4926=ADVANCED_FACE('',(#4442),#49,.T.);
#4927=ADVANCED_FACE('',(#4443),#50,.F.);
#4928=ADVANCED_FACE('',(#4444),#51,.F.);
#4929=ADVANCED_FACE('',(#4445),#4706,.T.);
#4930=ADVANCED_FACE('',(#4446),#52,.F.);
#4931=ADVANCED_FACE('',(#4447),#53,.F.);
#4932=ADVANCED_FACE('',(#4448),#54,.T.);
#4933=ADVANCED_FACE('',(#4449),#4707,.F.);
#4934=ADVANCED_FACE('',(#4450),#177,.T.);
#4935=ADVANCED_FACE('',(#4451),#178,.T.);
#4936=ADVANCED_FACE('',(#4452),#12,.T.);
#4937=ADVANCED_FACE('',(#4453),#13,.T.);
#4938=ADVANCED_FACE('',(#4454),#14,.T.);
#4939=ADVANCED_FACE('',(#4455),#15,.T.);
#4940=ADVANCED_FACE('',(#4456),#16,.T.);
#4941=ADVANCED_FACE('',(#4457),#179,.T.);
#4942=ADVANCED_FACE('',(#4458),#4708,.F.);
#4943=ADVANCED_FACE('',(#4459),#27,.T.);
#4944=ADVANCED_FACE('',(#4460),#55,.F.);
#4945=ADVANCED_FACE('',(#4461),#56,.F.);
#4946=ADVANCED_FACE('',(#4462),#4709,.T.);
#4947=ADVANCED_FACE('',(#4463),#57,.F.);
#4948=ADVANCED_FACE('',(#4464),#58,.F.);
#4949=ADVANCED_FACE('',(#4465),#59,.T.);
#4950=ADVANCED_FACE('',(#4466),#4710,.T.);
#4951=ADVANCED_FACE('',(#4467),#4711,.T.);
#4952=ADVANCED_FACE('',(#4468),#4712,.F.);
#4953=ADVANCED_FACE('',(#4469),#4713,.T.);
#4954=ADVANCED_FACE('',(#4470),#4714,.T.);
#4955=ADVANCED_FACE('',(#4471),#180,.F.);
#4956=ADVANCED_FACE('',(#4472),#110,.F.);
#4957=ADVANCED_FACE('',(#4473),#181,.F.);
#4958=ADVANCED_FACE('',(#4474),#4715,.F.);
#4959=ADVANCED_FACE('',(#4475),#182,.F.);
#4960=ADVANCED_FACE('',(#4476),#17,.F.);
#4961=ADVANCED_FACE('',(#4477),#18,.F.);
#4962=ADVANCED_FACE('',(#4478),#19,.F.);
#4963=ADVANCED_FACE('',(#4479),#183,.T.);
#4964=ADVANCED_FACE('',(#4480),#184,.T.);
#4965=ADVANCED_FACE('',(#4481),#185,.T.);
#4966=ADVANCED_FACE('',(#4482),#186,.T.);
#4967=ADVANCED_FACE('',(#4483),#187,.T.);
#4968=ADVANCED_FACE('',(#4484),#188,.T.);
#4969=ADVANCED_FACE('',(#4485),#189,.T.);
#4970=ADVANCED_FACE('',(#4486),#190,.T.);
#4971=ADVANCED_FACE('',(#4487),#20,.F.);
#4972=ADVANCED_FACE('',(#4488),#21,.F.);
#4973=ADVANCED_FACE('',(#4489),#22,.F.);
#4974=ADVANCED_FACE('',(#4490),#191,.F.);
#4975=ADVANCED_FACE('',(#4491),#192,.F.);
#4976=ADVANCED_FACE('',(#4492),#193,.F.);
#4977=ADVANCED_FACE('',(#4493),#194,.F.);
#4978=ADVANCED_FACE('',(#4494),#23,.F.);
#4979=ADVANCED_FACE('',(#4495),#195,.F.);
#4980=ADVANCED_FACE('',(#4496),#24,.F.);
#4981=ADVANCED_FACE('',(#4497),#196,.F.);
#4982=ADVANCED_FACE('',(#4498),#197,.F.);
#4983=ADVANCED_FACE('',(#4499),#25,.F.);
#4984=ADVANCED_FACE('',(#4500),#198,.F.);
#4985=ADVANCED_FACE('',(#4501),#199,.T.);
#4986=ADVANCED_FACE('',(#4502),#200,.T.);
#4987=ADVANCED_FACE('',(#4503),#201,.T.);
#4988=ADVANCED_FACE('',(#4504),#202,.T.);
#4989=ADVANCED_FACE('',(#4505),#203,.T.);
#4990=ADVANCED_FACE('',(#4506),#204,.T.);
#4991=ADVANCED_FACE('',(#4507),#205,.T.);
#4992=ADVANCED_FACE('',(#4508),#206,.T.);
#4993=ADVANCED_FACE('',(#4509),#207,.T.);
#4994=ADVANCED_FACE('',(#4510),#208,.T.);
#4995=ADVANCED_FACE('',(#4511),#209,.T.);
#4996=ADVANCED_FACE('',(#4512),#210,.T.);
#4997=ADVANCED_FACE('',(#4513),#211,.T.);
#4998=ADVANCED_FACE('',(#4514),#212,.T.);
#4999=ADVANCED_FACE('',(#4515),#213,.T.);
#5000=ADVANCED_FACE('',(#4516),#214,.T.);
#5001=ADVANCED_FACE('',(#4517),#215,.T.);
#5002=ADVANCED_FACE('',(#4518),#216,.T.);
#5003=ADVANCED_FACE('',(#4519),#217,.T.);
#5004=ADVANCED_FACE('',(#4520),#218,.T.);
#5005=ADVANCED_FACE('',(#4521),#219,.T.);
#5006=ADVANCED_FACE('',(#4522),#220,.T.);
#5007=ADVANCED_FACE('',(#4523),#221,.T.);
#5008=ADVANCED_FACE('',(#4524),#4716,.F.);
#5009=ADVANCED_FACE('',(#4525),#4717,.F.);
#5010=ADVANCED_FACE('',(#4526),#4718,.F.);
#5011=ADVANCED_FACE('',(#4527),#4719,.F.);
#5012=ADVANCED_FACE('',(#4528),#4720,.F.);
#5013=ADVANCED_FACE('',(#4529),#4721,.F.);
#5014=ADVANCED_FACE('',(#4530),#4722,.T.);
#5015=ADVANCED_FACE('',(#4531),#4723,.F.);
#5016=ADVANCED_FACE('',(#4532),#4724,.F.);
#5017=ADVANCED_FACE('',(#4533),#4725,.T.);
#5018=ADVANCED_FACE('',(#4534),#4726,.T.);
#5019=ADVANCED_FACE('',(#4535),#4727,.F.);
#5020=ADVANCED_FACE('',(#4536),#4728,.T.);
#5021=ADVANCED_FACE('',(#4537),#4729,.F.);
#5022=ADVANCED_FACE('',(#4538),#4730,.F.);
#5023=ADVANCED_FACE('',(#4539),#4731,.F.);
#5024=ADVANCED_FACE('',(#4540),#4732,.T.);
#5025=ADVANCED_FACE('',(#4541),#4733,.F.);
#5026=ADVANCED_FACE('',(#4542),#4734,.T.);
#5027=ADVANCED_FACE('',(#4543),#4735,.T.);
#5028=ADVANCED_FACE('',(#4544),#4736,.F.);
#5029=ADVANCED_FACE('',(#4545),#4737,.T.);
#5030=ADVANCED_FACE('',(#4546),#4738,.T.);
#5031=ADVANCED_FACE('',(#4547),#4739,.F.);
#5032=ADVANCED_FACE('',(#4548),#4740,.F.);
#5033=ADVANCED_FACE('',(#4549),#4741,.F.);
#5034=ADVANCED_FACE('',(#4550),#4742,.T.);
#5035=ADVANCED_FACE('',(#4551),#4743,.T.);
#5036=ADVANCED_FACE('',(#4552),#4744,.F.);
#5037=ADVANCED_FACE('',(#4553),#4745,.F.);
#5038=ADVANCED_FACE('',(#4554),#4746,.F.);
#5039=ADVANCED_FACE('',(#4555),#4747,.T.);
#5040=ADVANCED_FACE('',(#4556),#4748,.F.);
#5041=ADVANCED_FACE('',(#4557),#4749,.F.);
#5042=ADVANCED_FACE('',(#4558),#4750,.T.);
#5043=ADVANCED_FACE('',(#4559),#4751,.F.);
#5044=ADVANCED_FACE('',(#4560),#4752,.T.);
#5045=ADVANCED_FACE('',(#4561),#4753,.T.);
#5046=ADVANCED_FACE('',(#4562),#4754,.T.);
#5047=ADVANCED_FACE('',(#4563),#4755,.T.);
#5048=ADVANCED_FACE('',(#4564),#222,.F.);
#5049=ADVANCED_FACE('',(#4565),#223,.F.);
#5050=ADVANCED_FACE('',(#4566),#224,.T.);
#5051=ADVANCED_FACE('',(#4567),#225,.T.);
#5052=ADVANCED_FACE('',(#4568),#226,.T.);
#5053=ADVANCED_FACE('',(#4569),#4756,.T.);
#5054=ADVANCED_FACE('',(#4570),#4757,.T.);
#5055=ADVANCED_FACE('',(#4571),#227,.T.);
#5056=ADVANCED_FACE('',(#4572),#4758,.T.);
#5057=ADVANCED_FACE('',(#4573),#228,.F.);
#5058=ADVANCED_FACE('',(#4574),#4759,.T.);
#5059=ADVANCED_FACE('',(#4575),#229,.F.);
#5060=ADVANCED_FACE('',(#4576),#4760,.F.);
#5061=ADVANCED_FACE('',(#4577),#4761,.T.);
#5062=ADVANCED_FACE('',(#4578),#4762,.F.);
#5063=ADVANCED_FACE('',(#4579),#4763,.F.);
#5064=ADVANCED_FACE('',(#4580),#4764,.T.);
#5065=ADVANCED_FACE('',(#4581),#4765,.F.);
#5066=ADVANCED_FACE('',(#4582),#4766,.T.);
#5067=ADVANCED_FACE('',(#4583),#4767,.F.);
#5068=ADVANCED_FACE('',(#4584,#4585,#4586,#4587,#4588,#4589,#4590),#4768,
 .T.);
#5069=ADVANCED_FACE('',(#4591),#4769,.F.);
#5070=ADVANCED_FACE('',(#4592),#230,.T.);
#5071=ADVANCED_FACE('',(#4593),#4770,.T.);
#5072=ADVANCED_FACE('',(#4594),#231,.F.);
#5073=ADVANCED_FACE('',(#4595),#4771,.T.);
#5074=ADVANCED_FACE('',(#4596),#4772,.T.);
#5075=ADVANCED_FACE('',(#4597),#232,.F.);
#5076=ADVANCED_FACE('',(#4598),#233,.T.);
#5077=ADVANCED_FACE('',(#4599),#234,.T.);
#5078=ADVANCED_FACE('',(#4600),#235,.T.);
#5079=ADVANCED_FACE('',(#4601),#236,.T.);
#5080=ADVANCED_FACE('',(#4602),#237,.F.);
#5081=ADVANCED_FACE('',(#4603,#4604,#4605,#4606,#4607,#4608),#4773,.F.);
#5082=ADVANCED_FACE('',(#4609),#4774,.F.);
#5083=ADVANCED_FACE('',(#4610),#4775,.T.);
#5084=ADVANCED_FACE('',(#4611),#4776,.T.);
#5085=ADVANCED_FACE('',(#4612),#4777,.T.);
#5086=ADVANCED_FACE('',(#4613),#4778,.T.);
#5087=ADVANCED_FACE('',(#4614),#4779,.T.);
#5088=ADVANCED_FACE('',(#4615),#4780,.T.);
#5089=ADVANCED_FACE('',(#4616,#4617,#4618,#4619,#4620,#4621,#4622,#4623,
#4624,#4625,#4626),#4781,.F.);
#5090=ADVANCED_FACE('',(#4627),#4782,.F.);
#5091=ADVANCED_FACE('',(#4628),#4783,.F.);
#5092=ADVANCED_FACE('',(#4629),#4784,.F.);
#5093=ADVANCED_FACE('',(#4630),#4785,.F.);
#5094=ADVANCED_FACE('',(#4631),#4786,.F.);
#5095=CLOSED_SHELL('',(#4787,#4788,#4789,#4790,#4791,#4792,#4793,#4794,
#4795,#4796,#4797,#4798,#4799,#4800,#4801,#4802,#4803,#4804,#4805,#4806,
#4807,#4808,#4809,#4810,#4811,#4812,#4813,#4814,#4815,#4816,#4817,#4818,
#4819,#4820,#4821,#4822,#4823,#4824,#4825,#4826,#4827,#4828,#4829,#4830,
#4831,#4832,#4833,#4834,#4835,#4836,#4837,#4838,#4839,#4840,#4841,#4842,
#4843,#4844,#4845,#4846,#4847,#4848,#4849,#4850,#4851,#4852,#4853,#4854,
#4855,#4856,#4857,#4858,#4859,#4860,#4861,#4862,#4863,#4864,#4865,#4866,
#4867,#4868,#4869,#4870,#4871,#4872,#4873,#4874,#4875,#4876,#4877,#4878,
#4879,#4880,#4881,#4882,#4883,#4884,#4885,#4886,#4887,#4888,#4889,#4890,
#4891,#4892,#4893,#4894,#4895,#4896,#4897,#4898,#4899,#4900,#4901,#4902,
#4903,#4904,#4905,#4906,#4907,#4908,#4909,#4910,#4911,#4912,#4913,#4914,
#4915,#4916,#4917,#4918,#4919,#4920,#4921,#4922,#4923,#4924,#4925,#4926,
#4927,#4928,#4929,#4930,#4931,#4932,#4933,#4934,#4935,#4936,#4937,#4938,
#4939,#4940,#4941,#4942,#4943,#4944,#4945,#4946,#4947,#4948,#4949,#4950,
#4951,#4952,#4953,#4954,#4955,#4956,#4957,#4958,#4959,#4960,#4961,#4962,
#4963,#4964,#4965,#4966,#4967,#4968,#4969,#4970,#4971,#4972,#4973,#4974,
#4975,#4976,#4977,#4978,#4979,#4980,#4981,#4982,#4983,#4984,#4985,#4986,
#4987,#4988,#4989,#4990,#4991,#4992,#4993,#4994,#4995,#4996,#4997,#4998,
#4999,#5000,#5001,#5002,#5003,#5004,#5005,#5006,#5007,#5008,#5009,#5010,
#5011,#5012,#5013,#5014,#5015,#5016,#5017,#5018,#5019,#5020,#5021,#5022,
#5023,#5024,#5025,#5026,#5027,#5028,#5029,#5030,#5031,#5032,#5033,#5034,
#5035,#5036,#5037,#5038,#5039,#5040,#5041,#5042,#5043,#5044,#5045,#5046,
#5047,#5048,#5049,#5050,#5051,#5052,#5053,#5054,#5055,#5056,#5057,#5058,
#5059,#5060,#5061,#5062,#5063,#5064,#5065,#5066,#5067,#5068,#5069,#5070,
#5071,#5072,#5073,#5074,#5075,#5076,#5077,#5078,#5079,#5080,#5081,#5082,
#5083,#5084,#5085,#5086,#5087,#5088,#5089,#5090,#5091,#5092,#5093,#5094));
#5096=STYLED_ITEM('',(#5097),#5104);
#5097=PRESENTATION_STYLE_ASSIGNMENT((#5098));
#5098=SURFACE_STYLE_USAGE(.BOTH.,#5099);
#5099=SURFACE_SIDE_STYLE('',(#5100));
#5100=SURFACE_STYLE_FILL_AREA(#5101);
#5101=FILL_AREA_STYLE('',(#5102));
#5102=FILL_AREA_STYLE_COLOUR('',#5103);
#5103=COLOUR_RGB('',0.141176470588235,0.694117647058824,0.650980392156863);
#5104=MANIFOLD_SOLID_BREP('Part 1',#5095);
#5105=SHAPE_DEFINITION_REPRESENTATION(#8740,#5106);
#5106=SHAPE_REPRESENTATION('Part 1',(#5107),#8735);
#5107=AXIS2_PLACEMENT_3D('',#7127,#5620,#5621);
#5108=AXIS2_PLACEMENT_3D('',#7128,#5622,#5623);
#5109=AXIS2_PLACEMENT_3D('',#7129,#5624,#5625);
#5110=AXIS2_PLACEMENT_3D('',#7131,#5626,#5627);
#5111=AXIS2_PLACEMENT_3D('',#7132,#5628,#5629);
#5112=AXIS2_PLACEMENT_3D('',#7134,#5630,#5631);
#5113=AXIS2_PLACEMENT_3D('',#7135,#5632,#5633);
#5114=AXIS2_PLACEMENT_3D('',#7137,#5634,#5635);
#5115=AXIS2_PLACEMENT_3D('',#7138,#5636,#5637);
#5116=AXIS2_PLACEMENT_3D('',#7140,#5638,#5639);
#5117=AXIS2_PLACEMENT_3D('',#7141,#5640,#5641);
#5118=AXIS2_PLACEMENT_3D('',#7143,#5642,#5643);
#5119=AXIS2_PLACEMENT_3D('',#7144,#5644,#5645);
#5120=AXIS2_PLACEMENT_3D('',#7146,#5646,#5647);
#5121=AXIS2_PLACEMENT_3D('',#7147,#5648,#5649);
#5122=AXIS2_PLACEMENT_3D('',#7149,#5650,#5651);
#5123=AXIS2_PLACEMENT_3D('',#7150,#5652,#5653);
#5124=AXIS2_PLACEMENT_3D('',#7152,#5654,#5655);
#5125=AXIS2_PLACEMENT_3D('',#7153,#5656,#5657);
#5126=AXIS2_PLACEMENT_3D('',#7155,#5658,#5659);
#5127=AXIS2_PLACEMENT_3D('',#7156,#5660,#5661);
#5128=AXIS2_PLACEMENT_3D('',#7158,#5662,#5663);
#5129=AXIS2_PLACEMENT_3D('',#7162,#5665,#5666);
#5130=AXIS2_PLACEMENT_3D('',#7164,#5667,#5668);
#5131=AXIS2_PLACEMENT_3D('',#7166,#5669,#5670);
#5132=AXIS2_PLACEMENT_3D('',#7170,#5672,#5673);
#5133=AXIS2_PLACEMENT_3D('',#7172,#5674,#5675);
#5134=AXIS2_PLACEMENT_3D('',#7174,#5676,#5677);
#5135=AXIS2_PLACEMENT_3D('',#7175,#5678,#5679);
#5136=AXIS2_PLACEMENT_3D('',#7179,#5681,#5682);
#5137=AXIS2_PLACEMENT_3D('',#7181,#5683,#5684);
#5138=AXIS2_PLACEMENT_3D('',#7183,#5685,#5686);
#5139=AXIS2_PLACEMENT_3D('',#7187,#5688,#5689);
#5140=AXIS2_PLACEMENT_3D('',#7189,#5690,#5691);
#5141=AXIS2_PLACEMENT_3D('',#7191,#5692,#5693);
#5142=AXIS2_PLACEMENT_3D('',#7192,#5694,#5695);
#5143=AXIS2_PLACEMENT_3D('',#7193,#5696,#5697);
#5144=AXIS2_PLACEMENT_3D('',#7195,#5698,#5699);
#5145=AXIS2_PLACEMENT_3D('',#7196,#5700,#5701);
#5146=AXIS2_PLACEMENT_3D('',#7198,#5702,#5703);
#5147=AXIS2_PLACEMENT_3D('',#7199,#5704,#5705);
#5148=AXIS2_PLACEMENT_3D('',#7201,#5706,#5707);
#5149=AXIS2_PLACEMENT_3D('',#7202,#5708,#5709);
#5150=AXIS2_PLACEMENT_3D('',#7204,#5710,#5711);
#5151=AXIS2_PLACEMENT_3D('',#7205,#5712,#5713);
#5152=AXIS2_PLACEMENT_3D('',#7207,#5714,#5715);
#5153=AXIS2_PLACEMENT_3D('',#7208,#5716,#5717);
#5154=AXIS2_PLACEMENT_3D('',#7210,#5718,#5719);
#5155=AXIS2_PLACEMENT_3D('',#7211,#5720,#5721);
#5156=AXIS2_PLACEMENT_3D('',#7213,#5722,#5723);
#5157=AXIS2_PLACEMENT_3D('',#7214,#5724,#5725);
#5158=AXIS2_PLACEMENT_3D('',#7216,#5726,#5727);
#5159=AXIS2_PLACEMENT_3D('',#7217,#5728,#5729);
#5160=AXIS2_PLACEMENT_3D('',#7219,#5730,#5731);
#5161=AXIS2_PLACEMENT_3D('',#7220,#5732,#5733);
#5162=AXIS2_PLACEMENT_3D('',#7222,#5734,#5735);
#5163=AXIS2_PLACEMENT_3D('',#7226,#5737,#5738);
#5164=AXIS2_PLACEMENT_3D('',#7230,#5740,#5741);
#5165=AXIS2_PLACEMENT_3D('',#7231,#5742,#5743);
#5166=AXIS2_PLACEMENT_3D('',#7232,#5744,#5745);
#5167=AXIS2_PLACEMENT_3D('',#7236,#5747,#5748);
#5168=AXIS2_PLACEMENT_3D('',#7237,#5749,#5750);
#5169=AXIS2_PLACEMENT_3D('',#7243,#5754,#5755);
#5170=AXIS2_PLACEMENT_3D('',#7244,#5756,#5757);
#5171=AXIS2_PLACEMENT_3D('',#7248,#5759,#5760);
#5172=AXIS2_PLACEMENT_3D('',#7249,#5761,#5762);
#5173=AXIS2_PLACEMENT_3D('',#7250,#5763,#5764);
#5174=AXIS2_PLACEMENT_3D('',#7254,#5766,#5767);
#5175=AXIS2_PLACEMENT_3D('',#7255,#5768,#5769);
#5176=AXIS2_PLACEMENT_3D('',#7259,#5771,#5772);
#5177=AXIS2_PLACEMENT_3D('',#7263,#5774,#5775);
#5178=AXIS2_PLACEMENT_3D('',#7264,#5776,#5777);
#5179=AXIS2_PLACEMENT_3D('',#7265,#5778,#5779);
#5180=AXIS2_PLACEMENT_3D('',#7269,#5781,#5782);
#5181=AXIS2_PLACEMENT_3D('',#7270,#5783,#5784);
#5182=AXIS2_PLACEMENT_3D('',#7276,#5788,#5789);
#5183=AXIS2_PLACEMENT_3D('',#7277,#5790,#5791);
#5184=AXIS2_PLACEMENT_3D('',#7281,#5793,#5794);
#5185=AXIS2_PLACEMENT_3D('',#7282,#5795,#5796);
#5186=AXIS2_PLACEMENT_3D('',#7283,#5797,#5798);
#5187=AXIS2_PLACEMENT_3D('',#7288,#5800,#5801);
#5188=AXIS2_PLACEMENT_3D('',#7289,#5802,#5803);
#5189=AXIS2_PLACEMENT_3D('',#7290,#5804,#5805);
#5190=AXIS2_PLACEMENT_3D('',#7297,#5807,#5808);
#5191=AXIS2_PLACEMENT_3D('',#7300,#5810,#5811);
#5192=AXIS2_PLACEMENT_3D('',#7303,#5813,#5814);
#5193=AXIS2_PLACEMENT_3D('',#7304,#5815,#5816);
#5194=AXIS2_PLACEMENT_3D('',#7307,#5818,#5819);
#5195=AXIS2_PLACEMENT_3D('',#7308,#5820,#5821);
#5196=AXIS2_PLACEMENT_3D('',#7311,#5823,#5824);
#5197=AXIS2_PLACEMENT_3D('',#7315,#5827,#5828);
#5198=AXIS2_PLACEMENT_3D('',#7316,#5829,#5830);
#5199=AXIS2_PLACEMENT_3D('',#7319,#5832,#5833);
#5200=AXIS2_PLACEMENT_3D('',#7320,#5834,#5835);
#5201=AXIS2_PLACEMENT_3D('',#7323,#5837,#5838);
#5202=AXIS2_PLACEMENT_3D('',#7324,#5839,#5840);
#5203=AXIS2_PLACEMENT_3D('',#7327,#5842,#5843);
#5204=AXIS2_PLACEMENT_3D('',#7330,#5845,#5846);
#5205=AXIS2_PLACEMENT_3D('',#7333,#5848,#5849);
#5206=AXIS2_PLACEMENT_3D('',#7334,#5850,#5851);
#5207=AXIS2_PLACEMENT_3D('',#7337,#5853,#5854);
#5208=AXIS2_PLACEMENT_3D('',#7341,#5857,#5858);
#5209=AXIS2_PLACEMENT_3D('',#7342,#5859,#5860);
#5210=AXIS2_PLACEMENT_3D('',#7345,#5862,#5863);
#5211=AXIS2_PLACEMENT_3D('',#7346,#5864,#5865);
#5212=AXIS2_PLACEMENT_3D('',#7349,#5867,#5868);
#5213=AXIS2_PLACEMENT_3D('',#7350,#5869,#5870);
#5214=AXIS2_PLACEMENT_3D('',#7353,#5872,#5873);
#5215=AXIS2_PLACEMENT_3D('',#7357,#5875,#5876);
#5216=AXIS2_PLACEMENT_3D('',#7358,#5877,#5878);
#5217=AXIS2_PLACEMENT_3D('',#7359,#5879,#5880);
#5218=AXIS2_PLACEMENT_3D('',#7362,#5882,#5883);
#5219=AXIS2_PLACEMENT_3D('',#7363,#5884,#5885);
#5220=AXIS2_PLACEMENT_3D('',#7371,#5887,#5888);
#5221=AXIS2_PLACEMENT_3D('',#7372,#5889,#5890);
#5222=AXIS2_PLACEMENT_3D('',#7375,#5892,#5893);
#5223=AXIS2_PLACEMENT_3D('',#7381,#5897,#5898);
#5224=AXIS2_PLACEMENT_3D('',#7396,#5901,#5902);
#5225=AXIS2_PLACEMENT_3D('',#7402,#5906,#5907);
#5226=AXIS2_PLACEMENT_3D('',#7411,#5912,#5913);
#5227=AXIS2_PLACEMENT_3D('',#7412,#5914,#5915);
#5228=AXIS2_PLACEMENT_3D('',#7416,#5917,#5918);
#5229=AXIS2_PLACEMENT_3D('',#7417,#5919,#5920);
#5230=AXIS2_PLACEMENT_3D('',#7418,#5921,#5922);
#5231=AXIS2_PLACEMENT_3D('',#7422,#5924,#5925);
#5232=AXIS2_PLACEMENT_3D('',#7438,#5926,#5927);
#5233=AXIS2_PLACEMENT_3D('',#7447,#5928,#5929);
#5234=AXIS2_PLACEMENT_3D('',#7454,#5930,#5931);
#5235=AXIS2_PLACEMENT_3D('',#7455,#5932,#5933);
#5236=AXIS2_PLACEMENT_3D('',#7456,#5934,#5935);
#5237=AXIS2_PLACEMENT_3D('',#7460,#5937,#5938);
#5238=AXIS2_PLACEMENT_3D('',#7461,#5939,#5940);
#5239=AXIS2_PLACEMENT_3D('',#7462,#5941,#5942);
#5240=AXIS2_PLACEMENT_3D('',#7466,#5944,#5945);
#5241=AXIS2_PLACEMENT_3D('',#7467,#5946,#5947);
#5242=AXIS2_PLACEMENT_3D('',#7468,#5948,#5949);
#5243=AXIS2_PLACEMENT_3D('',#7472,#5951,#5952);
#5244=AXIS2_PLACEMENT_3D('',#7473,#5953,#5954);
#5245=AXIS2_PLACEMENT_3D('',#7479,#5958,#5959);
#5246=AXIS2_PLACEMENT_3D('',#7485,#5963,#5964);
#5247=AXIS2_PLACEMENT_3D('',#7488,#5966,#5967);
#5248=AXIS2_PLACEMENT_3D('',#7489,#5968,#5969);
#5249=AXIS2_PLACEMENT_3D('',#7496,#5973,#5974);
#5250=AXIS2_PLACEMENT_3D('',#7502,#5978,#5979);
#5251=AXIS2_PLACEMENT_3D('',#7506,#5981,#5982);
#5252=AXIS2_PLACEMENT_3D('',#7507,#5983,#5984);
#5253=AXIS2_PLACEMENT_3D('',#7508,#5985,#5986);
#5254=AXIS2_PLACEMENT_3D('',#7514,#5990,#5991);
#5255=AXIS2_PLACEMENT_3D('',#7518,#5993,#5994);
#5256=AXIS2_PLACEMENT_3D('',#7519,#5995,#5996);
#5257=AXIS2_PLACEMENT_3D('',#7520,#5997,#5998);
#5258=AXIS2_PLACEMENT_3D('',#7526,#6002,#6003);
#5259=AXIS2_PLACEMENT_3D('',#7534,#6008,#6009);
#5260=AXIS2_PLACEMENT_3D('',#7540,#6013,#6014);
#5261=AXIS2_PLACEMENT_3D('',#7549,#6019,#6020);
#5262=AXIS2_PLACEMENT_3D('',#7555,#6024,#6025);
#5263=AXIS2_PLACEMENT_3D('',#7561,#6029,#6030);
#5264=AXIS2_PLACEMENT_3D('',#7570,#6035,#6036);
#5265=AXIS2_PLACEMENT_3D('',#7576,#6040,#6041);
#5266=AXIS2_PLACEMENT_3D('',#7582,#6045,#6046);
#5267=AXIS2_PLACEMENT_3D('',#7585,#6049,#6050);
#5268=AXIS2_PLACEMENT_3D('',#7594,#6055,#6056);
#5269=AXIS2_PLACEMENT_3D('',#7600,#6060,#6061);
#5270=AXIS2_PLACEMENT_3D('',#7606,#6065,#6066);
#5271=AXIS2_PLACEMENT_3D('',#7612,#6070,#6071);
#5272=AXIS2_PLACEMENT_3D('',#7618,#6075,#6076);
#5273=AXIS2_PLACEMENT_3D('',#7624,#6080,#6081);
#5274=AXIS2_PLACEMENT_3D('',#7630,#6085,#6086);
#5275=AXIS2_PLACEMENT_3D('',#7633,#6089,#6090);
#5276=AXIS2_PLACEMENT_3D('',#7642,#6095,#6096);
#5277=AXIS2_PLACEMENT_3D('',#7648,#6100,#6101);
#5278=AXIS2_PLACEMENT_3D('',#7654,#6105,#6106);
#5279=AXIS2_PLACEMENT_3D('',#7657,#6109,#6110);
#5280=AXIS2_PLACEMENT_3D('',#7666,#6115,#6116);
#5281=AXIS2_PLACEMENT_3D('',#7672,#6120,#6121);
#5282=AXIS2_PLACEMENT_3D('',#7678,#6125,#6126);
#5283=AXIS2_PLACEMENT_3D('',#7681,#6129,#6130);
#5284=AXIS2_PLACEMENT_3D('',#7690,#6135,#6136);
#5285=AXIS2_PLACEMENT_3D('',#7696,#6140,#6141);
#5286=AXIS2_PLACEMENT_3D('',#7702,#6145,#6146);
#5287=AXIS2_PLACEMENT_3D('',#7705,#6149,#6150);
#5288=AXIS2_PLACEMENT_3D('',#7714,#6155,#6156);
#5289=AXIS2_PLACEMENT_3D('',#7720,#6160,#6161);
#5290=AXIS2_PLACEMENT_3D('',#7726,#6165,#6166);
#5291=AXIS2_PLACEMENT_3D('',#7737,#6172,#6173);
#5292=AXIS2_PLACEMENT_3D('',#7745,#6178,#6179);
#5293=AXIS2_PLACEMENT_3D('',#7746,#6180,#6181);
#5294=AXIS2_PLACEMENT_3D('',#7751,#6183,#6184);
#5295=AXIS2_PLACEMENT_3D('',#7754,#6186,#6187);
#5296=AXIS2_PLACEMENT_3D('',#7763,#6192,#6193);
#5297=AXIS2_PLACEMENT_3D('',#7769,#6198,#6199);
#5298=AXIS2_PLACEMENT_3D('',#7773,#6202,#6203);
#5299=AXIS2_PLACEMENT_3D('',#7774,#6204,#6205);
#5300=AXIS2_PLACEMENT_3D('',#7776,#6206,#6207);
#5301=AXIS2_PLACEMENT_3D('',#7777,#6208,#6209);
#5302=AXIS2_PLACEMENT_3D('',#7779,#6210,#6211);
#5303=AXIS2_PLACEMENT_3D('',#7780,#6212,#6213);
#5304=AXIS2_PLACEMENT_3D('',#7782,#6214,#6215);
#5305=AXIS2_PLACEMENT_3D('',#7783,#6216,#6217);
#5306=AXIS2_PLACEMENT_3D('',#7785,#6218,#6219);
#5307=AXIS2_PLACEMENT_3D('',#7786,#6220,#6221);
#5308=AXIS2_PLACEMENT_3D('',#7788,#6222,#6223);
#5309=AXIS2_PLACEMENT_3D('',#7789,#6224,#6225);
#5310=AXIS2_PLACEMENT_3D('',#7791,#6226,#6227);
#5311=AXIS2_PLACEMENT_3D('',#7792,#6228,#6229);
#5312=AXIS2_PLACEMENT_3D('',#7794,#6230,#6231);
#5313=AXIS2_PLACEMENT_3D('',#7795,#6232,#6233);
#5314=AXIS2_PLACEMENT_3D('',#7797,#6234,#6235);
#5315=AXIS2_PLACEMENT_3D('',#7798,#6236,#6237);
#5316=AXIS2_PLACEMENT_3D('',#7800,#6238,#6239);
#5317=AXIS2_PLACEMENT_3D('',#7801,#6240,#6241);
#5318=AXIS2_PLACEMENT_3D('',#7803,#6242,#6243);
#5319=AXIS2_PLACEMENT_3D('',#7806,#6245,#6246);
#5320=AXIS2_PLACEMENT_3D('',#7809,#6248,#6249);
#5321=AXIS2_PLACEMENT_3D('',#7815,#6253,#6254);
#5322=AXIS2_PLACEMENT_3D('',#7818,#6256,#6257);
#5323=AXIS2_PLACEMENT_3D('',#7821,#6259,#6260);
#5324=AXIS2_PLACEMENT_3D('',#7822,#6261,#6262);
#5325=AXIS2_PLACEMENT_3D('',#7825,#6264,#6265);
#5326=AXIS2_PLACEMENT_3D('',#7826,#6266,#6267);
#5327=AXIS2_PLACEMENT_3D('',#7829,#6269,#6270);
#5328=AXIS2_PLACEMENT_3D('',#7833,#6273,#6274);
#5329=AXIS2_PLACEMENT_3D('',#7836,#6276,#6277);
#5330=AXIS2_PLACEMENT_3D('',#7837,#6278,#6279);
#5331=AXIS2_PLACEMENT_3D('',#7840,#6281,#6282);
#5332=AXIS2_PLACEMENT_3D('',#7841,#6283,#6284);
#5333=AXIS2_PLACEMENT_3D('',#7844,#6286,#6287);
#5334=AXIS2_PLACEMENT_3D('',#7845,#6288,#6289);
#5335=AXIS2_PLACEMENT_3D('',#7887,#6292,#6293);
#5336=AXIS2_PLACEMENT_3D('',#7890,#6295,#6296);
#5337=AXIS2_PLACEMENT_3D('',#7891,#6297,#6298);
#5338=AXIS2_PLACEMENT_3D('',#7894,#6300,#6301);
#5339=AXIS2_PLACEMENT_3D('',#7895,#6302,#6303);
#5340=AXIS2_PLACEMENT_3D('',#7899,#6306,#6307);
#5341=AXIS2_PLACEMENT_3D('',#7900,#6308,#6309);
#5342=AXIS2_PLACEMENT_3D('',#7906,#6310,#6311);
#5343=AXIS2_PLACEMENT_3D('',#7907,#6312,#6313);
#5344=AXIS2_PLACEMENT_3D('',#7913,#6314,#6315);
#5345=AXIS2_PLACEMENT_3D('',#7914,#6316,#6317);
#5346=AXIS2_PLACEMENT_3D('',#7918,#6320,#6321);
#5347=AXIS2_PLACEMENT_3D('',#7925,#6323,#6324);
#5348=AXIS2_PLACEMENT_3D('',#7926,#6325,#6326);
#5349=AXIS2_PLACEMENT_3D('',#7929,#6328,#6329);
#5350=AXIS2_PLACEMENT_3D('',#7933,#6332,#6333);
#5351=AXIS2_PLACEMENT_3D('',#7934,#6334,#6335);
#5352=AXIS2_PLACEMENT_3D('',#7937,#6337,#6338);
#5353=AXIS2_PLACEMENT_3D('',#7941,#6341,#6342);
#5354=AXIS2_PLACEMENT_3D('',#7945,#6345,#6346);
#5355=AXIS2_PLACEMENT_3D('',#7946,#6347,#6348);
#5356=AXIS2_PLACEMENT_3D('',#7949,#6350,#6351);
#5357=AXIS2_PLACEMENT_3D('',#7950,#6352,#6353);
#5358=AXIS2_PLACEMENT_3D('',#7953,#6355,#6356);
#5359=AXIS2_PLACEMENT_3D('',#7954,#6357,#6358);
#5360=AXIS2_PLACEMENT_3D('',#7957,#6360,#6361);
#5361=AXIS2_PLACEMENT_3D('',#7961,#6364,#6365);
#5362=AXIS2_PLACEMENT_3D('',#7964,#6367,#6368);
#5363=AXIS2_PLACEMENT_3D('',#7965,#6369,#6370);
#5364=AXIS2_PLACEMENT_3D('',#7968,#6372,#6373);
#5365=AXIS2_PLACEMENT_3D('',#7969,#6374,#6375);
#5366=AXIS2_PLACEMENT_3D('',#7972,#6377,#6378);
#5367=AXIS2_PLACEMENT_3D('',#7973,#6379,#6380);
#5368=AXIS2_PLACEMENT_3D('',#7976,#6382,#6383);
#5369=AXIS2_PLACEMENT_3D('',#7977,#6384,#6385);
#5370=AXIS2_PLACEMENT_3D('',#7978,#6386,#6387);
#5371=AXIS2_PLACEMENT_3D('',#7981,#6389,#6390);
#5372=AXIS2_PLACEMENT_3D('',#7982,#6391,#6392);
#5373=AXIS2_PLACEMENT_3D('',#7985,#6394,#6395);
#5374=AXIS2_PLACEMENT_3D('',#7986,#6396,#6397);
#5375=AXIS2_PLACEMENT_3D('',#7988,#6398,#6399);
#5376=AXIS2_PLACEMENT_3D('',#7989,#6400,#6401);
#5377=AXIS2_PLACEMENT_3D('',#7990,#6402,#6403);
#5378=AXIS2_PLACEMENT_3D('',#7992,#6404,#6405);
#5379=AXIS2_PLACEMENT_3D('',#7993,#6406,#6407);
#5380=AXIS2_PLACEMENT_3D('',#7994,#6408,#6409);
#5381=AXIS2_PLACEMENT_3D('',#7996,#6410,#6411);
#5382=AXIS2_PLACEMENT_3D('',#7997,#6412,#6413);
#5383=AXIS2_PLACEMENT_3D('',#7998,#6414,#6415);
#5384=AXIS2_PLACEMENT_3D('',#8000,#6416,#6417);
#5385=AXIS2_PLACEMENT_3D('',#8001,#6418,#6419);
#5386=AXIS2_PLACEMENT_3D('',#8002,#6420,#6421);
#5387=AXIS2_PLACEMENT_3D('',#8004,#6422,#6423);
#5388=AXIS2_PLACEMENT_3D('',#8005,#6424,#6425);
#5389=AXIS2_PLACEMENT_3D('',#8006,#6426,#6427);
#5390=AXIS2_PLACEMENT_3D('',#8009,#6429,#6430);
#5391=AXIS2_PLACEMENT_3D('',#8052,#6433,#6434);
#5392=AXIS2_PLACEMENT_3D('',#8055,#6436,#6437);
#5393=AXIS2_PLACEMENT_3D('',#8056,#6438,#6439);
#5394=AXIS2_PLACEMENT_3D('',#8059,#6441,#6442);
#5395=AXIS2_PLACEMENT_3D('',#8060,#6443,#6444);
#5396=AXIS2_PLACEMENT_3D('',#8064,#6447,#6448);
#5397=AXIS2_PLACEMENT_3D('',#8067,#6450,#6451);
#5398=AXIS2_PLACEMENT_3D('',#8068,#6452,#6453);
#5399=AXIS2_PLACEMENT_3D('',#8071,#6455,#6456);
#5400=AXIS2_PLACEMENT_3D('',#8072,#6457,#6458);
#5401=AXIS2_PLACEMENT_3D('',#8075,#6460,#6461);
#5402=AXIS2_PLACEMENT_3D('',#8076,#6462,#6463);
#5403=AXIS2_PLACEMENT_3D('',#8082,#6467,#6468);
#5404=AXIS2_PLACEMENT_3D('',#8088,#6472,#6473);
#5405=AXIS2_PLACEMENT_3D('',#8094,#6477,#6478);
#5406=AXIS2_PLACEMENT_3D('',#8100,#6482,#6483);
#5407=AXIS2_PLACEMENT_3D('',#8109,#6488,#6489);
#5408=AXIS2_PLACEMENT_3D('',#8142,#6491,#6492);
#5409=AXIS2_PLACEMENT_3D('',#8145,#6494,#6495);
#5410=AXIS2_PLACEMENT_3D('',#8146,#6496,#6497);
#5411=AXIS2_PLACEMENT_3D('',#8149,#6499,#6500);
#5412=AXIS2_PLACEMENT_3D('',#8151,#6502,#6503);
#5413=AXIS2_PLACEMENT_3D('',#8152,#6504,#6505);
#5414=AXIS2_PLACEMENT_3D('',#8155,#6507,#6508);
#5415=AXIS2_PLACEMENT_3D('',#8156,#6509,#6510);
#5416=AXIS2_PLACEMENT_3D('',#8158,#6511,#6512);
#5417=AXIS2_PLACEMENT_3D('',#8159,#6513,#6514);
#5418=AXIS2_PLACEMENT_3D('',#8160,#6515,#6516);
#5419=AXIS2_PLACEMENT_3D('',#8162,#6517,#6518);
#5420=AXIS2_PLACEMENT_3D('',#8163,#6519,#6520);
#5421=AXIS2_PLACEMENT_3D('',#8164,#6521,#6522);
#5422=AXIS2_PLACEMENT_3D('',#8165,#6523,#6524);
#5423=AXIS2_PLACEMENT_3D('',#8166,#6525,#6526);
#5424=AXIS2_PLACEMENT_3D('',#8168,#6527,#6528);
#5425=AXIS2_PLACEMENT_3D('',#8171,#6530,#6531);
#5426=AXIS2_PLACEMENT_3D('',#8172,#6532,#6533);
#5427=AXIS2_PLACEMENT_3D('',#8175,#6535,#6536);
#5428=AXIS2_PLACEMENT_3D('',#8176,#6537,#6538);
#5429=AXIS2_PLACEMENT_3D('',#8179,#6540,#6541);
#5430=AXIS2_PLACEMENT_3D('',#8180,#6542,#6543);
#5431=AXIS2_PLACEMENT_3D('',#8183,#6545,#6546);
#5432=AXIS2_PLACEMENT_3D('',#8186,#6548,#6549);
#5433=AXIS2_PLACEMENT_3D('',#8187,#6550,#6551);
#5434=AXIS2_PLACEMENT_3D('',#8190,#6553,#6554);
#5435=AXIS2_PLACEMENT_3D('',#8191,#6555,#6556);
#5436=AXIS2_PLACEMENT_3D('',#8194,#6558,#6559);
#5437=AXIS2_PLACEMENT_3D('',#8195,#6560,#6561);
#5438=AXIS2_PLACEMENT_3D('',#8198,#6564,#6565);
#5439=AXIS2_PLACEMENT_3D('',#8199,#6566,#6567);
#5440=AXIS2_PLACEMENT_3D('',#8201,#6568,#6569);
#5441=AXIS2_PLACEMENT_3D('',#8202,#6570,#6571);
#5442=AXIS2_PLACEMENT_3D('',#8203,#6572,#6573);
#5443=AXIS2_PLACEMENT_3D('',#8205,#6574,#6575);
#5444=AXIS2_PLACEMENT_3D('',#8206,#6576,#6577);
#5445=AXIS2_PLACEMENT_3D('',#8207,#6578,#6579);
#5446=AXIS2_PLACEMENT_3D('',#8209,#6580,#6581);
#5447=AXIS2_PLACEMENT_3D('',#8210,#6582,#6583);
#5448=AXIS2_PLACEMENT_3D('',#8211,#6584,#6585);
#5449=AXIS2_PLACEMENT_3D('',#8214,#6587,#6588);
#5450=AXIS2_PLACEMENT_3D('',#8221,#6590,#6591);
#5451=AXIS2_PLACEMENT_3D('',#8224,#6593,#6594);
#5452=AXIS2_PLACEMENT_3D('',#8225,#6595,#6596);
#5453=AXIS2_PLACEMENT_3D('',#8228,#6598,#6599);
#5454=AXIS2_PLACEMENT_3D('',#8229,#6600,#6601);
#5455=AXIS2_PLACEMENT_3D('',#8230,#6602,#6603);
#5456=AXIS2_PLACEMENT_3D('',#8232,#6604,#6605);
#5457=AXIS2_PLACEMENT_3D('',#8233,#6606,#6607);
#5458=AXIS2_PLACEMENT_3D('',#8236,#6609,#6610);
#5459=AXIS2_PLACEMENT_3D('',#8237,#6611,#6612);
#5460=AXIS2_PLACEMENT_3D('',#8238,#6613,#6614);
#5461=AXIS2_PLACEMENT_3D('',#8244,#6615,#6616);
#5462=AXIS2_PLACEMENT_3D('',#8245,#6617,#6618);
#5463=AXIS2_PLACEMENT_3D('',#8248,#6620,#6621);
#5464=AXIS2_PLACEMENT_3D('',#8255,#6623,#6624);
#5465=AXIS2_PLACEMENT_3D('',#8261,#6625,#6626);
#5466=AXIS2_PLACEMENT_3D('',#8262,#6627,#6628);
#5467=AXIS2_PLACEMENT_3D('',#8269,#6630,#6631);
#5468=AXIS2_PLACEMENT_3D('',#8270,#6632,#6633);
#5469=AXIS2_PLACEMENT_3D('',#8272,#6634,#6635);
#5470=AXIS2_PLACEMENT_3D('',#8275,#6637,#6638);
#5471=AXIS2_PLACEMENT_3D('',#8278,#6640,#6641);
#5472=AXIS2_PLACEMENT_3D('',#8279,#6642,#6643);
#5473=AXIS2_PLACEMENT_3D('',#8282,#6645,#6646);
#5474=AXIS2_PLACEMENT_3D('',#8283,#6647,#6648);
#5475=AXIS2_PLACEMENT_3D('',#8284,#6649,#6650);
#5476=AXIS2_PLACEMENT_3D('',#8286,#6651,#6652);
#5477=AXIS2_PLACEMENT_3D('',#8289,#6654,#6655);
#5478=AXIS2_PLACEMENT_3D('',#8290,#6656,#6657);
#5479=AXIS2_PLACEMENT_3D('',#8294,#6660,#6661);
#5480=AXIS2_PLACEMENT_3D('',#8297,#6663,#6664);
#5481=AXIS2_PLACEMENT_3D('',#8298,#6665,#6666);
#5482=AXIS2_PLACEMENT_3D('',#8300,#6668,#6669);
#5483=AXIS2_PLACEMENT_3D('',#8301,#6670,#6671);
#5484=AXIS2_PLACEMENT_3D('',#8305,#6673,#6674);
#5485=AXIS2_PLACEMENT_3D('',#8306,#6675,#6676);
#5486=AXIS2_PLACEMENT_3D('',#8309,#6678,#6679);
#5487=AXIS2_PLACEMENT_3D('',#8310,#6680,#6681);
#5488=AXIS2_PLACEMENT_3D('',#8313,#6683,#6684);
#5489=AXIS2_PLACEMENT_3D('',#8314,#6685,#6686);
#5490=AXIS2_PLACEMENT_3D('',#8316,#6688,#6689);
#5491=AXIS2_PLACEMENT_3D('',#8317,#6690,#6691);
#5492=AXIS2_PLACEMENT_3D('',#8321,#6693,#6694);
#5493=AXIS2_PLACEMENT_3D('',#8322,#6695,#6696);
#5494=AXIS2_PLACEMENT_3D('',#8325,#6698,#6699);
#5495=AXIS2_PLACEMENT_3D('',#8326,#6700,#6701);
#5496=AXIS2_PLACEMENT_3D('',#8329,#6703,#6704);
#5497=AXIS2_PLACEMENT_3D('',#8330,#6705,#6706);
#5498=AXIS2_PLACEMENT_3D('',#8332,#6708,#6709);
#5499=AXIS2_PLACEMENT_3D('',#8333,#6710,#6711);
#5500=AXIS2_PLACEMENT_3D('',#8337,#6713,#6714);
#5501=AXIS2_PLACEMENT_3D('',#8338,#6715,#6716);
#5502=AXIS2_PLACEMENT_3D('',#8341,#6718,#6719);
#5503=AXIS2_PLACEMENT_3D('',#8342,#6720,#6721);
#5504=AXIS2_PLACEMENT_3D('',#8343,#6722,#6723);
#5505=AXIS2_PLACEMENT_3D('',#8346,#6725,#6726);
#5506=AXIS2_PLACEMENT_3D('',#8348,#6728,#6729);
#5507=AXIS2_PLACEMENT_3D('',#8349,#6730,#6731);
#5508=AXIS2_PLACEMENT_3D('',#8351,#6732,#6733);
#5509=AXIS2_PLACEMENT_3D('',#8354,#6735,#6736);
#5510=AXIS2_PLACEMENT_3D('',#8357,#6738,#6739);
#5511=AXIS2_PLACEMENT_3D('',#8358,#6740,#6741);
#5512=AXIS2_PLACEMENT_3D('',#8361,#6743,#6744);
#5513=AXIS2_PLACEMENT_3D('',#8362,#6745,#6746);
#5514=AXIS2_PLACEMENT_3D('',#8364,#6748,#6749);
#5515=AXIS2_PLACEMENT_3D('',#8370,#6753,#6754);
#5516=AXIS2_PLACEMENT_3D('',#8374,#6757,#6758);
#5517=AXIS2_PLACEMENT_3D('',#8378,#6761,#6762);
#5518=AXIS2_PLACEMENT_3D('',#8380,#6764,#6765);
#5519=AXIS2_PLACEMENT_3D('',#8386,#6769,#6770);
#5520=AXIS2_PLACEMENT_3D('',#8390,#6773,#6774);
#5521=AXIS2_PLACEMENT_3D('',#8394,#6777,#6778);
#5522=AXIS2_PLACEMENT_3D('',#8396,#6780,#6781);
#5523=AXIS2_PLACEMENT_3D('',#8402,#6785,#6786);
#5524=AXIS2_PLACEMENT_3D('',#8406,#6789,#6790);
#5525=AXIS2_PLACEMENT_3D('',#8410,#6793,#6794);
#5526=AXIS2_PLACEMENT_3D('',#8414,#6797,#6798);
#5527=AXIS2_PLACEMENT_3D('',#8418,#6801,#6802);
#5528=AXIS2_PLACEMENT_3D('',#8422,#6805,#6806);
#5529=AXIS2_PLACEMENT_3D('',#8426,#6809,#6810);
#5530=AXIS2_PLACEMENT_3D('',#8428,#6812,#6813);
#5531=AXIS2_PLACEMENT_3D('',#8434,#6817,#6818);
#5532=AXIS2_PLACEMENT_3D('',#8438,#6821,#6822);
#5533=AXIS2_PLACEMENT_3D('',#8442,#6825,#6826);
#5534=AXIS2_PLACEMENT_3D('',#8444,#6828,#6829);
#5535=AXIS2_PLACEMENT_3D('',#8450,#6833,#6834);
#5536=AXIS2_PLACEMENT_3D('',#8454,#6837,#6838);
#5537=AXIS2_PLACEMENT_3D('',#8458,#6841,#6842);
#5538=AXIS2_PLACEMENT_3D('',#8460,#6844,#6845);
#5539=AXIS2_PLACEMENT_3D('',#8466,#6849,#6850);
#5540=AXIS2_PLACEMENT_3D('',#8470,#6853,#6854);
#5541=AXIS2_PLACEMENT_3D('',#8474,#6857,#6858);
#5542=AXIS2_PLACEMENT_3D('',#8476,#6860,#6861);
#5543=AXIS2_PLACEMENT_3D('',#8482,#6865,#6866);
#5544=AXIS2_PLACEMENT_3D('',#8486,#6869,#6870);
#5545=AXIS2_PLACEMENT_3D('',#8490,#6873,#6874);
#5546=AXIS2_PLACEMENT_3D('',#8496,#6878,#6879);
#5547=AXIS2_PLACEMENT_3D('',#8498,#6881,#6882);
#5548=AXIS2_PLACEMENT_3D('',#8504,#6886,#6887);
#5549=AXIS2_PLACEMENT_3D('',#8508,#6890,#6891);
#5550=AXIS2_PLACEMENT_3D('',#8512,#6894,#6895);
#5551=AXIS2_PLACEMENT_3D('',#8514,#6897,#6898);
#5552=AXIS2_PLACEMENT_3D('',#8518,#6901,#6902);
#5553=AXIS2_PLACEMENT_3D('',#8524,#6906,#6907);
#5554=AXIS2_PLACEMENT_3D('',#8528,#6910,#6911);
#5555=AXIS2_PLACEMENT_3D('',#8529,#6912,#6913);
#5556=AXIS2_PLACEMENT_3D('',#8532,#6915,#6916);
#5557=AXIS2_PLACEMENT_3D('',#8533,#6917,#6918);
#5558=AXIS2_PLACEMENT_3D('',#8536,#6920,#6921);
#5559=AXIS2_PLACEMENT_3D('',#8537,#6922,#6923);
#5560=AXIS2_PLACEMENT_3D('',#8541,#6925,#6926);
#5561=AXIS2_PLACEMENT_3D('',#8542,#6927,#6928);
#5562=AXIS2_PLACEMENT_3D('',#8545,#6930,#6931);
#5563=AXIS2_PLACEMENT_3D('',#8546,#6932,#6933);
#5564=AXIS2_PLACEMENT_3D('',#8547,#6934,#6935);
#5565=AXIS2_PLACEMENT_3D('',#8550,#6937,#6938);
#5566=AXIS2_PLACEMENT_3D('',#8554,#6941,#6942);
#5567=AXIS2_PLACEMENT_3D('',#8558,#6945,#6946);
#5568=AXIS2_PLACEMENT_3D('',#8561,#6948,#6949);
#5569=AXIS2_PLACEMENT_3D('',#8564,#6951,#6952);
#5570=AXIS2_PLACEMENT_3D('',#8569,#6955,#6956);
#5571=AXIS2_PLACEMENT_3D('',#8570,#6957,#6958);
#5572=AXIS2_PLACEMENT_3D('',#8571,#6959,#6960);
#5573=AXIS2_PLACEMENT_3D('',#8574,#6962,#6963);
#5574=AXIS2_PLACEMENT_3D('',#8581,#6967,#6968);
#5575=AXIS2_PLACEMENT_3D('',#8584,#6970,#6971);
#5576=AXIS2_PLACEMENT_3D('',#8587,#6973,#6974);
#5577=AXIS2_PLACEMENT_3D('',#8590,#6976,#6977);
#5578=AXIS2_PLACEMENT_3D('',#8594,#6980,#6981);
#5579=AXIS2_PLACEMENT_3D('',#8600,#6985,#6986);
#5580=AXIS2_PLACEMENT_3D('',#8606,#6990,#6991);
#5581=AXIS2_PLACEMENT_3D('',#8612,#6995,#6996);
#5582=AXIS2_PLACEMENT_3D('',#8618,#7000,#7001);
#5583=AXIS2_PLACEMENT_3D('',#8624,#7005,#7006);
#5584=AXIS2_PLACEMENT_3D('',#8630,#7010,#7011);
#5585=AXIS2_PLACEMENT_3D('',#8636,#7015,#7016);
#5586=AXIS2_PLACEMENT_3D('',#8640,#7020,#7021);
#5587=AXIS2_PLACEMENT_3D('',#8646,#7025,#7026);
#5588=AXIS2_PLACEMENT_3D('',#8647,#7027,#7028);
#5589=AXIS2_PLACEMENT_3D('',#8652,#7031,#7032);
#5590=AXIS2_PLACEMENT_3D('',#8654,#7034,#7035);
#5591=AXIS2_PLACEMENT_3D('',#8657,#7037,#7038);
#5592=AXIS2_PLACEMENT_3D('',#8660,#7040,#7041);
#5593=AXIS2_PLACEMENT_3D('',#8662,#7043,#7044);
#5594=AXIS2_PLACEMENT_3D('',#8664,#7046,#7047);
#5595=AXIS2_PLACEMENT_3D('',#8667,#7049,#7050);
#5596=AXIS2_PLACEMENT_3D('',#8670,#7052,#7053);
#5597=AXIS2_PLACEMENT_3D('',#8671,#7054,#7055);
#5598=AXIS2_PLACEMENT_3D('',#8676,#7058,#7059);
#5599=AXIS2_PLACEMENT_3D('',#8677,#7060,#7061);
#5600=AXIS2_PLACEMENT_3D('',#8682,#7064,#7065);
#5601=AXIS2_PLACEMENT_3D('',#8683,#7066,#7067);
#5602=AXIS2_PLACEMENT_3D('',#8688,#7070,#7071);
#5603=AXIS2_PLACEMENT_3D('',#8689,#7072,#7073);
#5604=AXIS2_PLACEMENT_3D('',#8694,#7076,#7077);
#5605=AXIS2_PLACEMENT_3D('',#8697,#7079,#7080);
#5606=AXIS2_PLACEMENT_3D('',#8700,#7082,#7083);
#5607=AXIS2_PLACEMENT_3D('',#8704,#7087,#7088);
#5608=AXIS2_PLACEMENT_3D('',#8706,#7090,#7091);
#5609=AXIS2_PLACEMENT_3D('',#8708,#7093,#7094);
#5610=AXIS2_PLACEMENT_3D('',#8710,#7096,#7097);
#5611=AXIS2_PLACEMENT_3D('',#8712,#7099,#7100);
#5612=AXIS2_PLACEMENT_3D('',#8718,#7104,#7105);
#5613=AXIS2_PLACEMENT_3D('',#8720,#7107,#7108);
#5614=AXIS2_PLACEMENT_3D('',#8722,#7110,#7111);
#5615=AXIS2_PLACEMENT_3D('',#8725,#7114,#7115);
#5616=AXIS2_PLACEMENT_3D('',#8729,#7118,#7119);
#5617=AXIS2_PLACEMENT_3D('',#8731,#7121,#7122);
#5618=AXIS2_PLACEMENT_3D('',#8732,#7123,#7124);
#5619=AXIS2_PLACEMENT_3D('',#8733,#7125,#7126);
#5620=DIRECTION('',(0.,0.,1.));
#5621=DIRECTION('',(1.,0.,0.));
#5622=DIRECTION('',(0.,0.,-1.));
#5623=DIRECTION('',(1.,0.,0.));
#5624=DIRECTION('',(0.,0.,-1.));
#5625=DIRECTION('',(-1.,0.,0.));
#5626=DIRECTION('',(0.,0.,-1.));
#5627=DIRECTION('',(1.,0.,0.));
#5628=DIRECTION('',(0.,0.,-1.));
#5629=DIRECTION('',(-1.,0.,0.));
#5630=DIRECTION('',(0.,0.,-1.));
#5631=DIRECTION('',(1.,0.,0.));
#5632=DIRECTION('',(0.,0.,-1.));
#5633=DIRECTION('',(-1.,0.,0.));
#5634=DIRECTION('',(0.,0.,-1.));
#5635=DIRECTION('',(1.,0.,0.));
#5636=DIRECTION('',(0.,0.,-1.));
#5637=DIRECTION('',(-1.,0.,0.));
#5638=DIRECTION('',(0.,0.,-1.));
#5639=DIRECTION('',(1.,0.,0.));
#5640=DIRECTION('',(0.,0.,-1.));
#5641=DIRECTION('',(-1.,0.,0.));
#5642=DIRECTION('',(0.,0.,-1.));
#5643=DIRECTION('',(1.,0.,0.));
#5644=DIRECTION('',(0.,0.,-1.));
#5645=DIRECTION('',(-1.,0.,0.));
#5646=DIRECTION('',(0.,0.,-1.));
#5647=DIRECTION('',(1.,0.,0.));
#5648=DIRECTION('',(0.,0.,-1.));
#5649=DIRECTION('',(-1.,0.,0.));
#5650=DIRECTION('',(0.,0.,-1.));
#5651=DIRECTION('',(1.,0.,0.));
#5652=DIRECTION('',(0.,0.,-1.));
#5653=DIRECTION('',(-1.,0.,0.));
#5654=DIRECTION('',(0.,0.,-1.));
#5655=DIRECTION('',(1.,0.,0.));
#5656=DIRECTION('',(0.,0.,-1.));
#5657=DIRECTION('',(-1.,0.,0.));
#5658=DIRECTION('',(0.,0.,-1.));
#5659=DIRECTION('',(1.,0.,0.));
#5660=DIRECTION('',(0.,0.,-1.));
#5661=DIRECTION('',(-1.,0.,0.));
#5662=DIRECTION('',(0.,0.,1.));
#5663=DIRECTION('',(1.,0.,0.));
#5664=DIRECTION('',(-0.999999998484571,5.50532377622056E-5,0.));
#5665=DIRECTION('',(-1.60812264967468E-16,-2.5110808689041E-22,1.));
#5666=DIRECTION('',(-3.12299724479584E-6,0.999999999995124,0.));
#5667=DIRECTION('',(0.,0.,1.));
#5668=DIRECTION('',(1.,0.,0.));
#5669=DIRECTION('',(0.,0.,1.));
#5670=DIRECTION('',(1.,0.,0.));
#5671=DIRECTION('',(-1.,0.,0.));
#5672=DIRECTION('',(0.,0.,1.));
#5673=DIRECTION('',(1.,0.,0.));
#5674=DIRECTION('',(0.,0.,1.));
#5675=DIRECTION('',(1.,0.,0.));
#5676=DIRECTION('',(0.,0.,1.));
#5677=DIRECTION('',(1.,0.,0.));
#5678=DIRECTION('',(0.,0.,1.));
#5679=DIRECTION('',(1.,0.,0.));
#5680=DIRECTION('',(-1.,0.,0.));
#5681=DIRECTION('',(0.,0.,1.));
#5682=DIRECTION('',(1.,0.,0.));
#5683=DIRECTION('',(0.,0.,1.));
#5684=DIRECTION('',(1.,0.,0.));
#5685=DIRECTION('',(0.,0.,1.));
#5686=DIRECTION('',(1.,0.,0.));
#5687=DIRECTION('',(-1.,0.,0.));
#5688=DIRECTION('',(0.,0.,1.));
#5689=DIRECTION('',(1.,0.,0.));
#5690=DIRECTION('',(0.,0.,1.));
#5691=DIRECTION('',(1.,0.,0.));
#5692=DIRECTION('',(0.,0.,1.));
#5693=DIRECTION('',(1.,0.,0.));
#5694=DIRECTION('',(0.,0.,-1.));
#5695=DIRECTION('',(-1.,0.,0.));
#5696=DIRECTION('',(0.,0.,1.));
#5697=DIRECTION('',(1.,0.,0.));
#5698=DIRECTION('',(0.,0.,-1.));
#5699=DIRECTION('',(-1.,0.,0.));
#5700=DIRECTION('',(0.,0.,1.));
#5701=DIRECTION('',(1.,0.,0.));
#5702=DIRECTION('',(0.,0.,-1.));
#5703=DIRECTION('',(-1.,0.,0.));
#5704=DIRECTION('',(0.,0.,1.));
#5705=DIRECTION('',(1.,0.,0.));
#5706=DIRECTION('',(0.,0.,-1.));
#5707=DIRECTION('',(-1.,0.,0.));
#5708=DIRECTION('',(0.,0.,1.));
#5709=DIRECTION('',(1.,0.,0.));
#5710=DIRECTION('',(0.,0.,-1.));
#5711=DIRECTION('',(-1.,0.,0.));
#5712=DIRECTION('',(0.,0.,1.));
#5713=DIRECTION('',(1.,0.,0.));
#5714=DIRECTION('',(0.,0.,-1.));
#5715=DIRECTION('',(-1.,0.,0.));
#5716=DIRECTION('',(0.,0.,1.));
#5717=DIRECTION('',(1.,0.,0.));
#5718=DIRECTION('',(0.,0.,-1.));
#5719=DIRECTION('',(-1.,0.,0.));
#5720=DIRECTION('',(0.,0.,1.));
#5721=DIRECTION('',(1.,0.,0.));
#5722=DIRECTION('',(0.,0.,-1.));
#5723=DIRECTION('',(-1.,0.,0.));
#5724=DIRECTION('',(0.,0.,1.));
#5725=DIRECTION('',(1.,0.,0.));
#5726=DIRECTION('',(0.,0.,-1.));
#5727=DIRECTION('',(-1.,0.,0.));
#5728=DIRECTION('',(0.,0.,1.));
#5729=DIRECTION('',(1.,0.,0.));
#5730=DIRECTION('',(0.,0.,-1.));
#5731=DIRECTION('',(-1.,0.,0.));
#5732=DIRECTION('',(0.,0.,1.));
#5733=DIRECTION('',(1.,0.,0.));
#5734=DIRECTION('',(0.,0.,1.));
#5735=DIRECTION('',(1.,0.,0.));
#5736=DIRECTION('',(0.,0.,1.));
#5737=DIRECTION('',(0.,0.,1.));
#5738=DIRECTION('',(1.,0.,0.));
#5739=DIRECTION('',(0.,0.,1.));
#5740=DIRECTION('',(0.,0.,1.));
#5741=DIRECTION('',(1.,0.,0.));
#5742=DIRECTION('',(0.,0.,1.));
#5743=DIRECTION('',(1.,0.,0.));
#5744=DIRECTION('',(0.,0.,1.));
#5745=DIRECTION('',(1.,0.,0.));
#5746=DIRECTION('',(0.,0.,1.));
#5747=DIRECTION('',(0.,0.,1.));
#5748=DIRECTION('',(1.,0.,0.));
#5749=DIRECTION('',(0.,-1.,0.));
#5750=DIRECTION('',(0.,0.,-1.));
#5751=DIRECTION('',(1.,0.,0.));
#5752=DIRECTION('',(0.,0.,1.));
#5753=DIRECTION('',(1.,0.,0.));
#5754=DIRECTION('',(0.,0.,1.));
#5755=DIRECTION('',(1.,0.,0.));
#5756=DIRECTION('',(0.,0.,1.));
#5757=DIRECTION('',(1.,0.,0.));
#5758=DIRECTION('',(0.,0.,1.));
#5759=DIRECTION('',(0.,0.,1.));
#5760=DIRECTION('',(1.,0.,0.));
#5761=DIRECTION('',(0.,0.,1.));
#5762=DIRECTION('',(1.,0.,0.));
#5763=DIRECTION('',(0.,0.,1.));
#5764=DIRECTION('',(1.,0.,0.));
#5765=DIRECTION('',(0.,0.,1.));
#5766=DIRECTION('',(0.,0.,1.));
#5767=DIRECTION('',(1.,0.,0.));
#5768=DIRECTION('',(0.,0.,1.));
#5769=DIRECTION('',(1.,0.,0.));
#5770=DIRECTION('',(0.,0.,1.));
#5771=DIRECTION('',(0.,0.,1.));
#5772=DIRECTION('',(1.,0.,0.));
#5773=DIRECTION('',(0.,0.,1.));
#5774=DIRECTION('',(0.,0.,1.));
#5775=DIRECTION('',(1.,0.,0.));
#5776=DIRECTION('',(0.,0.,1.));
#5777=DIRECTION('',(1.,0.,0.));
#5778=DIRECTION('',(0.,0.,1.));
#5779=DIRECTION('',(1.,0.,0.));
#5780=DIRECTION('',(0.,0.,1.));
#5781=DIRECTION('',(0.,0.,1.));
#5782=DIRECTION('',(1.,0.,0.));
#5783=DIRECTION('',(0.,-1.,0.));
#5784=DIRECTION('',(0.,0.,-1.));
#5785=DIRECTION('',(1.,0.,0.));
#5786=DIRECTION('',(0.,0.,1.));
#5787=DIRECTION('',(1.,0.,0.));
#5788=DIRECTION('',(0.,0.,1.));
#5789=DIRECTION('',(1.,0.,0.));
#5790=DIRECTION('',(0.,0.,1.));
#5791=DIRECTION('',(1.,0.,0.));
#5792=DIRECTION('',(0.,0.,1.));
#5793=DIRECTION('',(0.,0.,1.));
#5794=DIRECTION('',(1.,0.,0.));
#5795=DIRECTION('',(0.,0.,1.));
#5796=DIRECTION('',(1.,0.,0.));
#5797=DIRECTION('',(0.,0.,1.));
#5798=DIRECTION('',(1.,0.,0.));
#5799=DIRECTION('',(-0.999999999109675,-4.21977423091714E-5,0.));
#5800=DIRECTION('',(0.,0.,1.));
#5801=DIRECTION('',(1.,0.,0.));
#5802=DIRECTION('',(0.,0.,1.));
#5803=DIRECTION('',(1.,0.,0.));
#5804=DIRECTION('',(0.,0.,1.));
#5805=DIRECTION('',(1.,0.,0.));
#5806=DIRECTION('',(0.,0.,1.));
#5807=DIRECTION('',(0.,0.,1.));
#5808=DIRECTION('',(1.,0.,0.));
#5809=DIRECTION('',(0.,0.,1.));
#5810=DIRECTION('',(0.,0.,1.));
#5811=DIRECTION('',(1.,0.,0.));
#5812=DIRECTION('',(0.,0.,1.));
#5813=DIRECTION('',(0.,0.,1.));
#5814=DIRECTION('',(1.,0.,0.));
#5815=DIRECTION('',(0.,0.,1.));
#5816=DIRECTION('',(1.,0.,0.));
#5817=DIRECTION('',(0.,0.,1.));
#5818=DIRECTION('',(0.,0.,1.));
#5819=DIRECTION('',(1.,0.,0.));
#5820=DIRECTION('',(0.,0.,1.));
#5821=DIRECTION('',(1.,0.,0.));
#5822=DIRECTION('',(0.,0.,1.));
#5823=DIRECTION('',(0.,1.,0.));
#5824=DIRECTION('',(0.,0.,1.));
#5825=DIRECTION('',(-1.,0.,0.));
#5826=DIRECTION('',(0.,0.,1.));
#5827=DIRECTION('',(0.,0.,1.));
#5828=DIRECTION('',(1.,0.,0.));
#5829=DIRECTION('',(0.,0.,1.));
#5830=DIRECTION('',(1.,0.,0.));
#5831=DIRECTION('',(0.,0.,1.));
#5832=DIRECTION('',(0.,0.,1.));
#5833=DIRECTION('',(1.,0.,0.));
#5834=DIRECTION('',(0.,0.,1.));
#5835=DIRECTION('',(1.,0.,0.));
#5836=DIRECTION('',(0.,0.,1.));
#5837=DIRECTION('',(0.,0.,1.));
#5838=DIRECTION('',(1.,0.,0.));
#5839=DIRECTION('',(0.,0.,1.));
#5840=DIRECTION('',(1.,0.,0.));
#5841=DIRECTION('',(0.,0.,1.));
#5842=DIRECTION('',(0.,0.,1.));
#5843=DIRECTION('',(1.,0.,0.));
#5844=DIRECTION('',(0.,0.,1.));
#5845=DIRECTION('',(0.,0.,1.));
#5846=DIRECTION('',(1.,0.,0.));
#5847=DIRECTION('',(0.,0.,1.));
#5848=DIRECTION('',(0.,0.,1.));
#5849=DIRECTION('',(1.,0.,0.));
#5850=DIRECTION('',(0.,0.,1.));
#5851=DIRECTION('',(1.,0.,0.));
#5852=DIRECTION('',(0.,0.,1.));
#5853=DIRECTION('',(0.,1.,0.));
#5854=DIRECTION('',(0.,0.,1.));
#5855=DIRECTION('',(-1.,0.,0.));
#5856=DIRECTION('',(0.,0.,1.));
#5857=DIRECTION('',(0.,0.,1.));
#5858=DIRECTION('',(1.,0.,0.));
#5859=DIRECTION('',(0.,0.,1.));
#5860=DIRECTION('',(1.,0.,0.));
#5861=DIRECTION('',(0.,0.,1.));
#5862=DIRECTION('',(0.,0.,1.));
#5863=DIRECTION('',(1.,0.,0.));
#5864=DIRECTION('',(0.,0.,1.));
#5865=DIRECTION('',(1.,0.,0.));
#5866=DIRECTION('',(0.,0.,1.));
#5867=DIRECTION('',(0.,0.,1.));
#5868=DIRECTION('',(1.,0.,0.));
#5869=DIRECTION('',(0.,0.,1.));
#5870=DIRECTION('',(1.,0.,0.));
#5871=DIRECTION('',(0.,0.,1.));
#5872=DIRECTION('',(0.,0.,1.));
#5873=DIRECTION('',(1.,0.,0.));
#5874=DIRECTION('',(1.,0.,0.));
#5875=DIRECTION('',(0.,0.,1.));
#5876=DIRECTION('',(1.,0.,0.));
#5877=DIRECTION('',(0.,0.,1.));
#5878=DIRECTION('',(1.,0.,0.));
#5879=DIRECTION('',(0.,0.,1.));
#5880=DIRECTION('',(1.,0.,0.));
#5881=DIRECTION('',(0.,0.,1.));
#5882=DIRECTION('',(0.,0.,1.));
#5883=DIRECTION('',(1.,0.,0.));
#5884=DIRECTION('',(0.,0.,1.));
#5885=DIRECTION('',(0.999801500848409,-0.0199238274753721,0.));
#5886=DIRECTION('',(0.,0.,1.));
#5887=DIRECTION('',(0.,0.,1.));
#5888=DIRECTION('',(1.,0.,0.));
#5889=DIRECTION('',(0.,0.,1.));
#5890=DIRECTION('',(1.,0.,0.));
#5891=DIRECTION('',(0.,0.,1.));
#5892=DIRECTION('',(-5.50532377622056E-5,-0.99999999848457,0.));
#5893=DIRECTION('',(0.999999998484571,-5.50532377622056E-5,0.));
#5894=DIRECTION('',(0.,0.,-1.));
#5895=DIRECTION('',(-0.999999998484571,5.50532377622056E-5,0.));
#5896=DIRECTION('',(0.,0.,-1.));
#5897=DIRECTION('',(0.,0.,1.));
#5898=DIRECTION('',(-0.999999999998781,-1.56149834892387E-6,0.));
#5899=DIRECTION('',(0.,0.,1.));
#5900=DIRECTION('',(0.,0.,-1.));
#5901=DIRECTION('',(0.,-1.,0.));
#5902=DIRECTION('',(0.,0.,-1.));
#5903=DIRECTION('',(-1.,0.,0.));
#5904=DIRECTION('',(0.,0.,-1.));
#5905=DIRECTION('',(-1.,0.,0.));
#5906=DIRECTION('',(0.,-1.,0.));
#5907=DIRECTION('',(0.,0.,-1.));
#5908=DIRECTION('',(0.,0.,-1.));
#5909=DIRECTION('',(-1.,0.,0.));
#5910=DIRECTION('',(0.,0.,-1.));
#5911=DIRECTION('',(-1.,0.,0.));
#5912=DIRECTION('',(0.,0.,-1.));
#5913=DIRECTION('',(-1.,0.,0.));
#5914=DIRECTION('',(0.,0.,1.));
#5915=DIRECTION('',(1.,0.,0.));
#5916=DIRECTION('',(0.,0.,-1.));
#5917=DIRECTION('',(0.,0.,1.));
#5918=DIRECTION('',(1.,0.,0.));
#5919=DIRECTION('',(0.,0.,-1.));
#5920=DIRECTION('',(-1.,0.,0.));
#5921=DIRECTION('',(0.,0.,1.));
#5922=DIRECTION('',(1.,0.,0.));
#5923=DIRECTION('',(0.,0.,-1.));
#5924=DIRECTION('',(0.,0.,1.));
#5925=DIRECTION('',(1.,0.,0.));
#5926=DIRECTION('',(0.964184872023037,-0.265231092751055,0.));
#5927=DIRECTION('',(0.265231092751055,0.964184872023038,0.));
#5928=DIRECTION('',(0.964184872023037,0.265231092751055,0.));
#5929=DIRECTION('',(-0.265231092751055,0.964184872023038,0.));
#5930=DIRECTION('',(0.,0.,-1.));
#5931=DIRECTION('',(-1.,0.,0.));
#5932=DIRECTION('',(0.,0.,1.));
#5933=DIRECTION('',(1.,0.,0.));
#5934=DIRECTION('',(0.,0.,1.));
#5935=DIRECTION('',(1.,0.,0.));
#5936=DIRECTION('',(0.,0.,-1.));
#5937=DIRECTION('',(0.,0.,1.));
#5938=DIRECTION('',(1.,0.,0.));
#5939=DIRECTION('',(0.,0.,-1.));
#5940=DIRECTION('',(-1.,0.,0.));
#5941=DIRECTION('',(0.,0.,1.));
#5942=DIRECTION('',(1.,0.,0.));
#5943=DIRECTION('',(0.,0.,-1.));
#5944=DIRECTION('',(0.,0.,1.));
#5945=DIRECTION('',(1.,0.,0.));
#5946=DIRECTION('',(0.,0.,-1.));
#5947=DIRECTION('',(-1.,0.,0.));
#5948=DIRECTION('',(0.,0.,1.));
#5949=DIRECTION('',(1.,0.,0.));
#5950=DIRECTION('',(0.,0.,-1.));
#5951=DIRECTION('',(0.,0.,1.));
#5952=DIRECTION('',(1.,0.,0.));
#5953=DIRECTION('',(0.,1.,0.));
#5954=DIRECTION('',(0.,0.,1.));
#5955=DIRECTION('',(1.,0.,0.));
#5956=DIRECTION('',(0.,0.,-1.));
#5957=DIRECTION('',(1.,0.,0.));
#5958=DIRECTION('',(-0.707106781186559,0.707106781186536,0.));
#5959=DIRECTION('',(-0.707106781186536,-0.707106781186559,0.));
#5960=DIRECTION('',(0.707106781186536,0.707106781186559,0.));
#5961=DIRECTION('',(0.,0.,-1.));
#5962=DIRECTION('',(0.707106781186536,0.707106781186559,0.));
#5963=DIRECTION('',(0.,-1.,0.));
#5964=DIRECTION('',(0.,0.,-1.));
#5965=DIRECTION('',(-1.,0.,0.));
#5966=DIRECTION('',(0.,-1.,0.));
#5967=DIRECTION('',(-1.,0.,0.));
#5968=DIRECTION('',(0.,-1.,0.));
#5969=DIRECTION('',(1.,0.,0.));
#5970=DIRECTION('',(-1.,0.,0.));
#5971=DIRECTION('',(0.,0.,1.));
#5972=DIRECTION('',(-1.,0.,0.));
#5973=DIRECTION('',(-0.000667903532617678,-0.999999776952411,0.));
#5974=DIRECTION('',(0.999999776952411,-0.000667903532617678,0.));
#5975=DIRECTION('',(0.,0.,1.));
#5976=DIRECTION('',(-0.999999776952411,0.000667903532617678,0.));
#5977=DIRECTION('',(0.999999776952411,-0.000667903532617678,0.));
#5978=DIRECTION('',(0.,0.,1.));
#5979=DIRECTION('',(1.,0.,0.));
#5980=DIRECTION('',(0.,0.,1.));
#5981=DIRECTION('',(0.,0.,1.));
#5982=DIRECTION('',(1.,0.,0.));
#5983=DIRECTION('',(0.,0.,1.));
#5984=DIRECTION('',(1.,0.,0.));
#5985=DIRECTION('',(1.,0.,0.));
#5986=DIRECTION('',(0.,0.,-1.));
#5987=DIRECTION('',(0.,0.,1.));
#5988=DIRECTION('',(0.,-1.,0.));
#5989=DIRECTION('',(0.,1.,0.));
#5990=DIRECTION('',(0.,0.,1.));
#5991=DIRECTION('',(1.,0.,0.));
#5992=DIRECTION('',(0.,0.,1.));
#5993=DIRECTION('',(0.,0.,1.));
#5994=DIRECTION('',(1.,0.,0.));
#5995=DIRECTION('',(0.,0.,1.));
#5996=DIRECTION('',(1.,0.,0.));
#5997=DIRECTION('',(-0.00293812649138118,-0.999995683697045,0.));
#5998=DIRECTION('',(0.999995683697045,-0.00293812649138118,0.));
#5999=DIRECTION('',(0.,0.,1.));
#6000=DIRECTION('',(0.999995683697045,-0.00293812649138118,0.));
#6001=DIRECTION('',(0.999995683697045,-0.00293812649138118,0.));
#6002=DIRECTION('',(0.,-1.,0.));
#6003=DIRECTION('',(0.,0.,-1.));
#6004=DIRECTION('',(0.,0.,1.));
#6005=DIRECTION('',(1.,0.,0.));
#6006=DIRECTION('',(1.,0.,0.));
#6007=DIRECTION('',(0.,0.,-1.));
#6008=DIRECTION('',(4.21977423091715E-5,-0.999999999109675,0.));
#6009=DIRECTION('',(0.999999999109675,4.21977423091715E-5,0.));
#6010=DIRECTION('',(0.,0.,-1.));
#6011=DIRECTION('',(-0.999999999109675,-4.21977423091715E-5,0.));
#6012=DIRECTION('',(0.,0.,-1.));
#6013=DIRECTION('',(-1.,0.,0.));
#6014=DIRECTION('',(0.,0.,1.));
#6015=DIRECTION('',(0.,0.,-1.));
#6016=DIRECTION('',(0.,1.,0.));
#6017=DIRECTION('',(0.,0.,-1.));
#6018=DIRECTION('',(0.,1.,0.));
#6019=DIRECTION('',(0.,-1.,0.));
#6020=DIRECTION('',(0.,0.,-1.));
#6021=DIRECTION('',(0.,0.,-1.));
#6022=DIRECTION('',(-1.,0.,0.));
#6023=DIRECTION('',(-1.,0.,0.));
#6024=DIRECTION('',(0.,1.,0.));
#6025=DIRECTION('',(0.,0.,1.));
#6026=DIRECTION('',(1.,0.,0.));
#6027=DIRECTION('',(0.,0.,-1.));
#6028=DIRECTION('',(1.,0.,0.));
#6029=DIRECTION('',(-3.4521860218444E-16,1.,0.));
#6030=DIRECTION('',(-1.,-3.4521860218444E-16,0.));
#6031=DIRECTION('',(0.,0.,-1.));
#6032=DIRECTION('',(1.,3.4521860218444E-16,0.));
#6033=DIRECTION('',(0.,0.,-1.));
#6034=DIRECTION('',(1.,3.4521860218444E-16,0.));
#6035=DIRECTION('',(-1.,0.,0.));
#6036=DIRECTION('',(0.,0.,1.));
#6037=DIRECTION('',(0.,0.,-1.));
#6038=DIRECTION('',(0.,1.,0.));
#6039=DIRECTION('',(0.,1.,0.));
#6040=DIRECTION('',(0.,1.,0.));
#6041=DIRECTION('',(0.,0.,1.));
#6042=DIRECTION('',(0.,0.,-1.));
#6043=DIRECTION('',(1.,0.,0.));
#6044=DIRECTION('',(-1.,0.,0.));
#6045=DIRECTION('',(1.,0.,0.));
#6046=DIRECTION('',(0.,0.,-1.));
#6047=DIRECTION('',(0.,-1.,0.));
#6048=DIRECTION('',(0.,-1.,0.));
#6049=DIRECTION('',(0.,-1.,0.));
#6050=DIRECTION('',(0.,0.,-1.));
#6051=DIRECTION('',(0.,0.,-1.));
#6052=DIRECTION('',(-1.,0.,0.));
#6053=DIRECTION('',(0.,0.,-1.));
#6054=DIRECTION('',(-1.,0.,0.));
#6055=DIRECTION('',(1.,0.,0.));
#6056=DIRECTION('',(0.,0.,-1.));
#6057=DIRECTION('',(0.,0.,-1.));
#6058=DIRECTION('',(0.,-1.,0.));
#6059=DIRECTION('',(0.,1.,0.));
#6060=DIRECTION('',(0.,1.,0.));
#6061=DIRECTION('',(0.,0.,1.));
#6062=DIRECTION('',(0.,0.,-1.));
#6063=DIRECTION('',(1.,0.,0.));
#6064=DIRECTION('',(-1.,0.,0.));
#6065=DIRECTION('',(1.,0.,0.));
#6066=DIRECTION('',(0.,0.,-1.));
#6067=DIRECTION('',(0.,0.,-1.));
#6068=DIRECTION('',(0.,-1.,0.));
#6069=DIRECTION('',(0.,-1.,0.));
#6070=DIRECTION('',(0.,1.,0.));
#6071=DIRECTION('',(0.,0.,1.));
#6072=DIRECTION('',(0.,0.,-1.));
#6073=DIRECTION('',(1.,0.,0.));
#6074=DIRECTION('',(-1.,0.,0.));
#6075=DIRECTION('',(1.,0.,0.));
#6076=DIRECTION('',(0.,0.,-1.));
#6077=DIRECTION('',(0.,0.,-1.));
#6078=DIRECTION('',(0.,-1.,0.));
#6079=DIRECTION('',(0.,-1.,0.));
#6080=DIRECTION('',(-2.38449962333583E-16,1.,0.));
#6081=DIRECTION('',(-1.,-2.38449962333583E-16,0.));
#6082=DIRECTION('',(0.,0.,-1.));
#6083=DIRECTION('',(1.,2.38449962333583E-16,0.));
#6084=DIRECTION('',(1.,2.38449962333583E-16,0.));
#6085=DIRECTION('',(-1.,0.,0.));
#6086=DIRECTION('',(0.,0.,1.));
#6087=DIRECTION('',(0.,1.,0.));
#6088=DIRECTION('',(0.,1.,0.));
#6089=DIRECTION('',(0.,-1.,0.));
#6090=DIRECTION('',(0.,0.,-1.));
#6091=DIRECTION('',(0.,0.,-1.));
#6092=DIRECTION('',(-1.,0.,0.));
#6093=DIRECTION('',(0.,0.,-1.));
#6094=DIRECTION('',(1.,0.,0.));
#6095=DIRECTION('',(-1.,0.,0.));
#6096=DIRECTION('',(0.,0.,1.));
#6097=DIRECTION('',(0.,0.,-1.));
#6098=DIRECTION('',(0.,1.,0.));
#6099=DIRECTION('',(0.,1.,0.));
#6100=DIRECTION('',(0.,1.,0.));
#6101=DIRECTION('',(0.,0.,1.));
#6102=DIRECTION('',(0.,0.,-1.));
#6103=DIRECTION('',(1.,0.,0.));
#6104=DIRECTION('',(-1.,0.,0.));
#6105=DIRECTION('',(-1.,0.,0.));
#6106=DIRECTION('',(0.,0.,1.));
#6107=DIRECTION('',(0.,1.,0.));
#6108=DIRECTION('',(0.,-1.,0.));
#6109=DIRECTION('',(0.,-1.,0.));
#6110=DIRECTION('',(0.,0.,-1.));
#6111=DIRECTION('',(0.,0.,-1.));
#6112=DIRECTION('',(-1.,0.,0.));
#6113=DIRECTION('',(0.,0.,-1.));
#6114=DIRECTION('',(-1.,0.,0.));
#6115=DIRECTION('',(-1.,0.,0.));
#6116=DIRECTION('',(0.,0.,1.));
#6117=DIRECTION('',(0.,0.,-1.));
#6118=DIRECTION('',(0.,1.,0.));
#6119=DIRECTION('',(0.,-1.,0.));
#6120=DIRECTION('',(0.,-1.,0.));
#6121=DIRECTION('',(0.,0.,-1.));
#6122=DIRECTION('',(0.,0.,-1.));
#6123=DIRECTION('',(-1.,0.,0.));
#6124=DIRECTION('',(1.,0.,0.));
#6125=DIRECTION('',(-1.,0.,0.));
#6126=DIRECTION('',(0.,0.,1.));
#6127=DIRECTION('',(0.,1.,0.));
#6128=DIRECTION('',(0.,1.,0.));
#6129=DIRECTION('',(0.,-1.,0.));
#6130=DIRECTION('',(0.,0.,-1.));
#6131=DIRECTION('',(0.,0.,-1.));
#6132=DIRECTION('',(-1.,0.,0.));
#6133=DIRECTION('',(0.,0.,-1.));
#6134=DIRECTION('',(-1.,0.,0.));
#6135=DIRECTION('',(1.,0.,0.));
#6136=DIRECTION('',(0.,0.,-1.));
#6137=DIRECTION('',(0.,0.,-1.));
#6138=DIRECTION('',(0.,-1.,0.));
#6139=DIRECTION('',(0.,-1.,0.));
#6140=DIRECTION('',(-8.98238693062425E-17,-1.,0.));
#6141=DIRECTION('',(1.,-8.98238693062425E-17,0.));
#6142=DIRECTION('',(0.,0.,-1.));
#6143=DIRECTION('',(-1.,8.98238693062425E-17,0.));
#6144=DIRECTION('',(1.,-8.98238693062425E-17,0.));
#6145=DIRECTION('',(1.,0.,0.));
#6146=DIRECTION('',(0.,0.,-1.));
#6147=DIRECTION('',(0.,-1.,0.));
#6148=DIRECTION('',(0.,1.,0.));
#6149=DIRECTION('',(0.,1.,0.));
#6150=DIRECTION('',(0.,0.,1.));
#6151=DIRECTION('',(0.,0.,-1.));
#6152=DIRECTION('',(1.,0.,0.));
#6153=DIRECTION('',(0.,0.,-1.));
#6154=DIRECTION('',(1.,0.,0.));
#6155=DIRECTION('',(-1.,0.,0.));
#6156=DIRECTION('',(0.,0.,1.));
#6157=DIRECTION('',(0.,0.,-1.));
#6158=DIRECTION('',(0.,1.,0.));
#6159=DIRECTION('',(0.,1.,0.));
#6160=DIRECTION('',(0.,1.,0.));
#6161=DIRECTION('',(0.,0.,1.));
#6162=DIRECTION('',(0.,0.,-1.));
#6163=DIRECTION('',(1.,0.,0.));
#6164=DIRECTION('',(1.,0.,0.));
#6165=DIRECTION('',(-1.,0.,0.));
#6166=DIRECTION('',(0.,0.,1.));
#6167=DIRECTION('',(0.,0.,-1.));
#6168=DIRECTION('',(0.,0.992546151641322,-0.121869343405147));
#6169=DIRECTION('',(0.,0.998449043450197,0.0556732218700064));
#6170=DIRECTION('',(0.,0.,1.));
#6171=DIRECTION('',(0.,-1.,0.));
#6172=DIRECTION('',(-0.707106781186547,-0.0393669127147847,0.706010089292856));
#6173=DIRECTION('',(0.,-0.998449043450197,-0.0556732218700064));
#6174=DIRECTION('',(-0.58777525497327,0.587775254973275,-0.555914111425686));
#6175=DIRECTION('',(0.705705268958624,0.023543209471619,0.708114249716676));
#6176=DIRECTION('',(0.,-0.998449043450197,-0.0556732218700064));
#6177=DIRECTION('',(0.589121309450409,0.519401059802859,0.618998079017297));
#6178=DIRECTION('',(0.,0.998449043450197,0.0556732218700064));
#6179=DIRECTION('',(0.,-0.0556732218700064,0.998449043450197));
#6180=DIRECTION('',(-6.81070641447516E-17,1.,0.));
#6181=DIRECTION('',(1.22143879523099E-15,8.31886103756854E-32,1.));
#6182=DIRECTION('',(0.,-0.998449043450197,-0.0556732218700064));
#6183=DIRECTION('',(0.,0.999447751180871,-0.0332293945099906));
#6184=DIRECTION('',(0.,-0.0332293945099918,-0.999447751180871));
#6185=DIRECTION('',(0.,-0.998449043450197,-0.0556732218700064));
#6186=DIRECTION('',(0.819152044288995,-0.573576436351042,0.));
#6187=DIRECTION('',(0.573576436351042,0.819152044288995,0.));
#6188=DIRECTION('',(0.,0.,1.));
#6189=DIRECTION('',(-0.410429197131369,-0.586153639791937,-0.698549772529319));
#6190=DIRECTION('',(0.,0.,1.));
#6191=DIRECTION('',(0.410428929490724,0.586153257561483,0.698550250509697));
#6192=DIRECTION('',(0.,-0.766044443118978,0.64278760968654));
#6193=DIRECTION('',(0.,-0.64278760968654,-0.766044443118978));
#6194=DIRECTION('',(-0.540716203060934,0.540716203060939,0.644400477571773));
#6195=DIRECTION('',(1.,0.,0.));
#6196=DIRECTION('',(1.,6.81070641447516E-17,8.1166838375552E-17));
#6197=DIRECTION('',(-1.,0.,0.));
#6198=DIRECTION('',(-0.707106781186551,-0.707106781186544,0.));
#6199=DIRECTION('',(0.,0.,1.));
#6200=DIRECTION('',(0.,0.,-1.));
#6201=DIRECTION('',(0.707106781186544,-0.707106781186551,6.40987562127857E-17));
#6202=DIRECTION('',(0.,0.,-1.));
#6203=DIRECTION('',(-1.,0.,0.));
#6204=DIRECTION('',(0.,0.,1.));
#6205=DIRECTION('',(1.,0.,0.));
#6206=DIRECTION('',(0.,0.,-1.));
#6207=DIRECTION('',(-1.,0.,0.));
#6208=DIRECTION('',(0.,0.,1.));
#6209=DIRECTION('',(1.,0.,0.));
#6210=DIRECTION('',(0.,0.,-1.));
#6211=DIRECTION('',(-1.,0.,0.));
#6212=DIRECTION('',(0.,0.,1.));
#6213=DIRECTION('',(1.,0.,0.));
#6214=DIRECTION('',(0.,0.,-1.));
#6215=DIRECTION('',(-1.,0.,0.));
#6216=DIRECTION('',(0.,0.,1.));
#6217=DIRECTION('',(1.,0.,0.));
#6218=DIRECTION('',(0.,0.,-1.));
#6219=DIRECTION('',(-1.,0.,0.));
#6220=DIRECTION('',(0.,0.,1.));
#6221=DIRECTION('',(1.,0.,0.));
#6222=DIRECTION('',(0.,0.,-1.));
#6223=DIRECTION('',(-1.,0.,0.));
#6224=DIRECTION('',(0.,0.,1.));
#6225=DIRECTION('',(1.,0.,0.));
#6226=DIRECTION('',(0.,0.,-1.));
#6227=DIRECTION('',(-1.,0.,0.));
#6228=DIRECTION('',(0.,0.,1.));
#6229=DIRECTION('',(1.,0.,0.));
#6230=DIRECTION('',(0.,0.,-1.));
#6231=DIRECTION('',(-1.,0.,0.));
#6232=DIRECTION('',(0.,0.,1.));
#6233=DIRECTION('',(1.,0.,0.));
#6234=DIRECTION('',(0.,0.,-1.));
#6235=DIRECTION('',(-1.,0.,0.));
#6236=DIRECTION('',(0.,0.,1.));
#6237=DIRECTION('',(1.,0.,0.));
#6238=DIRECTION('',(0.,0.,-1.));
#6239=DIRECTION('',(-1.,0.,0.));
#6240=DIRECTION('',(0.,0.,1.));
#6241=DIRECTION('',(1.,0.,0.));
#6242=DIRECTION('',(-6.81070641447516E-17,1.,0.));
#6243=DIRECTION('',(-1.,-6.81070641447516E-17,0.));
#6244=DIRECTION('',(0.,0.,1.));
#6245=DIRECTION('',(-6.81070641447516E-17,1.,0.));
#6246=DIRECTION('',(-1.,-6.81070641447516E-17,0.));
#6247=DIRECTION('',(1.,6.81070641447516E-17,0.));
#6248=DIRECTION('',(0.,-0.766044020150372,0.642788113760559));
#6249=DIRECTION('',(-1.,0.,0.));
#6250=DIRECTION('',(1.,0.,0.));
#6251=DIRECTION('',(-0.410429197131373,0.586153639791936,0.698549772529318));
#6252=DIRECTION('',(-1.,0.,0.));
#6253=DIRECTION('',(0.,0.,1.));
#6254=DIRECTION('',(1.,0.,0.));
#6255=DIRECTION('',(0.,0.707106781186567,-0.707106781186528));
#6256=DIRECTION('',(0.,0.,1.));
#6257=DIRECTION('',(1.,0.,0.));
#6258=DIRECTION('',(3.06658683336666E-15,-0.707106781186567,-0.707106781186528));
#6259=DIRECTION('',(0.,0.,-1.));
#6260=DIRECTION('',(-1.,0.,0.));
#6261=DIRECTION('',(0.,0.,1.));
#6262=DIRECTION('',(1.,0.,0.));
#6263=DIRECTION('',(-5.66441587572167E-8,-0.707113051818665,-0.707100510498819));
#6264=DIRECTION('',(0.,0.,-1.));
#6265=DIRECTION('',(-1.,0.,0.));
#6266=DIRECTION('',(0.,0.,1.));
#6267=DIRECTION('',(1.,0.,0.));
#6268=DIRECTION('',(0.,0.707106781186548,-0.707106781186548));
#6269=DIRECTION('',(0.,-0.707106781186548,-0.707106781186548));
#6270=DIRECTION('',(-1.,0.,0.));
#6271=DIRECTION('',(-1.,0.,0.));
#6272=DIRECTION('',(0.,0.707106781186548,-0.707106781186548));
#6273=DIRECTION('',(0.,0.,-1.));
#6274=DIRECTION('',(-1.,0.,0.));
#6275=DIRECTION('',(-7.0696122453919E-8,0.707113051814072,0.707100510503411));
#6276=DIRECTION('',(0.,0.,1.));
#6277=DIRECTION('',(1.,0.,0.));
#6278=DIRECTION('',(0.,0.,-1.));
#6279=DIRECTION('',(-1.,0.,0.));
#6280=DIRECTION('',(6.28183590856838E-8,0.707106781186546,0.707106781186546));
#6281=DIRECTION('',(0.,0.,1.));
#6282=DIRECTION('',(1.,0.,0.));
#6283=DIRECTION('',(0.,0.,1.));
#6284=DIRECTION('',(1.,0.,0.));
#6285=DIRECTION('',(0.,-0.707106781186548,0.707106781186548));
#6286=DIRECTION('',(0.,0.,1.));
#6287=DIRECTION('',(1.,0.,0.));
#6288=DIRECTION('',(0.,-0.707106781186548,-0.707106781186548));
#6289=DIRECTION('',(-1.,0.,0.));
#6290=DIRECTION('',(1.,0.,0.));
#6291=DIRECTION('',(-1.,0.,0.));
#6292=DIRECTION('',(0.,0.,-1.));
#6293=DIRECTION('',(-1.,0.,0.));
#6294=DIRECTION('',(-1.40514639543675E-8,0.707106781186547,0.707106781186547));
#6295=DIRECTION('',(0.,0.,1.));
#6296=DIRECTION('',(1.,0.,0.));
#6297=DIRECTION('',(0.,0.,-1.));
#6298=DIRECTION('',(-1.,0.,0.));
#6299=DIRECTION('',(0.,-0.707106781186548,0.707106781186548));
#6300=DIRECTION('',(0.,0.,1.));
#6301=DIRECTION('',(1.,0.,0.));
#6302=DIRECTION('',(0.,-0.707106781186548,-0.707106781186548));
#6303=DIRECTION('',(-1.,0.,0.));
#6304=DIRECTION('',(0.,-0.707106781186548,0.707106781186548));
#6305=DIRECTION('',(-1.,0.,0.));
#6306=DIRECTION('',(0.,0.,-1.));
#6307=DIRECTION('',(-1.,0.,0.));
#6308=DIRECTION('',(0.,0.,1.));
#6309=DIRECTION('',(1.,0.,0.));
#6310=DIRECTION('',(0.,0.,1.));
#6311=DIRECTION('',(1.,0.,0.));
#6312=DIRECTION('',(0.,0.,1.));
#6313=DIRECTION('',(1.,0.,0.));
#6314=DIRECTION('',(0.,0.,1.));
#6315=DIRECTION('',(1.,0.,0.));
#6316=DIRECTION('',(0.,-0.707106781186548,-0.707106781186548));
#6317=DIRECTION('',(-1.,0.,0.));
#6318=DIRECTION('',(-1.,0.,0.));
#6319=DIRECTION('',(0.00207756468239369,0.707105255151236,-0.707105255151236));
#6320=DIRECTION('',(-0.00207756916603949,-0.707103729099464,-0.707106781186542));
#6321=DIRECTION('',(-0.999995683697045,0.00293812649138118,0.));
#6322=DIRECTION('',(-0.999995683697045,0.00293812649138118,0.));
#6323=DIRECTION('',(0.,0.,-1.));
#6324=DIRECTION('',(-1.,0.,0.));
#6325=DIRECTION('',(0.,0.,1.));
#6326=DIRECTION('',(1.,0.,0.));
#6327=DIRECTION('',(0.707106781188981,0.,-0.707106781184114));
#6328=DIRECTION('',(0.707106781186548,0.,0.707106781186548));
#6329=DIRECTION('',(0.,1.,0.));
#6330=DIRECTION('',(0.,1.,0.));
#6331=DIRECTION('',(0.707106781183719,-2.8284270839938E-6,-0.707106781183719));
#6332=DIRECTION('',(0.,0.,-1.));
#6333=DIRECTION('',(-1.,0.,0.));
#6334=DIRECTION('',(0.,0.,1.));
#6335=DIRECTION('',(1.,0.,0.));
#6336=DIRECTION('',(-0.000472279117074137,-0.707106623468078,-0.707106781186554));
#6337=DIRECTION('',(-0.000472279117092409,-0.707106623468083,0.707106781186549));
#6338=DIRECTION('',(0.999999776952411,-0.000667903532617678,0.));
#6339=DIRECTION('',(0.999999776952411,-0.000667903532617678,0.));
#6340=DIRECTION('',(-1.05353192228295E-10,-0.707106860045753,-0.707106702327334));
#6341=DIRECTION('',(0.,-0.707106781186548,0.707106781186548));
#6342=DIRECTION('',(1.,0.,0.));
#6343=DIRECTION('',(1.,0.,0.));
#6344=DIRECTION('',(0.,-0.707106781186548,-0.707106781186548));
#6345=DIRECTION('',(0.,0.,1.));
#6346=DIRECTION('',(1.,0.,0.));
#6347=DIRECTION('',(0.,0.,1.));
#6348=DIRECTION('',(1.,0.,0.));
#6349=DIRECTION('',(6.28186927303313E-8,0.707106781186546,-0.707106781186546));
#6350=DIRECTION('',(0.,0.,-1.));
#6351=DIRECTION('',(-1.,0.,0.));
#6352=DIRECTION('',(0.,0.,1.));
#6353=DIRECTION('',(1.,0.,0.));
#6354=DIRECTION('',(7.06960832019576E-8,0.707113051814053,-0.70710051050343));
#6355=DIRECTION('',(0.,0.,-1.));
#6356=DIRECTION('',(-1.,0.,0.));
#6357=DIRECTION('',(0.,0.,1.));
#6358=DIRECTION('',(1.,0.,0.));
#6359=DIRECTION('',(0.,-0.707106781186548,-0.707106781186548));
#6360=DIRECTION('',(0.,0.707106781186548,-0.707106781186548));
#6361=DIRECTION('',(1.,0.,0.));
#6362=DIRECTION('',(1.,0.,0.));
#6363=DIRECTION('',(0.,-0.707106781186548,-0.707106781186548));
#6364=DIRECTION('',(0.,0.,-1.));
#6365=DIRECTION('',(-1.,0.,0.));
#6366=DIRECTION('',(8.47481290826367E-8,-0.707113051809469,0.707100510508012));
#6367=DIRECTION('',(0.,0.,1.));
#6368=DIRECTION('',(1.,0.,0.));
#6369=DIRECTION('',(0.,0.,-1.));
#6370=DIRECTION('',(-1.,0.,0.));
#6371=DIRECTION('',(0.,-0.707106781186567,0.707106781186528));
#6372=DIRECTION('',(0.,0.,1.));
#6373=DIRECTION('',(1.,0.,0.));
#6374=DIRECTION('',(0.,0.,1.));
#6375=DIRECTION('',(1.,0.,0.));
#6376=DIRECTION('',(0.,0.707106781186567,0.707106781186528));
#6377=DIRECTION('',(0.,0.,1.));
#6378=DIRECTION('',(1.,0.,0.));
#6379=DIRECTION('',(0.,-0.707106781186528,0.707106781186567));
#6380=DIRECTION('',(-1.,0.,0.));
#6381=DIRECTION('',(1.,0.,0.));
#6382=DIRECTION('',(0.,-0.707106781186528,0.707106781186567));
#6383=DIRECTION('',(-0.816496580927709,-0.408248290463891,-0.408248290463869));
#6384=DIRECTION('',(-0.707106781186536,-0.707106781186559,0.));
#6385=DIRECTION('',(0.707106781186559,-0.707106781186536,0.));
#6386=DIRECTION('',(-0.923879532511284,-0.382683432365097,0.));
#6387=DIRECTION('',(0.382683432365097,-0.923879532511284,0.));
#6388=DIRECTION('',(0.707106781186536,0.707106781186559,0.));
#6389=DIRECTION('',(-1.,0.,0.));
#6390=DIRECTION('',(0.,0.,1.));
#6391=DIRECTION('',(1.,0.,0.));
#6392=DIRECTION('',(0.,0.,-1.));
#6393=DIRECTION('',(1.,0.,0.));
#6394=DIRECTION('',(0.,0.,1.));
#6395=DIRECTION('',(1.,0.,0.));
#6396=DIRECTION('',(0.259969379067628,-0.965616860844503,0.));
#6397=DIRECTION('',(0.965616860844503,0.259969379067628,0.));
#6398=DIRECTION('',(0.,0.,1.));
#6399=DIRECTION('',(1.,0.,0.));
#6400=DIRECTION('',(0.,0.,1.));
#6401=DIRECTION('',(1.,0.,0.));
#6402=DIRECTION('',(0.595849733383095,-0.803095943973878,0.));
#6403=DIRECTION('',(0.803095943973878,0.595849733383095,0.));
#6404=DIRECTION('',(0.,0.,1.));
#6405=DIRECTION('',(1.,0.,0.));
#6406=DIRECTION('',(0.,0.,1.));
#6407=DIRECTION('',(1.,0.,0.));
#6408=DIRECTION('',(0.595849733383059,0.803095943973905,0.));
#6409=DIRECTION('',(-0.803095943973905,0.595849733383059,0.));
#6410=DIRECTION('',(0.,0.,1.));
#6411=DIRECTION('',(1.,0.,0.));
#6412=DIRECTION('',(0.,0.,1.));
#6413=DIRECTION('',(1.,0.,0.));
#6414=DIRECTION('',(0.259969379067628,0.965616860844503,0.));
#6415=DIRECTION('',(-0.965616860844503,0.259969379067628,0.));
#6416=DIRECTION('',(0.,0.,1.));
#6417=DIRECTION('',(1.,0.,0.));
#6418=DIRECTION('',(0.,0.,1.));
#6419=DIRECTION('',(1.,0.,0.));
#6420=DIRECTION('',(1.,0.,0.));
#6421=DIRECTION('',(0.,0.,-1.));
#6422=DIRECTION('',(0.,0.,1.));
#6423=DIRECTION('',(1.,0.,0.));
#6424=DIRECTION('',(-1.,0.,0.));
#6425=DIRECTION('',(0.,0.,1.));
#6426=DIRECTION('',(-0.707106781186548,-0.707106781186548,0.));
#6427=DIRECTION('',(-0.707106781186548,0.707106781186548,0.));
#6428=DIRECTION('',(-1.,0.,0.));
#6429=DIRECTION('',(0.,-0.707106781186528,0.707106781186567));
#6430=DIRECTION('',(-1.,0.,0.));
#6431=DIRECTION('',(0.577350269189636,-0.577350269189636,-0.577350269189604));
#6432=DIRECTION('',(1.,0.,0.));
#6433=DIRECTION('',(0.,0.,-1.));
#6434=DIRECTION('',(-1.,0.,0.));
#6435=DIRECTION('',(0.,-0.707106781186548,0.707106781186548));
#6436=DIRECTION('',(0.,0.,1.));
#6437=DIRECTION('',(1.,0.,0.));
#6438=DIRECTION('',(0.,0.,-1.));
#6439=DIRECTION('',(-1.,0.,0.));
#6440=DIRECTION('',(0.,0.707106781186548,0.707106781186548));
#6441=DIRECTION('',(0.,0.,1.));
#6442=DIRECTION('',(1.,0.,0.));
#6443=DIRECTION('',(0.,0.707106781186548,-0.707106781186548));
#6444=DIRECTION('',(1.,0.,0.));
#6445=DIRECTION('',(-6.13317366673349E-16,0.707106781186548,0.707106781186548));
#6446=DIRECTION('',(1.,0.,0.));
#6447=DIRECTION('',(0.,0.,-1.));
#6448=DIRECTION('',(-1.,0.,0.));
#6449=DIRECTION('',(8.47481585216081E-8,-0.707113051809479,0.707100510508002));
#6450=DIRECTION('',(0.,0.,1.));
#6451=DIRECTION('',(1.,0.,0.));
#6452=DIRECTION('',(0.,0.,-1.));
#6453=DIRECTION('',(-1.,0.,0.));
#6454=DIRECTION('',(4.29322156671345E-15,-0.707106781186548,0.707106781186548));
#6455=DIRECTION('',(0.,0.,1.));
#6456=DIRECTION('',(1.,0.,0.));
#6457=DIRECTION('',(0.,0.,1.));
#6458=DIRECTION('',(1.,0.,0.));
#6459=DIRECTION('',(0.,0.707106781186548,0.707106781186548));
#6460=DIRECTION('',(0.,0.,1.));
#6461=DIRECTION('',(1.,0.,0.));
#6462=DIRECTION('',(0.,1.,0.));
#6463=DIRECTION('',(0.,0.,1.));
#6464=DIRECTION('',(-1.,0.,0.));
#6465=DIRECTION('',(0.,0.,1.));
#6466=DIRECTION('',(-1.,0.,0.));
#6467=DIRECTION('',(0.,-1.,0.));
#6468=DIRECTION('',(0.,0.,-1.));
#6469=DIRECTION('',(1.,0.,0.));
#6470=DIRECTION('',(0.,0.,1.));
#6471=DIRECTION('',(1.,0.,0.));
#6472=DIRECTION('',(1.,0.,0.));
#6473=DIRECTION('',(0.,0.,-1.));
#6474=DIRECTION('',(0.,-1.,0.));
#6475=DIRECTION('',(0.,0.,-1.));
#6476=DIRECTION('',(0.,1.,0.));
#6477=DIRECTION('',(-1.,0.,0.));
#6478=DIRECTION('',(0.,0.,1.));
#6479=DIRECTION('',(0.,0.,-1.));
#6480=DIRECTION('',(0.,1.,0.));
#6481=DIRECTION('',(0.,1.,0.));
#6482=DIRECTION('',(-1.,0.,0.));
#6483=DIRECTION('',(0.,0.,1.));
#6484=DIRECTION('',(0.,0.,-1.));
#6485=DIRECTION('',(0.,1.,0.));
#6486=DIRECTION('',(0.,0.,-1.));
#6487=DIRECTION('',(0.,1.,0.));
#6488=DIRECTION('',(0.999999998484571,-5.50532377622056E-5,0.));
#6489=DIRECTION('',(5.50532377622056E-5,0.999999998484571,0.));
#6490=DIRECTION('',(-0.999999998484571,5.50532377622056E-5,0.));
#6491=DIRECTION('',(1.,0.,0.));
#6492=DIRECTION('',(0.,0.,-1.));
#6493=DIRECTION('',(-1.,0.,0.));
#6494=DIRECTION('',(-0.707106781186548,-0.707106781186548,0.));
#6495=DIRECTION('',(0.707106781186548,-0.707106781186548,0.));
#6496=DIRECTION('',(-0.707106781186548,-0.707106781186548,0.));
#6497=DIRECTION('',(0.707106781186548,-0.707106781186548,0.));
#6498=DIRECTION('',(-0.707106781186548,0.707106781186548,0.));
#6499=DIRECTION('',(-0.707106781186548,-0.707106781186548,0.));
#6500=DIRECTION('',(0.707106781186548,-0.707106781186548,0.));
#6501=DIRECTION('',(-0.707106781186548,0.707106781186548,0.));
#6502=DIRECTION('',(1.,0.,0.));
#6503=DIRECTION('',(0.,0.,-1.));
#6504=DIRECTION('',(1.,0.,0.));
#6505=DIRECTION('',(0.,0.,-1.));
#6506=DIRECTION('',(-1.,0.,0.));
#6507=DIRECTION('',(0.,0.,1.));
#6508=DIRECTION('',(1.,0.,0.));
#6509=DIRECTION('',(0.259969379067628,0.965616860844503,0.));
#6510=DIRECTION('',(-0.965616860844503,0.259969379067628,0.));
#6511=DIRECTION('',(0.,0.,1.));
#6512=DIRECTION('',(1.,0.,0.));
#6513=DIRECTION('',(0.,0.,1.));
#6514=DIRECTION('',(1.,0.,0.));
#6515=DIRECTION('',(0.595849733383049,0.803095943973913,0.));
#6516=DIRECTION('',(-0.803095943973913,0.595849733383049,0.));
#6517=DIRECTION('',(0.,0.,1.));
#6518=DIRECTION('',(1.,0.,0.));
#6519=DIRECTION('',(0.,0.,1.));
#6520=DIRECTION('',(1.,0.,0.));
#6521=DIRECTION('',(0.,0.,1.));
#6522=DIRECTION('',(1.,0.,0.));
#6523=DIRECTION('',(0.,1.,0.));
#6524=DIRECTION('',(0.,0.,1.));
#6525=DIRECTION('',(0.707106781186548,0.707106781186548,0.));
#6526=DIRECTION('',(-0.707106781186548,0.707106781186548,0.));
#6527=DIRECTION('',(-0.707106781186548,0.707106781186548,0.));
#6528=DIRECTION('',(-0.707106781186548,-0.707106781186548,0.));
#6529=DIRECTION('',(0.,-1.,0.));
#6530=DIRECTION('',(1.,0.,0.));
#6531=DIRECTION('',(0.,0.,-1.));
#6532=DIRECTION('',(0.707106781186548,0.707106781186548,0.));
#6533=DIRECTION('',(-0.707106781186548,0.707106781186548,0.));
#6534=DIRECTION('',(1.,0.,0.));
#6535=DIRECTION('',(0.,1.,0.));
#6536=DIRECTION('',(0.,0.,1.));
#6537=DIRECTION('',(0.707106781186548,0.707106781186548,0.));
#6538=DIRECTION('',(-0.707106781186548,0.707106781186548,0.));
#6539=DIRECTION('',(0.,-1.,0.));
#6540=DIRECTION('',(1.,0.,0.));
#6541=DIRECTION('',(0.,0.,-1.));
#6542=DIRECTION('',(0.707106781186548,-0.707106781186548,0.));
#6543=DIRECTION('',(-0.707106781186548,-0.707106781186548,0.));
#6544=DIRECTION('',(1.,0.,0.));
#6545=DIRECTION('',(0.,-1.,0.));
#6546=DIRECTION('',(0.,0.,-1.));
#6547=DIRECTION('',(0.,-1.,0.));
#6548=DIRECTION('',(0.707106781186548,-0.707106781186548,0.));
#6549=DIRECTION('',(-0.707106781186548,-0.707106781186548,0.));
#6550=DIRECTION('',(1.,0.,0.));
#6551=DIRECTION('',(0.,0.,-1.));
#6552=DIRECTION('',(-1.,0.,0.));
#6553=DIRECTION('',(0.707106781186548,-0.707106781186548,0.));
#6554=DIRECTION('',(0.707106781186548,0.707106781186548,0.));
#6555=DIRECTION('',(0.,-1.,0.));
#6556=DIRECTION('',(0.,0.,-1.));
#6557=DIRECTION('',(0.,1.,0.));
#6558=DIRECTION('',(-0.707106781186548,-0.707106781186548,0.));
#6559=DIRECTION('',(-0.707106781186548,0.707106781186548,0.));
#6560=DIRECTION('',(-1.,-2.38449962333583E-16,0.));
#6561=DIRECTION('',(2.38449962333583E-16,-1.,0.));
#6562=DIRECTION('',(1.,2.38449962333583E-16,0.));
#6563=DIRECTION('',(1.,2.38449962333583E-16,0.));
#6564=DIRECTION('',(0.,0.,1.));
#6565=DIRECTION('',(1.,0.,0.));
#6566=DIRECTION('',(0.595849733383095,-0.803095943973878,0.));
#6567=DIRECTION('',(0.803095943973878,0.595849733383095,0.));
#6568=DIRECTION('',(0.,0.,1.));
#6569=DIRECTION('',(1.,0.,0.));
#6570=DIRECTION('',(0.,0.,1.));
#6571=DIRECTION('',(1.,0.,0.));
#6572=DIRECTION('',(0.259969379067628,-0.965616860844503,0.));
#6573=DIRECTION('',(0.965616860844503,0.259969379067628,0.));
#6574=DIRECTION('',(0.,0.,1.));
#6575=DIRECTION('',(1.,0.,0.));
#6576=DIRECTION('',(0.,0.,1.));
#6577=DIRECTION('',(1.,0.,0.));
#6578=DIRECTION('',(1.,0.,0.));
#6579=DIRECTION('',(0.,0.,-1.));
#6580=DIRECTION('',(0.,0.,1.));
#6581=DIRECTION('',(1.,0.,0.));
#6582=DIRECTION('',(1.,0.,0.));
#6583=DIRECTION('',(0.,0.,-1.));
#6584=DIRECTION('',(0.923879532511284,0.382683432365097,0.));
#6585=DIRECTION('',(0.382683432365097,-0.923879532511284,0.));
#6586=DIRECTION('',(1.,0.,0.));
#6587=DIRECTION('',(0.707106781186536,0.707106781186559,0.));
#6588=DIRECTION('',(-0.707106781186559,0.707106781186536,0.));
#6589=DIRECTION('',(0.707106781186536,0.707106781186559,0.));
#6590=DIRECTION('',(1.,0.,0.));
#6591=DIRECTION('',(0.,0.,-1.));
#6592=DIRECTION('',(-1.,0.,0.));
#6593=DIRECTION('',(-0.99999977695251,0.,0.00066790338364538));
#6594=DIRECTION('',(0.00066790338364538,0.,0.99999977695251));
#6595=DIRECTION('',(-0.999999776952411,0.000667903532617678,0.));
#6596=DIRECTION('',(-0.000667903532617678,-0.999999776952411,0.));
#6597=DIRECTION('',(0.999999776952411,-0.000667903532617678,0.));
#6598=DIRECTION('',(-0.999999776952411,0.000667903532619588,-2.67147476211148E-9));
#6599=DIRECTION('',(-0.000667903532619588,-0.999999776952411,0.));
#6600=DIRECTION('',(0.,0.,1.));
#6601=DIRECTION('',(1.,0.,0.));
#6602=DIRECTION('',(0.,0.,1.));
#6603=DIRECTION('',(1.,0.,0.));
#6604=DIRECTION('',(-3.9999999492904E-6,-0.999999999984,-3.99999994932716E-6));
#6605=DIRECTION('',(0.,3.99999994935916E-6,-0.999999999992));
#6606=DIRECTION('',(0.,-1.,0.));
#6607=DIRECTION('',(0.,0.,-1.));
#6608=DIRECTION('',(0.,1.,0.));
#6609=DIRECTION('',(0.,-0.999999999992,3.9999999839848E-6));
#6610=DIRECTION('',(0.,-3.9999999839848E-6,-0.999999999992));
#6611=DIRECTION('',(0.,0.,1.));
#6612=DIRECTION('',(1.,0.,0.));
#6613=DIRECTION('',(0.,0.,1.));
#6614=DIRECTION('',(1.,0.,0.));
#6615=DIRECTION('',(0.999995683697045,-0.00293812649138118,0.));
#6616=DIRECTION('',(0.00293812649138118,0.999995683697045,0.));
#6617=DIRECTION('',(-0.999995683734306,0.0029381138096739,0.));
#6618=DIRECTION('',(-0.0029381138096739,-0.999995683734306,0.));
#6619=DIRECTION('',(0.999995683697045,-0.00293812649138118,0.));
#6620=DIRECTION('',(1.,0.,0.));
#6621=DIRECTION('',(0.,0.,-1.));
#6622=DIRECTION('',(1.,0.,0.));
#6623=DIRECTION('',(0.,0.,1.));
#6624=DIRECTION('',(1.,0.,0.));
#6625=DIRECTION('',(0.,0.,1.));
#6626=DIRECTION('',(1.,0.,0.));
#6627=DIRECTION('',(-0.999999999109675,-4.21977423091715E-5,0.));
#6628=DIRECTION('',(4.21977423091715E-5,-0.999999999109675,0.));
#6629=DIRECTION('',(-0.999999999109675,-4.21977423091715E-5,0.));
#6630=DIRECTION('',(-1.,0.,0.));
#6631=DIRECTION('',(0.,0.,1.));
#6632=DIRECTION('',(-0.707106781186548,-0.707106781186548,0.));
#6633=DIRECTION('',(0.707106781186548,-0.707106781186548,0.));
#6634=DIRECTION('',(-0.707106781186548,-0.707106781186548,0.));
#6635=DIRECTION('',(0.707106781186548,-0.707106781186548,0.));
#6636=DIRECTION('',(1.,0.,0.));
#6637=DIRECTION('',(0.,-1.,0.));
#6638=DIRECTION('',(0.,0.,-1.));
#6639=DIRECTION('',(0.,1.,0.));
#6640=DIRECTION('',(-0.707106781186548,-0.707106781186548,0.));
#6641=DIRECTION('',(0.707106781186548,-0.707106781186548,0.));
#6642=DIRECTION('',(-1.,0.,0.));
#6643=DIRECTION('',(0.,0.,1.));
#6644=DIRECTION('',(1.,0.,0.));
#6645=DIRECTION('',(-0.707106781186548,-0.707106781186548,0.));
#6646=DIRECTION('',(-0.707106781186548,0.707106781186548,0.));
#6647=DIRECTION('',(-1.,0.,0.));
#6648=DIRECTION('',(0.,0.,1.));
#6649=DIRECTION('',(-0.707106781186548,0.707106781186548,0.));
#6650=DIRECTION('',(0.707106781186548,0.707106781186548,0.));
#6651=DIRECTION('',(-0.707106781186548,-0.707106781186548,0.));
#6652=DIRECTION('',(0.707106781186548,-0.707106781186548,0.));
#6653=DIRECTION('',(1.,0.,0.));
#6654=DIRECTION('',(0.,1.,0.));
#6655=DIRECTION('',(0.,0.,1.));
#6656=DIRECTION('',(0.707106781186548,0.707106781186548,0.));
#6657=DIRECTION('',(-0.707106781186548,0.707106781186548,0.));
#6658=DIRECTION('',(0.,1.,0.));
#6659=DIRECTION('',(0.,1.,0.));
#6660=DIRECTION('',(1.,0.,0.));
#6661=DIRECTION('',(0.,0.,-1.));
#6662=DIRECTION('',(-1.,0.,0.));
#6663=DIRECTION('',(0.707106781186548,-0.707106781186548,0.));
#6664=DIRECTION('',(-0.707106781186548,-0.707106781186548,0.));
#6665=DIRECTION('',(0.,-1.,0.));
#6666=DIRECTION('',(0.,0.,-1.));
#6667=DIRECTION('',(0.,1.,0.));
#6668=DIRECTION('',(-1.,-3.4521860218444E-16,0.));
#6669=DIRECTION('',(3.4521860218444E-16,-1.,0.));
#6670=DIRECTION('',(-0.707106781186547,-0.707106781186548,0.));
#6671=DIRECTION('',(0.707106781186548,-0.707106781186547,0.));
#6672=DIRECTION('',(1.,3.4521860218444E-16,0.));
#6673=DIRECTION('',(-0.707106781186548,0.707106781186547,0.));
#6674=DIRECTION('',(-0.707106781186547,-0.707106781186548,0.));
#6675=DIRECTION('',(0.,1.,0.));
#6676=DIRECTION('',(0.,0.,1.));
#6677=DIRECTION('',(0.,-1.,0.));
#6678=DIRECTION('',(0.707106781186548,0.707106781186548,0.));
#6679=DIRECTION('',(0.707106781186548,-0.707106781186548,0.));
#6680=DIRECTION('',(1.,0.,0.));
#6681=DIRECTION('',(0.,0.,-1.));
#6682=DIRECTION('',(1.,0.,0.));
#6683=DIRECTION('',(0.707106781186548,-0.707106781186548,0.));
#6684=DIRECTION('',(0.707106781186548,0.707106781186548,0.));
#6685=DIRECTION('',(0.,-1.,0.));
#6686=DIRECTION('',(0.,0.,-1.));
#6687=DIRECTION('',(0.,1.,0.));
#6688=DIRECTION('',(-1.,0.,0.));
#6689=DIRECTION('',(0.,0.,1.));
#6690=DIRECTION('',(-0.707106781186548,-0.707106781186548,0.));
#6691=DIRECTION('',(0.707106781186548,-0.707106781186548,0.));
#6692=DIRECTION('',(-1.,0.,0.));
#6693=DIRECTION('',(-0.707106781186548,0.707106781186548,0.));
#6694=DIRECTION('',(0.707106781186548,0.707106781186548,0.));
#6695=DIRECTION('',(0.,1.,0.));
#6696=DIRECTION('',(0.,0.,1.));
#6697=DIRECTION('',(0.,1.,0.));
#6698=DIRECTION('',(0.707106781186548,0.707106781186548,0.));
#6699=DIRECTION('',(0.707106781186548,-0.707106781186548,0.));
#6700=DIRECTION('',(1.,0.,0.));
#6701=DIRECTION('',(0.,0.,-1.));
#6702=DIRECTION('',(1.,0.,0.));
#6703=DIRECTION('',(0.707106781186548,-0.707106781186548,0.));
#6704=DIRECTION('',(0.707106781186548,0.707106781186548,0.));
#6705=DIRECTION('',(0.,-1.,0.));
#6706=DIRECTION('',(0.,0.,-1.));
#6707=DIRECTION('',(0.,1.,0.));
#6708=DIRECTION('',(0.,-1.,0.));
#6709=DIRECTION('',(0.,0.,-1.));
#6710=DIRECTION('',(0.707106781186548,-0.707106781186548,0.));
#6711=DIRECTION('',(0.707106781186548,0.707106781186548,0.));
#6712=DIRECTION('',(0.,1.,0.));
#6713=DIRECTION('',(-0.707106781186548,-0.707106781186548,0.));
#6714=DIRECTION('',(-0.707106781186548,0.707106781186548,0.));
#6715=DIRECTION('',(-1.,0.,0.));
#6716=DIRECTION('',(0.,0.,1.));
#6717=DIRECTION('',(-1.,0.,0.));
#6718=DIRECTION('',(-0.707106781186548,0.707106781186548,0.));
#6719=DIRECTION('',(-0.707106781186548,-0.707106781186548,0.));
#6720=DIRECTION('',(0.,1.,0.));
#6721=DIRECTION('',(0.,0.,1.));
#6722=DIRECTION('',(0.707106781186548,0.707106781186548,0.));
#6723=DIRECTION('',(0.707106781186548,-0.707106781186548,0.));
#6724=DIRECTION('',(0.,1.,0.));
#6725=DIRECTION('',(1.,0.,0.));
#6726=DIRECTION('',(0.,0.,-1.));
#6727=DIRECTION('',(-1.,0.,0.));
#6728=DIRECTION('',(0.,1.,0.));
#6729=DIRECTION('',(0.,0.,1.));
#6730=DIRECTION('',(0.707106781186548,0.707106781186548,0.));
#6731=DIRECTION('',(0.707106781186548,-0.707106781186548,0.));
#6732=DIRECTION('',(-0.707106781186548,0.707106781186548,0.));
#6733=DIRECTION('',(-0.707106781186548,-0.707106781186548,0.));
#6734=DIRECTION('',(0.,-1.,0.));
#6735=DIRECTION('',(1.,0.,0.));
#6736=DIRECTION('',(0.,0.,-1.));
#6737=DIRECTION('',(-1.,0.,0.));
#6738=DIRECTION('',(0.707106781186548,-0.707106781186548,0.));
#6739=DIRECTION('',(0.707106781186548,0.707106781186548,0.));
#6740=DIRECTION('',(0.,-1.,0.));
#6741=DIRECTION('',(0.,0.,-1.));
#6742=DIRECTION('',(0.,-1.,0.));
#6743=DIRECTION('',(-0.707106781186548,-0.707106781186548,0.));
#6744=DIRECTION('',(-0.707106781186548,0.707106781186548,0.));
#6745=DIRECTION('',(-1.,8.98238693062425E-17,0.));
#6746=DIRECTION('',(-8.98238693062425E-17,-1.,0.));
#6747=DIRECTION('',(-1.,8.98238693062425E-17,0.));
#6748=DIRECTION('',(0.,-0.707106781186548,-0.707106781186548));
#6749=DIRECTION('',(1.,0.,0.));
#6750=DIRECTION('',(0.,-0.707106781186548,0.707106781186548));
#6751=DIRECTION('',(-1.,0.,0.));
#6752=DIRECTION('',(-0.577350269189626,0.577350269189626,-0.577350269189626));
#6753=DIRECTION('',(0.707106781186548,0.,-0.707106781186548));
#6754=DIRECTION('',(0.,1.,0.));
#6755=DIRECTION('',(0.,-1.,0.));
#6756=DIRECTION('',(-0.577350269189626,-0.577350269189626,-0.577350269189626));
#6757=DIRECTION('',(0.,0.707106781186548,-0.707106781186548));
#6758=DIRECTION('',(-1.,0.,0.));
#6759=DIRECTION('',(1.,0.,0.));
#6760=DIRECTION('',(0.,-0.707106781186548,-0.707106781186548));
#6761=DIRECTION('',(-1.,0.,0.));
#6762=DIRECTION('',(0.,0.,1.));
#6763=DIRECTION('',(0.,1.,0.));
#6764=DIRECTION('',(2.44106414596359E-16,-0.707106781186549,-0.707106781186547));
#6765=DIRECTION('',(1.,3.4521860218444E-16,0.));
#6766=DIRECTION('',(-0.577350269189626,0.577350269189625,-0.577350269189626));
#6767=DIRECTION('',(0.577350269189626,0.577350269189625,-0.577350269189626));
#6768=DIRECTION('',(-1.,-3.4521860218444E-16,0.));
#6769=DIRECTION('',(0.707106781186548,0.,-0.707106781186548));
#6770=DIRECTION('',(0.,1.,0.));
#6771=DIRECTION('',(0.,-1.,0.));
#6772=DIRECTION('',(0.577350269189626,0.577350269189626,0.577350269189626));
#6773=DIRECTION('',(0.,-0.707106781186548,0.707106781186548));
#6774=DIRECTION('',(-1.,0.,0.));
#6775=DIRECTION('',(0.577350269189626,-0.577350269189626,-0.577350269189626));
#6776=DIRECTION('',(1.,0.,0.));
#6777=DIRECTION('',(-0.707106781186548,0.,-0.707106781186548));
#6778=DIRECTION('',(0.,-1.,0.));
#6779=DIRECTION('',(0.,1.,0.));
#6780=DIRECTION('',(0.,0.707106781186543,-0.707106781186552));
#6781=DIRECTION('',(-1.,0.,0.));
#6782=DIRECTION('',(-0.577350269189623,-0.577350269189631,-0.577350269189623));
#6783=DIRECTION('',(0.577350269189623,0.577350269189631,0.577350269189623));
#6784=DIRECTION('',(1.,0.,0.));
#6785=DIRECTION('',(-0.707106781186548,0.,0.707106781186548));
#6786=DIRECTION('',(0.,1.,0.));
#6787=DIRECTION('',(0.577350269189626,0.577350269189626,0.577350269189626));
#6788=DIRECTION('',(0.,-1.,0.));
#6789=DIRECTION('',(0.,-0.707106781186548,0.707106781186548));
#6790=DIRECTION('',(-1.,0.,0.));
#6791=DIRECTION('',(1.,0.,0.));
#6792=DIRECTION('',(0.577350269189626,-0.577350269189626,-0.577350269189626));
#6793=DIRECTION('',(-0.707106781186548,0.,-0.707106781186548));
#6794=DIRECTION('',(0.,-1.,0.));
#6795=DIRECTION('',(0.,1.,0.));
#6796=DIRECTION('',(0.577350269189628,-0.57735026918962,-0.577350269189628));
#6797=DIRECTION('',(0.,-0.707106781186552,0.707106781186543));
#6798=DIRECTION('',(-1.,0.,0.));
#6799=DIRECTION('',(1.,0.,0.));
#6800=DIRECTION('',(0.577350269189628,-0.57735026918962,-0.577350269189628));
#6801=DIRECTION('',(-0.707106781186548,0.,-0.707106781186548));
#6802=DIRECTION('',(0.,-1.,0.));
#6803=DIRECTION('',(0.,1.,0.));
#6804=DIRECTION('',(0.577350269189628,0.577350269189621,-0.577350269189628));
#6805=DIRECTION('',(1.68609585339754E-16,-0.707106781186552,-0.707106781186543));
#6806=DIRECTION('',(1.,2.38449962333583E-16,0.));
#6807=DIRECTION('',(-1.,-2.38449962333583E-16,0.));
#6808=DIRECTION('',(0.577350269189628,-0.577350269189621,0.577350269189628));
#6809=DIRECTION('',(0.707106781186548,0.,-0.707106781186548));
#6810=DIRECTION('',(0.,1.,0.));
#6811=DIRECTION('',(0.,-1.,0.));
#6812=DIRECTION('',(0.,0.707106781186552,0.707106781186543));
#6813=DIRECTION('',(1.,0.,0.));
#6814=DIRECTION('',(-0.577350269189628,0.57735026918962,-0.577350269189628));
#6815=DIRECTION('',(-0.577350269189628,-0.57735026918962,0.577350269189628));
#6816=DIRECTION('',(-1.,0.,0.));
#6817=DIRECTION('',(0.707106781186548,0.,-0.707106781186548));
#6818=DIRECTION('',(0.,1.,0.));
#6819=DIRECTION('',(0.,-1.,0.));
#6820=DIRECTION('',(0.577350269189626,0.577350269189626,0.577350269189626));
#6821=DIRECTION('',(0.,-0.707106781186548,0.707106781186548));
#6822=DIRECTION('',(-1.,0.,0.));
#6823=DIRECTION('',(-0.577350269189626,0.577350269189626,0.577350269189626));
#6824=DIRECTION('',(1.,0.,0.));
#6825=DIRECTION('',(0.707106781186548,0.,0.707106781186548));
#6826=DIRECTION('',(0.,-1.,0.));
#6827=DIRECTION('',(0.,1.,0.));
#6828=DIRECTION('',(0.,0.707106781186548,-0.707106781186548));
#6829=DIRECTION('',(-1.,0.,0.));
#6830=DIRECTION('',(-0.577350269189626,0.577350269189626,0.577350269189626));
#6831=DIRECTION('',(-0.577350269189626,-0.577350269189626,-0.577350269189626));
#6832=DIRECTION('',(1.,0.,0.));
#6833=DIRECTION('',(0.707106781186548,0.,0.707106781186548));
#6834=DIRECTION('',(0.,-1.,0.));
#6835=DIRECTION('',(0.,1.,0.));
#6836=DIRECTION('',(0.577350269189626,0.577350269189626,-0.577350269189626));
#6837=DIRECTION('',(0.,0.707106781186548,0.707106781186548));
#6838=DIRECTION('',(1.,0.,0.));
#6839=DIRECTION('',(-0.577350269189626,0.577350269189626,-0.577350269189626));
#6840=DIRECTION('',(-1.,0.,0.));
#6841=DIRECTION('',(0.707106781186548,0.,-0.707106781186548));
#6842=DIRECTION('',(0.,1.,0.));
#6843=DIRECTION('',(0.,-1.,0.));
#6844=DIRECTION('',(0.,0.707106781186548,-0.707106781186548));
#6845=DIRECTION('',(-1.,0.,0.));
#6846=DIRECTION('',(0.577350269189626,-0.577350269189626,-0.577350269189626));
#6847=DIRECTION('',(0.577350269189626,0.577350269189626,0.577350269189626));
#6848=DIRECTION('',(1.,0.,0.));
#6849=DIRECTION('',(-0.707106781186548,0.,-0.707106781186548));
#6850=DIRECTION('',(0.,-1.,0.));
#6851=DIRECTION('',(0.,1.,0.));
#6852=DIRECTION('',(-0.577350269189627,-0.577350269189624,0.577350269189627));
#6853=DIRECTION('',(6.35150670988584E-17,0.707106781186549,0.707106781186546));
#6854=DIRECTION('',(1.,-8.98238693062425E-17,0.));
#6855=DIRECTION('',(0.577350269189627,-0.577350269189624,0.577350269189627));
#6856=DIRECTION('',(-1.,8.98238693062425E-17,0.));
#6857=DIRECTION('',(-0.707106781186548,0.,0.707106781186548));
#6858=DIRECTION('',(0.,1.,0.));
#6859=DIRECTION('',(0.,-1.,0.));
#6860=DIRECTION('',(0.,-0.707106781186543,-0.707106781186552));
#6861=DIRECTION('',(1.,0.,0.));
#6862=DIRECTION('',(-0.577350269189623,0.577350269189631,-0.577350269189623));
#6863=DIRECTION('',(0.577350269189623,-0.577350269189631,0.577350269189623));
#6864=DIRECTION('',(-1.,0.,0.));
#6865=DIRECTION('',(0.707106781186548,0.,-0.707106781186548));
#6866=DIRECTION('',(0.,1.,0.));
#6867=DIRECTION('',(-0.577350269189626,0.577350269189626,-0.577350269189626));
#6868=DIRECTION('',(0.,-1.,0.));
#6869=DIRECTION('',(0.,-0.707106781186548,-0.707106781186548));
#6870=DIRECTION('',(1.,0.,0.));
#6871=DIRECTION('',(-1.,0.,0.));
#6872=DIRECTION('',(-0.577350269189626,0.577350269189626,-0.577350269189626));
#6873=DIRECTION('',(0.707106781186547,0.,0.707106781186548));
#6874=DIRECTION('',(0.,1.,0.));
#6875=DIRECTION('',(0.707106781186548,-6.51031755808851E-15,-0.707106781186547));
#6876=DIRECTION('',(0.,1.,0.));
#6877=DIRECTION('',(-0.707106781186548,0.,0.707106781186547));
#6878=DIRECTION('',(0.,-0.0556732218700064,0.998449043450197));
#6879=DIRECTION('',(0.,-0.998449043450197,-0.0556732218700064));
#6880=DIRECTION('',(1.,0.,0.));
#6881=DIRECTION('',(0.707106781186548,0.,-0.707106781186548));
#6882=DIRECTION('',(0.,1.,0.));
#6883=DIRECTION('',(-0.577350269189626,-0.577350269189626,-0.577350269189626));
#6884=DIRECTION('',(-0.577350269189627,0.577350269189624,-0.577350269189627));
#6885=DIRECTION('',(0.,-1.,0.));
#6886=DIRECTION('',(-0.707106781186548,0.,0.707106781186548));
#6887=DIRECTION('',(0.,1.,0.));
#6888=DIRECTION('',(0.577350269189623,-0.577350269189631,0.577350269189623));
#6889=DIRECTION('',(0.,-1.,0.));
#6890=DIRECTION('',(0.707106781186548,0.,-0.707106781186548));
#6891=DIRECTION('',(0.,1.,0.));
#6892=DIRECTION('',(0.,-1.,0.));
#6893=DIRECTION('',(-0.577350269189626,-0.577350269189626,-0.577350269189626));
#6894=DIRECTION('',(0.577350269189629,0.577350269189624,0.577350269189625));
#6895=DIRECTION('',(0.707106781186545,0.,-0.70710678118655));
#6896=DIRECTION('',(0.,-0.707106781186548,0.707106781186547));
#6897=DIRECTION('',(0.577350269189625,-0.577350269189625,0.577350269189627));
#6898=DIRECTION('',(0.707106781186548,0.,-0.707106781186547));
#6899=DIRECTION('',(0.707106781186548,0.707106781186548,0.));
#6900=DIRECTION('',(0.,0.707106781186548,0.707106781186547));
#6901=DIRECTION('',(0.707106781186548,-0.707106781186548,0.));
#6902=DIRECTION('',(0.,0.,-1.));
#6903=DIRECTION('',(-0.552362665720223,-0.552362665720223,0.624332420299393));
#6904=DIRECTION('',(0.599464926885809,0.599464926885809,0.530361766031058));
#6905=DIRECTION('',(0.,0.,1.));
#6906=DIRECTION('',(0.707106781186548,-0.0861746391405314,-0.70183611446619));
#6907=DIRECTION('',(0.,-0.992546151641322,0.121869343405147));
#6908=DIRECTION('',(-0.552362665720231,0.55236266572022,-0.624332420299389));
#6909=DIRECTION('',(0.,-0.992546151641322,0.121869343405147));
#6910=DIRECTION('',(-1.,0.,0.));
#6911=DIRECTION('',(0.,0.,1.));
#6912=DIRECTION('',(-0.99999999999996,1.99764511708696E-7,-1.99764511708696E-7));
#6913=DIRECTION('',(-1.99764511708701E-7,-0.99999999999998,0.));
#6914=DIRECTION('',(-1.,0.,0.));
#6915=DIRECTION('',(1.,0.,0.));
#6916=DIRECTION('',(0.,0.,-1.));
#6917=DIRECTION('',(-1.,-6.66289362550254E-8,0.));
#6918=DIRECTION('',(6.66289362550254E-8,-1.,0.));
#6919=DIRECTION('',(1.,0.,0.));
#6920=DIRECTION('',(0.,-1.,0.));
#6921=DIRECTION('',(0.,0.,-1.));
#6922=DIRECTION('',(0.707106781186548,-0.707106781186548,0.));
#6923=DIRECTION('',(0.707106781186548,0.707106781186548,0.));
#6924=DIRECTION('',(0.,1.,0.));
#6925=DIRECTION('',(-0.707106781186548,-0.707106781186548,0.));
#6926=DIRECTION('',(-0.707106781186548,0.707106781186548,0.));
#6927=DIRECTION('',(0.,-1.,0.));
#6928=DIRECTION('',(0.,0.,-1.));
#6929=DIRECTION('',(0.,-1.,0.));
#6930=DIRECTION('',(-0.707106781186548,-0.707106781186548,0.));
#6931=DIRECTION('',(0.707106781186548,-0.707106781186548,0.));
#6932=DIRECTION('',(0.,-1.,0.));
#6933=DIRECTION('',(0.,0.,-1.));
#6934=DIRECTION('',(0.707106781186548,-0.707106781186548,0.));
#6935=DIRECTION('',(-0.707106781186548,-0.707106781186548,0.));
#6936=DIRECTION('',(0.,1.,0.));
#6937=DIRECTION('',(0.,-0.707106781186528,-0.707106781186567));
#6938=DIRECTION('',(1.,0.,0.));
#6939=DIRECTION('',(0.,0.707106781186587,-0.707106781186508));
#6940=DIRECTION('',(-1.,0.,0.));
#6941=DIRECTION('',(0.,0.707106781186548,-0.707106781186548));
#6942=DIRECTION('',(1.,0.,0.));
#6943=DIRECTION('',(1.41254840850478E-7,0.707106781186531,0.70710678118655));
#6944=DIRECTION('',(1.,0.,0.));
#6945=DIRECTION('',(0.,0.992546151641322,-0.121869343405147));
#6946=DIRECTION('',(0.,0.121869343405147,0.992546151641322));
#6947=DIRECTION('',(0.,0.992546151641322,-0.121869343405147));
#6948=DIRECTION('',(-0.707106781186548,-0.70183611446619,0.0861746391405315));
#6949=DIRECTION('',(-0.707106781186548,0.70183611446619,-0.0861746391405315));
#6950=DIRECTION('',(0.,0.992546151641322,-0.121869343405147));
#6951=DIRECTION('',(-1.,0.,0.));
#6952=DIRECTION('',(0.,0.,1.));
#6953=DIRECTION('',(0.,0.,1.));
#6954=DIRECTION('',(0.,1.,0.));
#6955=DIRECTION('',(-1.,0.,0.));
#6956=DIRECTION('',(0.,0.,1.));
#6957=DIRECTION('',(0.,1.,0.));
#6958=DIRECTION('',(0.,0.,1.));
#6959=DIRECTION('',(0.707106781186548,0.707106781186548,0.));
#6960=DIRECTION('',(-0.707106781186548,0.707106781186548,0.));
#6961=DIRECTION('',(0.,1.,0.));
#6962=DIRECTION('',(0.819152044288992,0.573576436351047,0.));
#6963=DIRECTION('',(-0.573576436351047,0.819152044288992,0.));
#6964=DIRECTION('',(-0.410428929490728,0.586153257561482,0.698550250509695));
#6965=DIRECTION('',(0.,0.,1.));
#6966=DIRECTION('',(-0.573576436351047,0.819152044288992,0.));
#6967=DIRECTION('',(0.819152044288992,0.573576436351047,0.));
#6968=DIRECTION('',(-0.573576436351047,0.819152044288992,0.));
#6969=DIRECTION('',(0.,0.,1.));
#6970=DIRECTION('',(-1.,-6.81070641447516E-17,0.));
#6971=DIRECTION('',(6.81070641447516E-17,-1.,0.));
#6972=DIRECTION('',(1.,6.81070641447516E-17,0.));
#6973=DIRECTION('',(1.,0.,0.));
#6974=DIRECTION('',(0.,0.,-1.));
#6975=DIRECTION('',(1.,6.81070641447516E-17,0.));
#6976=DIRECTION('',(-6.81070641447516E-17,1.,0.));
#6977=DIRECTION('',(-1.,-6.81070641447516E-17,0.));
#6978=DIRECTION('',(0.,0.,-1.));
#6979=DIRECTION('',(1.,6.81070641447516E-17,8.1166838375552E-17));
#6980=DIRECTION('',(1.41254840876345E-7,0.707106781186541,-0.70710678118654));
#6981=DIRECTION('',(0.99999999999998,-1.99764511718178E-7,0.));
#6982=DIRECTION('',(0.,-0.707106781186547,-0.707106781186548));
#6983=DIRECTION('',(-0.99999999999998,1.99764511718178E-7,0.));
#6984=DIRECTION('',(0.99999999999998,-1.99764511718178E-7,0.));
#6985=DIRECTION('',(0.,-0.707106781186543,-0.707106781186552));
#6986=DIRECTION('',(1.,0.,0.));
#6987=DIRECTION('',(0.,-0.707106781186553,0.707106781186543));
#6988=DIRECTION('',(-1.,0.,0.));
#6989=DIRECTION('',(1.,0.,0.));
#6990=DIRECTION('',(0.,0.707106781186548,-0.707106781186548));
#6991=DIRECTION('',(-1.,0.,0.));
#6992=DIRECTION('',(0.,-0.707106781186548,-0.707106781186548));
#6993=DIRECTION('',(-1.,0.,0.));
#6994=DIRECTION('',(1.,0.,0.));
#6995=DIRECTION('',(6.35803062976377E-17,0.70710678118655,0.707106781186545));
#6996=DIRECTION('',(1.,-8.99161314659545E-17,0.));
#6997=DIRECTION('',(0.,0.707106781186545,-0.70710678118655));
#6998=DIRECTION('',(-1.,8.99161314659545E-17,0.));
#6999=DIRECTION('',(1.,-8.99161314659545E-17,0.));
#7000=DIRECTION('',(0.,0.707106781186548,-0.707106781186548));
#7001=DIRECTION('',(-1.,0.,0.));
#7002=DIRECTION('',(0.,-0.707106781186548,-0.707106781186548));
#7003=DIRECTION('',(-1.,0.,0.));
#7004=DIRECTION('',(1.,0.,0.));
#7005=DIRECTION('',(0.,0.707106781186547,0.707106781186548));
#7006=DIRECTION('',(-1.,0.,0.));
#7007=DIRECTION('',(0.,0.707106781186548,-0.707106781186547));
#7008=DIRECTION('',(-1.,0.,0.));
#7009=DIRECTION('',(1.,0.,0.));
#7010=DIRECTION('',(0.,0.707106781186547,-0.707106781186548));
#7011=DIRECTION('',(1.,0.,0.));
#7012=DIRECTION('',(0.,-0.707106781186548,-0.707106781186547));
#7013=DIRECTION('',(-1.,0.,0.));
#7014=DIRECTION('',(1.,0.,0.));
#7015=DIRECTION('',(0.,0.,1.));
#7016=DIRECTION('',(1.,0.,0.));
#7017=DIRECTION('',(0.,1.,0.));
#7018=DIRECTION('',(0.,1.,0.));
#7019=DIRECTION('',(0.,1.,0.));
#7020=DIRECTION('',(0.,0.748955720789008,0.662620048215731));
#7021=DIRECTION('',(-1.,0.,0.));
#7022=DIRECTION('',(0.,0.662620048215731,-0.748955720789008));
#7023=DIRECTION('',(-1.,0.,0.));
#7024=DIRECTION('',(1.,0.,0.));
#7025=DIRECTION('',(-1.,-1.36214128289503E-16,1.67249919307985E-17));
#7026=DIRECTION('',(1.36214128289503E-16,-1.,0.));
#7027=DIRECTION('',(1.,0.,0.));
#7028=DIRECTION('',(0.,0.,-1.));
#7029=DIRECTION('',(-1.,-1.36214128289503E-16,1.67249919307985E-17));
#7030=DIRECTION('',(-1.,-1.36214128289503E-16,1.67249919307985E-17));
#7031=DIRECTION('',(0.,-0.121869343405147,-0.992546151641322));
#7032=DIRECTION('',(0.,0.992546151641322,-0.121869343405147));
#7033=DIRECTION('',(0.,-0.992546151641322,0.121869343405147));
#7034=DIRECTION('',(1.,1.36214128289503E-16,0.));
#7035=DIRECTION('',(-1.36214128289503E-16,1.,0.));
#7036=DIRECTION('',(1.,1.36214128289503E-16,0.));
#7037=DIRECTION('',(1.,0.,0.));
#7038=DIRECTION('',(0.,0.,-1.));
#7039=DIRECTION('',(1.,1.36214128289503E-16,0.));
#7040=DIRECTION('',(-1.36214128289503E-16,1.,0.));
#7041=DIRECTION('',(-1.,-1.36214128289503E-16,0.));
#7042=DIRECTION('',(0.,0.,-1.));
#7043=DIRECTION('',(0.,-1.,0.));
#7044=DIRECTION('',(0.,0.,-1.));
#7045=DIRECTION('',(0.,0.,1.));
#7046=DIRECTION('',(1.,6.66289362204483E-8,0.));
#7047=DIRECTION('',(-6.66289362204483E-8,1.,0.));
#7048=DIRECTION('',(1.,6.66289362204483E-8,0.));
#7049=DIRECTION('',(1.,0.,0.));
#7050=DIRECTION('',(0.,0.,-1.));
#7051=DIRECTION('',(1.,6.66289362204483E-8,0.));
#7052=DIRECTION('',(1.,0.,0.));
#7053=DIRECTION('',(0.,0.,-1.));
#7054=DIRECTION('',(1.,0.,0.));
#7055=DIRECTION('',(0.,0.,-1.));
#7056=DIRECTION('',(-1.,0.,0.));
#7057=DIRECTION('',(-1.,0.,0.));
#7058=DIRECTION('',(-1.,8.99161314659545E-17,0.));
#7059=DIRECTION('',(-8.99161314659545E-17,-1.,0.));
#7060=DIRECTION('',(1.,0.,0.));
#7061=DIRECTION('',(0.,0.,-1.));
#7062=DIRECTION('',(-1.,8.99161314659545E-17,0.));
#7063=DIRECTION('',(-1.,8.99161314659545E-17,0.));
#7064=DIRECTION('',(1.,0.,0.));
#7065=DIRECTION('',(0.,0.,-1.));
#7066=DIRECTION('',(1.,0.,0.));
#7067=DIRECTION('',(0.,0.,-1.));
#7068=DIRECTION('',(-1.,0.,0.));
#7069=DIRECTION('',(-1.,0.,0.));
#7070=DIRECTION('',(-1.,0.,0.));
#7071=DIRECTION('',(0.,0.,1.));
#7072=DIRECTION('',(1.,0.,0.));
#7073=DIRECTION('',(0.,0.,-1.));
#7074=DIRECTION('',(1.,0.,0.));
#7075=DIRECTION('',(1.,0.,0.));
#7076=DIRECTION('',(-0.99999999999998,1.99764511718178E-7,0.));
#7077=DIRECTION('',(-1.99764511718178E-7,-0.99999999999998,0.));
#7078=DIRECTION('',(-0.99999999999998,1.99764511718178E-7,0.));
#7079=DIRECTION('',(1.,0.,0.));
#7080=DIRECTION('',(0.,0.,-1.));
#7081=DIRECTION('',(-0.99999999999998,1.99764511718178E-7,0.));
#7082=DIRECTION('',(0.,0.,1.));
#7083=DIRECTION('',(1.,0.,0.));
#7084=DIRECTION('',(0.,1.,0.));
#7085=DIRECTION('',(0.,1.,0.));
#7086=DIRECTION('',(0.,1.,0.));
#7087=DIRECTION('',(-8.99161314659545E-17,-1.,0.));
#7088=DIRECTION('',(1.,-8.99161314659545E-17,0.));
#7089=DIRECTION('',(0.,0.,1.));
#7090=DIRECTION('',(0.,-1.,0.));
#7091=DIRECTION('',(0.,0.,-1.));
#7092=DIRECTION('',(0.,0.,1.));
#7093=DIRECTION('',(0.,-1.,0.));
#7094=DIRECTION('',(0.,0.,-1.));
#7095=DIRECTION('',(0.,0.,1.));
#7096=DIRECTION('',(0.,1.,0.));
#7097=DIRECTION('',(0.,0.,1.));
#7098=DIRECTION('',(0.,0.,-1.));
#7099=DIRECTION('',(4.71137726247227E-8,-0.707106781186512,-0.707106781186581));
#7100=DIRECTION('',(-1.,-6.66289362204483E-8,0.));
#7101=DIRECTION('',(0.,-0.707106781186582,0.707106781186513));
#7102=DIRECTION('',(-1.,-6.66289362204483E-8,0.));
#7103=DIRECTION('',(1.,6.66289362204483E-8,0.));
#7104=DIRECTION('',(6.66289362204483E-8,-1.,0.));
#7105=DIRECTION('',(1.,6.66289362204483E-8,0.));
#7106=DIRECTION('',(0.,0.,1.));
#7107=DIRECTION('',(1.99764511718178E-7,0.99999999999998,0.));
#7108=DIRECTION('',(-0.99999999999998,1.99764511718178E-7,0.));
#7109=DIRECTION('',(0.,0.,-1.));
#7110=DIRECTION('',(0.,0.,1.));
#7111=DIRECTION('',(1.,0.,0.));
#7112=DIRECTION('',(0.,1.,0.));
#7113=DIRECTION('',(0.,1.,0.));
#7114=DIRECTION('',(0.,-1.,0.));
#7115=DIRECTION('',(0.,0.,-1.));
#7116=DIRECTION('',(-1.,0.,0.));
#7117=DIRECTION('',(0.,0.,1.));
#7118=DIRECTION('',(0.,-0.766044443118978,0.64278760968654));
#7119=DIRECTION('',(0.,-0.64278760968654,-0.766044443118978));
#7120=DIRECTION('',(0.,0.64278760968654,0.766044443118978));
#7121=DIRECTION('',(1.,0.,0.));
#7122=DIRECTION('',(0.,1.,0.));
#7123=DIRECTION('',(1.,0.,0.));
#7124=DIRECTION('',(0.,1.,0.));
#7125=DIRECTION('',(1.,0.,0.));
#7126=DIRECTION('',(0.,1.,0.));
#7127=CARTESIAN_POINT('',(0.,0.,0.));
#7128=CARTESIAN_POINT('',(0.0148479965322478,0.00177946634174366,0.00415));
#7129=CARTESIAN_POINT('',(0.0332377020322469,-0.0630765601582567,0.00415));
#7130=CARTESIAN_POINT('',(0.0316377020322469,-0.0630765601582567,0.00415));
#7131=CARTESIAN_POINT('',(0.0148479965322478,0.00177946634174366,0.00415));
#7132=CARTESIAN_POINT('',(0.104936300711165,-0.0630785381049194,0.00415));
#7133=CARTESIAN_POINT('',(0.103336300711165,-0.0630785381049194,0.00415));
#7134=CARTESIAN_POINT('',(0.0148479965322478,0.00177946634174366,0.00415));
#7135=CARTESIAN_POINT('',(0.176634899390083,-0.0630805160515821,0.00415));
#7136=CARTESIAN_POINT('',(0.175034899390083,-0.0630805160515821,0.00415));
#7137=CARTESIAN_POINT('',(0.0148479965322478,0.00177946634174366,0.00415));
#7138=CARTESIAN_POINT('',(0.213434899390083,-0.0630805160515821,0.00415));
#7139=CARTESIAN_POINT('',(0.211834899390083,-0.0630805160515821,0.00415));
#7140=CARTESIAN_POINT('',(0.0148479965322478,0.00177946634174366,0.00415));
#7141=CARTESIAN_POINT('',(0.213456881032239,0.0722348398417412,0.00415));
#7142=CARTESIAN_POINT('',(0.211856881032239,0.0722348398417412,0.00415));
#7143=CARTESIAN_POINT('',(0.0148479965322478,0.00177946634174366,0.00415));
#7144=CARTESIAN_POINT('',(0.176656881032239,0.0722348398417412,0.00415));
#7145=CARTESIAN_POINT('',(0.175056881032239,0.0722348398417412,0.00415));
#7146=CARTESIAN_POINT('',(0.0148479965322478,0.00177946634174366,0.00415));
#7147=CARTESIAN_POINT('',(0.104902031032243,0.0722348398417412,0.00415));
#7148=CARTESIAN_POINT('',(0.103302031032243,0.0722348398417412,0.00415));
#7149=CARTESIAN_POINT('',(0.0148479965322478,0.00177946634174366,0.00415));
#7150=CARTESIAN_POINT('',(0.0331471810322458,0.0722348398417412,0.00415));
#7151=CARTESIAN_POINT('',(0.0315471810322459,0.0722348398417412,0.00415));
#7152=CARTESIAN_POINT('',(0.0148479965322478,0.00177946634174366,0.00415));
#7153=CARTESIAN_POINT('',(-0.00365281896775414,0.0722348398417431,0.00415));
#7154=CARTESIAN_POINT('',(-0.00525281896775413,0.0722348398417431,0.00415));
#7155=CARTESIAN_POINT('',(0.0148479965322478,0.00177946634174366,0.00415));
#7156=CARTESIAN_POINT('',(-0.00356229796775313,-0.0630765601582567,0.00415));
#7157=CARTESIAN_POINT('',(-0.00516229796775314,-0.0630765601582567,0.00415));
#7158=CARTESIAN_POINT('',(0.0148493610322475,0.030348297657631,0.003));
#7159=CARTESIAN_POINT('',(0.0148199860193575,-0.0603273009129685,0.003));
#7160=CARTESIAN_POINT('',(0.0282752059601592,-0.0603280416663922,0.003));
#7161=CARTESIAN_POINT('',(0.00136474268092994,-0.0603265601582567,0.003));
#7162=CARTESIAN_POINT('',(0.0283106613835634,-0.0607515601582567,0.003));
#7163=CARTESIAN_POINT('',(0.0283106613458066,-0.0611765601584943,0.003));
#7164=CARTESIAN_POINT('',(0.0283241817079057,-0.0633250311094998,0.003));
#7165=CARTESIAN_POINT('',(0.0283377020322466,-0.0611765601582567,0.003));
#7166=CARTESIAN_POINT('',(0.0283377020322466,-0.0630765601582567,0.003));
#7167=CARTESIAN_POINT('',(0.0283377020322466,-0.0649765601582567,0.003));
#7168=CARTESIAN_POINT('',(0.0148377020322466,-0.0649765601582567,0.003));
#7169=CARTESIAN_POINT('',(0.00133770203224659,-0.0649765601582567,0.003));
#7170=CARTESIAN_POINT('',(0.00133770203224658,-0.0630765601582567,0.003));
#7171=CARTESIAN_POINT('',(0.00133770199448998,-0.0611765601584943,0.003));
#7172=CARTESIAN_POINT('',(0.00135122235658909,-0.0633250311094994,0.003));
#7173=CARTESIAN_POINT('',(0.00136474268092995,-0.0611765601582567,0.003));
#7174=CARTESIAN_POINT('',(0.00136474268092995,-0.0607515601582567,0.003));
#7175=CARTESIAN_POINT('',(0.0148493610322475,0.030348297657631,0.003));
#7176=CARTESIAN_POINT('',(0.104936300050626,-0.0603305160515821,0.003));
#7177=CARTESIAN_POINT('',(0.208507858741399,-0.0603305160515821,0.003));
#7178=CARTESIAN_POINT('',(0.181561940038766,-0.0603305160515821,0.003));
#7179=CARTESIAN_POINT('',(0.208507858741399,-0.0607555160515821,0.003));
#7180=CARTESIAN_POINT('',(0.208507858703643,-0.0611805160518197,0.003));
#7181=CARTESIAN_POINT('',(0.208521379065742,-0.0633289870036091,0.003));
#7182=CARTESIAN_POINT('',(0.208534899390083,-0.0611805160515821,0.003));
#7183=CARTESIAN_POINT('',(0.208534899390083,-0.0630805160515821,0.003));
#7184=CARTESIAN_POINT('',(0.208534899390083,-0.0649805160515821,0.003));
#7185=CARTESIAN_POINT('',(0.195034899390083,-0.0649805160515821,0.003));
#7186=CARTESIAN_POINT('',(0.181534899390083,-0.0649805160515821,0.003));
#7187=CARTESIAN_POINT('',(0.181534899390083,-0.0630805160515821,0.003));
#7188=CARTESIAN_POINT('',(0.181534899352326,-0.0611805160518197,0.003));
#7189=CARTESIAN_POINT('',(0.181548419714425,-0.0633289870036124,0.003));
#7190=CARTESIAN_POINT('',(0.181561940038766,-0.0611805160515821,0.003));
#7191=CARTESIAN_POINT('',(0.181561940038766,-0.0607555160515821,0.003));
#7192=CARTESIAN_POINT('',(0.0332377020322469,-0.0630765601582567,0.00415));
#7193=CARTESIAN_POINT('',(0.0332377020322469,-0.0630765601582567,0.00015));
#7194=CARTESIAN_POINT('',(0.0348377020322468,-0.0630765601582567,0.00015));
#7195=CARTESIAN_POINT('',(0.104936300711165,-0.0630785381049194,0.00415));
#7196=CARTESIAN_POINT('',(0.104936300711165,-0.0630785381049194,0.00015));
#7197=CARTESIAN_POINT('',(0.106536300711165,-0.0630785381049194,0.00015));
#7198=CARTESIAN_POINT('',(0.176634899390083,-0.0630805160515821,0.00415));
#7199=CARTESIAN_POINT('',(0.176634899390083,-0.0630805160515821,0.00015));
#7200=CARTESIAN_POINT('',(0.178234899390083,-0.0630805160515821,0.00015));
#7201=CARTESIAN_POINT('',(0.213434899390083,-0.0630805160515821,0.00415));
#7202=CARTESIAN_POINT('',(0.213434899390083,-0.0630805160515821,0.00015));
#7203=CARTESIAN_POINT('',(0.215034899390083,-0.0630805160515821,0.00015));
#7204=CARTESIAN_POINT('',(0.213456881032239,0.0722348398417412,0.00415));
#7205=CARTESIAN_POINT('',(0.213456881032239,0.0722348398417412,0.00015));
#7206=CARTESIAN_POINT('',(0.215056881032239,0.0722348398417412,0.00015));
#7207=CARTESIAN_POINT('',(0.176656881032239,0.0722348398417412,0.00415));
#7208=CARTESIAN_POINT('',(0.176656881032239,0.0722348398417412,0.00015));
#7209=CARTESIAN_POINT('',(0.178256881032239,0.0722348398417412,0.00015));
#7210=CARTESIAN_POINT('',(0.104902031032243,0.0722348398417412,0.00415));
#7211=CARTESIAN_POINT('',(0.104902031032243,0.0722348398417412,0.00015));
#7212=CARTESIAN_POINT('',(0.106502031032243,0.0722348398417412,0.00015));
#7213=CARTESIAN_POINT('',(0.0331471810322458,0.0722348398417412,0.00415));
#7214=CARTESIAN_POINT('',(0.0331471810322458,0.0722348398417412,0.00015));
#7215=CARTESIAN_POINT('',(0.0347471810322458,0.0722348398417412,0.00015));
#7216=CARTESIAN_POINT('',(-0.00365281896775414,0.0722348398417431,0.00415));
#7217=CARTESIAN_POINT('',(-0.00365281896775414,0.0722348398417431,0.00015));
#7218=CARTESIAN_POINT('',(-0.00205281896775414,0.0722348398417431,0.00015));
#7219=CARTESIAN_POINT('',(-0.00356229796775313,-0.0630765601582567,0.00415));
#7220=CARTESIAN_POINT('',(-0.00356229796775313,-0.0630765601582567,0.00015));
#7221=CARTESIAN_POINT('',(-0.00196229796775313,-0.0630765601582567,0.00015));
#7222=CARTESIAN_POINT('',(0.0012607013565873,0.0724833107932266,-0.022));
#7223=CARTESIAN_POINT('',(0.00127422168092898,0.0703348398417431,-0.022));
#7224=CARTESIAN_POINT('',(0.00127422168092898,0.0703348398417431,0.000250000000000014));
#7225=CARTESIAN_POINT('',(0.00127422168092898,0.0703348398417431,0.003));
#7226=CARTESIAN_POINT('',(0.0012607013565873,0.0724833107932266,0.000250000000000014));
#7227=CARTESIAN_POINT('',(0.001247181070002,0.0703348398415055,0.000250000000000014));
#7228=CARTESIAN_POINT('',(0.001247181070002,0.0703348398415055,-0.022));
#7229=CARTESIAN_POINT('',(0.001247181070002,0.0703348398415055,0.003));
#7230=CARTESIAN_POINT('',(0.0012607013565873,0.0724833107932266,0.003));
#7231=CARTESIAN_POINT('',(0.00124718103224561,0.0722348398417431,-0.022));
#7232=CARTESIAN_POINT('',(0.00124718103224561,0.0722348398417431,0.00025));
#7233=CARTESIAN_POINT('',(0.00124718103224562,0.0741348398417431,0.00025));
#7234=CARTESIAN_POINT('',(0.00124718103224562,0.0741348398417431,-0.022));
#7235=CARTESIAN_POINT('',(0.00124718103224562,0.0741348398417431,0.003));
#7236=CARTESIAN_POINT('',(0.00124718103224561,0.0722348398417431,0.003));
#7237=CARTESIAN_POINT('',(0.0147471810322456,0.0741348398417432,-0.022));
#7238=CARTESIAN_POINT('',(0.0282471810322456,0.0741348398417432,0.00025));
#7239=CARTESIAN_POINT('',(0.0282471810322456,0.0741348398417432,0.00025));
#7240=CARTESIAN_POINT('',(0.0282471810322456,0.0741348398417432,-0.022));
#7241=CARTESIAN_POINT('',(0.0282471810322456,0.0741348398417432,0.003));
#7242=CARTESIAN_POINT('',(0.0147471810322456,0.0741348398417432,0.003));
#7243=CARTESIAN_POINT('',(0.0282471810322456,0.0722348398417431,-0.022));
#7244=CARTESIAN_POINT('',(0.0282471810322456,0.0722348398417431,0.00025));
#7245=CARTESIAN_POINT('',(0.0282471810322456,0.0703348398417431,0.00025));
#7246=CARTESIAN_POINT('',(0.0282471810322456,0.0703348398417431,-0.022));
#7247=CARTESIAN_POINT('',(0.0282471810322456,0.0703348398417431,0.003));
#7248=CARTESIAN_POINT('',(0.0282471810322456,0.0722348398417431,0.003));
#7249=CARTESIAN_POINT('',(0.0282336607079039,0.0724833107932242,-0.022));
#7250=CARTESIAN_POINT('',(0.0282336607079039,0.0724833107932242,0.00025));
#7251=CARTESIAN_POINT('',(0.0282201404213187,0.0703348398415055,0.00025));
#7252=CARTESIAN_POINT('',(0.0282201404213187,0.0703348398415055,-0.022));
#7253=CARTESIAN_POINT('',(0.0282201404213187,0.0703348398415055,0.003));
#7254=CARTESIAN_POINT('',(0.0282336607079039,0.0724833107932242,0.003));
#7255=CARTESIAN_POINT('',(0.181570401356581,0.0724833107932331,-0.022));
#7256=CARTESIAN_POINT('',(0.181583921680923,0.0703348398417413,-0.022));
#7257=CARTESIAN_POINT('',(0.181581739978059,0.070334833887528,0.00025000555967851));
#7258=CARTESIAN_POINT('',(0.181583921681108,0.0703348438068752,0.003));
#7259=CARTESIAN_POINT('',(0.181570401356581,0.0724833107932331,0.00025));
#7260=CARTESIAN_POINT('',(0.181556881069996,0.0703348398415037,0.00025));
#7261=CARTESIAN_POINT('',(0.181556881069996,0.0703348398415037,-0.022));
#7262=CARTESIAN_POINT('',(0.181556881069996,0.0703348398415037,0.003));
#7263=CARTESIAN_POINT('',(0.181570401356581,0.0724833107932331,0.003));
#7264=CARTESIAN_POINT('',(0.181556881032239,0.0722348398417413,-0.022));
#7265=CARTESIAN_POINT('',(0.181556881032239,0.0722348398417413,0.00025));
#7266=CARTESIAN_POINT('',(0.181556881032239,0.0741348398417413,0.00025));
#7267=CARTESIAN_POINT('',(0.181556881032239,0.0741348398417413,-0.022));
#7268=CARTESIAN_POINT('',(0.181556881032239,0.0741348398417413,0.003));
#7269=CARTESIAN_POINT('',(0.181556881032239,0.0722348398417413,0.003));
#7270=CARTESIAN_POINT('',(0.195056881032239,0.0741348398417413,-0.022));
#7271=CARTESIAN_POINT('',(0.208556881032239,0.0741348398417413,0.00025));
#7272=CARTESIAN_POINT('',(0.208556881032239,0.0741348398417413,0.00025));
#7273=CARTESIAN_POINT('',(0.208556881032239,0.0741348398417413,-0.022));
#7274=CARTESIAN_POINT('',(0.208556881032239,0.0741348398417413,0.003));
#7275=CARTESIAN_POINT('',(0.195056881032239,0.0741348398417413,0.003));
#7276=CARTESIAN_POINT('',(0.208556881032239,0.0722348398417413,-0.022));
#7277=CARTESIAN_POINT('',(0.208556881032239,0.0722348398417413,0.00025));
#7278=CARTESIAN_POINT('',(0.208556881032239,0.0703348398417413,0.00025));
#7279=CARTESIAN_POINT('',(0.208556881032239,0.0703348398417413,-0.022));
#7280=CARTESIAN_POINT('',(0.208556881032239,0.0703348398417413,0.003));
#7281=CARTESIAN_POINT('',(0.208556881032239,0.0722348398417413,0.003));
#7282=CARTESIAN_POINT('',(0.0148493610322475,0.030348297657631,0.003));
#7283=CARTESIAN_POINT('',(0.208529840383556,0.0699098398417412,0.003));
#7284=CARTESIAN_POINT('',(0.208529840421313,0.0703348398415037,0.003));
#7285=CARTESIAN_POINT('',(0.20849887249426,0.0694859695905645,0.003));
#7286=CARTESIAN_POINT('',(0.195041412944786,0.0694854017161538,0.003));
#7287=CARTESIAN_POINT('',(0.181583953469297,0.069484827002219,0.0029999997500008));
#7288=CARTESIAN_POINT('',(0.181583901847723,0.0699098329673432,0.003));
#7289=CARTESIAN_POINT('',(0.208543360707898,0.0724833107932154,0.003));
#7290=CARTESIAN_POINT('',(0.208543360707898,0.0724833107932154,-0.022));
#7291=CARTESIAN_POINT('',(0.208556881032239,0.0703348398417413,0.00025));
#7292=CARTESIAN_POINT('',(0.208547867442508,0.0703347831192352,0.000249943277493899));
#7293=CARTESIAN_POINT('',(0.208538853905538,0.07033478311982,0.00024987913994403));
#7294=CARTESIAN_POINT('',(0.208529840421313,0.0703348398415037,0.000249807589863006));
#7295=CARTESIAN_POINT('',(0.208529840421313,0.0703348398415037,0.000249807589863007));
#7296=CARTESIAN_POINT('',(0.208529840421313,0.0703348398415037,-0.022));
#7297=CARTESIAN_POINT('',(0.208507858741399,-0.0607555160515821,-0.022));
#7298=CARTESIAN_POINT('',(0.208507858741399,-0.0603305160515821,-0.022));
#7299=CARTESIAN_POINT('',(0.208507858741399,-0.0603305160515821,0.00025));
#7300=CARTESIAN_POINT('',(0.208507858741399,-0.0607555160515821,0.00025));
#7301=CARTESIAN_POINT('',(0.208507858703643,-0.0611805160518197,0.00025));
#7302=CARTESIAN_POINT('',(0.208507858703643,-0.0611805160518197,-0.022));
#7303=CARTESIAN_POINT('',(0.208521379065742,-0.0633289870036091,-0.022));
#7304=CARTESIAN_POINT('',(0.208521379065742,-0.0633289870036091,0.00025));
#7305=CARTESIAN_POINT('',(0.208534899390083,-0.0611805160515821,0.00025));
#7306=CARTESIAN_POINT('',(0.208534899390083,-0.0611805160515821,-0.022));
#7307=CARTESIAN_POINT('',(0.208534899390083,-0.0630805160515821,-0.022));
#7308=CARTESIAN_POINT('',(0.208534899390083,-0.0630805160515821,0.00025));
#7309=CARTESIAN_POINT('',(0.208534899390083,-0.0649805160515821,0.00025));
#7310=CARTESIAN_POINT('',(0.208534899390083,-0.0649805160515821,-0.022));
#7311=CARTESIAN_POINT('',(0.195034899390083,-0.0649805160515821,-0.022));
#7312=CARTESIAN_POINT('',(0.181534899390083,-0.0649805160515821,0.00025));
#7313=CARTESIAN_POINT('',(0.181534899390083,-0.0649805160515821,0.00025));
#7314=CARTESIAN_POINT('',(0.181534899390083,-0.0649805160515821,-0.022));
#7315=CARTESIAN_POINT('',(0.181534899390083,-0.0630805160515821,-0.022));
#7316=CARTESIAN_POINT('',(0.181534899390083,-0.0630805160515821,0.00025));
#7317=CARTESIAN_POINT('',(0.181534899352326,-0.0611805160518197,0.00025));
#7318=CARTESIAN_POINT('',(0.181534899352326,-0.0611805160518197,-0.022));
#7319=CARTESIAN_POINT('',(0.181548419714425,-0.0633289870036124,-0.022));
#7320=CARTESIAN_POINT('',(0.181548419714425,-0.0633289870036124,0.00025));
#7321=CARTESIAN_POINT('',(0.181561940038766,-0.0611805160515821,0.00025));
#7322=CARTESIAN_POINT('',(0.181561940038766,-0.0611805160515821,-0.022));
#7323=CARTESIAN_POINT('',(0.181561940038766,-0.0607555160515821,-0.022));
#7324=CARTESIAN_POINT('',(0.181561940038766,-0.0607555160515821,0.00025));
#7325=CARTESIAN_POINT('',(0.181561940038766,-0.0603305160515821,0.00025));
#7326=CARTESIAN_POINT('',(0.181561940038766,-0.0603305160515821,-0.022));
#7327=CARTESIAN_POINT('',(0.0283241817079057,-0.0633250311094998,-0.022));
#7328=CARTESIAN_POINT('',(0.0283106613458066,-0.0611765601584943,-0.022));
#7329=CARTESIAN_POINT('',(0.028312843914686,-0.0611765541991819,0.000250005558308311));
#7330=CARTESIAN_POINT('',(0.0283241817079057,-0.0633250311094998,0.000250000000000014));
#7331=CARTESIAN_POINT('',(0.0283377020322466,-0.0611765601582567,0.000250000000000014));
#7332=CARTESIAN_POINT('',(0.0283377020322466,-0.0611765601582567,-0.022));
#7333=CARTESIAN_POINT('',(0.0283377020322466,-0.0630765601582567,-0.022));
#7334=CARTESIAN_POINT('',(0.0283377020322466,-0.0630765601582567,0.00025));
#7335=CARTESIAN_POINT('',(0.0283377020322466,-0.0649765601582567,0.00025));
#7336=CARTESIAN_POINT('',(0.0283377020322466,-0.0649765601582567,-0.022));
#7337=CARTESIAN_POINT('',(0.0148377020322466,-0.0649765601582567,-0.022));
#7338=CARTESIAN_POINT('',(0.00133770203224659,-0.0649765601582567,0.00025));
#7339=CARTESIAN_POINT('',(0.00133770203224659,-0.0649765601582567,0.00025));
#7340=CARTESIAN_POINT('',(0.00133770203224659,-0.0649765601582567,-0.022));
#7341=CARTESIAN_POINT('',(0.00133770203224658,-0.0630765601582567,-0.022));
#7342=CARTESIAN_POINT('',(0.00133770203224658,-0.0630765601582567,0.00025));
#7343=CARTESIAN_POINT('',(0.00133770199448998,-0.0611765601584943,0.00025));
#7344=CARTESIAN_POINT('',(0.00133770199448998,-0.0611765601584943,-0.022));
#7345=CARTESIAN_POINT('',(0.00135122235658909,-0.0633250311094994,-0.022));
#7346=CARTESIAN_POINT('',(0.00135122235658909,-0.0633250311094994,0.00025));
#7347=CARTESIAN_POINT('',(0.00136474268092995,-0.0611765601582567,0.00025));
#7348=CARTESIAN_POINT('',(0.00136474268092995,-0.0611765601582567,-0.022));
#7349=CARTESIAN_POINT('',(0.00136474268092995,-0.0607515601582567,-0.022));
#7350=CARTESIAN_POINT('',(0.00136474268092995,-0.0607515601582567,0.00025));
#7351=CARTESIAN_POINT('',(0.00136474268092994,-0.0603265601582567,0.00025));
#7352=CARTESIAN_POINT('',(0.00136474268092994,-0.0603265601582567,-0.022));
#7353=CARTESIAN_POINT('',(0.0148493610322475,0.030348297657631,0.003));
#7354=CARTESIAN_POINT('',(0.104902031032243,0.0694848338417431,0.003));
#7355=CARTESIAN_POINT('',(0.00127422168092899,0.0694848338417431,0.003));
#7356=CARTESIAN_POINT('',(0.0282201403835623,0.0694848338417431,0.003));
#7357=CARTESIAN_POINT('',(0.00127422168092898,0.0699098398417431,0.003));
#7358=CARTESIAN_POINT('',(0.0282201403835623,0.0699098398417431,0.003));
#7359=CARTESIAN_POINT('',(0.00127422168092898,0.0699098398417431,-0.022));
#7360=CARTESIAN_POINT('',(0.00127422168092899,0.0694848398417431,-0.022));
#7361=CARTESIAN_POINT('',(0.00127422168092899,0.0694848398417431,0.00025));
#7362=CARTESIAN_POINT('',(0.00127422168092898,0.0699098398417431,0.00025));
#7363=CARTESIAN_POINT('',(0.181583901847723,0.0699098329673432,-0.022));
#7364=CARTESIAN_POINT('',(0.181583953395311,0.069484835843221,-0.022));
#7365=CARTESIAN_POINT('',(0.181583965877337,0.0694848310335174,0.000249999969362789));
#7366=CARTESIAN_POINT('',(0.181583965879275,0.069484818167038,0.000249999999999993));
#7367=CARTESIAN_POINT('',(0.181806852756672,0.0694848517465574,0.000249999999999993));
#7368=CARTESIAN_POINT('',(0.182212092046949,0.0699114779984851,0.000249999999999993));
#7369=CARTESIAN_POINT('',(0.181804623931789,0.0703359760271569,0.000249999999999993));
#7370=CARTESIAN_POINT('',(0.181581739935399,0.0703348422739632,0.000249999999999993));
#7371=CARTESIAN_POINT('',(0.0282201403835623,0.0699098398417431,-0.022));
#7372=CARTESIAN_POINT('',(0.0282201403835623,0.0699098398417431,0.00025));
#7373=CARTESIAN_POINT('',(0.0282201403835623,0.0694848398417431,0.00025));
#7374=CARTESIAN_POINT('',(0.0282201403835623,0.0694848398417431,-0.022));
#7375=CARTESIAN_POINT('',(0.0148199860193575,-0.0603273009129685,0.007115));
#7376=CARTESIAN_POINT('',(0.00136476607855598,-0.0603265601589008,0.007115));
#7377=CARTESIAN_POINT('',(0.00136476607855596,-0.0603265601589008,0.006915));
#7378=CARTESIAN_POINT('',(0.0282752059601592,-0.0603280416663922,0.006915));
#7379=CARTESIAN_POINT('',(0.0282752059601592,-0.0603280416663922,0.006915));
#7380=CARTESIAN_POINT('',(0.0282752059601592,-0.0603280416663922,0.007115));
#7381=CARTESIAN_POINT('',(0.0283106613835634,-0.0607515601582567,-0.022));
#7382=CARTESIAN_POINT('',(0.0283106600593875,-0.0603285381049204,-0.022));
#7383=CARTESIAN_POINT('',(0.0283106600562917,-0.0603285381049204,0.000249859005308875));
#7384=CARTESIAN_POINT('',(0.0283106600539512,-0.0603285381049204,0.003));
#7385=CARTESIAN_POINT('',(0.0283106600500858,-0.0603265601582588,0.000249999999999997));
#7386=CARTESIAN_POINT('',(0.0280877670356141,-0.0603265608576067,0.000249999999999997));
#7387=CARTESIAN_POINT('',(0.0276824651342336,-0.060753174165011,0.000249999999999995));
#7388=CARTESIAN_POINT('',(0.0280899538411275,-0.0611776991926254,0.00025));
#7389=CARTESIAN_POINT('',(0.028312843916509,-0.0611765545541609,0.00025));
#7390=CARTESIAN_POINT('',(0.0282752059601592,-0.0603280416663922,0.006915));
#7391=CARTESIAN_POINT('',(0.0282869668161284,-0.0603270570904268,0.006915));
#7392=CARTESIAN_POINT('',(0.0282987686979933,-0.0603265626863197,0.006915));
#7393=CARTESIAN_POINT('',(0.0283105706942913,-0.0603265601679327,0.006915));
#7394=CARTESIAN_POINT('',(0.0283105710650199,-0.0603285381462272,0.006915));
#7395=CARTESIAN_POINT('',(0.0283106600578386,-0.0603285381049204,0.007115));
#7396=CARTESIAN_POINT('',(0.209271379065741,-0.060330516051582,-0.022));
#7397=CARTESIAN_POINT('',(0.210034899390083,-0.060330516051582,0.006915));
#7398=CARTESIAN_POINT('',(0.0609349966755732,-0.060330516051582,0.006915));
#7399=CARTESIAN_POINT('',(0.0609349966755732,-0.060330516051582,-0.022));
#7400=CARTESIAN_POINT('',(0.0609349966755732,-0.060330516051582,0.00025));
#7401=CARTESIAN_POINT('',(0.209271379065741,-0.060330516051582,0.00025));
#7402=CARTESIAN_POINT('',(0.068955381755579,-0.0665785381049194,0.007117));
#7403=CARTESIAN_POINT('',(0.0671830187289105,-0.0665785381049194,0.007117));
#7404=CARTESIAN_POINT('',(0.0671830187289105,-0.0665785381049194,0.006687));
#7405=CARTESIAN_POINT('',(0.0671830187289105,-0.0665785381049194,0.000428));
#7406=CARTESIAN_POINT('',(0.0957536060042066,-0.0665785381049194,0.006687));
#7407=CARTESIAN_POINT('',(0.0957536060042066,-0.0665785381049194,0.006687));
#7408=CARTESIAN_POINT('',(0.0957536060042066,-0.0665785381049194,0.007117));
#7409=CARTESIAN_POINT('',(0.0957536060042066,-0.0665785381049194,0.000428));
#7410=CARTESIAN_POINT('',(0.068955381755579,-0.0665785381049194,0.000428));
#7411=CARTESIAN_POINT('',(0.0957536060042067,-0.062175693500952,0.007117));
#7412=CARTESIAN_POINT('',(0.0957536060042067,-0.062175693500952,0.006687));
#7413=CARTESIAN_POINT('',(0.100005066989476,-0.0633202982787767,0.006687));
#7414=CARTESIAN_POINT('',(0.100005066989476,-0.0633202982787767,0.007117));
#7415=CARTESIAN_POINT('',(0.100005066989476,-0.0633202982787767,0.000428));
#7416=CARTESIAN_POINT('',(0.0957536060042067,-0.062175693500952,0.000428));
#7417=CARTESIAN_POINT('',(0.101936300711165,-0.0638402370369122,0.007117));
#7418=CARTESIAN_POINT('',(0.101936300711165,-0.0638402370369122,0.006687));
#7419=CARTESIAN_POINT('',(0.100330108823217,-0.0626485375701458,0.006687));
#7420=CARTESIAN_POINT('',(0.100330108823217,-0.0626485375701458,0.007117));
#7421=CARTESIAN_POINT('',(0.100330108823217,-0.0626485375701458,0.000428));
#7422=CARTESIAN_POINT('',(0.101936300711165,-0.0638402370369122,0.000428));
#7423=CARTESIAN_POINT('',(0.106571064143914,-0.0601232641582564,0.007115));
#7424=CARTESIAN_POINT('',(0.106457545236217,-0.0605359352834823,0.00711500000000001));
#7425=CARTESIAN_POINT('',(0.106457545236217,-0.0605359352834823,0.006687));
#7426=CARTESIAN_POINT('',(0.106034930861786,-0.0600762955992696,0.007115));
#7427=CARTESIAN_POINT('',(0.106032470762101,-0.0604190043991957,0.00702794337406697));
#7428=CARTESIAN_POINT('',(0.105958641356274,-0.0603986951907423,0.00668700003794793));
#7429=CARTESIAN_POINT('',(0.104924708421582,-0.0600296066043057,0.00714052562470413));
#7430=CARTESIAN_POINT('',(0.104925629528478,-0.0602491951912587,0.00701947853561937));
#7431=CARTESIAN_POINT('',(0.104925513396904,-0.0602622719771866,0.00676715042329712));
#7432=CARTESIAN_POINT('',(0.103837121689533,-0.0600763436840173,0.00711499999999986));
#7433=CARTESIAN_POINT('',(0.103839739706295,-0.0604191119447858,0.00702802344420935));
#7434=CARTESIAN_POINT('',(0.103913449308755,-0.0603988356915124,0.0066870000385996));
#7435=CARTESIAN_POINT('',(0.103301537278416,-0.0601232641582564,0.00711499999999986));
#7436=CARTESIAN_POINT('',(0.103415056186113,-0.0605359352834823,0.00711499999999987));
#7437=CARTESIAN_POINT('',(0.103415056186113,-0.0605359352834823,0.00668699999999986));
#7438=CARTESIAN_POINT('',(0.106571064143914,-0.0601232641582564,0.006687));
#7439=CARTESIAN_POINT('',(0.106571064143914,-0.0601232641582564,0.007115));
#7440=CARTESIAN_POINT('',(0.106457545236216,-0.0605359352834823,0.006687));
#7441=CARTESIAN_POINT('',(0.103415056186113,-0.0605359352834823,0.006687));
#7442=CARTESIAN_POINT('',(0.10391345717138,-0.0603988335286361,0.00668699999999999));
#7443=CARTESIAN_POINT('',(0.104925398415366,-0.0602622851718205,0.00676715040112518));
#7444=CARTESIAN_POINT('',(0.105958554376157,-0.0603986712639707,0.00668699999999999));
#7445=CARTESIAN_POINT('',(0.106457545236216,-0.0605359352834823,0.006687));
#7446=CARTESIAN_POINT('',(0.103415056186113,-0.0605359352834823,0.006687));
#7447=CARTESIAN_POINT('',(0.103301537278416,-0.0601232641582564,0.006687));
#7448=CARTESIAN_POINT('',(0.103301537278416,-0.0601232641582564,0.007115));
#7449=CARTESIAN_POINT('',(0.106571064143914,-0.0601232641582564,0.007115));
#7450=CARTESIAN_POINT('',(0.106027080975593,-0.0600756079005581,0.00711499999999999));
#7451=CARTESIAN_POINT('',(0.104935146411129,-0.0600303153578855,0.0071405263010796));
#7452=CARTESIAN_POINT('',(0.103845493369057,-0.0600756102727287,0.00711499999999999));
#7453=CARTESIAN_POINT('',(0.103301537278416,-0.0601232641582564,0.007115));
#7454=CARTESIAN_POINT('',(0.104936300711165,-0.0660660597590442,0.007117));
#7455=CARTESIAN_POINT('',(0.104936300711165,-0.0660660597590442,0.006687));
#7456=CARTESIAN_POINT('',(0.104936300711165,-0.0660660597590442,0.006687));
#7457=CARTESIAN_POINT('',(0.109542492599113,-0.0626485375701457,0.006687));
#7458=CARTESIAN_POINT('',(0.109542492599113,-0.0626485375701457,0.007117));
#7459=CARTESIAN_POINT('',(0.109542492599113,-0.0626485375701457,0.000428));
#7460=CARTESIAN_POINT('',(0.104936300711165,-0.0660660597590442,0.000428));
#7461=CARTESIAN_POINT('',(0.107936300711165,-0.0638402370369119,0.007117));
#7462=CARTESIAN_POINT('',(0.107936300711165,-0.0638402370369119,0.006687));
#7463=CARTESIAN_POINT('',(0.109867534432854,-0.0633202982787767,0.006687));
#7464=CARTESIAN_POINT('',(0.109867534432854,-0.0633202982787767,0.007117));
#7465=CARTESIAN_POINT('',(0.109867534432854,-0.0633202982787767,0.000428));
#7466=CARTESIAN_POINT('',(0.107936300711165,-0.0638402370369119,0.000428));
#7467=CARTESIAN_POINT('',(0.114118995418123,-0.062175693500952,0.007117));
#7468=CARTESIAN_POINT('',(0.114118995418123,-0.062175693500952,0.006687));
#7469=CARTESIAN_POINT('',(0.114118995418123,-0.0665785381049194,0.006687));
#7470=CARTESIAN_POINT('',(0.114118995418123,-0.0665785381049194,0.007117));
#7471=CARTESIAN_POINT('',(0.114118995418123,-0.0665785381049194,0.000428));
#7472=CARTESIAN_POINT('',(0.114118995418123,-0.062175693500952,0.000428));
#7473=CARTESIAN_POINT('',(0.131100107808916,-0.0665785381049194,0.007117));
#7474=CARTESIAN_POINT('',(0.131100107808916,-0.0665785381049194,0.006687));
#7475=CARTESIAN_POINT('',(0.132872470835584,-0.0665785381049194,0.006687));
#7476=CARTESIAN_POINT('',(0.132872470835584,-0.0665785381049194,0.007117));
#7477=CARTESIAN_POINT('',(0.132872470835584,-0.0665785381049194,0.000428));
#7478=CARTESIAN_POINT('',(0.114118995418123,-0.0665785381049194,0.000428));
#7479=CARTESIAN_POINT('',(0.139224118835585,-0.0602268901049192,0.007117));
#7480=CARTESIAN_POINT('',(0.139224118835585,-0.0602268901049192,0.006687));
#7481=CARTESIAN_POINT('',(0.139120492888922,-0.060330516051582,0.006687));
#7482=CARTESIAN_POINT('',(0.139120492888922,-0.060330516051582,-0.022));
#7483=CARTESIAN_POINT('',(0.139120492888922,-0.060330516051582,0.000428));
#7484=CARTESIAN_POINT('',(0.132872470835585,-0.0665785381049195,0.000428));
#7485=CARTESIAN_POINT('',(0.209271379065741,-0.060330516051582,-0.022));
#7486=CARTESIAN_POINT('',(0.209271379065741,-0.060330516051582,0.00025));
#7487=CARTESIAN_POINT('',(0.139175321935837,-0.060330516051582,0.00025));
#7488=CARTESIAN_POINT('',(0.139725776293618,-0.060330516051582,0.000428));
#7489=CARTESIAN_POINT('',(0.138515209484226,-0.060330516051582,0.006687));
#7490=CARTESIAN_POINT('',(0.139027459423221,-0.060330516051582,0.006915));
#7491=CARTESIAN_POINT('',(0.210034899390083,-0.060330516051582,0.006915));
#7492=CARTESIAN_POINT('',(0.210034899390083,-0.060330516051582,0.006915));
#7493=CARTESIAN_POINT('',(0.210034899390083,-0.060330516051582,-0.022));
#7494=CARTESIAN_POINT('',(0.210034899390083,-0.060330516051582,0.00025));
#7495=CARTESIAN_POINT('',(0.209271379065741,-0.060330516051582,0.00025));
#7496=CARTESIAN_POINT('',(0.210873093787523,-0.060331075884706,-0.022));
#7497=CARTESIAN_POINT('',(0.211711288180956,-0.0603316357178273,-0.022));
#7498=CARTESIAN_POINT('',(0.211711288180956,-0.0603316357178273,0.00025));
#7499=CARTESIAN_POINT('',(0.211711288180956,-0.0603316357178273,0.006915));
#7500=CARTESIAN_POINT('',(0.210873093787523,-0.060331075884706,0.00025));
#7501=CARTESIAN_POINT('',(0.211711288180956,-0.0603316357178273,0.006915));
#7502=CARTESIAN_POINT('',(0.211712290032248,-0.058831636052396,-0.022));
#7503=CARTESIAN_POINT('',(0.213212290032235,-0.0588316420523959,-0.022));
#7504=CARTESIAN_POINT('',(0.213212290032235,-0.0588316420523959,0.00025));
#7505=CARTESIAN_POINT('',(0.213212290032235,-0.0588316420523959,0.006915));
#7506=CARTESIAN_POINT('',(0.211712290032248,-0.058831636052396,0.00025));
#7507=CARTESIAN_POINT('',(0.211712290032248,-0.058831636052396,0.006915));
#7508=CARTESIAN_POINT('',(0.213212290032248,0.0045781039686601,-0.022));
#7509=CARTESIAN_POINT('',(0.213212290032248,0.0679878499897161,-0.022));
#7510=CARTESIAN_POINT('',(0.213212290032248,0.0679878499897161,0.00025));
#7511=CARTESIAN_POINT('',(0.213212290032248,0.0679878499897161,0.006915));
#7512=CARTESIAN_POINT('',(0.213212290032248,0.0045781039686601,0.00025));
#7513=CARTESIAN_POINT('',(0.213212290032248,0.0679878499897161,0.006915));
#7514=CARTESIAN_POINT('',(0.211712290032248,0.0679878559897161,-0.022));
#7515=CARTESIAN_POINT('',(0.211837460163397,0.0694826243457726,-0.022));
#7516=CARTESIAN_POINT('',(0.211837460163397,0.0694826243457726,0.00025));
#7517=CARTESIAN_POINT('',(0.211837460163397,0.0694826243457726,0.006915));
#7518=CARTESIAN_POINT('',(0.211712290032248,0.0679878559897161,0.00025));
#7519=CARTESIAN_POINT('',(0.211712290032248,0.0679878559897161,0.006915));
#7520=CARTESIAN_POINT('',(0.210947167926863,0.0694852401885826,-0.022));
#7521=CARTESIAN_POINT('',(0.210056876171635,0.0694878559896643,-0.022));
#7522=CARTESIAN_POINT('',(0.210056876171635,0.0694878559896643,0.00025));
#7523=CARTESIAN_POINT('',(0.210056876171635,0.0694878559896643,0.006915));
#7524=CARTESIAN_POINT('',(0.211837460163516,0.0694826243860864,0.00025));
#7525=CARTESIAN_POINT('',(0.210947167926863,0.0694852401885826,0.006915));
#7526=CARTESIAN_POINT('',(0.209293357049223,0.0694878559897161,-0.022));
#7527=CARTESIAN_POINT('',(0.208529837940114,0.0694863479157322,-0.022));
#7528=CARTESIAN_POINT('',(0.208529837935763,0.0694863479157322,0.00025));
#7529=CARTESIAN_POINT('',(0.20852983793466,0.0694859708972362,0.003));
#7530=CARTESIAN_POINT('',(0.210056876171635,0.0694878559897161,0.00025));
#7531=CARTESIAN_POINT('',(0.209293357049223,0.0694878559897161,0.006915));
#7532=CARTESIAN_POINT('',(0.208529837935183,0.0694876551823177,0.006915));
#7533=CARTESIAN_POINT('',(0.208529837935763,0.0694863479157322,0.007115));
#7534=CARTESIAN_POINT('',(0.195041412944786,0.0694854017161538,0.007115));
#7535=CARTESIAN_POINT('',(0.20849887249426,0.0694859695905645,0.007115));
#7536=CARTESIAN_POINT('',(0.20849887249426,0.0694859695905645,0.006915));
#7537=CARTESIAN_POINT('',(0.195041412944786,0.0694854017161538,0.006915));
#7538=CARTESIAN_POINT('',(0.181583953558098,0.0694848338417466,0.006915));
#7539=CARTESIAN_POINT('',(0.181583953558098,0.0694848338417466,0.007115));
#7540=CARTESIAN_POINT('',(0.210090244782247,0.0549017298417437,0.00835));
#7541=CARTESIAN_POINT('',(0.210090244782247,0.0649517298417437,0.00835));
#7542=CARTESIAN_POINT('',(0.210090244782247,0.0649517298417437,0.0117));
#7543=CARTESIAN_POINT('',(0.210090244782247,0.0649517298417437,0.007315));
#7544=CARTESIAN_POINT('',(0.210090244782247,0.0448517298417437,0.007315));
#7545=CARTESIAN_POINT('',(0.210090244782247,0.0448517298417437,0.007315));
#7546=CARTESIAN_POINT('',(0.210090244782247,0.0448517298417437,0.00835));
#7547=CARTESIAN_POINT('',(0.210090244782247,0.0448517298417437,0.0117));
#7548=CARTESIAN_POINT('',(0.210090244782247,0.0549017298417437,0.0117));
#7549=CARTESIAN_POINT('',(0.1714757510557,0.0649517298417437,0.00835));
#7550=CARTESIAN_POINT('',(0.132861257329153,0.0649517298417437,0.00835));
#7551=CARTESIAN_POINT('',(0.132861257329153,0.0649517298417437,0.0117));
#7552=CARTESIAN_POINT('',(0.132861257329153,0.0649517298417437,0.007315));
#7553=CARTESIAN_POINT('',(0.210090244782247,0.0649517298417437,0.007315));
#7554=CARTESIAN_POINT('',(0.1714757510557,0.0649517298417437,0.0117));
#7555=CARTESIAN_POINT('',(0.209835244782247,0.0448517298417437,0.00835));
#7556=CARTESIAN_POINT('',(0.132861257329153,0.0448517298417437,0.007315));
#7557=CARTESIAN_POINT('',(0.132861257329153,0.0448517298417437,0.007315));
#7558=CARTESIAN_POINT('',(0.132861257329153,0.0448517298417437,0.00835));
#7559=CARTESIAN_POINT('',(0.132861257329153,0.0448517298417437,0.0117));
#7560=CARTESIAN_POINT('',(0.209835244782247,0.0448517298417437,0.0117));
#7561=CARTESIAN_POINT('',(0.119077744782247,-0.0170607701582563,0.00835));
#7562=CARTESIAN_POINT('',(0.129127744782247,-0.0170607701582563,0.00835));
#7563=CARTESIAN_POINT('',(0.129127744782247,-0.0170607701582563,0.0117));
#7564=CARTESIAN_POINT('',(0.129127744782247,-0.0170607701582563,0.007315));
#7565=CARTESIAN_POINT('',(0.109027744782247,-0.0170607701582563,0.007315));
#7566=CARTESIAN_POINT('',(0.109027744782247,-0.0170607701582563,0.007315));
#7567=CARTESIAN_POINT('',(0.109027744782247,-0.0170607701582563,0.00835));
#7568=CARTESIAN_POINT('',(0.109027744782247,-0.0170607701582563,0.0117));
#7569=CARTESIAN_POINT('',(0.119077744782247,-0.0170607701582563,0.0117));
#7570=CARTESIAN_POINT('',(0.129127744782247,0.0120392298417437,0.00835));
#7571=CARTESIAN_POINT('',(0.129127744782247,0.0411392298417437,0.00835));
#7572=CARTESIAN_POINT('',(0.129127744782247,0.0411392298417437,0.0117));
#7573=CARTESIAN_POINT('',(0.129127744782247,0.0411392298417437,0.007315));
#7574=CARTESIAN_POINT('',(0.129127744782247,-0.0170607701582563,0.007315));
#7575=CARTESIAN_POINT('',(0.129127744782247,0.0120392298417437,0.0117));
#7576=CARTESIAN_POINT('',(0.119077744782247,0.0411392298417437,0.00835));
#7577=CARTESIAN_POINT('',(0.109027744782247,0.0411392298417437,0.00835));
#7578=CARTESIAN_POINT('',(0.109027744782247,0.0411392298417437,0.0117));
#7579=CARTESIAN_POINT('',(0.109027744782247,0.0411392298417437,0.007315));
#7580=CARTESIAN_POINT('',(0.119077744782247,0.0411392298417437,0.007315));
#7581=CARTESIAN_POINT('',(0.109027744782247,0.0411392298417437,0.0117));
#7582=CARTESIAN_POINT('',(0.109027744782247,0.0115142328417437,0.00835));
#7583=CARTESIAN_POINT('',(0.109027744782247,0.0411392298417437,0.007315));
#7584=CARTESIAN_POINT('',(0.109027744782247,0.0115142328417437,0.0117));
#7585=CARTESIAN_POINT('',(0.119602744782247,-0.0398232701582563,0.00835));
#7586=CARTESIAN_POINT('',(0.110077744782247,-0.0398232701582563,0.00835));
#7587=CARTESIAN_POINT('',(0.110077744782247,-0.0398232701582563,0.0117));
#7588=CARTESIAN_POINT('',(0.110077744782247,-0.0398232701582563,0.007315));
#7589=CARTESIAN_POINT('',(0.129127744782247,-0.0398232701582563,0.007315));
#7590=CARTESIAN_POINT('',(0.129127744782247,-0.0398232701582563,0.007315));
#7591=CARTESIAN_POINT('',(0.129127744782247,-0.0398232701582563,0.00835));
#7592=CARTESIAN_POINT('',(0.129127744782247,-0.0398232701582563,0.0117));
#7593=CARTESIAN_POINT('',(0.119602744782247,-0.0398232701582563,0.0117));
#7594=CARTESIAN_POINT('',(0.110077744782247,-0.0302982701582563,0.00835));
#7595=CARTESIAN_POINT('',(0.110077744782247,-0.0207732701582563,0.00835));
#7596=CARTESIAN_POINT('',(0.110077744782247,-0.0207732701582563,0.0117));
#7597=CARTESIAN_POINT('',(0.110077744782247,-0.0207732701582563,0.007315));
#7598=CARTESIAN_POINT('',(0.110077744782247,-0.0302982701582563,0.007315));
#7599=CARTESIAN_POINT('',(0.110077744782247,-0.0207732701582563,0.0117));
#7600=CARTESIAN_POINT('',(0.100027744782248,-0.0207732701582563,0.00835));
#7601=CARTESIAN_POINT('',(0.0899777447822475,-0.0207732701582563,0.00835));
#7602=CARTESIAN_POINT('',(0.0899777447822475,-0.0207732701582563,0.0117));
#7603=CARTESIAN_POINT('',(0.0899777447822475,-0.0207732701582563,0.007315));
#7604=CARTESIAN_POINT('',(0.100027744782248,-0.0207732701582563,0.007315));
#7605=CARTESIAN_POINT('',(0.0899777447822475,-0.0207732701582563,0.0117));
#7606=CARTESIAN_POINT('',(0.0899777447822475,-0.0302982701582563,0.00835));
#7607=CARTESIAN_POINT('',(0.0899777447822475,-0.0398232701582563,0.00835));
#7608=CARTESIAN_POINT('',(0.0899777447822475,-0.0398232701582563,0.0117));
#7609=CARTESIAN_POINT('',(0.0899777447822475,-0.0398232701582563,0.007315));
#7610=CARTESIAN_POINT('',(0.0899777447822475,-0.0207732701582563,0.007315));
#7611=CARTESIAN_POINT('',(0.0899777447822475,-0.0302982701582563,0.0117));
#7612=CARTESIAN_POINT('',(0.0804527447822475,-0.0398232701582563,0.00835));
#7613=CARTESIAN_POINT('',(0.0709277447822476,-0.0398232701582563,0.00835));
#7614=CARTESIAN_POINT('',(0.0709277447822476,-0.0398232701582563,0.0117));
#7615=CARTESIAN_POINT('',(0.0709277447822476,-0.0398232701582563,0.007315));
#7616=CARTESIAN_POINT('',(0.0804527447822475,-0.0398232701582563,0.007315));
#7617=CARTESIAN_POINT('',(0.0709277447822476,-0.0398232701582563,0.0117));
#7618=CARTESIAN_POINT('',(0.0709277447822476,-0.0498732671582564,0.00835));
#7619=CARTESIAN_POINT('',(0.0709277447822478,-0.0599232641582564,0.00835));
#7620=CARTESIAN_POINT('',(0.0709277447822478,-0.0599232641582564,0.0117));
#7621=CARTESIAN_POINT('',(0.0709277447822478,-0.0599232641582564,0.007315));
#7622=CARTESIAN_POINT('',(0.0709277447822476,-0.0398232701582563,0.007315));
#7623=CARTESIAN_POINT('',(0.0709277447822476,-0.0498732671582564,0.0117));
#7624=CARTESIAN_POINT('',(0.100027744782248,-0.0599232641582564,0.00835));
#7625=CARTESIAN_POINT('',(0.129127744782247,-0.0599232641582564,0.00835));
#7626=CARTESIAN_POINT('',(0.129127744782247,-0.0599232641582564,0.0117));
#7627=CARTESIAN_POINT('',(0.129127744782247,-0.0599232641582564,0.007315));
#7628=CARTESIAN_POINT('',(0.0709277447822476,-0.0599232641582564,0.007315));
#7629=CARTESIAN_POINT('',(0.100027744782248,-0.0599232641582564,0.0117));
#7630=CARTESIAN_POINT('',(0.129127744782247,-0.0496107701582564,0.00835));
#7631=CARTESIAN_POINT('',(0.129127744782247,-0.0599232641582564,0.007315));
#7632=CARTESIAN_POINT('',(0.129127744782247,-0.0496107701582564,0.0117));
#7633=CARTESIAN_POINT('',(0.209835244782247,-0.0551607701582563,0.00835));
#7634=CARTESIAN_POINT('',(0.210090244782247,-0.0551607701582563,0.00835));
#7635=CARTESIAN_POINT('',(0.210090244782247,-0.0551607701582563,0.0117));
#7636=CARTESIAN_POINT('',(0.210090244782247,-0.0551607701582563,0.007315));
#7637=CARTESIAN_POINT('',(0.209835244782247,-0.0551607701582563,0.007315));
#7638=CARTESIAN_POINT('',(0.132815244782248,-0.0551607701582563,0.007315));
#7639=CARTESIAN_POINT('',(0.132815244782248,-0.0551607701582563,0.00835));
#7640=CARTESIAN_POINT('',(0.132815244782248,-0.0551607701582563,0.0117));
#7641=CARTESIAN_POINT('',(0.210090244782247,-0.0551607701582563,0.0117));
#7642=CARTESIAN_POINT('',(0.210090244782247,-0.0070107701582563,0.00835));
#7643=CARTESIAN_POINT('',(0.210090244782247,0.0411392298417437,0.00835));
#7644=CARTESIAN_POINT('',(0.210090244782247,0.0411392298417437,0.0117));
#7645=CARTESIAN_POINT('',(0.210090244782247,0.0411392298417437,0.007315));
#7646=CARTESIAN_POINT('',(0.210090244782247,-0.0551607701582563,0.007315));
#7647=CARTESIAN_POINT('',(0.210090244782247,-0.0070107701582563,0.0117));
#7648=CARTESIAN_POINT('',(0.171197744782247,0.0411392298417437,0.00835));
#7649=CARTESIAN_POINT('',(0.132815244782248,0.0411392298417437,0.00835));
#7650=CARTESIAN_POINT('',(0.132815244782248,0.0411392298417437,0.0117));
#7651=CARTESIAN_POINT('',(0.132815244782248,0.0411392298417437,0.007315));
#7652=CARTESIAN_POINT('',(0.171197744782247,0.0411392298417437,0.007315));
#7653=CARTESIAN_POINT('',(0.132815244782248,0.0411392298417437,0.0117));
#7654=CARTESIAN_POINT('',(0.132815244782248,-0.00701077015825631,0.00835));
#7655=CARTESIAN_POINT('',(0.132815244782248,-0.00701077015825631,0.007315));
#7656=CARTESIAN_POINT('',(0.132815244782248,-0.0551607701582563,0.0117));
#7657=CARTESIAN_POINT('',(0.119077744782247,0.0649517298417437,0.00835));
#7658=CARTESIAN_POINT('',(0.109027744782247,0.0649517298417437,0.00835));
#7659=CARTESIAN_POINT('',(0.109027744782247,0.0649517298417437,0.0117));
#7660=CARTESIAN_POINT('',(0.109027744782247,0.0649517298417437,0.007315));
#7661=CARTESIAN_POINT('',(0.129127744782247,0.0649517298417437,0.007315));
#7662=CARTESIAN_POINT('',(0.129127744782247,0.0649517298417437,0.007315));
#7663=CARTESIAN_POINT('',(0.129127744782247,0.0649517298417437,0.00835));
#7664=CARTESIAN_POINT('',(0.129127744782247,0.0649517298417437,0.0117));
#7665=CARTESIAN_POINT('',(0.119077744782247,0.0649517298417437,0.0117));
#7666=CARTESIAN_POINT('',(0.109027744782247,0.0546392328417436,0.00835));
#7667=CARTESIAN_POINT('',(0.109027744782247,0.0448517298417437,0.00835));
#7668=CARTESIAN_POINT('',(0.109027744782247,0.0448517298417437,0.0117));
#7669=CARTESIAN_POINT('',(0.109027744782247,0.0448517298417437,0.007315));
#7670=CARTESIAN_POINT('',(0.109027744782247,0.0546392328417436,0.007315));
#7671=CARTESIAN_POINT('',(0.109027744782247,0.0448517298417437,0.0117));
#7672=CARTESIAN_POINT('',(0.119077744782247,0.0448517298417437,0.00835));
#7673=CARTESIAN_POINT('',(0.129127744782247,0.0448517298417437,0.00835));
#7674=CARTESIAN_POINT('',(0.129127744782247,0.0448517298417437,0.0117));
#7675=CARTESIAN_POINT('',(0.129127744782247,0.0448517298417437,0.007315));
#7676=CARTESIAN_POINT('',(0.119077744782247,0.0448517298417437,0.007315));
#7677=CARTESIAN_POINT('',(0.129127744782247,0.0448517298417437,0.0117));
#7678=CARTESIAN_POINT('',(0.129127744782247,0.0646892328417437,0.00835));
#7679=CARTESIAN_POINT('',(0.129127744782247,0.0448517298417437,0.007315));
#7680=CARTESIAN_POINT('',(0.129127744782247,0.0646892328417437,0.0117));
#7681=CARTESIAN_POINT('',(0.0666902447822475,0.0649517298417437,0.00835));
#7682=CARTESIAN_POINT('',(0.0280652447822475,0.0649517298417437,0.00835));
#7683=CARTESIAN_POINT('',(0.0280652447822475,0.0649517298417437,0.0117));
#7684=CARTESIAN_POINT('',(0.0280652447822475,0.0649517298417437,0.007315));
#7685=CARTESIAN_POINT('',(0.105315244782247,0.0649517298417437,0.007315));
#7686=CARTESIAN_POINT('',(0.105315244782247,0.0649517298417437,0.007315));
#7687=CARTESIAN_POINT('',(0.105315244782247,0.0649517298417437,0.00835));
#7688=CARTESIAN_POINT('',(0.105315244782247,0.0649517298417437,0.0117));
#7689=CARTESIAN_POINT('',(0.0666902447822475,0.0649517298417437,0.0117));
#7690=CARTESIAN_POINT('',(0.0280652447822475,0.0453767298417438,0.00835));
#7691=CARTESIAN_POINT('',(0.0280652447822475,0.0448517298417437,0.00835));
#7692=CARTESIAN_POINT('',(0.0280652447822475,0.0448517298417437,0.0117));
#7693=CARTESIAN_POINT('',(0.0280652447822475,0.0448517298417437,0.007315));
#7694=CARTESIAN_POINT('',(0.0280652447822475,0.0649517298417437,0.007315));
#7695=CARTESIAN_POINT('',(0.0280652447822475,0.0453767298417438,0.0117));
#7696=CARTESIAN_POINT('',(0.0666902447822475,0.0448517298417437,0.00835));
#7697=CARTESIAN_POINT('',(0.105315244782247,0.0448517298417437,0.00835));
#7698=CARTESIAN_POINT('',(0.105315244782247,0.0448517298417437,0.0117));
#7699=CARTESIAN_POINT('',(0.105315244782247,0.0448517298417437,0.007315));
#7700=CARTESIAN_POINT('',(0.0666902447822475,0.0448517298417437,0.007315));
#7701=CARTESIAN_POINT('',(0.105315244782247,0.0448517298417437,0.0117));
#7702=CARTESIAN_POINT('',(0.105315244782247,0.0549017298417437,0.00835));
#7703=CARTESIAN_POINT('',(0.105315244782247,0.0549017298417437,0.007315));
#7704=CARTESIAN_POINT('',(0.105315244782247,0.0649517298417437,0.0117));
#7705=CARTESIAN_POINT('',(0.0767433697822475,-0.0361107701582563,0.00835));
#7706=CARTESIAN_POINT('',(0.0862714947822475,-0.0361107701582563,0.00835));
#7707=CARTESIAN_POINT('',(0.0862714947822475,-0.0361107701582563,0.0117));
#7708=CARTESIAN_POINT('',(0.0862714947822475,-0.0361107701582563,0.007315));
#7709=CARTESIAN_POINT('',(0.0672152447822475,-0.0361107701582563,0.007315));
#7710=CARTESIAN_POINT('',(0.0672152447822475,-0.0361107701582563,0.007315));
#7711=CARTESIAN_POINT('',(0.0672152447822475,-0.0361107701582563,0.00835));
#7712=CARTESIAN_POINT('',(0.0672152447822475,-0.0361107701582563,0.0117));
#7713=CARTESIAN_POINT('',(0.0767433697822475,-0.0361107701582563,0.0117));
#7714=CARTESIAN_POINT('',(0.0862714947822475,-0.0265857701582563,0.00835));
#7715=CARTESIAN_POINT('',(0.0862714947822475,-0.0170607701582563,0.00835));
#7716=CARTESIAN_POINT('',(0.0862714947822475,-0.0170607701582563,0.0117));
#7717=CARTESIAN_POINT('',(0.0862714947822475,-0.0170607701582563,0.007315));
#7718=CARTESIAN_POINT('',(0.0862714947822475,-0.0361107701582563,0.007315));
#7719=CARTESIAN_POINT('',(0.0862714947822475,-0.0265857701582563,0.0117));
#7720=CARTESIAN_POINT('',(0.105136789524832,-0.0170607701582563,0.00835));
#7721=CARTESIAN_POINT('',(0.105308994782247,-0.0170607701582563,0.00835));
#7722=CARTESIAN_POINT('',(0.105308994782247,-0.0170607701582563,0.0117));
#7723=CARTESIAN_POINT('',(0.105308994782247,-0.0170607701582563,0.007315));
#7724=CARTESIAN_POINT('',(0.0862714947822475,-0.0170607701582563,0.007315));
#7725=CARTESIAN_POINT('',(0.105136789524832,-0.0170607701582563,0.0117));
#7726=CARTESIAN_POINT('',(0.221112290032247,0.00177946634174366,-0.00542935));
#7727=CARTESIAN_POINT('',(0.221112290032247,-0.0759752601582564,-0.00566943457461876));
#7728=CARTESIAN_POINT('',(0.221112290032247,-0.0759752601582564,0.0107));
#7729=CARTESIAN_POINT('',(0.221112290032247,-0.0759752601582564,-0.00484234667778483));
#7730=CARTESIAN_POINT('',(0.221112290032247,-0.0353854547066582,-0.00982614811729362));
#7731=CARTESIAN_POINT('',(0.221112290032247,-0.035518216847685,-0.00980984697610312));
#7732=CARTESIAN_POINT('',(0.221112290032247,0.00190736002637287,-0.00772300793450076));
#7733=CARTESIAN_POINT('',(0.221112290032247,0.0795341928417437,-0.00339455881158705));
#7734=CARTESIAN_POINT('',(0.221112290032247,0.0795341928417437,-0.00542935));
#7735=CARTESIAN_POINT('',(0.221112290032247,0.0795341928417437,0.0107));
#7736=CARTESIAN_POINT('',(0.221112290032247,-0.0774752601582564,0.0107));
#7737=CARTESIAN_POINT('',(0.219612290032247,0.0172083618024276,-0.00837215867237782));
#7738=CARTESIAN_POINT('',(0.220447416805244,0.0801990660687469,-0.00402339169638923));
#7739=CARTESIAN_POINT('',(0.220940908483689,0.0797055743903018,-0.00355665039416951));
#7740=CARTESIAN_POINT('',(0.221959730951885,-0.035489945159824,-0.00895951324985188));
#7741=CARTESIAN_POINT('',(0.219612290032247,-0.035568258721766,-0.0113149673447556));
#7742=CARTESIAN_POINT('',(0.219612290032247,0.0172083618024276,-0.00837215867237782));
#7743=CARTESIAN_POINT('',(0.219612290032247,0.0785341928417438,-0.00495264856296213));
#7744=CARTESIAN_POINT('',(0.199600209222072,0.0608904651155102,-0.025979624467455));
#7745=CARTESIAN_POINT('',(0.219112290032247,0.00196303324824293,-0.00872145697795095));
#7746=CARTESIAN_POINT('',(0.219112290032247,0.0785341928417437,-0.00445187188008584));
#7747=CARTESIAN_POINT('',(0.219112290032247,0.0785341928417437,-0.00495264856296218));
#7748=CARTESIAN_POINT('',(0.218612290032247,0.0785341928417438,-0.00445187188008584));
#7749=CARTESIAN_POINT('',(0.219112290032247,0.0785341928417438,-0.00495264856296213));
#7750=CARTESIAN_POINT('',(0.219112290032247,-0.035568258721766,-0.0113149673447556));
#7751=CARTESIAN_POINT('',(0.219112290032247,-0.0355515780970729,-0.0108132605552048));
#7752=CARTESIAN_POINT('',(0.218612290032247,-0.0355515780970722,-0.0108132605552048));
#7753=CARTESIAN_POINT('',(0.218612290032247,-0.035596095332701,-0.0108157428230305));
#7754=CARTESIAN_POINT('',(0.144146929391531,0.0797841928417437,-0.025));
#7755=CARTESIAN_POINT('',(0.143271669968768,0.0785341928417437,-0.025));
#7756=CARTESIAN_POINT('',(0.143271669968768,0.0785341928417437,-0.00495264856296221));
#7757=CARTESIAN_POINT('',(0.143271669968768,0.0785341928417437,0.));
#7758=CARTESIAN_POINT('',(0.136552196931541,0.0689377908172705,-0.01143653130547));
#7759=CARTESIAN_POINT('',(0.145022188814293,0.0810341928417437,0.00297938));
#7760=CARTESIAN_POINT('',(0.145022188814293,0.0810341928417437,-0.025));
#7761=CARTESIAN_POINT('',(0.145022188814293,0.0810341928417437,-0.00197326458147668));
#7762=CARTESIAN_POINT('',(0.162036377708412,0.105332972797214,0.026984893726111));
#7763=CARTESIAN_POINT('',(0.25103737649758,0.0795841928417437,-0.00370130729073835));
#7764=CARTESIAN_POINT('',(0.22169364279794,0.0789528400760511,-0.00445372421744681));
#7765=CARTESIAN_POINT('',(0.219612290032247,0.0810341928417437,-0.00197326458147668));
#7766=CARTESIAN_POINT('',(-0.221663016773404,0.0785341928417438,-0.00495264856296213));
#7767=CARTESIAN_POINT('',(0.0148479965322478,0.0785341928417437,-0.0049526485629622));
#7768=CARTESIAN_POINT('',(0.25103737649758,0.0810341928417437,-0.00197326458147668));
#7769=CARTESIAN_POINT('',(0.221112290032247,0.0795341928417437,-0.00542935));
#7770=CARTESIAN_POINT('',(0.219612290032247,0.0810341928417437,-0.00542935));
#7771=CARTESIAN_POINT('',(0.219612290032247,0.0810341928417437,0.0107));
#7772=CARTESIAN_POINT('',(0.221112290032247,0.0795341928417437,0.0107));
#7773=CARTESIAN_POINT('',(0.0332377020322469,-0.0630765601582567,0.00015));
#7774=CARTESIAN_POINT('',(0.0332377020322469,-0.0630765601582567,0.));
#7775=CARTESIAN_POINT('',(0.0349877020322469,-0.0630765601582567,0.));
#7776=CARTESIAN_POINT('',(0.104936300711165,-0.0630785381049194,0.00015));
#7777=CARTESIAN_POINT('',(0.104936300711165,-0.0630785381049194,0.));
#7778=CARTESIAN_POINT('',(0.106686300711165,-0.0630785381049194,0.));
#7779=CARTESIAN_POINT('',(0.176634899390083,-0.0630805160515821,0.00015));
#7780=CARTESIAN_POINT('',(0.176634899390083,-0.0630805160515821,0.));
#7781=CARTESIAN_POINT('',(0.178384899390083,-0.0630805160515821,0.));
#7782=CARTESIAN_POINT('',(0.213434899390083,-0.0630805160515821,0.00015));
#7783=CARTESIAN_POINT('',(0.213434899390083,-0.0630805160515821,0.));
#7784=CARTESIAN_POINT('',(0.215184899390083,-0.0630805160515821,0.));
#7785=CARTESIAN_POINT('',(0.213456881032239,0.0722348398417412,0.00015));
#7786=CARTESIAN_POINT('',(0.213456881032239,0.0722348398417412,0.));
#7787=CARTESIAN_POINT('',(0.215206881032239,0.0722348398417412,0.));
#7788=CARTESIAN_POINT('',(0.176656881032239,0.0722348398417412,0.00015));
#7789=CARTESIAN_POINT('',(0.176656881032239,0.0722348398417412,0.));
#7790=CARTESIAN_POINT('',(0.178406881032239,0.0722348398417412,0.));
#7791=CARTESIAN_POINT('',(0.104902031032243,0.0722348398417412,0.00015));
#7792=CARTESIAN_POINT('',(0.104902031032243,0.0722348398417412,0.));
#7793=CARTESIAN_POINT('',(0.106652031032243,0.0722348398417412,0.));
#7794=CARTESIAN_POINT('',(0.0331471810322458,0.0722348398417412,0.00015));
#7795=CARTESIAN_POINT('',(0.0331471810322458,0.0722348398417412,0.));
#7796=CARTESIAN_POINT('',(0.0348971810322459,0.0722348398417412,0.));
#7797=CARTESIAN_POINT('',(-0.00365281896775414,0.0722348398417431,0.00015));
#7798=CARTESIAN_POINT('',(-0.00365281896775414,0.0722348398417431,0.));
#7799=CARTESIAN_POINT('',(-0.00190281896775413,0.0722348398417431,0.));
#7800=CARTESIAN_POINT('',(-0.00356229796775313,-0.0630765601582567,0.00015));
#7801=CARTESIAN_POINT('',(-0.00356229796775313,-0.0630765601582567,0.));
#7802=CARTESIAN_POINT('',(-0.00181229796775313,-0.0630765601582567,0.));
#7803=CARTESIAN_POINT('',(0.0148479965322478,0.0785341928417437,-0.00542935));
#7804=CARTESIAN_POINT('',(0.218612290032247,0.0785341928417438,-0.00542935));
#7805=CARTESIAN_POINT('',(0.218612290032247,0.0785341928417438,-0.00015));
#7806=CARTESIAN_POINT('',(0.218462290032247,0.0785341928417437,-0.00015));
#7807=CARTESIAN_POINT('',(0.218462290032247,0.0785341928417437,0.));
#7808=CARTESIAN_POINT('',(0.0148479965322478,0.0785341928417437,0.));
#7809=CARTESIAN_POINT('',(0.0148479965322477,0.0810341928417437,0.00297938));
#7810=CARTESIAN_POINT('',(0.0148493610322475,0.0785341928417437,0.));
#7811=CARTESIAN_POINT('',(0.117658819595726,0.0785341928417437,0.));
#7812=CARTESIAN_POINT('',(0.0988844776648413,0.105346731848232,0.0319538969860606));
#7813=CARTESIAN_POINT('',(0.115908300750202,0.0810341928417437,0.00297938));
#7814=CARTESIAN_POINT('',(0.0148479965322477,0.0810341928417437,0.00297938));
#7815=CARTESIAN_POINT('',(0.00127422168092898,0.0699098398417431,0.00025));
#7816=CARTESIAN_POINT('',(0.00127422168092899,0.0694848338417431,0.00025));
#7817=CARTESIAN_POINT('',(0.00127422168092899,0.0697348398417432,0.));
#7818=CARTESIAN_POINT('',(0.00127422168092898,0.0699098398417431,0.));
#7819=CARTESIAN_POINT('',(0.00127422170592406,0.0700848354076809,0.));
#7820=CARTESIAN_POINT('',(0.00127422168092898,0.0703348398417431,0.00025));
#7821=CARTESIAN_POINT('',(0.0012607013565873,0.0724833107932266,0.));
#7822=CARTESIAN_POINT('',(0.0012607013565873,0.0724833107932266,0.));
#7823=CARTESIAN_POINT('',(0.00124718107496995,0.0700848398417431,0.));
#7824=CARTESIAN_POINT('',(0.00124718107000051,0.0703348398415056,0.000250000000000014));
#7825=CARTESIAN_POINT('',(0.00124718103224561,0.0722348398417431,0.));
#7826=CARTESIAN_POINT('',(0.00124718103224561,0.0722348398417431,0.));
#7827=CARTESIAN_POINT('',(0.00124718103224562,0.0743848398417432,0.));
#7828=CARTESIAN_POINT('',(0.00124718103224562,0.0741348398417431,0.00025));
#7829=CARTESIAN_POINT('',(0.0147471810322456,0.0741348398417432,0.00025));
#7830=CARTESIAN_POINT('',(0.00124718103224562,0.0743848398417432,0.));
#7831=CARTESIAN_POINT('',(0.0282471810322456,0.0743848398417431,0.));
#7832=CARTESIAN_POINT('',(0.0282471810322456,0.0741348398417432,0.00025));
#7833=CARTESIAN_POINT('',(0.0282471810322456,0.0722348398417431,0.));
#7834=CARTESIAN_POINT('',(0.0282471810572407,0.0700848354076809,0.));
#7835=CARTESIAN_POINT('',(0.0282471810572407,0.0700848354076809,0.));
#7836=CARTESIAN_POINT('',(0.0282471810322456,0.0722348398417431,0.));
#7837=CARTESIAN_POINT('',(0.0282336607079039,0.0724833107932242,0.));
#7838=CARTESIAN_POINT('',(0.028220140399109,0.0700848398417431,0.));
#7839=CARTESIAN_POINT('',(0.028220140399109,0.0700848398417431,0.));
#7840=CARTESIAN_POINT('',(0.0282336607079039,0.0724833107932242,0.));
#7841=CARTESIAN_POINT('',(0.0282201403835623,0.0699098398417431,0.00025));
#7842=CARTESIAN_POINT('',(0.0282201403835623,0.0697348338417431,0.));
#7843=CARTESIAN_POINT('',(0.0282201403835623,0.0697348338417431,0.));
#7844=CARTESIAN_POINT('',(0.0282201403835623,0.0699098398417431,0.));
#7845=CARTESIAN_POINT('',(0.104902031032243,0.0694848338417431,0.00025));
#7846=CARTESIAN_POINT('',(0.181583953395311,0.0697348338417431,-3.79470760369927E-19));
#7847=CARTESIAN_POINT('',(0.181583953395311,0.0696515005084098,8.33333333333331E-5));
#7848=CARTESIAN_POINT('',(0.181583953395311,0.0695681671750764,0.000166666666666667));
#7849=CARTESIAN_POINT('',(0.181583953395311,0.0694848338417431,0.00025));
#7850=CARTESIAN_POINT('',(0.181583953421226,0.0697348397153891,0.));
#7851=CARTESIAN_POINT('',(0.181583953395311,0.0694848338417431,0.00025));
#7852=CARTESIAN_POINT('',(0.0282201403835623,0.0697348338417431,0.));
#7853=CARTESIAN_POINT('',(0.181583987361352,0.069484839688648,0.000249999999999997));
#7854=CARTESIAN_POINT('',(0.181700945729794,0.0694843134255207,0.00025000000000002));
#7855=CARTESIAN_POINT('',(0.181816569845772,0.0695354807932623,0.00025));
#7856=CARTESIAN_POINT('',(0.181975418533737,0.0697071867556966,0.000250000000000009));
#7857=CARTESIAN_POINT('',(0.182016822269942,0.0698262669082338,0.000249999999999994));
#7858=CARTESIAN_POINT('',(0.181998438985157,0.0700596163566879,0.000250000000000007));
#7859=CARTESIAN_POINT('',(0.181933575963257,0.0701702228617958,0.000250000000000034));
#7860=CARTESIAN_POINT('',(0.181803896122919,0.0702801860025563,0.000249999999999994));
#7861=CARTESIAN_POINT('',(0.181747793437926,0.0703056323315668,0.00025));
#7862=CARTESIAN_POINT('',(0.181653092221588,0.0703314835436799,0.000249999999999988));
#7863=CARTESIAN_POINT('',(0.18160773885787,0.0703341972051974,0.00024999999999999));
#7864=CARTESIAN_POINT('',(0.181580356919319,0.0703347997272878,0.000249999999999994));
#7865=CARTESIAN_POINT('',(0.181583939442227,0.0697348397776638,-4.8684239842309E-18));
#7866=CARTESIAN_POINT('',(0.181632119532917,0.0697346230834073,3.13007827888967E-17));
#7867=CARTESIAN_POINT('',(0.181679715227609,0.0697556920051643,-2.18739243215751E-18));
#7868=CARTESIAN_POINT('',(0.18174512902413,0.069826394446455,1.32470001792485E-17));
#7869=CARTESIAN_POINT('',(0.181762174864636,0.0698754274573559,-9.20541074135706E-18));
#7870=CARTESIAN_POINT('',(0.181754605276784,0.0699715125243663,9.85593204484837E-18));
#7871=CARTESIAN_POINT('',(0.181729981408071,0.0700170984425878,5.05345220683107E-17));
#7872=CARTESIAN_POINT('',(0.181673457175122,0.0700623142881354,-9.16685877274558E-18));
#7873=CARTESIAN_POINT('',(0.181651364488919,0.0700728131891262,1.63750342106686E-18));
#7874=CARTESIAN_POINT('',(0.181612426732899,0.0700834578576614,-1.80815551138041E-17));
#7875=CARTESIAN_POINT('',(0.18159588177537,0.0700845752400344,-1.49695540235324E-17));
#7876=CARTESIAN_POINT('',(0.181579337175745,0.07008482333038,-9.01059432559054E-18));
#7877=CARTESIAN_POINT('',(0.18157955827703,0.0703348266131614,0.000250009799207746));
#7878=CARTESIAN_POINT('',(0.181579674226826,0.0702514723350322,0.000166655783954081));
#7879=CARTESIAN_POINT('',(0.181579762324007,0.0701681179781767,8.33017687004171E-5));
#7880=CARTESIAN_POINT('',(0.18157982256853,0.0700847635565551,-5.22465532473177E-8));
#7881=CARTESIAN_POINT('',(0.181584512712602,0.0700847147000646,0.));
#7882=CARTESIAN_POINT('',(0.181584512712602,0.0700847147000646,0.));
#7883=CARTESIAN_POINT('',(0.181683014401878,0.0700820058453221,0.));
#7884=CARTESIAN_POINT('',(0.181835272576577,0.0699102250839333,0.));
#7885=CARTESIAN_POINT('',(0.181682072926179,0.0697353929190486,0.));
#7886=CARTESIAN_POINT('',(0.181583953421227,0.0697348397153891,0.));
#7887=CARTESIAN_POINT('',(0.181570401356581,0.0724833107932331,0.));
#7888=CARTESIAN_POINT('',(0.181556881074964,0.0700848398417413,0.));
#7889=CARTESIAN_POINT('',(0.181556881049968,0.0700848354074382,0.));
#7890=CARTESIAN_POINT('',(0.181570401356581,0.0724833107932331,0.));
#7891=CARTESIAN_POINT('',(0.181556881032239,0.0722348398417413,0.));
#7892=CARTESIAN_POINT('',(0.181556881032239,0.0743848398417413,0.));
#7893=CARTESIAN_POINT('',(0.181556881032239,0.0743848398417413,0.));
#7894=CARTESIAN_POINT('',(0.181556881032239,0.0722348398417413,0.));
#7895=CARTESIAN_POINT('',(0.195056881032239,0.0741348398417413,0.00025));
#7896=CARTESIAN_POINT('',(0.208556881032239,0.0743848398417413,0.));
#7897=CARTESIAN_POINT('',(0.208556881032239,0.0743848398417413,0.));
#7898=CARTESIAN_POINT('',(0.181556881032239,0.0743848398417413,0.));
#7899=CARTESIAN_POINT('',(0.208556881032239,0.0722348398417413,0.));
#7900=CARTESIAN_POINT('',(0.208556881032239,0.0722348398417413,0.));
#7901=CARTESIAN_POINT('',(0.208161319639921,0.0701215411915485,0.));
#7902=CARTESIAN_POINT('',(0.208529840421313,0.0703348398415037,0.000249807589863006));
#7903=CARTESIAN_POINT('',(0.2083533065734,0.0703348398571866,0.000247295447790473));
#7904=CARTESIAN_POINT('',(0.208224736306148,0.0702319342382539,0.000120176121573146));
#7905=CARTESIAN_POINT('',(0.208161319639921,0.0701215411915485,7.64590084770597E-18));
#7906=CARTESIAN_POINT('',(0.208529840383556,0.0699098398417412,-0.022));
#7907=CARTESIAN_POINT('',(0.208529840383556,0.0699098398417412,0.));
#7908=CARTESIAN_POINT('',(0.208141193301176,0.0697378559897161,0.));
#7909=CARTESIAN_POINT('',(0.208141193301176,0.0697378559897161,-7.04731412115578E-19));
#7910=CARTESIAN_POINT('',(0.208204631923832,0.0695944981377145,0.00014335785200164));
#7911=CARTESIAN_POINT('',(0.20834217518334,0.0694820061917887,0.000255849797927422));
#7912=CARTESIAN_POINT('',(0.208529837922649,0.0694863479157322,0.000251508073983882));
#7913=CARTESIAN_POINT('',(0.208529840383556,0.0699098398417412,0.006915));
#7914=CARTESIAN_POINT('',(0.209293357049223,0.0694878559897161,0.00025));
#7915=CARTESIAN_POINT('',(0.208529837940114,0.0697378559897161,0.));
#7916=CARTESIAN_POINT('',(0.210057610703258,0.0697378549105885,0.));
#7917=CARTESIAN_POINT('',(0.210056876171635,0.0694878559897161,0.00025));
#7918=CARTESIAN_POINT('',(0.210947167926863,0.0694852401885826,0.00025));
#7919=CARTESIAN_POINT('',(0.210057610703258,0.0697378549105885,0.));
#7920=CARTESIAN_POINT('',(0.211847886397153,0.0697325948314412,0.));
#7921=CARTESIAN_POINT('',(0.211847886397153,0.0697325948314412,0.));
#7922=CARTESIAN_POINT('',(0.211844530727274,0.0696492686698437,8.33356613191006E-5));
#7923=CARTESIAN_POINT('',(0.211841064764501,0.0695659449700538,0.000166669184895863));
#7924=CARTESIAN_POINT('',(0.211837459663996,0.0694826243767198,0.000250000010834252));
#7925=CARTESIAN_POINT('',(0.211712290032248,0.0679878559897161,0.));
#7926=CARTESIAN_POINT('',(0.211712290032248,0.0679878559897161,0.));
#7927=CARTESIAN_POINT('',(0.213462290032248,0.0679878499897161,0.));
#7928=CARTESIAN_POINT('',(0.213212290032235,0.0679878499897161,0.00025));
#7929=CARTESIAN_POINT('',(0.213462290032248,0.00457914484174363,0.));
#7930=CARTESIAN_POINT('',(0.213462290032248,0.00457914484174363,0.));
#7931=CARTESIAN_POINT('',(0.213462290032233,-0.0588316430523959,0.));
#7932=CARTESIAN_POINT('',(0.213212290032248,-0.0588316420523959,0.00025));
#7933=CARTESIAN_POINT('',(0.211712290032248,-0.058831636052396,0.));
#7934=CARTESIAN_POINT('',(0.211712290032248,-0.058831636052396,0.));
#7935=CARTESIAN_POINT('',(0.211711121205073,-0.0605816356620654,0.));
#7936=CARTESIAN_POINT('',(0.211711288180956,-0.0603316357178273,0.00025));
#7937=CARTESIAN_POINT('',(0.0148059277455405,-0.0604501219584292,0.));
#7938=CARTESIAN_POINT('',(0.0148059277455405,-0.0604501219584292,0.));
#7939=CARTESIAN_POINT('',(0.210034899390083,-0.0605805160515821,0.));
#7940=CARTESIAN_POINT('',(0.210034899390083,-0.060330516051582,0.00025));
#7941=CARTESIAN_POINT('',(0.0148493610322475,-0.0605805160515821,0.));
#7942=CARTESIAN_POINT('',(0.0148493610322475,-0.0605805160515821,0.));
#7943=CARTESIAN_POINT('',(0.208507858741399,-0.0605805160515821,0.));
#7944=CARTESIAN_POINT('',(0.208507858741399,-0.060330516051582,0.00025));
#7945=CARTESIAN_POINT('',(0.208507858741399,-0.0607555160515821,0.00025));
#7946=CARTESIAN_POINT('',(0.208507858741399,-0.0607555160515821,0.));
#7947=CARTESIAN_POINT('',(0.208507858700858,-0.0609305116176075,0.));
#7948=CARTESIAN_POINT('',(0.208507858703643,-0.0611805160515821,0.00025));
#7949=CARTESIAN_POINT('',(0.208521379065742,-0.0633289870036091,0.));
#7950=CARTESIAN_POINT('',(0.208521379065742,-0.0633289870036091,0.));
#7951=CARTESIAN_POINT('',(0.208534899390083,-0.0609305160515821,0.));
#7952=CARTESIAN_POINT('',(0.208534899390083,-0.061180516051582,0.00025));
#7953=CARTESIAN_POINT('',(0.208534899390083,-0.0630805160515821,0.));
#7954=CARTESIAN_POINT('',(0.208534899390083,-0.0630805160515821,0.));
#7955=CARTESIAN_POINT('',(0.208534899390083,-0.0652305160515821,0.));
#7956=CARTESIAN_POINT('',(0.208534899390083,-0.0649805160515821,0.00025));
#7957=CARTESIAN_POINT('',(0.195034899390083,-0.0649805160515821,0.00025));
#7958=CARTESIAN_POINT('',(0.208534899390083,-0.0652305160515821,0.));
#7959=CARTESIAN_POINT('',(0.181534899390083,-0.0652305160515821,0.));
#7960=CARTESIAN_POINT('',(0.181534899390083,-0.0649805160515821,0.00025));
#7961=CARTESIAN_POINT('',(0.181534899390083,-0.0630805160515821,0.));
#7962=CARTESIAN_POINT('',(0.181534899322364,-0.0609305116177607,0.));
#7963=CARTESIAN_POINT('',(0.181534899322364,-0.0609305116177607,0.));
#7964=CARTESIAN_POINT('',(0.181534899390083,-0.0630805160515821,0.));
#7965=CARTESIAN_POINT('',(0.181548419714425,-0.0633289870036124,0.));
#7966=CARTESIAN_POINT('',(0.181561940038766,-0.0609305160515821,0.));
#7967=CARTESIAN_POINT('',(0.181561940063761,-0.0609305116175198,0.));
#7968=CARTESIAN_POINT('',(0.181548419714425,-0.0633289870036124,0.));
#7969=CARTESIAN_POINT('',(0.181561940038766,-0.0607555160515821,0.00025));
#7970=CARTESIAN_POINT('',(0.181561940038766,-0.0605805160515821,0.));
#7971=CARTESIAN_POINT('',(0.181561940038766,-0.0605805160515821,0.));
#7972=CARTESIAN_POINT('',(0.181561940038766,-0.0607555160515821,0.));
#7973=CARTESIAN_POINT('',(0.209271379065741,-0.060330516051582,0.00025));
#7974=CARTESIAN_POINT('',(0.0148493610322475,-0.0605805160515821,0.));
#7975=CARTESIAN_POINT('',(0.139475776293618,-0.0605805160515821,0.));
#7976=CARTESIAN_POINT('',(0.139903776293618,-0.060152516051582,0.000428));
#7977=CARTESIAN_POINT('',(0.109742399109597,-0.0903138932356031,0.000428));
#7978=CARTESIAN_POINT('',(0.13304975424028,-0.0670065381049194,0.000428));
#7979=CARTESIAN_POINT('',(0.13304975424028,-0.0670065381049194,0.));
#7980=CARTESIAN_POINT('',(0.13917313459127,-0.0608831577539299,0.));
#7981=CARTESIAN_POINT('',(0.0148493610322475,-0.0670065381049194,0.000428));
#7982=CARTESIAN_POINT('',(0.114118995418123,-0.0670065381049194,0.000428));
#7983=CARTESIAN_POINT('',(0.114118995418123,-0.0670065381049194,0.));
#7984=CARTESIAN_POINT('',(0.132872470835584,-0.0670065381049194,0.));
#7985=CARTESIAN_POINT('',(0.114118995418123,-0.062175693500952,0.000428));
#7986=CARTESIAN_POINT('',(0.109454250416412,-0.0634315651730176,0.000428));
#7987=CARTESIAN_POINT('',(0.109454250416412,-0.0634315651730176,0.));
#7988=CARTESIAN_POINT('',(0.114118995418123,-0.062175693500952,0.));
#7989=CARTESIAN_POINT('',(0.107936300711165,-0.0638402370369119,0.000428));
#7990=CARTESIAN_POINT('',(0.109198767535092,-0.0629035612560337,0.000428));
#7991=CARTESIAN_POINT('',(0.109198767535092,-0.0629035612560337,0.));
#7992=CARTESIAN_POINT('',(0.107936300711165,-0.0638402370369119,0.));
#7993=CARTESIAN_POINT('',(0.104936300711165,-0.0660660597590442,0.000428));
#7994=CARTESIAN_POINT('',(0.100673833887238,-0.0629035612560337,0.000428));
#7995=CARTESIAN_POINT('',(0.100673833887238,-0.0629035612560337,0.));
#7996=CARTESIAN_POINT('',(0.104936300711165,-0.0660660597590442,0.));
#7997=CARTESIAN_POINT('',(0.101936300711165,-0.0638402370369122,0.000428));
#7998=CARTESIAN_POINT('',(0.100418351005917,-0.0634315651730176,0.000428));
#7999=CARTESIAN_POINT('',(0.100418351005917,-0.0634315651730176,0.));
#8000=CARTESIAN_POINT('',(0.101936300711165,-0.0638402370369122,0.));
#8001=CARTESIAN_POINT('',(0.0957536060042067,-0.062175693500952,0.000428));
#8002=CARTESIAN_POINT('',(0.0957536060042066,-0.0670065381049194,0.000428));
#8003=CARTESIAN_POINT('',(0.0957536060042066,-0.0670065381049194,0.));
#8004=CARTESIAN_POINT('',(0.0957536060042067,-0.062175693500952,0.));
#8005=CARTESIAN_POINT('',(0.068955381755579,-0.0670065381049194,0.000428));
#8006=CARTESIAN_POINT('',(0.0676110187289105,-0.0670065381049194,0.000428));
#8007=CARTESIAN_POINT('',(0.0676110187289106,-0.0670065381049194,0.));
#8008=CARTESIAN_POINT('',(0.0148493610322475,-0.0670065381049194,0.));
#8009=CARTESIAN_POINT('',(0.209271379065741,-0.060330516051582,0.00025));
#8010=CARTESIAN_POINT('',(0.110380457472298,-0.109775976848306,-0.0491954607967217));
#8011=CARTESIAN_POINT('',(0.0611849966755732,-0.0605805160515821,0.));
#8012=CARTESIAN_POINT('',(0.0148493610322475,-0.0605805160515821,0.));
#8013=CARTESIAN_POINT('',(0.0283106691653564,-0.0605785381450593,0.));
#8014=CARTESIAN_POINT('',(0.0283106600593875,-0.0605795270983207,9.88953261358899E-7));
#8015=CARTESIAN_POINT('',(0.0283106600593875,-0.0604965234160744,8.39926355075726E-5));
#8016=CARTESIAN_POINT('',(0.0283106600593875,-0.0604135197338282,0.000166996317753786));
#8017=CARTESIAN_POINT('',(0.0283106600593875,-0.060330516051582,0.00025));
#8018=CARTESIAN_POINT('',(0.0283106600487765,-0.0603265601582588,0.00025));
#8019=CARTESIAN_POINT('',(0.0281936389549555,-0.0603260214116484,0.00025));
#8020=CARTESIAN_POINT('',(0.0280780325874268,-0.0603771892947786,0.000249999999999987));
#8021=CARTESIAN_POINT('',(0.0279191600599356,-0.0605489027784028,0.00025));
#8022=CARTESIAN_POINT('',(0.0278777615845453,-0.060667983552036,0.000249999999999986));
#8023=CARTESIAN_POINT('',(0.0278961428158075,-0.0609013342844761,0.000250000000000008));
#8024=CARTESIAN_POINT('',(0.0279610057569036,-0.0610119415512788,0.000249999999999993));
#8025=CARTESIAN_POINT('',(0.0280906857107971,-0.0611219056316337,0.000250000000000004));
#8026=CARTESIAN_POINT('',(0.0281467883824159,-0.0611473523416377,0.000250000000000007));
#8027=CARTESIAN_POINT('',(0.0282414912303046,-0.0611732039579166,0.000250000000000001));
#8028=CARTESIAN_POINT('',(0.0282868459505065,-0.061175917555575,0.00025));
#8029=CARTESIAN_POINT('',(0.0283142277548614,-0.0611765200359529,0.00025));
#8030=CARTESIAN_POINT('',(0.0283106608339453,-0.0605765601582576,3.25260651745652E-19));
#8031=CARTESIAN_POINT('',(0.0282624756776661,-0.060576338321418,-2.96442411806077E-18));
#8032=CARTESIAN_POINT('',(0.0282148730557425,-0.0605974074497658,-1.97982244344111E-17));
#8033=CARTESIAN_POINT('',(0.0281494549561873,-0.0606681130018463,-3.67935973819306E-19));
#8034=CARTESIAN_POINT('',(0.0281324085251443,-0.0607171462615776,-2.17587717404712E-17));
#8035=CARTESIAN_POINT('',(0.0281399772674287,-0.0608132318572882,1.20009521881017E-17));
#8036=CARTESIAN_POINT('',(0.0281646011210825,-0.0608588180908626,-1.11596540871019E-17));
#8037=CARTESIAN_POINT('',(0.0282211253734702,-0.0609040343207312,6.06771802116945E-18));
#8038=CARTESIAN_POINT('',(0.0282432180630124,-0.0609145333794601,1.04062459881989E-17));
#8039=CARTESIAN_POINT('',(0.0282821564907868,-0.0609251782144144,2.20127565284903E-18));
#8040=CARTESIAN_POINT('',(0.0282987019320414,-0.0609262955704921,1.68937176780977E-18));
#8041=CARTESIAN_POINT('',(0.028315246868561,-0.0609265436436622,1.22391513616297E-18));
#8042=CARTESIAN_POINT('',(0.028315026481725,-0.0611765469193937,0.000250009796144994));
#8043=CARTESIAN_POINT('',(0.0283149103062341,-0.0610931926375648,0.000166655776041241));
#8044=CARTESIAN_POINT('',(0.0283148219494433,-0.0610098382770786,8.33017559374886E-5));
#8045=CARTESIAN_POINT('',(0.0283147614113956,-0.0609264838518618,-5.22641662642244E-8));
#8046=CARTESIAN_POINT('',(0.0283100703525685,-0.0609264349949377,0.));
#8047=CARTESIAN_POINT('',(0.0283100703525685,-0.0609264349949378,0.));
#8048=CARTESIAN_POINT('',(0.0282115595736049,-0.0609237258209103,0.));
#8049=CARTESIAN_POINT('',(0.028058815845349,-0.0607523978881167,0.));
#8050=CARTESIAN_POINT('',(0.0282135090374658,-0.06057611288675,0.));
#8051=CARTESIAN_POINT('',(0.0283106782713252,-0.0605765602385366,0.));
#8052=CARTESIAN_POINT('',(0.0283241817079057,-0.0633250311094998,0.));
#8053=CARTESIAN_POINT('',(0.0283377020322466,-0.0609265601582567,0.));
#8054=CARTESIAN_POINT('',(0.0283377020572416,-0.0609265557241945,0.));
#8055=CARTESIAN_POINT('',(0.0283241817079057,-0.0633250311094998,0.));
#8056=CARTESIAN_POINT('',(0.0283377020322466,-0.0630765601582567,0.));
#8057=CARTESIAN_POINT('',(0.0283377020322466,-0.0652265601582567,0.));
#8058=CARTESIAN_POINT('',(0.0283377020322466,-0.0652265601582567,0.));
#8059=CARTESIAN_POINT('',(0.0283377020322466,-0.0630765601582567,0.));
#8060=CARTESIAN_POINT('',(0.0148377020322466,-0.0649765601582567,0.00025));
#8061=CARTESIAN_POINT('',(0.00133770203224659,-0.0652265601582567,0.));
#8062=CARTESIAN_POINT('',(0.00133770203224659,-0.0652265601582567,0.));
#8063=CARTESIAN_POINT('',(0.0283377020322466,-0.0652265601582567,0.));
#8064=CARTESIAN_POINT('',(0.00133770203224658,-0.0630765601582567,0.));
#8065=CARTESIAN_POINT('',(0.00133770196452822,-0.0609265557244353,0.));
#8066=CARTESIAN_POINT('',(0.00133770198952201,-0.0609265601582567,0.));
#8067=CARTESIAN_POINT('',(0.00133770203224658,-0.0630765601582567,0.));
#8068=CARTESIAN_POINT('',(0.00135122235658909,-0.0633250311094994,0.));
#8069=CARTESIAN_POINT('',(0.00136474268092995,-0.0609265601582567,0.));
#8070=CARTESIAN_POINT('',(0.00136474270592502,-0.0609265557241945,0.));
#8071=CARTESIAN_POINT('',(0.00135122235658909,-0.0633250311094994,0.));
#8072=CARTESIAN_POINT('',(0.00136474268092995,-0.0607515601582567,0.00025));
#8073=CARTESIAN_POINT('',(0.00136474268092994,-0.0605765601582567,0.));
#8074=CARTESIAN_POINT('',(0.00136474268092994,-0.0605765601582567,0.));
#8075=CARTESIAN_POINT('',(0.00136474268092995,-0.0607515601582567,0.));
#8076=CARTESIAN_POINT('',(0.000601222356588259,-0.0603265601582567,-0.022));
#8077=CARTESIAN_POINT('',(-0.000162297967752231,-0.0603265601582567,0.00025));
#8078=CARTESIAN_POINT('',(-0.000162297967752231,-0.0603265601582567,0.00025));
#8079=CARTESIAN_POINT('',(-0.000162297967752231,-0.0603265601582567,-0.022));
#8080=CARTESIAN_POINT('',(-0.000162297967752231,-0.0603265601582567,0.006915));
#8081=CARTESIAN_POINT('',(0.000601222356588259,-0.0603265601582567,0.006915));
#8082=CARTESIAN_POINT('',(0.104902031032243,0.0694848338417431,-0.022));
#8083=CARTESIAN_POINT('',(0.104902031032243,0.0694848338417431,0.006915));
#8084=CARTESIAN_POINT('',(-0.000252818967754386,0.0694848398417431,0.006915));
#8085=CARTESIAN_POINT('',(-0.000252818967754386,0.0694848398417431,-0.022));
#8086=CARTESIAN_POINT('',(-0.000252818967754386,0.0694848398417431,0.00025));
#8087=CARTESIAN_POINT('',(0.00127422168092899,0.0694848338417431,0.00025));
#8088=CARTESIAN_POINT('',(0.0672152447822475,-0.0456357701582563,0.00835));
#8089=CARTESIAN_POINT('',(0.0672152447822475,-0.0456357701582563,0.007315));
#8090=CARTESIAN_POINT('',(0.0672152447822475,-0.0551607701582563,0.007315));
#8091=CARTESIAN_POINT('',(0.0672152447822475,-0.0551607701582563,0.00835));
#8092=CARTESIAN_POINT('',(0.0672152447822475,-0.0551607701582563,0.0117));
#8093=CARTESIAN_POINT('',(0.0672152447822475,-0.0361107701582563,0.0117));
#8094=CARTESIAN_POINT('',(0.105308994782247,0.0120392298417437,0.00835));
#8095=CARTESIAN_POINT('',(0.105308994782247,0.0411392298417437,0.00835));
#8096=CARTESIAN_POINT('',(0.105308994782247,0.0411392298417437,0.0117));
#8097=CARTESIAN_POINT('',(0.105308994782247,0.0411392298417437,0.007315));
#8098=CARTESIAN_POINT('',(0.105308994782247,-0.0170607701582563,0.007315));
#8099=CARTESIAN_POINT('',(0.105308994782247,0.0120392298417437,0.0117));
#8100=CARTESIAN_POINT('',(0.0195902447822475,0.0554267298417438,0.00835));
#8101=CARTESIAN_POINT('',(0.0195902447822475,0.0649517298417437,0.00835));
#8102=CARTESIAN_POINT('',(0.0195902447822475,0.0649517298417437,0.0117));
#8103=CARTESIAN_POINT('',(0.0195902447822475,0.0649517298417437,0.007315));
#8104=CARTESIAN_POINT('',(0.0195902447822475,0.0448517298417437,0.007315));
#8105=CARTESIAN_POINT('',(0.0195902447822475,0.0448517298417437,0.007315));
#8106=CARTESIAN_POINT('',(0.0195902447822475,0.0448517298417437,0.00835));
#8107=CARTESIAN_POINT('',(0.0195902447822475,0.0448517298417437,0.0117));
#8108=CARTESIAN_POINT('',(0.0195902447822475,0.0554267298417438,0.0117));
#8109=CARTESIAN_POINT('',(0.0148444338681673,-0.0601273022585987,0.006915));
#8110=CARTESIAN_POINT('',(0.00136476607855593,-0.0603265601595449,0.006915));
#8111=CARTESIAN_POINT('',(0.00136476607855593,-0.0603265601595449,0.00701971975511966));
#8112=CARTESIAN_POINT('',(0.00136477132404191,-0.0602312799148089,0.007115));
#8113=CARTESIAN_POINT('',(0.00136477708920348,-0.060126560159848,0.007115));
#8114=CARTESIAN_POINT('',(0.00136477708920349,-0.0601265601582567,0.007115));
#8115=CARTESIAN_POINT('',(0.00136477708920351,-0.0601265601598479,0.007115));
#8116=CARTESIAN_POINT('',(0.0282676593856255,-0.0601280412506257,0.007115));
#8117=CARTESIAN_POINT('',(0.0282752059601591,-0.0603280416663922,0.006915));
#8118=CARTESIAN_POINT('',(0.0282752059601592,-0.0603280416663922,0.0070206973063556));
#8119=CARTESIAN_POINT('',(0.0282712600769509,-0.0602322133025907,0.00711500000002993));
#8120=CARTESIAN_POINT('',(0.0282676593856255,-0.0601280412505683,0.007115));
#8121=CARTESIAN_POINT('',(0.0283109744833681,-0.0601265601572759,0.007115));
#8122=CARTESIAN_POINT('',(0.0283109751079675,-0.0603265601572749,0.00711500000000001));
#8123=CARTESIAN_POINT('',(0.0283109751079675,-0.0603265601572749,0.006915));
#8124=CARTESIAN_POINT('',(0.0282932601562938,-0.0601265534002126,0.007115));
#8125=CARTESIAN_POINT('',(0.0282962506953733,-0.0603265555709008,0.00711500000000715));
#8126=CARTESIAN_POINT('',(0.028296250695358,-0.0603265602032592,0.00691500000000009));
#8127=CARTESIAN_POINT('',(0.0282756731494068,-0.0601272942394105,0.00711500000000001));
#8128=CARTESIAN_POINT('',(0.0282868693843179,-0.0603270593333991,0.00711499999999547));
#8129=CARTESIAN_POINT('',(0.0282868693845577,-0.0603270593360596,0.0069150000000001));
#8130=CARTESIAN_POINT('',(0.0282582104403754,-0.0601287649282183,0.00711500000000001));
#8131=CARTESIAN_POINT('',(0.0282749947421955,-0.0603280594018306,0.007115));
#8132=CARTESIAN_POINT('',(0.0282749947421955,-0.0603280594018306,0.006915));
#8133=CARTESIAN_POINT('',(0.0283106600454843,-0.0601265601582579,0.007115));
#8134=CARTESIAN_POINT('',(0.0282963094890833,-0.0601265602030746,0.007115));
#8135=CARTESIAN_POINT('',(0.0282819759353116,-0.0601270538864375,0.007115));
#8136=CARTESIAN_POINT('',(0.0282676593856255,-0.0601280412506257,0.007115));
#8137=CARTESIAN_POINT('',(0.0283106600516614,-0.06012853810492,0.007115));
#8138=CARTESIAN_POINT('',(0.0283106600578385,-0.0603305160515821,0.006915));
#8139=CARTESIAN_POINT('',(0.0283106600578385,-0.0603305160515821,0.00701971975511966));
#8140=CARTESIAN_POINT('',(0.0283106600578385,-0.0602352358067018,0.007115));
#8141=CARTESIAN_POINT('',(0.0283106600578385,-0.0601305160515821,0.007115));
#8142=CARTESIAN_POINT('',(0.0148479962157229,-0.0601305160515821,0.006915));
#8143=CARTESIAN_POINT('',(0.0283106600578386,-0.0601305160515821,0.007115));
#8144=CARTESIAN_POINT('',(0.0607349966755732,-0.0601305160515821,0.007115));
#8145=CARTESIAN_POINT('',(0.0607349966755732,-0.0601305160515821,0.006915));
#8146=CARTESIAN_POINT('',(0.0608313707289104,-0.0602268901049192,0.007117));
#8147=CARTESIAN_POINT('',(0.0608313707289104,-0.0602268901049192,0.007115));
#8148=CARTESIAN_POINT('',(0.0667550187289105,-0.0661505381049194,0.007115));
#8149=CARTESIAN_POINT('',(0.0667550187289105,-0.0661505381049194,0.006687));
#8150=CARTESIAN_POINT('',(0.0608313707289104,-0.0602268901049192,0.));
#8151=CARTESIAN_POINT('',(0.0148479962157229,-0.0661505381049194,0.006687));
#8152=CARTESIAN_POINT('',(0.0957536060042066,-0.0661505381049194,0.006687));
#8153=CARTESIAN_POINT('',(0.0957536060042066,-0.0661505381049194,0.007115));
#8154=CARTESIAN_POINT('',(0.0671830187289105,-0.0661505381049194,0.007115));
#8155=CARTESIAN_POINT('',(0.0957536060042067,-0.062175693500952,0.006687));
#8156=CARTESIAN_POINT('',(0.0995917829730344,-0.0632090313845357,0.006687));
#8157=CARTESIAN_POINT('',(0.0995917829730344,-0.0632090313845357,0.007115));
#8158=CARTESIAN_POINT('',(0.0957536060042067,-0.062175693500952,0.007115));
#8159=CARTESIAN_POINT('',(0.101936300711165,-0.0638402370369122,0.006687));
#8160=CARTESIAN_POINT('',(0.0999863837591963,-0.0623935138842578,0.006687));
#8161=CARTESIAN_POINT('',(0.0999863837591963,-0.0623935138842578,0.007115));
#8162=CARTESIAN_POINT('',(0.101936300711165,-0.0638402370369122,0.007115));
#8163=CARTESIAN_POINT('',(0.104936300711165,-0.0660660597590442,0.006687));
#8164=CARTESIAN_POINT('',(0.104936300711165,-0.0660660597590442,0.007115));
#8165=CARTESIAN_POINT('',(0.0707277447822475,0.0045800191450809,0.007315));
#8166=CARTESIAN_POINT('',(0.0707277447822475,-0.0396232701582563,0.007315));
#8167=CARTESIAN_POINT('',(0.0707277447822475,-0.0396232701582563,0.007115));
#8168=CARTESIAN_POINT('',(0.0707277447822475,-0.0601232641582564,0.007315));
#8169=CARTESIAN_POINT('',(0.0707277447822475,-0.0601232641582564,0.007115));
#8170=CARTESIAN_POINT('',(0.0707277447822475,-0.0599232641582564,0.007115));
#8171=CARTESIAN_POINT('',(0.0804527447822475,-0.0396232701582563,0.007315));
#8172=CARTESIAN_POINT('',(0.0897777447822475,-0.0396232701582563,0.007315));
#8173=CARTESIAN_POINT('',(0.0897777447822475,-0.0396232701582563,0.007115));
#8174=CARTESIAN_POINT('',(0.0148479962157229,-0.0396232701582563,0.007115));
#8175=CARTESIAN_POINT('',(0.0897777447822475,0.0045800191450809,0.007315));
#8176=CARTESIAN_POINT('',(0.0897777447822475,-0.0205732701582563,0.007315));
#8177=CARTESIAN_POINT('',(0.0897777447822475,-0.0205732701582563,0.007115));
#8178=CARTESIAN_POINT('',(0.0897777447822475,-0.0398232701582563,0.007115));
#8179=CARTESIAN_POINT('',(0.100027744782248,-0.0205732701582563,0.007315));
#8180=CARTESIAN_POINT('',(0.110277744782247,-0.0205732701582563,0.007315));
#8181=CARTESIAN_POINT('',(0.110277744782247,-0.0205732701582563,0.007115));
#8182=CARTESIAN_POINT('',(0.0148479962157229,-0.0205732701582563,0.007115));
#8183=CARTESIAN_POINT('',(0.110277744782247,-0.0302982701582563,0.007315));
#8184=CARTESIAN_POINT('',(0.110277744782247,0.0045800191450809,0.007115));
#8185=CARTESIAN_POINT('',(0.110277744782247,-0.0396232701582563,0.007115));
#8186=CARTESIAN_POINT('',(0.110277744782247,-0.0396232701582563,0.007315));
#8187=CARTESIAN_POINT('',(0.0148479962157229,-0.0396232701582563,0.007315));
#8188=CARTESIAN_POINT('',(0.110077744782247,-0.0396232701582563,0.007115));
#8189=CARTESIAN_POINT('',(0.129327744782247,-0.0396232701582563,0.007115));
#8190=CARTESIAN_POINT('',(0.129327744782247,-0.0396232701582563,0.007315));
#8191=CARTESIAN_POINT('',(0.129327744782247,0.0045800191450809,0.007315));
#8192=CARTESIAN_POINT('',(0.129327744782247,-0.0398232701582563,0.007115));
#8193=CARTESIAN_POINT('',(0.129327744782247,-0.0601232641582564,0.007115));
#8194=CARTESIAN_POINT('',(0.129327744782247,-0.0601232641582564,0.007315));
#8195=CARTESIAN_POINT('',(0.014847996215723,-0.0601232641582564,0.007315));
#8196=CARTESIAN_POINT('',(0.129127744782247,-0.0601232641582564,0.007115));
#8197=CARTESIAN_POINT('',(0.129127744782247,-0.0601232641582564,0.007115));
#8198=CARTESIAN_POINT('',(0.104936300711165,-0.0660660597590442,0.006687));
#8199=CARTESIAN_POINT('',(0.109886217663133,-0.0623935138842578,0.006687));
#8200=CARTESIAN_POINT('',(0.109886217663133,-0.0623935138842578,0.007115));
#8201=CARTESIAN_POINT('',(0.104936300711165,-0.0660660597590442,0.007115));
#8202=CARTESIAN_POINT('',(0.107936300711165,-0.0638402370369119,0.006687));
#8203=CARTESIAN_POINT('',(0.110280818449295,-0.0632090313845357,0.006687));
#8204=CARTESIAN_POINT('',(0.110280818449295,-0.0632090313845357,0.007115));
#8205=CARTESIAN_POINT('',(0.107936300711165,-0.0638402370369119,0.007115));
#8206=CARTESIAN_POINT('',(0.114118995418123,-0.062175693500952,0.006687));
#8207=CARTESIAN_POINT('',(0.114118995418123,-0.0661505381049194,0.006687));
#8208=CARTESIAN_POINT('',(0.114118995418123,-0.0661505381049194,0.007115));
#8209=CARTESIAN_POINT('',(0.114118995418123,-0.062175693500952,0.007115));
#8210=CARTESIAN_POINT('',(0.131100107808916,-0.0661505381049194,0.006687));
#8211=CARTESIAN_POINT('',(0.132695187430889,-0.0661505381049194,0.006687));
#8212=CARTESIAN_POINT('',(0.132695187430889,-0.0661505381049194,0.007115));
#8213=CARTESIAN_POINT('',(0.0148479962157229,-0.0661505381049194,0.007115));
#8214=CARTESIAN_POINT('',(0.138921477133237,-0.0599242484025714,0.006687));
#8215=CARTESIAN_POINT('',(0.109136870448308,-0.0897088550875011,0.007115));
#8216=CARTESIAN_POINT('',(0.138715209484226,-0.0601305160515821,0.007115));
#8217=CARTESIAN_POINT('',(0.139027459423221,-0.060330516051582,0.006915));
#8218=CARTESIAN_POINT('',(0.138928481355174,-0.060330516051582,0.00702618752043655));
#8219=CARTESIAN_POINT('',(0.13882285814742,-0.0602312295381928,0.007115));
#8220=CARTESIAN_POINT('',(0.138715209484226,-0.0601305160515821,0.007115));
#8221=CARTESIAN_POINT('',(0.0148479962157229,-0.0601305160515821,0.006915));
#8222=CARTESIAN_POINT('',(0.0283106600578386,-0.0601305160515821,0.007115));
#8223=CARTESIAN_POINT('',(0.21003503297079,-0.0601305160515821,0.007115));
#8224=CARTESIAN_POINT('',(0.210034899390083,-0.0601305160515821,0.006915));
#8225=CARTESIAN_POINT('',(0.210873227368229,-0.0601310759293155,0.006915));
#8226=CARTESIAN_POINT('',(0.21003503297079,-0.0601305160961916,0.007115));
#8227=CARTESIAN_POINT('',(0.211711421761129,-0.0601316357624364,0.007115));
#8228=CARTESIAN_POINT('',(0.211711421761663,-0.0601316357624368,0.006915));
#8229=CARTESIAN_POINT('',(0.211712290032248,-0.058831636052396,0.006915));
#8230=CARTESIAN_POINT('',(0.211712290032248,-0.058831636052396,0.007115));
#8231=CARTESIAN_POINT('',(0.213012290032234,-0.0588316420523959,0.007115));
#8232=CARTESIAN_POINT('',(0.213012290032237,-0.0588316412523959,0.006915));
#8233=CARTESIAN_POINT('',(0.213012290032248,0.0045781039686601,0.006915));
#8234=CARTESIAN_POINT('',(0.213012290032248,-0.0588316420523959,0.007115));
#8235=CARTESIAN_POINT('',(0.213012290032248,0.0679878507897161,0.007115));
#8236=CARTESIAN_POINT('',(0.213012290032248,0.0679878499897161,0.006915));
#8237=CARTESIAN_POINT('',(0.211712290032248,0.0679878559897161,0.006915));
#8238=CARTESIAN_POINT('',(0.211712290032248,0.0679878559897161,0.007115));
#8239=CARTESIAN_POINT('',(0.211828518259513,0.0692826497953805,0.007115));
#8240=CARTESIAN_POINT('',(0.211837460163397,0.0694826243457726,0.006915));
#8241=CARTESIAN_POINT('',(0.211837460163397,0.0694826243457726,0.0070207044337439));
#8242=CARTESIAN_POINT('',(0.211833327170843,0.069386772501813,0.00711500000000033));
#8243=CARTESIAN_POINT('',(0.211828518259512,0.0692826497953799,0.007115));
#8244=CARTESIAN_POINT('',(0.0150398003598989,0.069860842436301,0.006915));
#8245=CARTESIAN_POINT('',(0.210056288546336,0.0692878559897161,0.006915));
#8246=CARTESIAN_POINT('',(0.210056288546336,0.0692878568529249,0.007115));
#8247=CARTESIAN_POINT('',(0.0150398003598989,0.0698608424363009,0.007115));
#8248=CARTESIAN_POINT('',(0.0148479962157229,0.0692878559897161,0.006915));
#8249=CARTESIAN_POINT('',(0.208529837935763,0.0692878559897161,0.007115));
#8250=CARTESIAN_POINT('',(0.208529837935763,0.0693925757448358,0.007115));
#8251=CARTESIAN_POINT('',(0.208529837935763,0.0694878559897161,0.00701971975511966));
#8252=CARTESIAN_POINT('',(0.208529837935763,0.0694878559897161,0.006915));
#8253=CARTESIAN_POINT('',(0.208529837935763,0.0692878559897161,0.007115));
#8254=CARTESIAN_POINT('',(0.0148479962157229,0.0692878559897161,0.007115));
#8255=CARTESIAN_POINT('',(0.208529840383556,0.0699098398417412,0.006915));
#8256=CARTESIAN_POINT('',(0.20849887249426,0.0694859695905645,0.006915));
#8257=CARTESIAN_POINT('',(0.20849887249426,0.0694859695905645,0.00702069029822874));
#8258=CARTESIAN_POINT('',(0.208495428520272,0.0693901548483906,0.00711500000000006));
#8259=CARTESIAN_POINT('',(0.208492282927283,0.0692859693123215,0.007115));
#8260=CARTESIAN_POINT('',(0.208492282927283,0.0692859693123216,0.007115));
#8261=CARTESIAN_POINT('',(0.208529840383556,0.0699098398417412,0.007115));
#8262=CARTESIAN_POINT('',(0.195041421384335,0.0692854017163319,0.006915));
#8263=CARTESIAN_POINT('',(0.181583953558098,0.0692848338415719,0.007115));
#8264=CARTESIAN_POINT('',(0.181583951952343,0.069389553596717,0.007115));
#8265=CARTESIAN_POINT('',(0.181583950744915,0.0694848338416313,0.00701971975511966));
#8266=CARTESIAN_POINT('',(0.181583953558098,0.06948483384175,0.006915));
#8267=CARTESIAN_POINT('',(0.181583953558098,0.0692848338417431,0.007115));
#8268=CARTESIAN_POINT('',(0.0148452661155269,0.0692777978454,0.007115));
#8269=CARTESIAN_POINT('',(0.0148479962157229,-0.0172607701582563,0.007315));
#8270=CARTESIAN_POINT('',(0.0864714947822475,-0.0172607701582563,0.007315));
#8271=CARTESIAN_POINT('',(0.0864714947822475,-0.0172607701582563,0.007115));
#8272=CARTESIAN_POINT('',(0.105508994782247,-0.0172607701582563,0.007315));
#8273=CARTESIAN_POINT('',(0.105508994782247,-0.0172607701582563,0.007115));
#8274=CARTESIAN_POINT('',(0.105308994782247,-0.0172607701582563,0.007115));
#8275=CARTESIAN_POINT('',(0.0864714947822475,0.0045800191450809,0.007315));
#8276=CARTESIAN_POINT('',(0.0864714947822475,-0.0170607701582563,0.007115));
#8277=CARTESIAN_POINT('',(0.0864714947822475,-0.0363107701582563,0.007115));
#8278=CARTESIAN_POINT('',(0.0864714947822475,-0.0363107701582563,0.007315));
#8279=CARTESIAN_POINT('',(0.0148479962157229,-0.0363107701582563,0.007315));
#8280=CARTESIAN_POINT('',(0.0862714947822475,-0.0363107701582563,0.007115));
#8281=CARTESIAN_POINT('',(0.0674152447822475,-0.0363107701582563,0.007115));
#8282=CARTESIAN_POINT('',(0.0674152447822475,-0.0363107701582563,0.007315));
#8283=CARTESIAN_POINT('',(0.0148479962157229,0.0446517298417437,0.007315));
#8284=CARTESIAN_POINT('',(0.132661257329153,0.0446517298417437,0.007315));
#8285=CARTESIAN_POINT('',(0.132661257329153,0.0446517298417437,0.007115));
#8286=CARTESIAN_POINT('',(0.210290244782247,0.0446517298417437,0.007315));
#8287=CARTESIAN_POINT('',(0.210290244782247,0.0446517298417437,0.007115));
#8288=CARTESIAN_POINT('',(0.210090244782247,0.0446517298417437,0.007115));
#8289=CARTESIAN_POINT('',(0.132661257329153,0.0546392328417436,0.007315));
#8290=CARTESIAN_POINT('',(0.132661257329153,0.0651517298417437,0.007315));
#8291=CARTESIAN_POINT('',(0.132661257329153,0.0651517298417437,0.007115));
#8292=CARTESIAN_POINT('',(0.132861257329153,0.0546392328417436,0.007315));
#8293=CARTESIAN_POINT('',(0.132661257329153,0.0045800191450809,0.007115));
#8294=CARTESIAN_POINT('',(0.0148479962157229,0.0651517298417437,0.007315));
#8295=CARTESIAN_POINT('',(0.132861257329153,0.0651517298417437,0.007115));
#8296=CARTESIAN_POINT('',(0.210290244782247,0.0651517298417437,0.007115));
#8297=CARTESIAN_POINT('',(0.210290244782247,0.0651517298417437,0.007315));
#8298=CARTESIAN_POINT('',(0.210290244782247,0.0045800191450809,0.007315));
#8299=CARTESIAN_POINT('',(0.210290244782247,0.0649517298417437,0.007115));
#8300=CARTESIAN_POINT('',(0.0148479962157229,-0.0172607701582563,0.007315));
#8301=CARTESIAN_POINT('',(0.129327744782247,-0.0172607701582563,0.007315));
#8302=CARTESIAN_POINT('',(0.129327744782247,-0.0172607701582563,0.007115));
#8303=CARTESIAN_POINT('',(0.129127744782247,-0.0172607701582563,0.007115));
#8304=CARTESIAN_POINT('',(0.108827744782247,-0.0172607701582563,0.007115));
#8305=CARTESIAN_POINT('',(0.108827744782247,-0.0172607701582563,0.007315));
#8306=CARTESIAN_POINT('',(0.108827744782247,0.0045800191450809,0.007315));
#8307=CARTESIAN_POINT('',(0.108827744782247,-0.0170607701582563,0.007115));
#8308=CARTESIAN_POINT('',(0.108827744782247,0.0413392298417437,0.007115));
#8309=CARTESIAN_POINT('',(0.108827744782247,0.0413392298417437,0.007315));
#8310=CARTESIAN_POINT('',(0.119077744782247,0.0413392298417437,0.007315));
#8311=CARTESIAN_POINT('',(0.0148479962157229,0.0413392298417437,0.007115));
#8312=CARTESIAN_POINT('',(0.129327744782247,0.0413392298417437,0.007115));
#8313=CARTESIAN_POINT('',(0.129327744782247,0.0413392298417437,0.007315));
#8314=CARTESIAN_POINT('',(0.129327744782247,0.0045800191450809,0.007315));
#8315=CARTESIAN_POINT('',(0.129327744782247,0.0411392298417437,0.007115));
#8316=CARTESIAN_POINT('',(0.209835244782247,-0.0553607701582563,0.007315));
#8317=CARTESIAN_POINT('',(0.210290244782247,-0.0553607701582563,0.007315));
#8318=CARTESIAN_POINT('',(0.210290244782247,-0.0553607701582563,0.007115));
#8319=CARTESIAN_POINT('',(0.0148479962157229,-0.0553607701582563,0.007115));
#8320=CARTESIAN_POINT('',(0.132615244782248,-0.0553607701582563,0.007115));
#8321=CARTESIAN_POINT('',(0.132615244782248,-0.0553607701582563,0.007315));
#8322=CARTESIAN_POINT('',(0.132615244782248,-0.00701077015825631,0.007315));
#8323=CARTESIAN_POINT('',(0.132615244782248,0.0045800191450809,0.007115));
#8324=CARTESIAN_POINT('',(0.132615244782248,0.0413392298417437,0.007115));
#8325=CARTESIAN_POINT('',(0.132615244782248,0.0413392298417437,0.007315));
#8326=CARTESIAN_POINT('',(0.171197744782247,0.0413392298417437,0.007315));
#8327=CARTESIAN_POINT('',(0.0148479962157229,0.0413392298417437,0.007115));
#8328=CARTESIAN_POINT('',(0.210290244782247,0.0413392298417437,0.007115));
#8329=CARTESIAN_POINT('',(0.210290244782247,0.0413392298417437,0.007315));
#8330=CARTESIAN_POINT('',(0.210290244782247,0.0045800191450809,0.007315));
#8331=CARTESIAN_POINT('',(0.210290244782247,0.0411392298417437,0.007115));
#8332=CARTESIAN_POINT('',(0.129327744782247,0.0045800191450809,0.007315));
#8333=CARTESIAN_POINT('',(0.129327744782247,0.0651517298417437,0.007315));
#8334=CARTESIAN_POINT('',(0.129327744782247,0.0651517298417437,0.007115));
#8335=CARTESIAN_POINT('',(0.129327744782247,0.0649517298417437,0.007115));
#8336=CARTESIAN_POINT('',(0.129327744782247,0.0446517298417437,0.007115));
#8337=CARTESIAN_POINT('',(0.129327744782247,0.0446517298417437,0.007315));
#8338=CARTESIAN_POINT('',(0.119077744782247,0.0446517298417437,0.007315));
#8339=CARTESIAN_POINT('',(0.0148479962157229,0.0446517298417437,0.007115));
#8340=CARTESIAN_POINT('',(0.108827744782247,0.0446517298417437,0.007115));
#8341=CARTESIAN_POINT('',(0.108827744782247,0.0446517298417437,0.007315));
#8342=CARTESIAN_POINT('',(0.108827744782247,0.0546392328417436,0.007315));
#8343=CARTESIAN_POINT('',(0.108827744782247,0.0651517298417437,0.007315));
#8344=CARTESIAN_POINT('',(0.108827744782247,0.0651517298417437,0.007115));
#8345=CARTESIAN_POINT('',(0.108827744782247,0.0045800191450809,0.007115));
#8346=CARTESIAN_POINT('',(0.0148479962157229,0.0651517298417437,0.007315));
#8347=CARTESIAN_POINT('',(0.109027744782247,0.0651517298417437,0.007115));
#8348=CARTESIAN_POINT('',(0.0278652447822475,0.0045800191450809,0.007315));
#8349=CARTESIAN_POINT('',(0.0278652447822475,0.0651517298417437,0.007315));
#8350=CARTESIAN_POINT('',(0.0278652447822475,0.0651517298417437,0.007115));
#8351=CARTESIAN_POINT('',(0.0278652447822475,0.0446517298417437,0.007315));
#8352=CARTESIAN_POINT('',(0.0278652447822475,0.0446517298417437,0.007115));
#8353=CARTESIAN_POINT('',(0.0278652447822475,0.0448517298417437,0.007115));
#8354=CARTESIAN_POINT('',(0.0148479962157229,0.0651517298417437,0.007315));
#8355=CARTESIAN_POINT('',(0.0280652447822475,0.0651517298417437,0.007115));
#8356=CARTESIAN_POINT('',(0.105515244782247,0.0651517298417437,0.007115));
#8357=CARTESIAN_POINT('',(0.105515244782247,0.0651517298417437,0.007315));
#8358=CARTESIAN_POINT('',(0.105515244782247,0.0549017298417437,0.007315));
#8359=CARTESIAN_POINT('',(0.105515244782247,0.0045800191450809,0.007115));
#8360=CARTESIAN_POINT('',(0.105515244782247,0.0446517298417437,0.007115));
#8361=CARTESIAN_POINT('',(0.105515244782247,0.0446517298417437,0.007315));
#8362=CARTESIAN_POINT('',(0.0666902447822475,0.0446517298417437,0.007315));
#8363=CARTESIAN_POINT('',(0.0148479962157229,0.0446517298417437,0.007115));
#8364=CARTESIAN_POINT('',(0.209835244782247,0.0448517298417437,0.0117));
#8365=CARTESIAN_POINT('',(0.132861257329153,0.0514204813417437,0.00513124850000004));
#8366=CARTESIAN_POINT('',(0.132861257329153,0.0443517298417437,0.0122));
#8367=CARTESIAN_POINT('',(0.0148493610322475,0.0443517298417437,0.0122));
#8368=CARTESIAN_POINT('',(0.210590244782247,0.0443517298417437,0.0122));
#8369=CARTESIAN_POINT('',(0.206740244782247,0.0482017298417437,0.00835));
#8370=CARTESIAN_POINT('',(0.210090244782247,0.0549017298417437,0.0117));
#8371=CARTESIAN_POINT('',(0.210590244782247,0.030348297657631,0.0122));
#8372=CARTESIAN_POINT('',(0.210590244782247,0.0654517298417437,0.0122));
#8373=CARTESIAN_POINT('',(0.197218746873399,0.0520802319328946,-0.00117149790884916));
#8374=CARTESIAN_POINT('',(0.1714757510557,0.0649517298417437,0.0117));
#8375=CARTESIAN_POINT('',(0.0148493610322475,0.0654517298417437,0.0122));
#8376=CARTESIAN_POINT('',(0.132861257329153,0.0654517298417437,0.0122));
#8377=CARTESIAN_POINT('',(0.132861257329153,0.0581204813417437,0.00486875149999996));
#8378=CARTESIAN_POINT('',(0.132861257329153,0.0546392328417436,0.00835));
#8379=CARTESIAN_POINT('',(0.132861257329153,0.0546392328417436,0.0122));
#8380=CARTESIAN_POINT('',(0.119077744782247,-0.0170607701582563,0.0117));
#8381=CARTESIAN_POINT('',(0.119427744782247,-0.0073607701582563,0.002));
#8382=CARTESIAN_POINT('',(0.129627744782247,-0.0175607701582562,0.0122));
#8383=CARTESIAN_POINT('',(0.112377744782247,-0.0137107701582563,0.00835));
#8384=CARTESIAN_POINT('',(0.108527744782247,-0.0175607701582562,0.0122));
#8385=CARTESIAN_POINT('',(0.0148493610322476,-0.0175607701582563,0.0122));
#8386=CARTESIAN_POINT('',(0.129127744782247,0.0120392298417437,0.0117));
#8387=CARTESIAN_POINT('',(0.129627744782247,0.030348297657631,0.0122));
#8388=CARTESIAN_POINT('',(0.129627744782247,0.0416392298417437,0.0122));
#8389=CARTESIAN_POINT('',(0.0913682835322475,0.00337976859174371,-0.02605946125));
#8390=CARTESIAN_POINT('',(0.0148493610322475,0.0416392298417437,0.0122));
#8391=CARTESIAN_POINT('',(0.0773016168655809,0.0728653577584104,0.0434261279166666));
#8392=CARTESIAN_POINT('',(0.108527744782247,0.0416392298417437,0.0122));
#8393=CARTESIAN_POINT('',(0.129127744782247,0.0416392298417437,0.0122));
#8394=CARTESIAN_POINT('',(0.109027744782247,0.0115142328417437,0.0117));
#8395=CARTESIAN_POINT('',(0.108527744782247,0.030348297657631,0.0122));
#8396=CARTESIAN_POINT('',(0.119602744782247,-0.0398232701582563,0.0117));
#8397=CARTESIAN_POINT('',(0.133801600720877,-0.0160994142196268,0.0354238559386292));
#8398=CARTESIAN_POINT('',(0.110577744782247,-0.0393232701582563,0.0122));
#8399=CARTESIAN_POINT('',(0.125865244782247,-0.0430857701582564,0.0084375));
#8400=CARTESIAN_POINT('',(0.129627744782247,-0.0393232701582563,0.0122));
#8401=CARTESIAN_POINT('',(0.0148493610322475,-0.0393232701582563,0.0122));
#8402=CARTESIAN_POINT('',(0.110577744782247,0.030348297657631,0.0122));
#8403=CARTESIAN_POINT('',(0.127451600720877,-0.00339941421962719,0.0290738559386291));
#8404=CARTESIAN_POINT('',(0.110577744782247,-0.0202732701582563,0.0122));
#8405=CARTESIAN_POINT('',(0.110577744782247,-0.0398232701582563,0.0122));
#8406=CARTESIAN_POINT('',(0.0148493610322475,-0.0202732701582563,0.0122));
#8407=CARTESIAN_POINT('',(0.110077744782247,-0.0202732701582563,0.0122));
#8408=CARTESIAN_POINT('',(0.0894777447822475,-0.0202732701582563,0.0122));
#8409=CARTESIAN_POINT('',(0.0646016168655809,0.00460285775841038,0.0370761279166666));
#8410=CARTESIAN_POINT('',(0.0899777447822475,-0.0302982701582563,0.0117));
#8411=CARTESIAN_POINT('',(0.0894777447822475,0.030348297657631,0.0122));
#8412=CARTESIAN_POINT('',(0.0894777447822475,-0.0393232701582563,0.0122));
#8413=CARTESIAN_POINT('',(0.0646016168655807,-0.0144471422415897,0.0370761279166669));
#8414=CARTESIAN_POINT('',(0.0148493610322475,-0.0393232701582563,0.0122));
#8415=CARTESIAN_POINT('',(0.0899777447822475,-0.0393232701582563,0.0122));
#8416=CARTESIAN_POINT('',(0.0704277447822475,-0.0393232701582563,0.0122));
#8417=CARTESIAN_POINT('',(0.0519016168655807,-0.0207971422415897,0.0307261279166668));
#8418=CARTESIAN_POINT('',(0.0709277447822476,-0.0498732671582564,0.0117));
#8419=CARTESIAN_POINT('',(0.0704277447822475,0.030348297657631,0.0122));
#8420=CARTESIAN_POINT('',(0.0704277447822475,-0.0604232641582564,0.0122));
#8421=CARTESIAN_POINT('',(0.0806277447822477,-0.0502232641582564,0.00199999999999988));
#8422=CARTESIAN_POINT('',(0.100027744782248,-0.0599232641582564,0.0117));
#8423=CARTESIAN_POINT('',(0.0148493610322476,-0.0604232641582564,0.0122));
#8424=CARTESIAN_POINT('',(0.129627744782247,-0.0604232641582564,0.0122));
#8425=CARTESIAN_POINT('',(0.119427744782247,-0.0502232641582565,0.00199999999999997));
#8426=CARTESIAN_POINT('',(0.129127744782247,-0.0496107701582564,0.0117));
#8427=CARTESIAN_POINT('',(0.129627744782247,0.030348297657631,0.0122));
#8428=CARTESIAN_POINT('',(0.0148493610322475,-0.0556607701582563,0.0122));
#8429=CARTESIAN_POINT('',(0.145343283532247,0.00958619109174343,-0.0530469612500006));
#8430=CARTESIAN_POINT('',(0.210590244782247,-0.0556607701582563,0.0122));
#8431=CARTESIAN_POINT('',(0.16098493405421,-0.0269910808862944,-0.0164696892719623));
#8432=CARTESIAN_POINT('',(0.132315244782248,-0.0556607701582563,0.0122));
#8433=CARTESIAN_POINT('',(0.132815244782248,-0.0556607701582563,0.0122));
#8434=CARTESIAN_POINT('',(0.210090244782247,-0.0070107701582563,0.0117));
#8435=CARTESIAN_POINT('',(0.210590244782247,0.030348297657631,0.0122));
#8436=CARTESIAN_POINT('',(0.210590244782247,0.0416392298417437,0.0122));
#8437=CARTESIAN_POINT('',(0.145343283532248,-0.0236077314082564,-0.05304696125));
#8438=CARTESIAN_POINT('',(0.0148493610322475,0.0416392298417437,0.0122));
#8439=CARTESIAN_POINT('',(0.0931599501989142,0.080794524425077,0.0513552945833333));
#8440=CARTESIAN_POINT('',(0.132315244782248,0.0416392298417437,0.0122));
#8441=CARTESIAN_POINT('',(0.210090244782247,0.0416392298417437,0.0122));
#8442=CARTESIAN_POINT('',(0.132315244782248,0.030348297657631,0.0122));
#8443=CARTESIAN_POINT('',(0.132315244782248,0.0411392298417437,0.0122));
#8444=CARTESIAN_POINT('',(0.119077744782247,0.0649517298417437,0.0117));
#8445=CARTESIAN_POINT('',(0.120228888843618,0.0537505857803728,0.000498855938629098));
#8446=CARTESIAN_POINT('',(0.108527744782247,0.0654517298417437,0.0122));
#8447=CARTESIAN_POINT('',(0.125777744782247,0.0616017298417437,0.00835));
#8448=CARTESIAN_POINT('',(0.129627744782247,0.0654517298417437,0.0122));
#8449=CARTESIAN_POINT('',(0.0148493610322475,0.0654517298417437,0.0122));
#8450=CARTESIAN_POINT('',(0.108527744782247,0.030348297657631,0.0122));
#8451=CARTESIAN_POINT('',(0.108527744782247,0.0649517298417437,0.0122));
#8452=CARTESIAN_POINT('',(0.108527744782247,0.0443517298417437,0.0122));
#8453=CARTESIAN_POINT('',(0.0773016168655809,0.0131256019250771,0.0434261279166666));
#8454=CARTESIAN_POINT('',(0.0148493610322475,0.0443517298417437,0.0122));
#8455=CARTESIAN_POINT('',(0.0913682835322475,0.0826111910917437,-0.02605946125));
#8456=CARTESIAN_POINT('',(0.129627744782247,0.0443517298417437,0.0122));
#8457=CARTESIAN_POINT('',(0.109027744782247,0.0443517298417437,0.0122));
#8458=CARTESIAN_POINT('',(0.129127744782247,0.0646892328417437,0.0117));
#8459=CARTESIAN_POINT('',(0.129627744782247,0.030348297657631,0.0122));
#8460=CARTESIAN_POINT('',(0.0666902447822475,0.0649517298417437,0.0117));
#8461=CARTESIAN_POINT('',(0.0345902447822476,0.0584267298417437,0.005175));
#8462=CARTESIAN_POINT('',(0.0275652447822476,0.0654517298417437,0.0122));
#8463=CARTESIAN_POINT('',(0.0924402447822475,0.0520767298417437,-0.001175));
#8464=CARTESIAN_POINT('',(0.105815244782247,0.0654517298417437,0.0122));
#8465=CARTESIAN_POINT('',(0.0148493610322475,0.0654517298417437,0.0122));
#8466=CARTESIAN_POINT('',(0.0280652447822475,0.0453767298417438,0.0117));
#8467=CARTESIAN_POINT('',(0.0275652447822476,0.030348297657631,0.0122));
#8468=CARTESIAN_POINT('',(0.0275652447822476,0.0443517298417437,0.0122));
#8469=CARTESIAN_POINT('',(0.0233266168655809,0.0401131019250771,0.0164386279166667));
#8470=CARTESIAN_POINT('',(0.0148493610322475,0.0443517298417437,0.0122));
#8471=CARTESIAN_POINT('',(0.0754932835322475,0.0746736910917436,-0.0181219612500001));
#8472=CARTESIAN_POINT('',(0.105815244782247,0.0443517298417437,0.0122));
#8473=CARTESIAN_POINT('',(0.0280652447822475,0.0443517298417437,0.0122));
#8474=CARTESIAN_POINT('',(0.105815244782247,0.030348297657631,0.0122));
#8475=CARTESIAN_POINT('',(0.105815244782247,0.0448517298417437,0.0122));
#8476=CARTESIAN_POINT('',(0.0767433697822475,-0.0361107701582563,0.0117));
#8477=CARTESIAN_POINT('',(0.0830964947822475,-0.0329357701582562,0.008525));
#8478=CARTESIAN_POINT('',(0.0867714947822475,-0.0366107701582563,0.0122));
#8479=CARTESIAN_POINT('',(0.045395555510285,-0.0142910808862935,-0.0101196892719625));
#8480=CARTESIAN_POINT('',(0.0677152447822475,-0.0366107701582563,0.0122));
#8481=CARTESIAN_POINT('',(0.0148493610322475,-0.0366107701582563,0.0122));
#8482=CARTESIAN_POINT('',(0.0862714947822475,-0.0265857701582563,0.0117));
#8483=CARTESIAN_POINT('',(0.0894464947822475,-0.0202357701582563,0.014875));
#8484=CARTESIAN_POINT('',(0.0867714947822475,-0.0175607701582563,0.0122));
#8485=CARTESIAN_POINT('',(0.0867714947822475,0.030348297657631,0.0122));
#8486=CARTESIAN_POINT('',(0.105136789524832,-0.0170607701582563,0.0117));
#8487=CARTESIAN_POINT('',(0.0148493610322475,-0.0175607701582563,0.0122));
#8488=CARTESIAN_POINT('',(0.105808994782247,-0.0175607701582563,0.0122));
#8489=CARTESIAN_POINT('',(0.0956089947822475,-0.00736077015825628,0.002));
#8490=CARTESIAN_POINT('',(0.221112290032247,0.00177946634174366,0.0107));
#8491=CARTESIAN_POINT('',(0.221112290032247,0.0795341928417437,0.0107));
#8492=CARTESIAN_POINT('',(0.219612290032247,0.0795341928417437,0.0122));
#8493=CARTESIAN_POINT('',(0.219612290032247,0.0810341928417437,0.0122));
#8494=CARTESIAN_POINT('',(0.219612290032247,-0.0759752601582564,0.0122));
#8495=CARTESIAN_POINT('',(0.220362290032247,-0.0759752601582564,0.01145));
#8496=CARTESIAN_POINT('',(0.218610290032248,0.0172083618024276,-0.00837215867237782));
#8497=CARTESIAN_POINT('',(0.218610290032248,-0.035568258721766,-0.0113149673447556));
#8498=CARTESIAN_POINT('',(0.0195902447822475,0.0554267298417438,0.0117));
#8499=CARTESIAN_POINT('',(0.00671524478224751,0.0520767298417437,-0.001175));
#8500=CARTESIAN_POINT('',(0.0200902447822475,0.0654517298417437,0.0122));
#8501=CARTESIAN_POINT('',(0.0183432835322475,0.0460986910917437,0.01045303875));
#8502=CARTESIAN_POINT('',(0.0200902447822475,0.0443517298417437,0.0122));
#8503=CARTESIAN_POINT('',(0.0200902447822475,0.030348297657631,0.0122));
#8504=CARTESIAN_POINT('',(0.0677152447822475,0.030348297657631,0.0122));
#8505=CARTESIAN_POINT('',(0.039045555510285,-0.0269910808862934,-0.0164696892719626));
#8506=CARTESIAN_POINT('',(0.0677152447822475,-0.0556607701582563,0.0122));
#8507=CARTESIAN_POINT('',(0.0677152447822475,-0.0551607701582563,0.0122));
#8508=CARTESIAN_POINT('',(0.105308994782247,0.0120392298417437,0.0117));
#8509=CARTESIAN_POINT('',(0.105808994782247,0.030348297657631,0.0122));
#8510=CARTESIAN_POINT('',(0.105808994782247,0.0416392298417437,0.0122));
#8511=CARTESIAN_POINT('',(0.00988607811558087,-0.054283686824923,-0.0837229166666667));
#8512=CARTESIAN_POINT('',(0.221112290032247,0.0795341928417437,0.0107));
#8513=CARTESIAN_POINT('',(0.219612290032247,0.0802841928417437,0.01145));
#8514=CARTESIAN_POINT('',(0.219612290032247,-0.0774752601582564,0.0107));
#8515=CARTESIAN_POINT('',(0.219612290032247,-0.0774752601582564,0.0107));
#8516=CARTESIAN_POINT('',(0.219612290032247,-0.0774752601582564,0.0107));
#8517=CARTESIAN_POINT('',(0.219612290032247,-0.0774752601582564,0.0107));
#8518=CARTESIAN_POINT('',(0.219612290032247,-0.0774752601582564,-0.00542935));
#8519=CARTESIAN_POINT('',(0.219874352885199,-0.0772131973053047,-0.00496564274618403));
#8520=CARTESIAN_POINT('',(0.219612290032247,-0.0774752601582564,-0.00466943457461875));
#8521=CARTESIAN_POINT('',(0.220356699645978,-0.0767308505445254,-0.00551083658217262));
#8522=CARTESIAN_POINT('',(0.219847587546533,-0.077239962643971,-0.00596126091904327));
#8523=CARTESIAN_POINT('',(0.219612290032247,-0.0774752601582564,0.0122));
#8524=CARTESIAN_POINT('',(0.221112290032247,0.000695646980314945,-0.0142563503448216));
#8525=CARTESIAN_POINT('',(0.219306575308737,-0.0756807262072839,-0.00669778622553855));
#8526=CARTESIAN_POINT('',(0.219612290032247,-0.0759864409307944,-0.00635223858972647));
#8527=CARTESIAN_POINT('',(0.219612290032247,-0.0759752601582564,-0.00635361141597311));
#8528=CARTESIAN_POINT('',(0.0148479962157229,-0.0601265601582567,0.006915));
#8529=CARTESIAN_POINT('',(-0.000162297927799329,-0.0601265601582567,0.006915));
#8530=CARTESIAN_POINT('',(-0.000162297967752231,-0.0601265601582567,0.007115));
#8531=CARTESIAN_POINT('',(0.0148479962157229,-0.0601265601582567,0.007115));
#8532=CARTESIAN_POINT('',(0.0148479962157229,0.0692848338417431,0.006915));
#8533=CARTESIAN_POINT('',(-0.000252818954428598,0.0692848398417431,0.006915));
#8534=CARTESIAN_POINT('',(-0.000252818954428598,0.0692848398417431,0.007115));
#8535=CARTESIAN_POINT('',(0.0148479962157229,0.0692848338417431,0.007115));
#8536=CARTESIAN_POINT('',(0.0197902447822475,0.0045800191450809,0.007315));
#8537=CARTESIAN_POINT('',(0.0197902447822475,0.0651517298417437,0.007315));
#8538=CARTESIAN_POINT('',(0.0197902447822475,0.0651517298417437,0.007115));
#8539=CARTESIAN_POINT('',(0.0197902447822475,0.0649517298417437,0.007115));
#8540=CARTESIAN_POINT('',(0.0197902447822475,0.0446517298417437,0.007115));
#8541=CARTESIAN_POINT('',(0.0197902447822475,0.0446517298417437,0.007315));
#8542=CARTESIAN_POINT('',(0.0674152447822475,-0.0456357701582563,0.007315));
#8543=CARTESIAN_POINT('',(0.0674152447822475,0.0045800191450809,0.007115));
#8544=CARTESIAN_POINT('',(0.0674152447822475,-0.0553607701582563,0.007115));
#8545=CARTESIAN_POINT('',(0.0674152447822475,-0.0553607701582563,0.007315));
#8546=CARTESIAN_POINT('',(0.105508994782247,0.0045800191450809,0.007315));
#8547=CARTESIAN_POINT('',(0.105508994782247,0.0413392298417437,0.007315));
#8548=CARTESIAN_POINT('',(0.105508994782247,0.0413392298417437,0.007115));
#8549=CARTESIAN_POINT('',(0.105508994782247,0.0411392298417437,0.007115));
#8550=CARTESIAN_POINT('',(0.0148493610322475,0.0697348338417431,0.));
#8551=CARTESIAN_POINT('',(-0.000252818967754786,0.0694848398417431,0.00025));
#8552=CARTESIAN_POINT('',(-0.000252818967754386,0.0697348338417431,0.));
#8553=CARTESIAN_POINT('',(-0.000252818967754386,0.0697348338417431,0.));
#8554=CARTESIAN_POINT('',(0.000601222356588259,-0.0603265601582567,0.00025));
#8555=CARTESIAN_POINT('',(-0.000162298017693359,-0.0605765601582567,0.));
#8556=CARTESIAN_POINT('',(-0.000162298017693359,-0.0605765601582567,0.));
#8557=CARTESIAN_POINT('',(0.00136474268092994,-0.0605765601582567,0.));
#8558=CARTESIAN_POINT('',(0.219112290032247,-0.0562126882303983,-0.0082763952197178));
#8559=CARTESIAN_POINT('',(0.219112290032247,-0.0562736229021009,-0.00877266829553846));
#8560=CARTESIAN_POINT('',(0.219112290032247,-0.0755361948299589,-0.0064075218595158));
#8561=CARTESIAN_POINT('',(0.219112290032247,-0.0754752601582564,-0.00591124878369514));
#8562=CARTESIAN_POINT('',(0.218612290032247,-0.0749789870824357,-0.00597218345539772));
#8563=CARTESIAN_POINT('',(0.218612290032247,0.000573777636909853,-0.015248896496463));
#8564=CARTESIAN_POINT('',(0.218612290032247,0.00177946634174371,-0.00542935));
#8565=CARTESIAN_POINT('',(0.218612290032247,-0.0749752601582563,-0.00542935));
#8566=CARTESIAN_POINT('',(0.218612290032247,-0.0749752601582563,-0.00591124878369514));
#8567=CARTESIAN_POINT('',(0.218612290032247,-0.0749752601582563,-0.00015));
#8568=CARTESIAN_POINT('',(0.218612290032247,0.00177946634174371,-0.00015));
#8569=CARTESIAN_POINT('',(0.218612290032247,-0.0754752601582564,-0.00591124878369514));
#8570=CARTESIAN_POINT('',(0.218462290032247,0.00177946634174371,-0.00015));
#8571=CARTESIAN_POINT('',(0.218462290032247,-0.0748252601582564,-0.00015));
#8572=CARTESIAN_POINT('',(0.218462290032247,-0.0748252601582564,0.));
#8573=CARTESIAN_POINT('',(0.218462290032247,0.00457914484174363,0.));
#8574=CARTESIAN_POINT('',(0.116783560172964,0.0797841928417437,-0.025));
#8575=CARTESIAN_POINT('',(0.139515322691228,0.0473198715115501,-0.0421524281486105));
#8576=CARTESIAN_POINT('',(0.117658819595726,0.0785341928417437,-0.00495264856296219));
#8577=CARTESIAN_POINT('',(0.115908300750202,0.0810341928417437,-0.00197326458147668));
#8578=CARTESIAN_POINT('',(0.115908300750202,0.0810341928417437,-0.025));
#8579=CARTESIAN_POINT('',(0.118583049628278,0.0772142555629832,0.));
#8580=CARTESIAN_POINT('',(0.117763850726458,0.0783841928417437,0.));
#8581=CARTESIAN_POINT('',(0.117763850726458,0.0783841928417437,-0.00015));
#8582=CARTESIAN_POINT('',(0.117658819595726,0.0785341928417437,-0.00015));
#8583=CARTESIAN_POINT('',(0.117658819595726,0.0785341928417437,-0.025));
#8584=CARTESIAN_POINT('',(0.0148493610322475,0.0783841928417437,-0.00015));
#8585=CARTESIAN_POINT('',(0.117658819595726,0.0783841928417437,0.));
#8586=CARTESIAN_POINT('',(-0.0179417069677517,0.0783841928417437,0.));
#8587=CARTESIAN_POINT('',(-0.0179417069677517,0.0783841928417437,-0.00015));
#8588=CARTESIAN_POINT('',(-0.0179417069677517,0.0785341928417437,-0.00015));
#8589=CARTESIAN_POINT('',(-0.188916296967752,0.0785341928417437,-0.00015));
#8590=CARTESIAN_POINT('',(0.0148479965322478,0.0785341928417437,-0.00542935));
#8591=CARTESIAN_POINT('',(-0.0179417069677517,0.0785341928417437,-0.00542935));
#8592=CARTESIAN_POINT('',(-0.0179417069677517,0.0785341928417437,-0.00495264856296219));
#8593=CARTESIAN_POINT('',(0.0148479965322478,0.0785341928417437,-0.0049526485629622));
#8594=CARTESIAN_POINT('',(-0.0752507109677517,-0.0603265451582566,0.00025));
#8595=CARTESIAN_POINT('',(-0.0179417069677517,-0.0603265508824092,0.000250005724152601));
#8596=CARTESIAN_POINT('',(-0.0179417069677517,-0.0603265566065618,0.00025));
#8597=CARTESIAN_POINT('',(-0.0179417069677517,-0.0605765566065618,0.));
#8598=CARTESIAN_POINT('',(-0.150339123967753,-0.0603265301582564,0.00025));
#8599=CARTESIAN_POINT('',(-0.000162298017693359,-0.0605765601582567,0.));
#8600=CARTESIAN_POINT('',(0.0666902447822475,-0.0551607701582563,0.0117));
#8601=CARTESIAN_POINT('',(-0.0179417069677517,-0.0551607701582563,0.0117));
#8602=CARTESIAN_POINT('',(-0.0179417069677517,-0.0556607701582563,0.0122));
#8603=CARTESIAN_POINT('',(-0.0179417069677517,-0.0551607701582563,0.0117));
#8604=CARTESIAN_POINT('',(0.0148493610322475,-0.0556607701582563,0.0122));
#8605=CARTESIAN_POINT('',(0.0666902447822475,-0.0551607701582563,0.0117));
#8606=CARTESIAN_POINT('',(-0.180959755217752,0.0411392298417437,0.0117));
#8607=CARTESIAN_POINT('',(-0.0179417069677517,0.0411392298417437,0.0117));
#8608=CARTESIAN_POINT('',(-0.0179417069677517,0.0411392298417437,0.0117));
#8609=CARTESIAN_POINT('',(-0.0179417069677517,0.0416392298417437,0.0122));
#8610=CARTESIAN_POINT('',(-0.180959755217752,0.0411392298417437,0.0117));
#8611=CARTESIAN_POINT('',(0.0148493610322475,0.0416392298417437,0.0122));
#8612=CARTESIAN_POINT('',(0.0148493610322475,0.0443517298417437,0.0122));
#8613=CARTESIAN_POINT('',(-0.0179417069677517,0.0443517298417437,0.0122));
#8614=CARTESIAN_POINT('',(-0.0179417069677517,0.0443517298417437,0.0122));
#8615=CARTESIAN_POINT('',(-0.0179417069677517,0.0448517298417437,0.0117));
#8616=CARTESIAN_POINT('',(-0.0576597552177525,0.0443517298417437,0.0122));
#8617=CARTESIAN_POINT('',(0.0195902447822475,0.0448517298417437,0.0117));
#8618=CARTESIAN_POINT('',(-0.0190347552177525,0.0649517298417437,0.0117));
#8619=CARTESIAN_POINT('',(-0.0179417069677517,0.0649517298417437,0.0117));
#8620=CARTESIAN_POINT('',(-0.0179417069677517,0.0649517298417437,0.0117));
#8621=CARTESIAN_POINT('',(-0.0179417069677517,0.0654517298417437,0.0122));
#8622=CARTESIAN_POINT('',(-0.0190347552177525,0.0649517298417437,0.0117));
#8623=CARTESIAN_POINT('',(0.0148493610322475,0.0654517298417437,0.0122));
#8624=CARTESIAN_POINT('',(0.0148479965322477,0.0810341928417437,0.0107));
#8625=CARTESIAN_POINT('',(-0.0179417069677517,0.0810341928417437,0.0107));
#8626=CARTESIAN_POINT('',(-0.0179417069677517,0.0795341928417437,0.0122));
#8627=CARTESIAN_POINT('',(-0.0179417069677517,0.0810341928417437,0.0107));
#8628=CARTESIAN_POINT('',(-0.191416296967752,0.0795341928417437,0.0122));
#8629=CARTESIAN_POINT('',(0.221112290032247,0.0810341928417437,0.0107));
#8630=CARTESIAN_POINT('',(0.0148493610322475,-0.0759752601582564,0.0122));
#8631=CARTESIAN_POINT('',(-0.0179417069677517,-0.0759752601582564,0.0122));
#8632=CARTESIAN_POINT('',(-0.0179417069677517,-0.0774752601582564,0.0107));
#8633=CARTESIAN_POINT('',(-0.0179417069677517,-0.0759752601582564,0.0122));
#8634=CARTESIAN_POINT('',(0.0148479965322478,-0.0774752601582564,0.0107));
#8635=CARTESIAN_POINT('',(0.0148493610322475,-0.0759752601582564,0.0122));
#8636=CARTESIAN_POINT('',(0.0148493610322475,0.030348297657631,0.0122));
#8637=CARTESIAN_POINT('',(-0.0179417069677517,0.030348297657631,0.0122));
#8638=CARTESIAN_POINT('',(-0.0179417069677517,0.030348297657631,0.0122));
#8639=CARTESIAN_POINT('',(-0.0179417069677517,0.030348297657631,0.0122));
#8640=CARTESIAN_POINT('',(0.218610290032248,-0.0759864409307944,-0.00635223858972647));
#8641=CARTESIAN_POINT('',(-0.0179417069677517,-0.0759864409307944,-0.00635223858972647));
#8642=CARTESIAN_POINT('',(-0.0179417069677517,-0.0759864409307944,-0.00635223858972647));
#8643=CARTESIAN_POINT('',(-0.0179417069677517,-0.0774752601582564,-0.00466943457461875));
#8644=CARTESIAN_POINT('',(0.218610290032248,-0.0759864409307944,-0.00635223858972647));
#8645=CARTESIAN_POINT('',(0.0148479965322478,-0.0774752601582564,-0.00466943457461875));
#8646=CARTESIAN_POINT('',(0.0148479965322478,-0.0754752601582564,-0.00591124878369514));
#8647=CARTESIAN_POINT('',(-0.0179417069677517,-0.0754752601582564,-0.00591124878369514));
#8648=CARTESIAN_POINT('',(-0.0179417069677517,-0.0749752601582564,-0.00591124878369514));
#8649=CARTESIAN_POINT('',(-0.0179417069677517,-0.075536194829959,-0.0064075218595158));
#8650=CARTESIAN_POINT('',(0.0148479965322478,-0.0749752601582564,-0.00591124878369514));
#8651=CARTESIAN_POINT('',(0.218610290032248,-0.0755361948299589,-0.0064075218595158));
#8652=CARTESIAN_POINT('',(0.218610290032248,-0.0562736229021009,-0.00877266829553846));
#8653=CARTESIAN_POINT('',(-0.0179417069677517,-0.0562736229021009,-0.00877266829553846));
#8654=CARTESIAN_POINT('',(0.0148479965322478,-0.0748252601582564,-0.00015));
#8655=CARTESIAN_POINT('',(0.0148479965322478,-0.0749752601582564,-0.00015));
#8656=CARTESIAN_POINT('',(-0.0179417069677517,-0.0749752601582564,-0.00015));
#8657=CARTESIAN_POINT('',(-0.0179417069677517,-0.0748252601582564,-0.00015));
#8658=CARTESIAN_POINT('',(-0.0179417069677517,-0.0748252601582564,0.));
#8659=CARTESIAN_POINT('',(0.0148493610322475,-0.0748252601582564,0.));
#8660=CARTESIAN_POINT('',(0.0148479965322478,-0.0749752601582564,-0.00542935));
#8661=CARTESIAN_POINT('',(-0.0179417069677517,-0.0749752601582564,-0.00542935));
#8662=CARTESIAN_POINT('',(0.0148479965322478,-0.0774752601582564,-0.00542935));
#8663=CARTESIAN_POINT('',(-0.0179417069677517,-0.0774752601582564,-0.00542935));
#8664=CARTESIAN_POINT('',(0.0148479919045095,0.0692848408478941,0.006915));
#8665=CARTESIAN_POINT('',(0.0148479919045095,0.0692848408478941,0.007115));
#8666=CARTESIAN_POINT('',(-0.0179417069677517,0.0692848398417431,0.00711499999999653));
#8667=CARTESIAN_POINT('',(-0.0179417069677517,0.0692848386631513,0.006915));
#8668=CARTESIAN_POINT('',(-0.0179417069677517,0.0694848386631513,0.006915));
#8669=CARTESIAN_POINT('',(-0.0752952859677538,0.0694848348417434,0.006915));
#8670=CARTESIAN_POINT('',(0.0148479962157229,0.0651517298417437,0.007315));
#8671=CARTESIAN_POINT('',(-0.0179417069677517,0.0651517298417437,0.007315));
#8672=CARTESIAN_POINT('',(-0.0179417069677517,0.0651517298417437,0.007115));
#8673=CARTESIAN_POINT('',(-0.0179417069677517,0.0649517298417437,0.007315));
#8674=CARTESIAN_POINT('',(-0.0576597552177525,0.0651517298417437,0.007115));
#8675=CARTESIAN_POINT('',(0.0195902447822475,0.0649517298417437,0.007315));
#8676=CARTESIAN_POINT('',(-0.0189951224415112,0.0446517298417437,0.007315));
#8677=CARTESIAN_POINT('',(-0.0179417069677517,0.0446517298417437,0.007315));
#8678=CARTESIAN_POINT('',(-0.0179417069677517,0.0448517298417437,0.007315));
#8679=CARTESIAN_POINT('',(-0.0179417069677517,0.0446517298417437,0.007115));
#8680=CARTESIAN_POINT('',(-0.0189951224415112,0.0448517298417437,0.007315));
#8681=CARTESIAN_POINT('',(0.0148479962157229,0.0446517298417437,0.007115));
#8682=CARTESIAN_POINT('',(0.0148479962157229,0.0413392298417437,0.007315));
#8683=CARTESIAN_POINT('',(-0.0179417069677517,0.0413392298417437,0.007315));
#8684=CARTESIAN_POINT('',(-0.0179417069677517,0.0413392298417437,0.007115));
#8685=CARTESIAN_POINT('',(-0.0179417069677517,0.0411392298417437,0.007315));
#8686=CARTESIAN_POINT('',(-0.181484755217752,0.0413392298417437,0.007115));
#8687=CARTESIAN_POINT('',(0.105308994782247,0.0411392298417437,0.007315));
#8688=CARTESIAN_POINT('',(0.0148479962157229,-0.0553607701582563,0.007315));
#8689=CARTESIAN_POINT('',(-0.0179417069677517,-0.0553607701582563,0.007315));
#8690=CARTESIAN_POINT('',(-0.0179417069677517,-0.0551607701582563,0.007315));
#8691=CARTESIAN_POINT('',(-0.0179417069677517,-0.0553607701582563,0.007115));
#8692=CARTESIAN_POINT('',(-0.181484755217752,-0.0551607701582563,0.007315));
#8693=CARTESIAN_POINT('',(0.0672152447822475,-0.0553607701582563,0.007115));
#8694=CARTESIAN_POINT('',(0.0148479832896441,-0.0601265631567782,0.006915));
#8695=CARTESIAN_POINT('',(-0.0752507109677517,-0.0603265451582566,0.006915));
#8696=CARTESIAN_POINT('',(-0.0179417069677517,-0.0603265566065618,0.006915));
#8697=CARTESIAN_POINT('',(-0.0179417069677517,-0.0601265566065618,0.006915));
#8698=CARTESIAN_POINT('',(-0.0179417069677517,-0.0601265566065618,0.007115));
#8699=CARTESIAN_POINT('',(0.0148479832896441,-0.0601265631567782,0.007115));
#8700=CARTESIAN_POINT('',(0.0148479962157229,0.0045800191450809,0.007115));
#8701=CARTESIAN_POINT('',(-0.0179417069677517,0.0045800191450809,0.007115));
#8702=CARTESIAN_POINT('',(-0.0179417069677517,0.0045800191450809,0.007115));
#8703=CARTESIAN_POINT('',(-0.0179417069677517,0.0045800191450809,0.007115));
#8704=CARTESIAN_POINT('',(-0.0189951224415112,0.0448517298417437,0.00835));
#8705=CARTESIAN_POINT('',(-0.0179417069677517,0.0448517298417437,0.00835));
#8706=CARTESIAN_POINT('',(-0.0190347552177525,0.0649517298417437,0.00835));
#8707=CARTESIAN_POINT('',(-0.0179417069677517,0.0649517298417437,0.00835));
#8708=CARTESIAN_POINT('',(-0.180959755217752,0.0411392298417437,0.00835));
#8709=CARTESIAN_POINT('',(-0.0179417069677517,0.0411392298417437,0.00835));
#8710=CARTESIAN_POINT('',(0.0666902447822475,-0.0551607701582563,0.00835));
#8711=CARTESIAN_POINT('',(-0.0179417069677517,-0.0551607701582563,0.00835));
#8712=CARTESIAN_POINT('',(-0.0752952859677538,0.0694848348417434,0.00025));
#8713=CARTESIAN_POINT('',(-0.0179417069677517,0.0694848367524474,0.000250001910703979));
#8714=CARTESIAN_POINT('',(-0.0179417069677517,0.0697348318417434,0.));
#8715=CARTESIAN_POINT('',(-0.0179417069677517,0.0694848386631514,0.00025));
#8716=CARTESIAN_POINT('',(-0.15033775298441,0.0697348298417437,0.));
#8717=CARTESIAN_POINT('',(-0.000252818967754386,0.0694848398417431,0.00025));
#8718=CARTESIAN_POINT('',(-0.0752952859677538,0.0694848348417434,-0.022));
#8719=CARTESIAN_POINT('',(-0.0179417069677517,0.0694848386631513,-0.022));
#8720=CARTESIAN_POINT('',(-0.0752507109677517,-0.0603265451582566,-0.022));
#8721=CARTESIAN_POINT('',(-0.0179417069677517,-0.0603265566065618,-0.022));
#8722=CARTESIAN_POINT('',(0.0148493610322475,0.00457914484174363,0.));
#8723=CARTESIAN_POINT('',(-0.0179417069677517,0.00457914484174363,0.));
#8724=CARTESIAN_POINT('',(-0.0179417069677517,0.00457914484174363,0.));
#8725=CARTESIAN_POINT('',(0.0148479965322477,0.0810341928417437,-0.00542935));
#8726=CARTESIAN_POINT('',(0.25103737649758,0.0810341928417437,-0.00197326458147668));
#8727=CARTESIAN_POINT('',(-0.0179417069677517,0.0810341928417437,-0.00197326458147667));
#8728=CARTESIAN_POINT('',(-0.0179417069677517,0.0810341928417437,-0.00542935));
#8729=CARTESIAN_POINT('',(0.25103737649758,0.0795841928417437,-0.00370130729073835));
#8730=CARTESIAN_POINT('',(-0.0179417069677517,0.0795841928417437,-0.00370130729073835));
#8731=CARTESIAN_POINT('',(-0.0179417069677517,0.00177946634174364,-0.00015));
#8732=CARTESIAN_POINT('',(-0.0179417069677517,0.00177946634174364,-0.00015));
#8733=CARTESIAN_POINT('',(-0.0179417069677517,0.00177946634174364,-0.00015));
#8734=MECHANICAL_DESIGN_GEOMETRIC_PRESENTATION_REPRESENTATION('',(#5096),
#8735);
#8735=(
GEOMETRIC_REPRESENTATION_CONTEXT(3)
GLOBAL_UNCERTAINTY_ASSIGNED_CONTEXT((#8736))
GLOBAL_UNIT_ASSIGNED_CONTEXT((#8739,#8738,#8737))
REPRESENTATION_CONTEXT('Part 1','TOP_LEVEL_ASSEMBLY_PART')
);
#8736=UNCERTAINTY_MEASURE_WITH_UNIT(LENGTH_MEASURE(2.1E-5),#8739,
'DISTANCE_ACCURACY_VALUE','Maximum Tolerance applied to model');
#8737=(
NAMED_UNIT(*)
SI_UNIT($,.STERADIAN.)
SOLID_ANGLE_UNIT()
);
#8738=(
NAMED_UNIT(*)
PLANE_ANGLE_UNIT()
SI_UNIT($,.RADIAN.)
);
#8739=(
LENGTH_UNIT()
NAMED_UNIT(*)
SI_UNIT($,.METRE.)
);
#8740=PRODUCT_DEFINITION_SHAPE('','',#8741);
#8741=PRODUCT_DEFINITION('','',#8743,#8742);
#8742=PRODUCT_DEFINITION_CONTEXT('',#8749,'design');
#8743=PRODUCT_DEFINITION_FORMATION_WITH_SPECIFIED_SOURCE('','',#8745,
 .NOT_KNOWN.);
#8744=PRODUCT_RELATED_PRODUCT_CATEGORY('','',(#8745));
#8745=PRODUCT('Part 1','Part 1','Part 1',(#8747));
#8746=PRODUCT_CATEGORY('','');
#8747=PRODUCT_CONTEXT('',#8749,'mechanical');
#8748=APPLICATION_PROTOCOL_DEFINITION('international standard',
'ap242_managed_model_based_3d_engineering',2020,#8749);
#8749=APPLICATION_CONTEXT('managed model based 3d engineering');
ENDSEC;
END-ISO-10303-21;
