ISO-10303-21;
HEADER;
/* Generated by software containing ST-Developer
 * from STEP Tools, Inc. (www.steptools.com) 
 */
/* OPTION: using custom renumber hook */

FILE_DESCRIPTION(
/* description */ ('STEP AP242 Edition 2',
'CAx-IF Rec.Pracs.---Representation and Presentation of Product Manufa
cturing Information (PMI)---4.0---2014-10-13',
'CAx-IF Rec.Pracs.---3D Tessellated Geometry---0.4---2014-09-14','2;1',
'CAx-IF Rec.Pracs.---User Defined Attributes---1.5---2016-08-15'),
/* implementation_level */ '2;1');

FILE_NAME(
/* name */ 'TOP CASE - Part 2',
/* time_stamp */ '2026-08-18T01:21:15Z',
/* author */ (''),
/* organization */ (''),
/* preprocessor_version */ 'ST-DEVELOPER v20',
/* originating_system */ 'ONSHAPE BY PTC INC, 1.219',
/* authorisation */ '  ');

FILE_SCHEMA (('AP242_MANAGED_MODEL_BASED_3D_ENGINEERING_MIM_LF { 1 0 10303 442 3 1 4 }'));
ENDSEC;

DATA;
#10=SHAPE_REPRESENTATION_RELATIONSHIP('','',#2606,#11);
#11=ADVANCED_BREP_SHAPE_REPRESENTATION('',(#2604),#4415);
#12=CONICAL_SURFACE('',#2829,0.00175,0.785398163397441);
#13=CONICAL_SURFACE('',#2831,0.00175000000000003,0.785398163397442);
#14=CONICAL_SURFACE('',#2833,0.000424999999999995,0.785398163397447);
#15=CONICAL_SURFACE('',#2834,0.00239851349327966,0.785398163397456);
#16=CONICAL_SURFACE('',#2835,0.00215,0.785398163397448);
#17=CONICAL_SURFACE('',#2837,0.00215,0.785398163397448);
#18=CONICAL_SURFACE('',#2838,0.00239851349328076,0.785398163397456);
#19=CONICAL_SURFACE('',#2839,0.000424999999999995,0.785398163397476);
#20=CONICAL_SURFACE('',#2841,0.00215,0.785398163397448);
#21=CONICAL_SURFACE('',#2843,0.00215,0.785398163397448);
#22=CONICAL_SURFACE('',#2844,0.00239851349355866,0.785398163397449);
#23=CONICAL_SURFACE('',#2845,0.000424999999999995,0.785398163397447);
#24=CONICAL_SURFACE('',#2850,0.0016,0.785398163397439);
#25=CONICAL_SURFACE('',#2851,0.0016,0.785398163397486);
#26=CONICAL_SURFACE('',#2852,0.0016,0.785398163397486);
#27=CONICAL_SURFACE('',#2853,0.0016,0.785398163397439);
#28=CONICAL_SURFACE('',#2854,0.0016,0.785398163397486);
#29=CONICAL_SURFACE('',#2855,0.0016,0.785398163397486);
#30=(
BOUNDED_SURFACE()
B_SPLINE_SURFACE(3,2,((#4288,#4289,#4290),(#4291,#4292,#4293),(#4294,#4295,
#4296),(#4297,#4298,#4299)),.UNSPECIFIED.,.F.,.F.,.F.)
B_SPLINE_SURFACE_WITH_KNOTS((4,4),(3,3),(-1.81313098112897E-9,5.84989602218284E-5),
(0.,1.),.PIECEWISE_BEZIER_KNOTS.)
GEOMETRIC_REPRESENTATION_ITEM()
RATIONAL_B_SPLINE_SURFACE(((1.,0.707106781186548,1.),(1.,0.707106781186548,
1.),(1.,0.707106781186534,1.),(1.,0.707106781186534,1.)))
REPRESENTATION_ITEM('')
SURFACE()
);
#31=TOROIDAL_SURFACE('',#2798,0.00130000000000002,0.0002);
#32=TOROIDAL_SURFACE('',#2802,0.00130000000000003,0.0002);
#33=TOROIDAL_SURFACE('',#2806,0.000625,0.0002);
#34=CYLINDRICAL_SURFACE('',#2653,0.0002);
#35=CYLINDRICAL_SURFACE('',#2656,0.0002);
#36=CYLINDRICAL_SURFACE('',#2659,0.0002);
#37=CYLINDRICAL_SURFACE('',#2662,0.0002);
#38=CYLINDRICAL_SURFACE('',#2665,0.0002);
#39=CYLINDRICAL_SURFACE('',#2668,0.0002);
#40=CYLINDRICAL_SURFACE('',#2673,0.0005);
#41=CYLINDRICAL_SURFACE('',#2677,0.00015);
#42=CYLINDRICAL_SURFACE('',#2680,0.00015);
#43=CYLINDRICAL_SURFACE('',#2691,0.000424999999999995);
#44=CYLINDRICAL_SURFACE('',#2694,0.00214851349355867);
#45=CYLINDRICAL_SURFACE('',#2697,0.0019);
#46=CYLINDRICAL_SURFACE('',#2701,0.0019);
#47=CYLINDRICAL_SURFACE('',#2704,0.00214851349357411);
#48=CYLINDRICAL_SURFACE('',#2706,0.000425000000000021);
#49=CYLINDRICAL_SURFACE('',#2712,0.0015);
#50=CYLINDRICAL_SURFACE('',#2716,0.00150000000000003);
#51=CYLINDRICAL_SURFACE('',#2720,0.000424999999999995);
#52=CYLINDRICAL_SURFACE('',#2723,0.00214851349327966);
#53=CYLINDRICAL_SURFACE('',#2725,0.0019);
#54=CYLINDRICAL_SURFACE('',#2728,0.0019);
#55=CYLINDRICAL_SURFACE('',#2730,0.00214851349328076);
#56=CYLINDRICAL_SURFACE('',#2732,0.000424999999999995);
#57=CYLINDRICAL_SURFACE('',#2766,0.0016);
#58=CYLINDRICAL_SURFACE('',#2770,0.0016);
#59=CYLINDRICAL_SURFACE('',#2774,0.0016);
#60=CYLINDRICAL_SURFACE('',#2778,0.0016);
#61=CYLINDRICAL_SURFACE('',#2782,0.0016);
#62=CYLINDRICAL_SURFACE('',#2786,0.0016);
#63=CYLINDRICAL_SURFACE('',#2792,0.0002);
#64=CYLINDRICAL_SURFACE('',#2795,0.0002);
#65=CYLINDRICAL_SURFACE('',#2797,0.0002);
#66=CYLINDRICAL_SURFACE('',#2800,0.0002);
#67=CYLINDRICAL_SURFACE('',#2801,0.0002);
#68=CYLINDRICAL_SURFACE('',#2804,0.0002);
#69=CYLINDRICAL_SURFACE('',#2805,0.0002);
#70=CYLINDRICAL_SURFACE('',#2807,0.0002);
#71=CYLINDRICAL_SURFACE('',#2808,0.0002);
#72=CYLINDRICAL_SURFACE('',#2809,0.0002);
#73=CYLINDRICAL_SURFACE('',#2810,0.0002);
#74=CYLINDRICAL_SURFACE('',#2813,0.0002);
#75=CYLINDRICAL_SURFACE('',#2815,0.0002);
#76=CYLINDRICAL_SURFACE('',#2817,0.0002);
#77=CYLINDRICAL_SURFACE('',#2818,0.0002);
#78=CYLINDRICAL_SURFACE('',#2821,0.0002);
#79=CYLINDRICAL_SURFACE('',#2823,0.0002);
#80=CYLINDRICAL_SURFACE('',#2825,0.0002);
#81=CYLINDRICAL_SURFACE('',#2826,0.0002);
#82=CYLINDRICAL_SURFACE('',#2847,0.0005);
#83=CYLINDRICAL_SURFACE('',#2849,0.0005);
#84=CYLINDRICAL_SURFACE('',#2856,0.00015);
#85=ELLIPSE('',#2642,0.000500776682876296,0.0005);
#86=ELLIPSE('',#2661,0.000282842712474619,0.0002);
#87=ELLIPSE('',#2664,0.000282842712474619,0.0002);
#88=ELLIPSE('',#2667,0.000282842712474619,0.0002);
#89=ELLIPSE('',#2670,0.000282842712474619,0.0002);
#90=ELLIPSE('',#2675,0.000707106781186548,0.0005);
#91=ELLIPSE('',#2679,0.000212132034355965,0.00015);
#92=ELLIPSE('',#2682,0.000212132034355964,0.00015);
#93=ELLIPSE('',#2707,0.000601040764008615,0.000425000000000021);
#94=ELLIPSE('',#2811,0.000282842712474619,0.0002);
#95=ELLIPSE('',#2812,0.000282842712474619,0.0002);
#96=ELLIPSE('',#2814,0.000282842712474619,0.0002);
#97=ELLIPSE('',#2816,0.000282842712474619,0.0002);
#98=ELLIPSE('',#2819,0.000282842712474619,0.0002);
#99=ELLIPSE('',#2820,0.000282842712474619,0.0002);
#100=ELLIPSE('',#2822,0.000282842712474619,0.0002);
#101=ELLIPSE('',#2824,0.000282842712474619,0.0002);
#102=ELLIPSE('',#2848,0.000501984009627371,0.0005);
#103=B_SPLINE_CURVE_WITH_KNOTS('',3,(#3783,#3784,#3785,#3786),
 .UNSPECIFIED.,.F.,.F.,(4,4),(0.,4.83028636834993E-5),.UNSPECIFIED.);
#104=B_SPLINE_CURVE_WITH_KNOTS('',3,(#4019,#4020,#4021,#4022),
 .UNSPECIFIED.,.F.,.F.,(4,4),(0.,2.70413709882142E-5),.UNSPECIFIED.);
#105=B_SPLINE_CURVE_WITH_KNOTS('',3,(#4028,#4029,#4030,#4031),
 .UNSPECIFIED.,.F.,.F.,(4,4),(2.16840434497101E-19,0.000519390708065488),
 .UNSPECIFIED.);
#106=B_SPLINE_CURVE_WITH_KNOTS('',3,(#4038,#4039,#4040,#4041),
 .UNSPECIFIED.,.F.,.F.,(4,4),(0.,1.),.UNSPECIFIED.);
#107=B_SPLINE_CURVE_WITH_KNOTS('',3,(#4047,#4048,#4049,#4050),
 .UNSPECIFIED.,.F.,.F.,(4,4),(1.32704423784138E-7,1.),.UNSPECIFIED.);
#108=B_SPLINE_CURVE_WITH_KNOTS('',3,(#4282,#4283,#4284,#4285),
 .UNSPECIFIED.,.F.,.F.,(4,4),(0.,1.),.UNSPECIFIED.);
#109=B_SPLINE_CURVE_WITH_KNOTS('',3,(#4300,#4301,#4302,#4303),
 .UNSPECIFIED.,.F.,.F.,(4,4),(4.33680868994202E-18,0.000312613427805334),
 .UNSPECIFIED.);
#110=B_SPLINE_CURVE_WITH_KNOTS('',3,(#4305,#4306,#4307,#4308),
 .UNSPECIFIED.,.F.,.F.,(4,4),(0.,0.000312705010101819),.UNSPECIFIED.);
#111=B_SPLINE_CURVE_WITH_KNOTS('',3,(#4310,#4311,#4312,#4313),
 .UNSPECIFIED.,.F.,.F.,(4,4),(0.,1.),.UNSPECIFIED.);
#112=B_SPLINE_CURVE_WITH_KNOTS('',3,(#4318,#4319,#4320,#4321),
 .UNSPECIFIED.,.F.,.F.,(4,4),(0.,1.),.UNSPECIFIED.);
#113=B_SPLINE_CURVE_WITH_KNOTS('',3,(#4323,#4324,#4325,#4326),
 .UNSPECIFIED.,.F.,.F.,(4,4),(0.,0.000312686954991704),.UNSPECIFIED.);
#114=B_SPLINE_CURVE_WITH_KNOTS('',3,(#4328,#4329,#4330,#4331),
 .UNSPECIFIED.,.F.,.F.,(4,4),(0.,1.),.UNSPECIFIED.);
#115=B_SPLINE_CURVE_WITH_KNOTS('',3,(#4358,#4359,#4360,#4361),
 .UNSPECIFIED.,.F.,.F.,(4,4),(0.,0.000353784335522731),.UNSPECIFIED.);
#116=B_SPLINE_CURVE_WITH_KNOTS('',3,(#4365,#4366,#4367,#4368),
 .UNSPECIFIED.,.F.,.F.,(4,4),(0.,1.),.UNSPECIFIED.);
#117=B_SPLINE_CURVE_WITH_KNOTS('',3,(#4374,#4375,#4376,#4377),
 .UNSPECIFIED.,.F.,.F.,(4,4),(0.,1.),.UNSPECIFIED.);
#118=B_SPLINE_CURVE_WITH_KNOTS('',3,(#4379,#4380,#4381,#4382),
 .UNSPECIFIED.,.F.,.F.,(4,4),(0.,1.),.UNSPECIFIED.);
#119=CIRCLE('',#2611,0.00175);
#120=CIRCLE('',#2612,0.00175);
#121=CIRCLE('',#2613,0.00175);
#122=CIRCLE('',#2614,0.00175);
#123=CIRCLE('',#2615,0.00175);
#124=CIRCLE('',#2616,0.00175);
#125=CIRCLE('',#2617,0.00017499999999998);
#126=CIRCLE('',#2618,0.00239851349328075);
#127=CIRCLE('',#2619,0.00215);
#128=CIRCLE('',#2620,0.00215);
#129=CIRCLE('',#2621,0.00239851349327966);
#130=CIRCLE('',#2622,0.000174999999999994);
#131=CIRCLE('',#2623,0.00175000000000005);
#132=CIRCLE('',#2624,0.00175);
#133=CIRCLE('',#2625,0.000425000000000022);
#134=CIRCLE('',#2626,0.00215);
#135=CIRCLE('',#2627,0.00215);
#136=CIRCLE('',#2628,0.00239851349355866);
#137=CIRCLE('',#2629,0.000174999999999994);
#138=CIRCLE('',#2637,0.00130000000000002);
#139=CIRCLE('',#2638,0.00130000000000003);
#140=CIRCLE('',#2639,0.000625);
#141=CIRCLE('',#2654,0.0002);
#142=CIRCLE('',#2655,0.0002);
#143=CIRCLE('',#2657,0.0002);
#144=CIRCLE('',#2658,0.0002);
#145=CIRCLE('',#2660,0.0002);
#146=CIRCLE('',#2663,0.0002);
#147=CIRCLE('',#2666,0.0002);
#148=CIRCLE('',#2669,0.0002);
#149=CIRCLE('',#2674,0.0005);
#150=CIRCLE('',#2676,0.0005);
#151=CIRCLE('',#2678,0.00015);
#152=CIRCLE('',#2681,0.00015);
#153=CIRCLE('',#2684,0.000424999999999995);
#154=CIRCLE('',#2685,0.00214851349327966);
#155=CIRCLE('',#2686,0.0019);
#156=CIRCLE('',#2687,0.0019);
#157=CIRCLE('',#2688,0.00214851349328076);
#158=CIRCLE('',#2689,0.000424999999999995);
#159=CIRCLE('',#2692,0.000424999999999995);
#160=CIRCLE('',#2693,0.000424999999999995);
#161=CIRCLE('',#2695,0.00214851349355867);
#162=CIRCLE('',#2696,0.00214851349355867);
#163=CIRCLE('',#2698,0.0019);
#164=CIRCLE('',#2699,0.0019);
#165=CIRCLE('',#2702,0.0019);
#166=CIRCLE('',#2703,0.0019);
#167=CIRCLE('',#2705,0.00214851349357411);
#168=CIRCLE('',#2708,0.000425000000000022);
#169=CIRCLE('',#2713,0.0015);
#170=CIRCLE('',#2714,0.0015);
#171=CIRCLE('',#2717,0.00150000000000003);
#172=CIRCLE('',#2718,0.00150000000000003);
#173=CIRCLE('',#2721,0.000424999999999995);
#174=CIRCLE('',#2722,0.000424999999999995);
#175=CIRCLE('',#2724,0.00214851349327966);
#176=CIRCLE('',#2726,0.0019);
#177=CIRCLE('',#2729,0.0019);
#178=CIRCLE('',#2731,0.00214851349328076);
#179=CIRCLE('',#2733,0.000424999999999995);
#180=CIRCLE('',#2767,0.0016);
#181=CIRCLE('',#2768,0.0016);
#182=CIRCLE('',#2771,0.0016);
#183=CIRCLE('',#2772,0.0016);
#184=CIRCLE('',#2775,0.0016);
#185=CIRCLE('',#2776,0.0016);
#186=CIRCLE('',#2779,0.0016);
#187=CIRCLE('',#2780,0.0016);
#188=CIRCLE('',#2783,0.0016);
#189=CIRCLE('',#2784,0.0016);
#190=CIRCLE('',#2787,0.0016);
#191=CIRCLE('',#2788,0.0016);
#192=CIRCLE('',#2793,0.0002);
#193=CIRCLE('',#2794,0.0002);
#194=CIRCLE('',#2796,0.0002);
#195=CIRCLE('',#2799,0.0002);
#196=CIRCLE('',#2803,0.0002);
#197=ORIENTED_EDGE('',*,*,#917,.F.);
#198=ORIENTED_EDGE('',*,*,#918,.F.);
#199=ORIENTED_EDGE('',*,*,#919,.F.);
#200=ORIENTED_EDGE('',*,*,#920,.T.);
#201=ORIENTED_EDGE('',*,*,#921,.T.);
#202=ORIENTED_EDGE('',*,*,#922,.F.);
#203=ORIENTED_EDGE('',*,*,#923,.F.);
#204=ORIENTED_EDGE('',*,*,#922,.T.);
#205=ORIENTED_EDGE('',*,*,#924,.T.);
#206=ORIENTED_EDGE('',*,*,#925,.T.);
#207=ORIENTED_EDGE('',*,*,#926,.T.);
#208=ORIENTED_EDGE('',*,*,#927,.T.);
#209=ORIENTED_EDGE('',*,*,#928,.T.);
#210=ORIENTED_EDGE('',*,*,#929,.T.);
#211=ORIENTED_EDGE('',*,*,#930,.T.);
#212=ORIENTED_EDGE('',*,*,#931,.T.);
#213=ORIENTED_EDGE('',*,*,#932,.F.);
#214=ORIENTED_EDGE('',*,*,#933,.T.);
#215=ORIENTED_EDGE('',*,*,#934,.T.);
#216=ORIENTED_EDGE('',*,*,#935,.T.);
#217=ORIENTED_EDGE('',*,*,#936,.F.);
#218=ORIENTED_EDGE('',*,*,#937,.T.);
#219=ORIENTED_EDGE('',*,*,#938,.T.);
#220=ORIENTED_EDGE('',*,*,#939,.T.);
#221=ORIENTED_EDGE('',*,*,#940,.T.);
#222=ORIENTED_EDGE('',*,*,#941,.T.);
#223=ORIENTED_EDGE('',*,*,#942,.T.);
#224=ORIENTED_EDGE('',*,*,#943,.T.);
#225=ORIENTED_EDGE('',*,*,#944,.T.);
#226=ORIENTED_EDGE('',*,*,#945,.T.);
#227=ORIENTED_EDGE('',*,*,#946,.T.);
#228=ORIENTED_EDGE('',*,*,#947,.T.);
#229=ORIENTED_EDGE('',*,*,#948,.T.);
#230=ORIENTED_EDGE('',*,*,#949,.T.);
#231=ORIENTED_EDGE('',*,*,#950,.T.);
#232=ORIENTED_EDGE('',*,*,#951,.T.);
#233=ORIENTED_EDGE('',*,*,#952,.F.);
#234=ORIENTED_EDGE('',*,*,#953,.T.);
#235=ORIENTED_EDGE('',*,*,#954,.T.);
#236=ORIENTED_EDGE('',*,*,#955,.T.);
#237=ORIENTED_EDGE('',*,*,#956,.T.);
#238=ORIENTED_EDGE('',*,*,#957,.T.);
#239=ORIENTED_EDGE('',*,*,#958,.T.);
#240=ORIENTED_EDGE('',*,*,#959,.T.);
#241=ORIENTED_EDGE('',*,*,#960,.T.);
#242=ORIENTED_EDGE('',*,*,#961,.T.);
#243=ORIENTED_EDGE('',*,*,#962,.T.);
#244=ORIENTED_EDGE('',*,*,#963,.T.);
#245=ORIENTED_EDGE('',*,*,#964,.T.);
#246=ORIENTED_EDGE('',*,*,#965,.T.);
#247=ORIENTED_EDGE('',*,*,#966,.T.);
#248=ORIENTED_EDGE('',*,*,#967,.F.);
#249=ORIENTED_EDGE('',*,*,#968,.T.);
#250=ORIENTED_EDGE('',*,*,#969,.T.);
#251=ORIENTED_EDGE('',*,*,#970,.T.);
#252=ORIENTED_EDGE('',*,*,#971,.F.);
#253=ORIENTED_EDGE('',*,*,#972,.T.);
#254=ORIENTED_EDGE('',*,*,#973,.T.);
#255=ORIENTED_EDGE('',*,*,#974,.T.);
#256=ORIENTED_EDGE('',*,*,#975,.T.);
#257=ORIENTED_EDGE('',*,*,#976,.T.);
#258=ORIENTED_EDGE('',*,*,#977,.T.);
#259=ORIENTED_EDGE('',*,*,#978,.T.);
#260=ORIENTED_EDGE('',*,*,#979,.T.);
#261=ORIENTED_EDGE('',*,*,#980,.F.);
#262=ORIENTED_EDGE('',*,*,#981,.T.);
#263=ORIENTED_EDGE('',*,*,#982,.F.);
#264=ORIENTED_EDGE('',*,*,#983,.T.);
#265=ORIENTED_EDGE('',*,*,#984,.T.);
#266=ORIENTED_EDGE('',*,*,#985,.T.);
#267=ORIENTED_EDGE('',*,*,#986,.T.);
#268=ORIENTED_EDGE('',*,*,#987,.T.);
#269=ORIENTED_EDGE('',*,*,#988,.T.);
#270=ORIENTED_EDGE('',*,*,#989,.T.);
#271=ORIENTED_EDGE('',*,*,#990,.T.);
#272=ORIENTED_EDGE('',*,*,#991,.T.);
#273=ORIENTED_EDGE('',*,*,#992,.F.);
#274=ORIENTED_EDGE('',*,*,#993,.T.);
#275=ORIENTED_EDGE('',*,*,#994,.T.);
#276=ORIENTED_EDGE('',*,*,#995,.T.);
#277=ORIENTED_EDGE('',*,*,#996,.T.);
#278=ORIENTED_EDGE('',*,*,#997,.T.);
#279=ORIENTED_EDGE('',*,*,#998,.T.);
#280=ORIENTED_EDGE('',*,*,#999,.T.);
#281=ORIENTED_EDGE('',*,*,#1000,.T.);
#282=ORIENTED_EDGE('',*,*,#1001,.T.);
#283=ORIENTED_EDGE('',*,*,#1002,.T.);
#284=ORIENTED_EDGE('',*,*,#1003,.T.);
#285=ORIENTED_EDGE('',*,*,#1004,.T.);
#286=ORIENTED_EDGE('',*,*,#1005,.T.);
#287=ORIENTED_EDGE('',*,*,#1006,.T.);
#288=ORIENTED_EDGE('',*,*,#1007,.T.);
#289=ORIENTED_EDGE('',*,*,#1008,.F.);
#290=ORIENTED_EDGE('',*,*,#1009,.T.);
#291=ORIENTED_EDGE('',*,*,#1010,.T.);
#292=ORIENTED_EDGE('',*,*,#1011,.T.);
#293=ORIENTED_EDGE('',*,*,#1012,.F.);
#294=ORIENTED_EDGE('',*,*,#1013,.T.);
#295=ORIENTED_EDGE('',*,*,#1014,.T.);
#296=ORIENTED_EDGE('',*,*,#1015,.T.);
#297=ORIENTED_EDGE('',*,*,#1016,.T.);
#298=ORIENTED_EDGE('',*,*,#1017,.T.);
#299=ORIENTED_EDGE('',*,*,#1018,.T.);
#300=ORIENTED_EDGE('',*,*,#1019,.T.);
#301=ORIENTED_EDGE('',*,*,#1020,.F.);
#302=ORIENTED_EDGE('',*,*,#1021,.T.);
#303=ORIENTED_EDGE('',*,*,#1022,.F.);
#304=ORIENTED_EDGE('',*,*,#1023,.T.);
#305=ORIENTED_EDGE('',*,*,#918,.T.);
#306=ORIENTED_EDGE('',*,*,#1024,.T.);
#307=ORIENTED_EDGE('',*,*,#1025,.T.);
#308=ORIENTED_EDGE('',*,*,#1026,.T.);
#309=ORIENTED_EDGE('',*,*,#1027,.T.);
#310=ORIENTED_EDGE('',*,*,#1028,.T.);
#311=ORIENTED_EDGE('',*,*,#1029,.T.);
#312=ORIENTED_EDGE('',*,*,#1030,.T.);
#313=ORIENTED_EDGE('',*,*,#1031,.T.);
#314=ORIENTED_EDGE('',*,*,#1032,.T.);
#315=ORIENTED_EDGE('',*,*,#1033,.T.);
#316=ORIENTED_EDGE('',*,*,#1034,.T.);
#317=ORIENTED_EDGE('',*,*,#1035,.T.);
#318=ORIENTED_EDGE('',*,*,#1036,.T.);
#319=ORIENTED_EDGE('',*,*,#1037,.T.);
#320=ORIENTED_EDGE('',*,*,#1038,.T.);
#321=ORIENTED_EDGE('',*,*,#1039,.T.);
#322=ORIENTED_EDGE('',*,*,#1040,.T.);
#323=ORIENTED_EDGE('',*,*,#1041,.T.);
#324=ORIENTED_EDGE('',*,*,#1042,.T.);
#325=ORIENTED_EDGE('',*,*,#1043,.T.);
#326=ORIENTED_EDGE('',*,*,#1044,.T.);
#327=ORIENTED_EDGE('',*,*,#1045,.T.);
#328=ORIENTED_EDGE('',*,*,#1046,.T.);
#329=ORIENTED_EDGE('',*,*,#1047,.T.);
#330=ORIENTED_EDGE('',*,*,#1048,.T.);
#331=ORIENTED_EDGE('',*,*,#1049,.T.);
#332=ORIENTED_EDGE('',*,*,#1050,.T.);
#333=ORIENTED_EDGE('',*,*,#1051,.T.);
#334=ORIENTED_EDGE('',*,*,#1052,.F.);
#335=ORIENTED_EDGE('',*,*,#1053,.T.);
#336=ORIENTED_EDGE('',*,*,#978,.F.);
#337=ORIENTED_EDGE('',*,*,#1054,.T.);
#338=ORIENTED_EDGE('',*,*,#1044,.F.);
#339=ORIENTED_EDGE('',*,*,#1055,.F.);
#340=ORIENTED_EDGE('',*,*,#1042,.F.);
#341=ORIENTED_EDGE('',*,*,#1056,.T.);
#342=ORIENTED_EDGE('',*,*,#983,.F.);
#343=ORIENTED_EDGE('',*,*,#1057,.T.);
#344=ORIENTED_EDGE('',*,*,#1038,.F.);
#345=ORIENTED_EDGE('',*,*,#1058,.T.);
#346=ORIENTED_EDGE('',*,*,#968,.F.);
#347=ORIENTED_EDGE('',*,*,#1059,.F.);
#348=ORIENTED_EDGE('',*,*,#974,.F.);
#349=ORIENTED_EDGE('',*,*,#1060,.T.);
#350=ORIENTED_EDGE('',*,*,#1040,.F.);
#351=ORIENTED_EDGE('',*,*,#1061,.F.);
#352=ORIENTED_EDGE('',*,*,#1046,.F.);
#353=ORIENTED_EDGE('',*,*,#1062,.T.);
#354=ORIENTED_EDGE('',*,*,#925,.F.);
#355=ORIENTED_EDGE('',*,*,#1063,.F.);
#356=ORIENTED_EDGE('',*,*,#1018,.F.);
#357=ORIENTED_EDGE('',*,*,#1064,.T.);
#358=ORIENTED_EDGE('',*,*,#1036,.F.);
#359=ORIENTED_EDGE('',*,*,#1065,.F.);
#360=ORIENTED_EDGE('',*,*,#1050,.F.);
#361=ORIENTED_EDGE('',*,*,#1066,.T.);
#362=ORIENTED_EDGE('',*,*,#1016,.F.);
#363=ORIENTED_EDGE('',*,*,#1067,.F.);
#364=ORIENTED_EDGE('',*,*,#1068,.T.);
#365=ORIENTED_EDGE('',*,*,#1069,.F.);
#366=ORIENTED_EDGE('',*,*,#960,.F.);
#367=ORIENTED_EDGE('',*,*,#1070,.T.);
#368=ORIENTED_EDGE('',*,*,#993,.F.);
#369=ORIENTED_EDGE('',*,*,#1071,.F.);
#370=ORIENTED_EDGE('',*,*,#1007,.F.);
#371=ORIENTED_EDGE('',*,*,#1072,.T.);
#372=ORIENTED_EDGE('',*,*,#966,.F.);
#373=ORIENTED_EDGE('',*,*,#1009,.F.);
#374=ORIENTED_EDGE('',*,*,#1073,.T.);
#375=ORIENTED_EDGE('',*,*,#976,.F.);
#376=ORIENTED_EDGE('',*,*,#1074,.F.);
#377=ORIENTED_EDGE('',*,*,#981,.F.);
#378=ORIENTED_EDGE('',*,*,#1075,.T.);
#379=ORIENTED_EDGE('',*,*,#1011,.F.);
#380=ORIENTED_EDGE('',*,*,#1076,.T.);
#381=ORIENTED_EDGE('',*,*,#970,.F.);
#382=ORIENTED_EDGE('',*,*,#1077,.T.);
#383=ORIENTED_EDGE('',*,*,#1015,.F.);
#384=ORIENTED_EDGE('',*,*,#1078,.F.);
#385=ORIENTED_EDGE('',*,*,#1013,.F.);
#386=ORIENTED_EDGE('',*,*,#1079,.T.);
#387=ORIENTED_EDGE('',*,*,#972,.F.);
#388=ORIENTED_EDGE('',*,*,#1080,.F.);
#389=ORIENTED_EDGE('',*,*,#937,.F.);
#390=ORIENTED_EDGE('',*,*,#1081,.T.);
#391=ORIENTED_EDGE('',*,*,#964,.F.);
#392=ORIENTED_EDGE('',*,*,#1082,.T.);
#393=ORIENTED_EDGE('',*,*,#962,.F.);
#394=ORIENTED_EDGE('',*,*,#1083,.T.);
#395=ORIENTED_EDGE('',*,*,#959,.F.);
#396=ORIENTED_EDGE('',*,*,#1084,.T.);
#397=ORIENTED_EDGE('',*,*,#1026,.F.);
#398=ORIENTED_EDGE('',*,*,#1085,.T.);
#399=ORIENTED_EDGE('',*,*,#1048,.F.);
#400=ORIENTED_EDGE('',*,*,#1086,.F.);
#401=ORIENTED_EDGE('',*,*,#1087,.F.);
#402=ORIENTED_EDGE('',*,*,#1088,.F.);
#403=ORIENTED_EDGE('',*,*,#1024,.F.);
#404=ORIENTED_EDGE('',*,*,#1089,.F.);
#405=ORIENTED_EDGE('',*,*,#933,.F.);
#406=ORIENTED_EDGE('',*,*,#1090,.F.);
#407=ORIENTED_EDGE('',*,*,#935,.F.);
#408=ORIENTED_EDGE('',*,*,#1091,.F.);
#409=ORIENTED_EDGE('',*,*,#1021,.F.);
#410=ORIENTED_EDGE('',*,*,#1092,.F.);
#411=ORIENTED_EDGE('',*,*,#1093,.T.);
#412=ORIENTED_EDGE('',*,*,#1094,.F.);
#413=ORIENTED_EDGE('',*,*,#1095,.F.);
#414=ORIENTED_EDGE('',*,*,#1096,.T.);
#415=ORIENTED_EDGE('',*,*,#1097,.F.);
#416=ORIENTED_EDGE('',*,*,#1098,.F.);
#417=ORIENTED_EDGE('',*,*,#1099,.T.);
#418=ORIENTED_EDGE('',*,*,#963,.F.);
#419=ORIENTED_EDGE('',*,*,#1100,.T.);
#420=ORIENTED_EDGE('',*,*,#1101,.T.);
#421=ORIENTED_EDGE('',*,*,#1102,.F.);
#422=ORIENTED_EDGE('',*,*,#1103,.T.);
#423=ORIENTED_EDGE('',*,*,#1101,.F.);
#424=ORIENTED_EDGE('',*,*,#1104,.T.);
#425=ORIENTED_EDGE('',*,*,#1105,.T.);
#426=ORIENTED_EDGE('',*,*,#1106,.F.);
#427=ORIENTED_EDGE('',*,*,#1105,.F.);
#428=ORIENTED_EDGE('',*,*,#1107,.T.);
#429=ORIENTED_EDGE('',*,*,#1108,.T.);
#430=ORIENTED_EDGE('',*,*,#1109,.T.);
#431=ORIENTED_EDGE('',*,*,#1108,.F.);
#432=ORIENTED_EDGE('',*,*,#1110,.T.);
#433=ORIENTED_EDGE('',*,*,#1111,.T.);
#434=ORIENTED_EDGE('',*,*,#1112,.T.);
#435=ORIENTED_EDGE('',*,*,#1111,.F.);
#436=ORIENTED_EDGE('',*,*,#1113,.T.);
#437=ORIENTED_EDGE('',*,*,#1114,.T.);
#438=ORIENTED_EDGE('',*,*,#1115,.F.);
#439=ORIENTED_EDGE('',*,*,#1114,.F.);
#440=ORIENTED_EDGE('',*,*,#1116,.T.);
#441=ORIENTED_EDGE('',*,*,#1117,.T.);
#442=ORIENTED_EDGE('',*,*,#1118,.T.);
#443=ORIENTED_EDGE('',*,*,#1117,.F.);
#444=ORIENTED_EDGE('',*,*,#1119,.T.);
#445=ORIENTED_EDGE('',*,*,#1120,.T.);
#446=ORIENTED_EDGE('',*,*,#1121,.T.);
#447=ORIENTED_EDGE('',*,*,#1120,.F.);
#448=ORIENTED_EDGE('',*,*,#1122,.T.);
#449=ORIENTED_EDGE('',*,*,#952,.T.);
#450=ORIENTED_EDGE('',*,*,#1123,.T.);
#451=ORIENTED_EDGE('',*,*,#1124,.T.);
#452=ORIENTED_EDGE('',*,*,#1125,.F.);
#453=ORIENTED_EDGE('',*,*,#1126,.T.);
#454=ORIENTED_EDGE('',*,*,#1127,.T.);
#455=ORIENTED_EDGE('',*,*,#1128,.F.);
#456=ORIENTED_EDGE('',*,*,#1124,.F.);
#457=ORIENTED_EDGE('',*,*,#1129,.T.);
#458=ORIENTED_EDGE('',*,*,#1130,.T.);
#459=ORIENTED_EDGE('',*,*,#1131,.T.);
#460=ORIENTED_EDGE('',*,*,#1125,.T.);
#461=ORIENTED_EDGE('',*,*,#1130,.F.);
#462=ORIENTED_EDGE('',*,*,#1132,.T.);
#463=ORIENTED_EDGE('',*,*,#1133,.T.);
#464=ORIENTED_EDGE('',*,*,#1134,.T.);
#465=ORIENTED_EDGE('',*,*,#1133,.F.);
#466=ORIENTED_EDGE('',*,*,#1135,.T.);
#467=ORIENTED_EDGE('',*,*,#1136,.T.);
#468=ORIENTED_EDGE('',*,*,#1137,.T.);
#469=ORIENTED_EDGE('',*,*,#1136,.F.);
#470=ORIENTED_EDGE('',*,*,#1138,.T.);
#471=ORIENTED_EDGE('',*,*,#1139,.T.);
#472=ORIENTED_EDGE('',*,*,#1140,.T.);
#473=ORIENTED_EDGE('',*,*,#1139,.F.);
#474=ORIENTED_EDGE('',*,*,#1141,.T.);
#475=ORIENTED_EDGE('',*,*,#1142,.T.);
#476=ORIENTED_EDGE('',*,*,#1143,.T.);
#477=ORIENTED_EDGE('',*,*,#1142,.F.);
#478=ORIENTED_EDGE('',*,*,#1144,.T.);
#479=ORIENTED_EDGE('',*,*,#1145,.T.);
#480=ORIENTED_EDGE('',*,*,#1146,.T.);
#481=ORIENTED_EDGE('',*,*,#1145,.F.);
#482=ORIENTED_EDGE('',*,*,#1147,.T.);
#483=ORIENTED_EDGE('',*,*,#1148,.T.);
#484=ORIENTED_EDGE('',*,*,#1149,.F.);
#485=ORIENTED_EDGE('',*,*,#1150,.T.);
#486=ORIENTED_EDGE('',*,*,#1148,.F.);
#487=ORIENTED_EDGE('',*,*,#1151,.T.);
#488=ORIENTED_EDGE('',*,*,#1152,.T.);
#489=ORIENTED_EDGE('',*,*,#1093,.F.);
#490=ORIENTED_EDGE('',*,*,#1153,.F.);
#491=ORIENTED_EDGE('',*,*,#1154,.T.);
#492=ORIENTED_EDGE('',*,*,#1149,.T.);
#493=ORIENTED_EDGE('',*,*,#1152,.F.);
#494=ORIENTED_EDGE('',*,*,#1155,.T.);
#495=ORIENTED_EDGE('',*,*,#1156,.T.);
#496=ORIENTED_EDGE('',*,*,#1094,.T.);
#497=ORIENTED_EDGE('',*,*,#1156,.F.);
#498=ORIENTED_EDGE('',*,*,#1157,.T.);
#499=ORIENTED_EDGE('',*,*,#1158,.T.);
#500=ORIENTED_EDGE('',*,*,#1095,.T.);
#501=ORIENTED_EDGE('',*,*,#1158,.F.);
#502=ORIENTED_EDGE('',*,*,#1159,.T.);
#503=ORIENTED_EDGE('',*,*,#1160,.T.);
#504=ORIENTED_EDGE('',*,*,#1096,.F.);
#505=ORIENTED_EDGE('',*,*,#1160,.F.);
#506=ORIENTED_EDGE('',*,*,#1161,.T.);
#507=ORIENTED_EDGE('',*,*,#1162,.T.);
#508=ORIENTED_EDGE('',*,*,#1097,.T.);
#509=ORIENTED_EDGE('',*,*,#1162,.F.);
#510=ORIENTED_EDGE('',*,*,#1163,.T.);
#511=ORIENTED_EDGE('',*,*,#1164,.T.);
#512=ORIENTED_EDGE('',*,*,#1098,.T.);
#513=ORIENTED_EDGE('',*,*,#1164,.F.);
#514=ORIENTED_EDGE('',*,*,#1165,.T.);
#515=ORIENTED_EDGE('',*,*,#1166,.T.);
#516=ORIENTED_EDGE('',*,*,#1099,.F.);
#517=ORIENTED_EDGE('',*,*,#1166,.F.);
#518=ORIENTED_EDGE('',*,*,#1167,.T.);
#519=ORIENTED_EDGE('',*,*,#967,.T.);
#520=ORIENTED_EDGE('',*,*,#1168,.T.);
#521=ORIENTED_EDGE('',*,*,#1169,.T.);
#522=ORIENTED_EDGE('',*,*,#971,.T.);
#523=ORIENTED_EDGE('',*,*,#1170,.T.);
#524=ORIENTED_EDGE('',*,*,#975,.F.);
#525=ORIENTED_EDGE('',*,*,#1171,.T.);
#526=ORIENTED_EDGE('',*,*,#982,.T.);
#527=ORIENTED_EDGE('',*,*,#1172,.T.);
#528=ORIENTED_EDGE('',*,*,#979,.F.);
#529=ORIENTED_EDGE('',*,*,#1173,.T.);
#530=ORIENTED_EDGE('',*,*,#1174,.T.);
#531=ORIENTED_EDGE('',*,*,#1175,.T.);
#532=ORIENTED_EDGE('',*,*,#1176,.F.);
#533=ORIENTED_EDGE('',*,*,#1177,.T.);
#534=ORIENTED_EDGE('',*,*,#1176,.T.);
#535=ORIENTED_EDGE('',*,*,#1178,.T.);
#536=ORIENTED_EDGE('',*,*,#1179,.F.);
#537=ORIENTED_EDGE('',*,*,#1180,.T.);
#538=ORIENTED_EDGE('',*,*,#1179,.T.);
#539=ORIENTED_EDGE('',*,*,#1181,.T.);
#540=ORIENTED_EDGE('',*,*,#1182,.F.);
#541=ORIENTED_EDGE('',*,*,#1183,.T.);
#542=ORIENTED_EDGE('',*,*,#1184,.T.);
#543=ORIENTED_EDGE('',*,*,#1185,.T.);
#544=ORIENTED_EDGE('',*,*,#1186,.F.);
#545=ORIENTED_EDGE('',*,*,#1187,.T.);
#546=ORIENTED_EDGE('',*,*,#1186,.T.);
#547=ORIENTED_EDGE('',*,*,#1188,.T.);
#548=ORIENTED_EDGE('',*,*,#1189,.F.);
#549=ORIENTED_EDGE('',*,*,#1190,.T.);
#550=ORIENTED_EDGE('',*,*,#1189,.T.);
#551=ORIENTED_EDGE('',*,*,#1191,.T.);
#552=ORIENTED_EDGE('',*,*,#1192,.F.);
#553=ORIENTED_EDGE('',*,*,#1193,.T.);
#554=ORIENTED_EDGE('',*,*,#1182,.T.);
#555=ORIENTED_EDGE('',*,*,#1194,.T.);
#556=ORIENTED_EDGE('',*,*,#1174,.F.);
#557=ORIENTED_EDGE('',*,*,#1195,.T.);
#558=ORIENTED_EDGE('',*,*,#1192,.T.);
#559=ORIENTED_EDGE('',*,*,#1196,.T.);
#560=ORIENTED_EDGE('',*,*,#1184,.F.);
#561=ORIENTED_EDGE('',*,*,#1197,.T.);
#562=ORIENTED_EDGE('',*,*,#1128,.T.);
#563=ORIENTED_EDGE('',*,*,#1198,.T.);
#564=ORIENTED_EDGE('',*,*,#1106,.T.);
#565=ORIENTED_EDGE('',*,*,#1109,.F.);
#566=ORIENTED_EDGE('',*,*,#1112,.F.);
#567=ORIENTED_EDGE('',*,*,#1115,.T.);
#568=ORIENTED_EDGE('',*,*,#1118,.F.);
#569=ORIENTED_EDGE('',*,*,#1121,.F.);
#570=ORIENTED_EDGE('',*,*,#1127,.F.);
#571=ORIENTED_EDGE('',*,*,#1199,.T.);
#572=ORIENTED_EDGE('',*,*,#1102,.T.);
#573=ORIENTED_EDGE('',*,*,#1198,.F.);
#574=ORIENTED_EDGE('',*,*,#1169,.F.);
#575=ORIENTED_EDGE('',*,*,#1200,.T.);
#576=ORIENTED_EDGE('',*,*,#1153,.T.);
#577=ORIENTED_EDGE('',*,*,#1092,.T.);
#578=ORIENTED_EDGE('',*,*,#1201,.T.);
#579=ORIENTED_EDGE('',*,*,#1202,.T.);
#580=ORIENTED_EDGE('',*,*,#1203,.T.);
#581=ORIENTED_EDGE('',*,*,#1204,.T.);
#582=ORIENTED_EDGE('',*,*,#1205,.T.);
#583=ORIENTED_EDGE('',*,*,#1022,.T.);
#584=ORIENTED_EDGE('',*,*,#1206,.T.);
#585=ORIENTED_EDGE('',*,*,#1027,.F.);
#586=ORIENTED_EDGE('',*,*,#1087,.T.);
#587=ORIENTED_EDGE('',*,*,#1207,.T.);
#588=ORIENTED_EDGE('',*,*,#1208,.T.);
#589=ORIENTED_EDGE('',*,*,#919,.T.);
#590=ORIENTED_EDGE('',*,*,#1209,.T.);
#591=ORIENTED_EDGE('',*,*,#1052,.T.);
#592=ORIENTED_EDGE('',*,*,#1210,.T.);
#593=ORIENTED_EDGE('',*,*,#1055,.T.);
#594=ORIENTED_EDGE('',*,*,#1043,.F.);
#595=ORIENTED_EDGE('',*,*,#1057,.F.);
#596=ORIENTED_EDGE('',*,*,#1173,.F.);
#597=ORIENTED_EDGE('',*,*,#1211,.F.);
#598=ORIENTED_EDGE('',*,*,#1187,.F.);
#599=ORIENTED_EDGE('',*,*,#1212,.F.);
#600=ORIENTED_EDGE('',*,*,#1035,.F.);
#601=ORIENTED_EDGE('',*,*,#1212,.T.);
#602=ORIENTED_EDGE('',*,*,#1190,.F.);
#603=ORIENTED_EDGE('',*,*,#1213,.F.);
#604=ORIENTED_EDGE('',*,*,#1032,.F.);
#605=ORIENTED_EDGE('',*,*,#1211,.T.);
#606=ORIENTED_EDGE('',*,*,#1034,.F.);
#607=ORIENTED_EDGE('',*,*,#1214,.F.);
#608=ORIENTED_EDGE('',*,*,#1197,.F.);
#609=ORIENTED_EDGE('',*,*,#1213,.T.);
#610=ORIENTED_EDGE('',*,*,#1193,.F.);
#611=ORIENTED_EDGE('',*,*,#1214,.T.);
#612=ORIENTED_EDGE('',*,*,#1033,.F.);
#613=ORIENTED_EDGE('',*,*,#1215,.F.);
#614=ORIENTED_EDGE('',*,*,#1180,.F.);
#615=ORIENTED_EDGE('',*,*,#1216,.F.);
#616=ORIENTED_EDGE('',*,*,#1031,.F.);
#617=ORIENTED_EDGE('',*,*,#1216,.T.);
#618=ORIENTED_EDGE('',*,*,#1183,.F.);
#619=ORIENTED_EDGE('',*,*,#1217,.F.);
#620=ORIENTED_EDGE('',*,*,#1028,.F.);
#621=ORIENTED_EDGE('',*,*,#1215,.T.);
#622=ORIENTED_EDGE('',*,*,#1030,.F.);
#623=ORIENTED_EDGE('',*,*,#1218,.F.);
#624=ORIENTED_EDGE('',*,*,#1177,.F.);
#625=ORIENTED_EDGE('',*,*,#1217,.T.);
#626=ORIENTED_EDGE('',*,*,#1195,.F.);
#627=ORIENTED_EDGE('',*,*,#1218,.T.);
#628=ORIENTED_EDGE('',*,*,#1029,.F.);
#629=ORIENTED_EDGE('',*,*,#1059,.T.);
#630=ORIENTED_EDGE('',*,*,#1171,.F.);
#631=ORIENTED_EDGE('',*,*,#1061,.T.);
#632=ORIENTED_EDGE('',*,*,#1039,.F.);
#633=ORIENTED_EDGE('',*,*,#921,.F.);
#634=ORIENTED_EDGE('',*,*,#1219,.T.);
#635=ORIENTED_EDGE('',*,*,#1201,.F.);
#636=ORIENTED_EDGE('',*,*,#1220,.F.);
#637=ORIENTED_EDGE('',*,*,#924,.F.);
#638=ORIENTED_EDGE('',*,*,#1063,.T.);
#639=ORIENTED_EDGE('',*,*,#1220,.T.);
#640=ORIENTED_EDGE('',*,*,#1221,.F.);
#641=ORIENTED_EDGE('',*,*,#1221,.T.);
#642=ORIENTED_EDGE('',*,*,#1205,.F.);
#643=ORIENTED_EDGE('',*,*,#1222,.F.);
#644=ORIENTED_EDGE('',*,*,#1047,.F.);
#645=ORIENTED_EDGE('',*,*,#1065,.T.);
#646=ORIENTED_EDGE('',*,*,#1222,.T.);
#647=ORIENTED_EDGE('',*,*,#1223,.F.);
#648=ORIENTED_EDGE('',*,*,#1204,.F.);
#649=ORIENTED_EDGE('',*,*,#1224,.T.);
#650=ORIENTED_EDGE('',*,*,#1067,.T.);
#651=ORIENTED_EDGE('',*,*,#1019,.F.);
#652=ORIENTED_EDGE('',*,*,#1223,.T.);
#653=ORIENTED_EDGE('',*,*,#1225,.T.);
#654=ORIENTED_EDGE('',*,*,#1226,.F.);
#655=ORIENTED_EDGE('',*,*,#1226,.T.);
#656=ORIENTED_EDGE('',*,*,#1227,.T.);
#657=ORIENTED_EDGE('',*,*,#1228,.F.);
#658=ORIENTED_EDGE('',*,*,#1228,.T.);
#659=ORIENTED_EDGE('',*,*,#1229,.T.);
#660=ORIENTED_EDGE('',*,*,#1230,.F.);
#661=ORIENTED_EDGE('',*,*,#1230,.T.);
#662=ORIENTED_EDGE('',*,*,#1231,.T.);
#663=ORIENTED_EDGE('',*,*,#1232,.F.);
#664=ORIENTED_EDGE('',*,*,#1232,.T.);
#665=ORIENTED_EDGE('',*,*,#1233,.T.);
#666=ORIENTED_EDGE('',*,*,#1234,.F.);
#667=ORIENTED_EDGE('',*,*,#1234,.T.);
#668=ORIENTED_EDGE('',*,*,#1235,.T.);
#669=ORIENTED_EDGE('',*,*,#1236,.F.);
#670=ORIENTED_EDGE('',*,*,#1236,.T.);
#671=ORIENTED_EDGE('',*,*,#1224,.F.);
#672=ORIENTED_EDGE('',*,*,#1203,.F.);
#673=ORIENTED_EDGE('',*,*,#1237,.F.);
#674=ORIENTED_EDGE('',*,*,#1051,.F.);
#675=ORIENTED_EDGE('',*,*,#1068,.F.);
#676=ORIENTED_EDGE('',*,*,#1237,.T.);
#677=ORIENTED_EDGE('',*,*,#1202,.F.);
#678=ORIENTED_EDGE('',*,*,#1219,.F.);
#679=ORIENTED_EDGE('',*,*,#920,.F.);
#680=ORIENTED_EDGE('',*,*,#1210,.F.);
#681=ORIENTED_EDGE('',*,*,#1238,.F.);
#682=ORIENTED_EDGE('',*,*,#1134,.F.);
#683=ORIENTED_EDGE('',*,*,#1239,.F.);
#684=ORIENTED_EDGE('',*,*,#998,.F.);
#685=ORIENTED_EDGE('',*,*,#1239,.T.);
#686=ORIENTED_EDGE('',*,*,#1137,.F.);
#687=ORIENTED_EDGE('',*,*,#1240,.F.);
#688=ORIENTED_EDGE('',*,*,#999,.F.);
#689=ORIENTED_EDGE('',*,*,#1238,.T.);
#690=ORIENTED_EDGE('',*,*,#997,.F.);
#691=ORIENTED_EDGE('',*,*,#1241,.F.);
#692=ORIENTED_EDGE('',*,*,#1131,.F.);
#693=ORIENTED_EDGE('',*,*,#1240,.T.);
#694=ORIENTED_EDGE('',*,*,#1140,.F.);
#695=ORIENTED_EDGE('',*,*,#1242,.F.);
#696=ORIENTED_EDGE('',*,*,#1000,.F.);
#697=ORIENTED_EDGE('',*,*,#1241,.T.);
#698=ORIENTED_EDGE('',*,*,#996,.F.);
#699=ORIENTED_EDGE('',*,*,#1243,.F.);
#700=ORIENTED_EDGE('',*,*,#1126,.F.);
#701=ORIENTED_EDGE('',*,*,#1242,.T.);
#702=ORIENTED_EDGE('',*,*,#1143,.F.);
#703=ORIENTED_EDGE('',*,*,#1244,.F.);
#704=ORIENTED_EDGE('',*,*,#1001,.F.);
#705=ORIENTED_EDGE('',*,*,#1243,.T.);
#706=ORIENTED_EDGE('',*,*,#995,.F.);
#707=ORIENTED_EDGE('',*,*,#1245,.F.);
#708=ORIENTED_EDGE('',*,*,#1199,.F.);
#709=ORIENTED_EDGE('',*,*,#1244,.T.);
#710=ORIENTED_EDGE('',*,*,#1146,.F.);
#711=ORIENTED_EDGE('',*,*,#1246,.F.);
#712=ORIENTED_EDGE('',*,*,#1002,.F.);
#713=ORIENTED_EDGE('',*,*,#1245,.T.);
#714=ORIENTED_EDGE('',*,*,#994,.F.);
#715=ORIENTED_EDGE('',*,*,#1070,.F.);
#716=ORIENTED_EDGE('',*,*,#1103,.F.);
#717=ORIENTED_EDGE('',*,*,#1246,.T.);
#718=ORIENTED_EDGE('',*,*,#1150,.F.);
#719=ORIENTED_EDGE('',*,*,#1247,.F.);
#720=ORIENTED_EDGE('',*,*,#1003,.F.);
#721=ORIENTED_EDGE('',*,*,#1247,.T.);
#722=ORIENTED_EDGE('',*,*,#1154,.F.);
#723=ORIENTED_EDGE('',*,*,#1248,.F.);
#724=ORIENTED_EDGE('',*,*,#1004,.F.);
#725=ORIENTED_EDGE('',*,*,#1248,.T.);
#726=ORIENTED_EDGE('',*,*,#1200,.F.);
#727=ORIENTED_EDGE('',*,*,#1249,.F.);
#728=ORIENTED_EDGE('',*,*,#1005,.F.);
#729=ORIENTED_EDGE('',*,*,#1249,.T.);
#730=ORIENTED_EDGE('',*,*,#1168,.F.);
#731=ORIENTED_EDGE('',*,*,#1072,.F.);
#732=ORIENTED_EDGE('',*,*,#1006,.F.);
#733=ORIENTED_EDGE('',*,*,#1074,.T.);
#734=ORIENTED_EDGE('',*,*,#1172,.F.);
#735=ORIENTED_EDGE('',*,*,#1076,.F.);
#736=ORIENTED_EDGE('',*,*,#1010,.F.);
#737=ORIENTED_EDGE('',*,*,#1250,.F.);
#738=ORIENTED_EDGE('',*,*,#990,.F.);
#739=ORIENTED_EDGE('',*,*,#1251,.F.);
#740=ORIENTED_EDGE('',*,*,#1185,.F.);
#741=ORIENTED_EDGE('',*,*,#1251,.T.);
#742=ORIENTED_EDGE('',*,*,#989,.F.);
#743=ORIENTED_EDGE('',*,*,#1252,.F.);
#744=ORIENTED_EDGE('',*,*,#1188,.F.);
#745=ORIENTED_EDGE('',*,*,#1250,.T.);
#746=ORIENTED_EDGE('',*,*,#1196,.F.);
#747=ORIENTED_EDGE('',*,*,#1253,.F.);
#748=ORIENTED_EDGE('',*,*,#991,.F.);
#749=ORIENTED_EDGE('',*,*,#1252,.T.);
#750=ORIENTED_EDGE('',*,*,#988,.F.);
#751=ORIENTED_EDGE('',*,*,#1253,.T.);
#752=ORIENTED_EDGE('',*,*,#1191,.F.);
#753=ORIENTED_EDGE('',*,*,#1254,.F.);
#754=ORIENTED_EDGE('',*,*,#987,.F.);
#755=ORIENTED_EDGE('',*,*,#1255,.F.);
#756=ORIENTED_EDGE('',*,*,#1178,.F.);
#757=ORIENTED_EDGE('',*,*,#1255,.T.);
#758=ORIENTED_EDGE('',*,*,#986,.F.);
#759=ORIENTED_EDGE('',*,*,#1256,.F.);
#760=ORIENTED_EDGE('',*,*,#1181,.F.);
#761=ORIENTED_EDGE('',*,*,#1254,.T.);
#762=ORIENTED_EDGE('',*,*,#1175,.F.);
#763=ORIENTED_EDGE('',*,*,#1257,.F.);
#764=ORIENTED_EDGE('',*,*,#984,.F.);
#765=ORIENTED_EDGE('',*,*,#1256,.T.);
#766=ORIENTED_EDGE('',*,*,#985,.F.);
#767=ORIENTED_EDGE('',*,*,#1257,.T.);
#768=ORIENTED_EDGE('',*,*,#1194,.F.);
#769=ORIENTED_EDGE('',*,*,#1078,.T.);
#770=ORIENTED_EDGE('',*,*,#1014,.F.);
#771=ORIENTED_EDGE('',*,*,#1080,.T.);
#772=ORIENTED_EDGE('',*,*,#1170,.F.);
#773=ORIENTED_EDGE('',*,*,#1123,.F.);
#774=ORIENTED_EDGE('',*,*,#951,.F.);
#775=ORIENTED_EDGE('',*,*,#1258,.F.);
#776=ORIENTED_EDGE('',*,*,#1132,.F.);
#777=ORIENTED_EDGE('',*,*,#1129,.F.);
#778=ORIENTED_EDGE('',*,*,#1258,.T.);
#779=ORIENTED_EDGE('',*,*,#950,.F.);
#780=ORIENTED_EDGE('',*,*,#1259,.F.);
#781=ORIENTED_EDGE('',*,*,#1135,.F.);
#782=ORIENTED_EDGE('',*,*,#1259,.T.);
#783=ORIENTED_EDGE('',*,*,#949,.F.);
#784=ORIENTED_EDGE('',*,*,#1260,.F.);
#785=ORIENTED_EDGE('',*,*,#1138,.F.);
#786=ORIENTED_EDGE('',*,*,#1260,.T.);
#787=ORIENTED_EDGE('',*,*,#948,.F.);
#788=ORIENTED_EDGE('',*,*,#1261,.F.);
#789=ORIENTED_EDGE('',*,*,#1141,.F.);
#790=ORIENTED_EDGE('',*,*,#1261,.T.);
#791=ORIENTED_EDGE('',*,*,#947,.F.);
#792=ORIENTED_EDGE('',*,*,#1262,.F.);
#793=ORIENTED_EDGE('',*,*,#1144,.F.);
#794=ORIENTED_EDGE('',*,*,#1262,.T.);
#795=ORIENTED_EDGE('',*,*,#946,.F.);
#796=ORIENTED_EDGE('',*,*,#1263,.F.);
#797=ORIENTED_EDGE('',*,*,#1147,.F.);
#798=ORIENTED_EDGE('',*,*,#1263,.T.);
#799=ORIENTED_EDGE('',*,*,#945,.F.);
#800=ORIENTED_EDGE('',*,*,#1264,.F.);
#801=ORIENTED_EDGE('',*,*,#1151,.F.);
#802=ORIENTED_EDGE('',*,*,#1264,.T.);
#803=ORIENTED_EDGE('',*,*,#944,.F.);
#804=ORIENTED_EDGE('',*,*,#1265,.F.);
#805=ORIENTED_EDGE('',*,*,#1155,.F.);
#806=ORIENTED_EDGE('',*,*,#1265,.T.);
#807=ORIENTED_EDGE('',*,*,#943,.F.);
#808=ORIENTED_EDGE('',*,*,#1266,.F.);
#809=ORIENTED_EDGE('',*,*,#1157,.F.);
#810=ORIENTED_EDGE('',*,*,#1266,.T.);
#811=ORIENTED_EDGE('',*,*,#942,.F.);
#812=ORIENTED_EDGE('',*,*,#1267,.F.);
#813=ORIENTED_EDGE('',*,*,#1159,.F.);
#814=ORIENTED_EDGE('',*,*,#1267,.T.);
#815=ORIENTED_EDGE('',*,*,#941,.F.);
#816=ORIENTED_EDGE('',*,*,#1268,.F.);
#817=ORIENTED_EDGE('',*,*,#1161,.F.);
#818=ORIENTED_EDGE('',*,*,#1268,.T.);
#819=ORIENTED_EDGE('',*,*,#940,.F.);
#820=ORIENTED_EDGE('',*,*,#1269,.F.);
#821=ORIENTED_EDGE('',*,*,#1163,.F.);
#822=ORIENTED_EDGE('',*,*,#1269,.T.);
#823=ORIENTED_EDGE('',*,*,#939,.F.);
#824=ORIENTED_EDGE('',*,*,#1270,.F.);
#825=ORIENTED_EDGE('',*,*,#1165,.F.);
#826=ORIENTED_EDGE('',*,*,#1270,.T.);
#827=ORIENTED_EDGE('',*,*,#938,.F.);
#828=ORIENTED_EDGE('',*,*,#1082,.F.);
#829=ORIENTED_EDGE('',*,*,#1167,.F.);
#830=ORIENTED_EDGE('',*,*,#1119,.F.);
#831=ORIENTED_EDGE('',*,*,#1116,.F.);
#832=ORIENTED_EDGE('',*,*,#1271,.F.);
#833=ORIENTED_EDGE('',*,*,#953,.F.);
#834=ORIENTED_EDGE('',*,*,#1122,.F.);
#835=ORIENTED_EDGE('',*,*,#1271,.T.);
#836=ORIENTED_EDGE('',*,*,#1113,.F.);
#837=ORIENTED_EDGE('',*,*,#1272,.F.);
#838=ORIENTED_EDGE('',*,*,#954,.F.);
#839=ORIENTED_EDGE('',*,*,#1272,.T.);
#840=ORIENTED_EDGE('',*,*,#1110,.F.);
#841=ORIENTED_EDGE('',*,*,#1273,.F.);
#842=ORIENTED_EDGE('',*,*,#955,.F.);
#843=ORIENTED_EDGE('',*,*,#1273,.T.);
#844=ORIENTED_EDGE('',*,*,#1107,.F.);
#845=ORIENTED_EDGE('',*,*,#1274,.F.);
#846=ORIENTED_EDGE('',*,*,#956,.F.);
#847=ORIENTED_EDGE('',*,*,#1274,.T.);
#848=ORIENTED_EDGE('',*,*,#1104,.F.);
#849=ORIENTED_EDGE('',*,*,#1275,.F.);
#850=ORIENTED_EDGE('',*,*,#957,.F.);
#851=ORIENTED_EDGE('',*,*,#1275,.T.);
#852=ORIENTED_EDGE('',*,*,#1100,.F.);
#853=ORIENTED_EDGE('',*,*,#1084,.F.);
#854=ORIENTED_EDGE('',*,*,#958,.F.);
#855=ORIENTED_EDGE('',*,*,#1023,.F.);
#856=ORIENTED_EDGE('',*,*,#1208,.F.);
#857=ORIENTED_EDGE('',*,*,#1276,.F.);
#858=ORIENTED_EDGE('',*,*,#1209,.F.);
#859=ORIENTED_EDGE('',*,*,#1086,.T.);
#860=ORIENTED_EDGE('',*,*,#1053,.F.);
#861=ORIENTED_EDGE('',*,*,#1276,.T.);
#862=ORIENTED_EDGE('',*,*,#1207,.F.);
#863=ORIENTED_EDGE('',*,*,#931,.F.);
#864=ORIENTED_EDGE('',*,*,#1225,.F.);
#865=ORIENTED_EDGE('',*,*,#930,.F.);
#866=ORIENTED_EDGE('',*,*,#1229,.F.);
#867=ORIENTED_EDGE('',*,*,#929,.F.);
#868=ORIENTED_EDGE('',*,*,#1227,.F.);
#869=ORIENTED_EDGE('',*,*,#928,.F.);
#870=ORIENTED_EDGE('',*,*,#1231,.F.);
#871=ORIENTED_EDGE('',*,*,#927,.F.);
#872=ORIENTED_EDGE('',*,*,#1233,.F.);
#873=ORIENTED_EDGE('',*,*,#926,.F.);
#874=ORIENTED_EDGE('',*,*,#1235,.F.);
#875=ORIENTED_EDGE('',*,*,#1089,.T.);
#876=ORIENTED_EDGE('',*,*,#1206,.F.);
#877=ORIENTED_EDGE('',*,*,#1091,.T.);
#878=ORIENTED_EDGE('',*,*,#934,.F.);
#879=ORIENTED_EDGE('',*,*,#977,.F.);
#880=ORIENTED_EDGE('',*,*,#1073,.F.);
#881=ORIENTED_EDGE('',*,*,#1008,.T.);
#882=ORIENTED_EDGE('',*,*,#1071,.T.);
#883=ORIENTED_EDGE('',*,*,#965,.F.);
#884=ORIENTED_EDGE('',*,*,#1081,.F.);
#885=ORIENTED_EDGE('',*,*,#936,.T.);
#886=ORIENTED_EDGE('',*,*,#1090,.T.);
#887=ORIENTED_EDGE('',*,*,#1020,.T.);
#888=ORIENTED_EDGE('',*,*,#917,.T.);
#889=ORIENTED_EDGE('',*,*,#923,.T.);
#890=ORIENTED_EDGE('',*,*,#1062,.F.);
#891=ORIENTED_EDGE('',*,*,#1045,.F.);
#892=ORIENTED_EDGE('',*,*,#1054,.F.);
#893=ORIENTED_EDGE('',*,*,#1058,.F.);
#894=ORIENTED_EDGE('',*,*,#1037,.F.);
#895=ORIENTED_EDGE('',*,*,#1064,.F.);
#896=ORIENTED_EDGE('',*,*,#1017,.F.);
#897=ORIENTED_EDGE('',*,*,#1066,.F.);
#898=ORIENTED_EDGE('',*,*,#1049,.F.);
#899=ORIENTED_EDGE('',*,*,#1085,.F.);
#900=ORIENTED_EDGE('',*,*,#1025,.F.);
#901=ORIENTED_EDGE('',*,*,#1088,.T.);
#902=ORIENTED_EDGE('',*,*,#932,.T.);
#903=ORIENTED_EDGE('',*,*,#1083,.F.);
#904=ORIENTED_EDGE('',*,*,#961,.F.);
#905=ORIENTED_EDGE('',*,*,#1069,.T.);
#906=ORIENTED_EDGE('',*,*,#992,.T.);
#907=ORIENTED_EDGE('',*,*,#1077,.F.);
#908=ORIENTED_EDGE('',*,*,#969,.F.);
#909=ORIENTED_EDGE('',*,*,#1056,.F.);
#910=ORIENTED_EDGE('',*,*,#1041,.F.);
#911=ORIENTED_EDGE('',*,*,#1060,.F.);
#912=ORIENTED_EDGE('',*,*,#973,.F.);
#913=ORIENTED_EDGE('',*,*,#1079,.F.);
#914=ORIENTED_EDGE('',*,*,#1012,.T.);
#915=ORIENTED_EDGE('',*,*,#1075,.F.);
#916=ORIENTED_EDGE('',*,*,#980,.T.);
#917=EDGE_CURVE('',#1277,#1278,#1500,.T.);
#918=EDGE_CURVE('',#1279,#1277,#1501,.T.);
#919=EDGE_CURVE('',#1280,#1279,#1502,.T.);
#920=EDGE_CURVE('',#1280,#1281,#1503,.T.);
#921=EDGE_CURVE('',#1281,#1282,#1504,.T.);
#922=EDGE_CURVE('',#1278,#1282,#1505,.T.);
#923=EDGE_CURVE('',#1278,#1283,#1506,.T.);
#924=EDGE_CURVE('',#1282,#1284,#1507,.T.);
#925=EDGE_CURVE('',#1284,#1283,#1508,.T.);
#926=EDGE_CURVE('',#1285,#1285,#119,.T.);
#927=EDGE_CURVE('',#1286,#1286,#120,.T.);
#928=EDGE_CURVE('',#1287,#1287,#121,.T.);
#929=EDGE_CURVE('',#1288,#1288,#122,.T.);
#930=EDGE_CURVE('',#1289,#1289,#123,.T.);
#931=EDGE_CURVE('',#1290,#1290,#124,.T.);
#932=EDGE_CURVE('',#1291,#1292,#1509,.T.);
#933=EDGE_CURVE('',#1291,#1293,#1510,.F.);
#934=EDGE_CURVE('',#1293,#1294,#1511,.T.);
#935=EDGE_CURVE('',#1294,#1295,#1512,.T.);
#936=EDGE_CURVE('',#1296,#1295,#1513,.T.);
#937=EDGE_CURVE('',#1296,#1297,#1514,.T.);
#938=EDGE_CURVE('',#1297,#1298,#1515,.T.);
#939=EDGE_CURVE('',#1298,#1299,#125,.F.);
#940=EDGE_CURVE('',#1299,#1300,#126,.T.);
#941=EDGE_CURVE('',#1300,#1301,#127,.T.);
#942=EDGE_CURVE('',#1301,#1302,#1516,.T.);
#943=EDGE_CURVE('',#1302,#1303,#128,.T.);
#944=EDGE_CURVE('',#1303,#1304,#129,.T.);
#945=EDGE_CURVE('',#1304,#1305,#130,.F.);
#946=EDGE_CURVE('',#1305,#1306,#1517,.T.);
#947=EDGE_CURVE('',#1306,#1307,#131,.T.);
#948=EDGE_CURVE('',#1307,#1308,#1518,.T.);
#949=EDGE_CURVE('',#1308,#1309,#132,.T.);
#950=EDGE_CURVE('',#1309,#1310,#1519,.T.);
#951=EDGE_CURVE('',#1310,#1311,#1520,.T.);
#952=EDGE_CURVE('',#1312,#1311,#133,.T.);
#953=EDGE_CURVE('',#1312,#1313,#134,.T.);
#954=EDGE_CURVE('',#1313,#1314,#1521,.T.);
#955=EDGE_CURVE('',#1314,#1315,#135,.T.);
#956=EDGE_CURVE('',#1315,#1316,#136,.T.);
#957=EDGE_CURVE('',#1316,#1317,#137,.F.);
#958=EDGE_CURVE('',#1317,#1318,#1522,.T.);
#959=EDGE_CURVE('',#1318,#1292,#1523,.T.);
#960=EDGE_CURVE('',#1319,#1320,#1524,.F.);
#961=EDGE_CURVE('',#1320,#1321,#1525,.T.);
#962=EDGE_CURVE('',#1321,#1322,#1526,.T.);
#963=EDGE_CURVE('',#1322,#1319,#1527,.T.);
#964=EDGE_CURVE('',#1323,#1324,#1528,.T.);
#965=EDGE_CURVE('',#1324,#1325,#1529,.T.);
#966=EDGE_CURVE('',#1325,#1326,#1530,.F.);
#967=EDGE_CURVE('',#1323,#1326,#1531,.T.);
#968=EDGE_CURVE('',#1327,#1328,#1532,.T.);
#969=EDGE_CURVE('',#1328,#1329,#1533,.T.);
#970=EDGE_CURVE('',#1329,#1330,#1534,.F.);
#971=EDGE_CURVE('',#1327,#1330,#1535,.T.);
#972=EDGE_CURVE('',#1331,#1332,#1536,.F.);
#973=EDGE_CURVE('',#1332,#1333,#1537,.T.);
#974=EDGE_CURVE('',#1333,#1334,#1538,.T.);
#975=EDGE_CURVE('',#1334,#1331,#1539,.T.);
#976=EDGE_CURVE('',#1335,#1336,#1540,.F.);
#977=EDGE_CURVE('',#1336,#1337,#1541,.T.);
#978=EDGE_CURVE('',#1337,#1338,#1542,.T.);
#979=EDGE_CURVE('',#1338,#1335,#1543,.T.);
#980=EDGE_CURVE('',#1339,#1340,#1544,.T.);
#981=EDGE_CURVE('',#1339,#1341,#1545,.T.);
#982=EDGE_CURVE('',#1342,#1341,#1546,.T.);
#983=EDGE_CURVE('',#1342,#1340,#1547,.T.);
#984=EDGE_CURVE('',#1343,#1344,#1548,.T.);
#985=EDGE_CURVE('',#1344,#1345,#1549,.F.);
#986=EDGE_CURVE('',#1345,#1346,#1550,.F.);
#987=EDGE_CURVE('',#1346,#1343,#1551,.F.);
#988=EDGE_CURVE('',#1347,#1348,#1552,.F.);
#989=EDGE_CURVE('',#1348,#1349,#1553,.T.);
#990=EDGE_CURVE('',#1349,#1350,#1554,.T.);
#991=EDGE_CURVE('',#1350,#1347,#1555,.T.);
#992=EDGE_CURVE('',#1351,#1352,#1556,.T.);
#993=EDGE_CURVE('',#1351,#1353,#1557,.T.);
#994=EDGE_CURVE('',#1353,#1354,#1558,.F.);
#995=EDGE_CURVE('',#1354,#1355,#1559,.F.);
#996=EDGE_CURVE('',#1355,#1356,#103,.T.);
#997=EDGE_CURVE('',#1356,#1357,#1560,.T.);
#998=EDGE_CURVE('',#1357,#1358,#1561,.T.);
#999=EDGE_CURVE('',#1358,#1359,#1562,.T.);
#1000=EDGE_CURVE('',#1359,#1360,#138,.F.);
#1001=EDGE_CURVE('',#1360,#1361,#1563,.T.);
#1002=EDGE_CURVE('',#1361,#1362,#139,.F.);
#1003=EDGE_CURVE('',#1362,#1363,#1564,.F.);
#1004=EDGE_CURVE('',#1363,#1364,#140,.T.);
#1005=EDGE_CURVE('',#1364,#1365,#1565,.T.);
#1006=EDGE_CURVE('',#1365,#1366,#1566,.T.);
#1007=EDGE_CURVE('',#1366,#1367,#1567,.T.);
#1008=EDGE_CURVE('',#1368,#1367,#1568,.T.);
#1009=EDGE_CURVE('',#1368,#1369,#1569,.T.);
#1010=EDGE_CURVE('',#1369,#1370,#1570,.T.);
#1011=EDGE_CURVE('',#1370,#1371,#1571,.F.);
#1012=EDGE_CURVE('',#1372,#1371,#1572,.T.);
#1013=EDGE_CURVE('',#1372,#1373,#1573,.T.);
#1014=EDGE_CURVE('',#1373,#1374,#1574,.F.);
#1015=EDGE_CURVE('',#1374,#1352,#1575,.T.);
#1016=EDGE_CURVE('',#1375,#1376,#1576,.T.);
#1017=EDGE_CURVE('',#1376,#1377,#1577,.T.);
#1018=EDGE_CURVE('',#1377,#1378,#1578,.T.);
#1019=EDGE_CURVE('',#1378,#1375,#1579,.T.);
#1020=EDGE_CURVE('',#1379,#1277,#1580,.T.);
#1021=EDGE_CURVE('',#1379,#1380,#1581,.F.);
#1022=EDGE_CURVE('',#1381,#1380,#1582,.T.);
#1023=EDGE_CURVE('',#1381,#1279,#85,.T.);
#1024=EDGE_CURVE('',#1382,#1383,#1583,.T.);
#1025=EDGE_CURVE('',#1383,#1384,#1584,.T.);
#1026=EDGE_CURVE('',#1384,#1385,#1585,.T.);
#1027=EDGE_CURVE('',#1385,#1382,#1586,.T.);
#1028=EDGE_CURVE('',#1386,#1387,#1587,.T.);
#1029=EDGE_CURVE('',#1387,#1388,#1588,.T.);
#1030=EDGE_CURVE('',#1388,#1389,#1589,.T.);
#1031=EDGE_CURVE('',#1389,#1386,#1590,.T.);
#1032=EDGE_CURVE('',#1390,#1391,#1591,.T.);
#1033=EDGE_CURVE('',#1391,#1392,#1592,.T.);
#1034=EDGE_CURVE('',#1392,#1393,#1593,.T.);
#1035=EDGE_CURVE('',#1393,#1390,#1594,.T.);
#1036=EDGE_CURVE('',#1394,#1395,#1595,.T.);
#1037=EDGE_CURVE('',#1395,#1396,#1596,.T.);
#1038=EDGE_CURVE('',#1396,#1397,#1597,.T.);
#1039=EDGE_CURVE('',#1397,#1398,#1598,.T.);
#1040=EDGE_CURVE('',#1398,#1399,#1599,.T.);
#1041=EDGE_CURVE('',#1399,#1400,#1600,.T.);
#1042=EDGE_CURVE('',#1400,#1401,#1601,.T.);
#1043=EDGE_CURVE('',#1401,#1402,#1602,.T.);
#1044=EDGE_CURVE('',#1402,#1403,#1603,.T.);
#1045=EDGE_CURVE('',#1403,#1404,#1604,.T.);
#1046=EDGE_CURVE('',#1404,#1405,#1605,.T.);
#1047=EDGE_CURVE('',#1405,#1394,#1606,.T.);
#1048=EDGE_CURVE('',#1406,#1407,#1607,.F.);
#1049=EDGE_CURVE('',#1407,#1408,#1608,.T.);
#1050=EDGE_CURVE('',#1408,#1409,#1609,.T.);
#1051=EDGE_CURVE('',#1409,#1410,#1610,.T.);
#1052=EDGE_CURVE('',#1411,#1410,#1611,.T.);
#1053=EDGE_CURVE('',#1411,#1406,#1612,.F.);
#1054=EDGE_CURVE('',#1337,#1403,#1613,.F.);
#1055=EDGE_CURVE('',#1338,#1402,#1614,.F.);
#1056=EDGE_CURVE('',#1400,#1340,#1615,.T.);
#1057=EDGE_CURVE('',#1342,#1401,#1616,.T.);
#1058=EDGE_CURVE('',#1396,#1328,#1617,.F.);
#1059=EDGE_CURVE('',#1397,#1327,#1618,.T.);
#1060=EDGE_CURVE('',#1333,#1399,#1619,.F.);
#1061=EDGE_CURVE('',#1334,#1398,#1620,.T.);
#1062=EDGE_CURVE('',#1404,#1283,#1621,.T.);
#1063=EDGE_CURVE('',#1405,#1284,#1622,.T.);
#1064=EDGE_CURVE('',#1377,#1395,#1623,.F.);
#1065=EDGE_CURVE('',#1378,#1394,#1624,.F.);
#1066=EDGE_CURVE('',#1408,#1376,#1625,.F.);
#1067=EDGE_CURVE('',#1412,#1375,#1626,.T.);
#1068=EDGE_CURVE('',#1412,#1409,#1627,.T.);
#1069=EDGE_CURVE('',#1320,#1351,#141,.F.);
#1070=EDGE_CURVE('',#1319,#1353,#142,.T.);
#1071=EDGE_CURVE('',#1367,#1325,#143,.F.);
#1072=EDGE_CURVE('',#1366,#1326,#144,.T.);
#1073=EDGE_CURVE('',#1368,#1336,#145,.F.);
#1074=EDGE_CURVE('',#1369,#1335,#86,.F.);
#1075=EDGE_CURVE('',#1339,#1371,#146,.F.);
#1076=EDGE_CURVE('',#1370,#1341,#87,.F.);
#1077=EDGE_CURVE('',#1329,#1352,#147,.F.);
#1078=EDGE_CURVE('',#1330,#1374,#88,.T.);
#1079=EDGE_CURVE('',#1372,#1332,#148,.F.);
#1080=EDGE_CURVE('',#1373,#1331,#89,.F.);
#1081=EDGE_CURVE('',#1296,#1324,#1628,.T.);
#1082=EDGE_CURVE('',#1323,#1297,#1629,.T.);
#1083=EDGE_CURVE('',#1321,#1292,#1630,.T.);
#1084=EDGE_CURVE('',#1318,#1322,#1631,.T.);
#1085=EDGE_CURVE('',#1384,#1407,#149,.F.);
#1086=EDGE_CURVE('',#1413,#1406,#90,.F.);
#1087=EDGE_CURVE('',#1385,#1413,#150,.T.);
#1088=EDGE_CURVE('',#1383,#1291,#151,.F.);
#1089=EDGE_CURVE('',#1293,#1382,#91,.T.);
#1090=EDGE_CURVE('',#1295,#1379,#152,.F.);
#1091=EDGE_CURVE('',#1380,#1294,#92,.F.);
#1092=EDGE_CURVE('',#1414,#1415,#1632,.T.);
#1093=EDGE_CURVE('',#1414,#1416,#153,.T.);
#1094=EDGE_CURVE('',#1417,#1416,#154,.T.);
#1095=EDGE_CURVE('',#1418,#1417,#155,.T.);
#1096=EDGE_CURVE('',#1418,#1419,#1633,.T.);
#1097=EDGE_CURVE('',#1420,#1419,#156,.T.);
#1098=EDGE_CURVE('',#1421,#1420,#157,.T.);
#1099=EDGE_CURVE('',#1421,#1415,#158,.T.);
#1100=EDGE_CURVE('',#1322,#1422,#1634,.T.);
#1101=EDGE_CURVE('',#1422,#1423,#1635,.T.);
#1102=EDGE_CURVE('',#1424,#1423,#1636,.T.);
#1103=EDGE_CURVE('',#1424,#1319,#1637,.T.);
#1104=EDGE_CURVE('',#1422,#1425,#159,.T.);
#1105=EDGE_CURVE('',#1425,#1426,#1638,.T.);
#1106=EDGE_CURVE('',#1423,#1426,#160,.T.);
#1107=EDGE_CURVE('',#1425,#1427,#161,.F.);
#1108=EDGE_CURVE('',#1427,#1428,#1639,.T.);
#1109=EDGE_CURVE('',#1428,#1426,#162,.T.);
#1110=EDGE_CURVE('',#1427,#1429,#163,.F.);
#1111=EDGE_CURVE('',#1429,#1430,#1640,.T.);
#1112=EDGE_CURVE('',#1430,#1428,#164,.T.);
#1113=EDGE_CURVE('',#1429,#1431,#1641,.T.);
#1114=EDGE_CURVE('',#1431,#1432,#1642,.T.);
#1115=EDGE_CURVE('',#1430,#1432,#1643,.T.);
#1116=EDGE_CURVE('',#1431,#1433,#165,.F.);
#1117=EDGE_CURVE('',#1433,#1434,#1644,.T.);
#1118=EDGE_CURVE('',#1434,#1432,#166,.T.);
#1119=EDGE_CURVE('',#1433,#1435,#104,.T.);
#1120=EDGE_CURVE('',#1435,#1436,#1645,.T.);
#1121=EDGE_CURVE('',#1436,#1434,#167,.T.);
#1122=EDGE_CURVE('',#1435,#1312,#105,.T.);
#1123=EDGE_CURVE('',#1311,#1437,#93,.F.);
#1124=EDGE_CURVE('',#1437,#1438,#1646,.T.);
#1125=EDGE_CURVE('',#1439,#1438,#1647,.T.);
#1126=EDGE_CURVE('',#1439,#1440,#106,.T.);
#1127=EDGE_CURVE('',#1440,#1441,#1648,.T.);
#1128=EDGE_CURVE('',#1436,#1441,#168,.T.);
#1129=EDGE_CURVE('',#1437,#1442,#107,.T.);
#1130=EDGE_CURVE('',#1442,#1443,#1649,.T.);
#1131=EDGE_CURVE('',#1443,#1439,#1650,.F.);
#1132=EDGE_CURVE('',#1442,#1444,#1651,.T.);
#1133=EDGE_CURVE('',#1444,#1445,#1652,.T.);
#1134=EDGE_CURVE('',#1445,#1443,#1653,.F.);
#1135=EDGE_CURVE('',#1444,#1446,#1654,.T.);
#1136=EDGE_CURVE('',#1446,#1447,#1655,.T.);
#1137=EDGE_CURVE('',#1447,#1445,#1656,.F.);
#1138=EDGE_CURVE('',#1446,#1448,#169,.F.);
#1139=EDGE_CURVE('',#1448,#1449,#1657,.T.);
#1140=EDGE_CURVE('',#1449,#1447,#170,.T.);
#1141=EDGE_CURVE('',#1448,#1450,#1658,.T.);
#1142=EDGE_CURVE('',#1450,#1451,#1659,.T.);
#1143=EDGE_CURVE('',#1451,#1449,#1660,.F.);
#1144=EDGE_CURVE('',#1450,#1452,#171,.F.);
#1145=EDGE_CURVE('',#1452,#1453,#1661,.T.);
#1146=EDGE_CURVE('',#1453,#1451,#172,.T.);
#1147=EDGE_CURVE('',#1452,#1454,#1662,.T.);
#1148=EDGE_CURVE('',#1454,#1455,#1663,.T.);
#1149=EDGE_CURVE('',#1456,#1455,#1664,.T.);
#1150=EDGE_CURVE('',#1456,#1453,#1665,.T.);
#1151=EDGE_CURVE('',#1454,#1457,#173,.T.);
#1152=EDGE_CURVE('',#1457,#1416,#1666,.T.);
#1153=EDGE_CURVE('',#1458,#1414,#1667,.T.);
#1154=EDGE_CURVE('',#1458,#1456,#174,.F.);
#1155=EDGE_CURVE('',#1457,#1459,#175,.F.);
#1156=EDGE_CURVE('',#1459,#1417,#1668,.T.);
#1157=EDGE_CURVE('',#1459,#1460,#176,.F.);
#1158=EDGE_CURVE('',#1460,#1418,#1669,.T.);
#1159=EDGE_CURVE('',#1460,#1461,#1670,.T.);
#1160=EDGE_CURVE('',#1461,#1419,#1671,.T.);
#1161=EDGE_CURVE('',#1461,#1462,#177,.F.);
#1162=EDGE_CURVE('',#1462,#1420,#1672,.T.);
#1163=EDGE_CURVE('',#1462,#1463,#178,.F.);
#1164=EDGE_CURVE('',#1463,#1421,#1673,.T.);
#1165=EDGE_CURVE('',#1463,#1464,#179,.T.);
#1166=EDGE_CURVE('',#1464,#1415,#1674,.T.);
#1167=EDGE_CURVE('',#1464,#1323,#1675,.T.);
#1168=EDGE_CURVE('',#1326,#1465,#1676,.F.);
#1169=EDGE_CURVE('',#1465,#1415,#1677,.T.);
#1170=EDGE_CURVE('',#1330,#1331,#1678,.T.);
#1171=EDGE_CURVE('',#1334,#1327,#1679,.T.);
#1172=EDGE_CURVE('',#1341,#1335,#1680,.F.);
#1173=EDGE_CURVE('',#1338,#1342,#1681,.T.);
#1174=EDGE_CURVE('',#1466,#1467,#1682,.T.);
#1175=EDGE_CURVE('',#1467,#1468,#1683,.F.);
#1176=EDGE_CURVE('',#1469,#1468,#1684,.T.);
#1177=EDGE_CURVE('',#1469,#1466,#1685,.T.);
#1178=EDGE_CURVE('',#1468,#1470,#1686,.T.);
#1179=EDGE_CURVE('',#1471,#1470,#1687,.T.);
#1180=EDGE_CURVE('',#1471,#1469,#1688,.T.);
#1181=EDGE_CURVE('',#1470,#1472,#1689,.T.);
#1182=EDGE_CURVE('',#1473,#1472,#1690,.T.);
#1183=EDGE_CURVE('',#1473,#1471,#1691,.T.);
#1184=EDGE_CURVE('',#1474,#1475,#1692,.T.);
#1185=EDGE_CURVE('',#1475,#1476,#1693,.F.);
#1186=EDGE_CURVE('',#1477,#1476,#1694,.T.);
#1187=EDGE_CURVE('',#1477,#1474,#1695,.T.);
#1188=EDGE_CURVE('',#1476,#1478,#1696,.F.);
#1189=EDGE_CURVE('',#1479,#1478,#1697,.T.);
#1190=EDGE_CURVE('',#1479,#1477,#1698,.T.);
#1191=EDGE_CURVE('',#1478,#1480,#1699,.T.);
#1192=EDGE_CURVE('',#1481,#1480,#1700,.T.);
#1193=EDGE_CURVE('',#1481,#1479,#1701,.T.);
#1194=EDGE_CURVE('',#1472,#1467,#1702,.T.);
#1195=EDGE_CURVE('',#1466,#1473,#1703,.T.);
#1196=EDGE_CURVE('',#1480,#1475,#1704,.F.);
#1197=EDGE_CURVE('',#1474,#1481,#1705,.T.);
#1198=EDGE_CURVE('',#1441,#1423,#1706,.T.);
#1199=EDGE_CURVE('',#1440,#1424,#1707,.T.);
#1200=EDGE_CURVE('',#1465,#1458,#1708,.F.);
#1201=EDGE_CURVE('',#1482,#1483,#1709,.T.);
#1202=EDGE_CURVE('',#1483,#1484,#1710,.T.);
#1203=EDGE_CURVE('',#1484,#1485,#1711,.T.);
#1204=EDGE_CURVE('',#1485,#1486,#1712,.T.);
#1205=EDGE_CURVE('',#1486,#1482,#1713,.T.);
#1206=EDGE_CURVE('',#1380,#1382,#1714,.F.);
#1207=EDGE_CURVE('',#1413,#1487,#1715,.T.);
#1208=EDGE_CURVE('',#1487,#1381,#1716,.T.);
#1209=EDGE_CURVE('',#1279,#1411,#1717,.F.);
#1210=EDGE_CURVE('',#1410,#1280,#1718,.T.);
#1211=EDGE_CURVE('',#1474,#1393,#1719,.F.);
#1212=EDGE_CURVE('',#1390,#1477,#1720,.T.);
#1213=EDGE_CURVE('',#1391,#1479,#1721,.T.);
#1214=EDGE_CURVE('',#1481,#1392,#1722,.T.);
#1215=EDGE_CURVE('',#1469,#1389,#1723,.F.);
#1216=EDGE_CURVE('',#1386,#1471,#1724,.F.);
#1217=EDGE_CURVE('',#1387,#1473,#1725,.F.);
#1218=EDGE_CURVE('',#1466,#1388,#1726,.T.);
#1219=EDGE_CURVE('',#1281,#1483,#1727,.T.);
#1220=EDGE_CURVE('',#1284,#1482,#1728,.T.);
#1221=EDGE_CURVE('',#1405,#1482,#1729,.T.);
#1222=EDGE_CURVE('',#1394,#1486,#1730,.F.);
#1223=EDGE_CURVE('',#1378,#1486,#1731,.T.);
#1224=EDGE_CURVE('',#1485,#1412,#1732,.T.);
#1225=EDGE_CURVE('',#1488,#1488,#180,.F.);
#1226=EDGE_CURVE('',#1489,#1489,#181,.T.);
#1227=EDGE_CURVE('',#1490,#1490,#182,.F.);
#1228=EDGE_CURVE('',#1491,#1491,#183,.T.);
#1229=EDGE_CURVE('',#1492,#1492,#184,.F.);
#1230=EDGE_CURVE('',#1493,#1493,#185,.T.);
#1231=EDGE_CURVE('',#1494,#1494,#186,.F.);
#1232=EDGE_CURVE('',#1495,#1495,#187,.T.);
#1233=EDGE_CURVE('',#1496,#1496,#188,.F.);
#1234=EDGE_CURVE('',#1497,#1497,#189,.T.);
#1235=EDGE_CURVE('',#1498,#1498,#190,.F.);
#1236=EDGE_CURVE('',#1499,#1499,#191,.T.);
#1237=EDGE_CURVE('',#1410,#1484,#1733,.T.);
#1238=EDGE_CURVE('',#1443,#1357,#192,.T.);
#1239=EDGE_CURVE('',#1358,#1445,#193,.T.);
#1240=EDGE_CURVE('',#1359,#1447,#194,.T.);
#1241=EDGE_CURVE('',#1439,#1356,#108,.F.);
#1242=EDGE_CURVE('',#1360,#1449,#195,.T.);
#1243=EDGE_CURVE('',#1440,#1355,#109,.T.);
#1244=EDGE_CURVE('',#1361,#1451,#110,.F.);
#1245=EDGE_CURVE('',#1424,#1354,#111,.F.);
#1246=EDGE_CURVE('',#1362,#1453,#196,.T.);
#1247=EDGE_CURVE('',#1363,#1456,#112,.F.);
#1248=EDGE_CURVE('',#1364,#1458,#113,.F.);
#1249=EDGE_CURVE('',#1365,#1465,#114,.F.);
#1250=EDGE_CURVE('',#1350,#1475,#94,.F.);
#1251=EDGE_CURVE('',#1476,#1349,#95,.T.);
#1252=EDGE_CURVE('',#1478,#1348,#96,.T.);
#1253=EDGE_CURVE('',#1347,#1480,#97,.F.);
#1254=EDGE_CURVE('',#1343,#1468,#98,.F.);
#1255=EDGE_CURVE('',#1470,#1346,#99,.T.);
#1256=EDGE_CURVE('',#1472,#1345,#100,.T.);
#1257=EDGE_CURVE('',#1344,#1467,#101,.F.);
#1258=EDGE_CURVE('',#1444,#1310,#1734,.T.);
#1259=EDGE_CURVE('',#1446,#1309,#1735,.T.);
#1260=EDGE_CURVE('',#1448,#1308,#1736,.T.);
#1261=EDGE_CURVE('',#1450,#1307,#115,.T.);
#1262=EDGE_CURVE('',#1452,#1306,#1737,.T.);
#1263=EDGE_CURVE('',#1454,#1305,#116,.F.);
#1264=EDGE_CURVE('',#1457,#1304,#1738,.T.);
#1265=EDGE_CURVE('',#1459,#1303,#1739,.T.);
#1266=EDGE_CURVE('',#1460,#1302,#117,.T.);
#1267=EDGE_CURVE('',#1461,#1301,#118,.F.);
#1268=EDGE_CURVE('',#1462,#1300,#1740,.T.);
#1269=EDGE_CURVE('',#1463,#1299,#1741,.T.);
#1270=EDGE_CURVE('',#1464,#1298,#1742,.T.);
#1271=EDGE_CURVE('',#1313,#1431,#1743,.T.);
#1272=EDGE_CURVE('',#1314,#1429,#1744,.T.);
#1273=EDGE_CURVE('',#1315,#1427,#1745,.T.);
#1274=EDGE_CURVE('',#1316,#1425,#1746,.T.);
#1275=EDGE_CURVE('',#1317,#1422,#1747,.T.);
#1276=EDGE_CURVE('',#1411,#1487,#102,.F.);
#1277=VERTEX_POINT('',#3617);
#1278=VERTEX_POINT('',#3618);
#1279=VERTEX_POINT('',#3620);
#1280=VERTEX_POINT('',#3622);
#1281=VERTEX_POINT('',#3624);
#1282=VERTEX_POINT('',#3626);
#1283=VERTEX_POINT('',#3630);
#1284=VERTEX_POINT('',#3632);
#1285=VERTEX_POINT('',#3636);
#1286=VERTEX_POINT('',#3638);
#1287=VERTEX_POINT('',#3640);
#1288=VERTEX_POINT('',#3642);
#1289=VERTEX_POINT('',#3644);
#1290=VERTEX_POINT('',#3646);
#1291=VERTEX_POINT('',#3648);
#1292=VERTEX_POINT('',#3649);
#1293=VERTEX_POINT('',#3651);
#1294=VERTEX_POINT('',#3653);
#1295=VERTEX_POINT('',#3655);
#1296=VERTEX_POINT('',#3657);
#1297=VERTEX_POINT('',#3659);
#1298=VERTEX_POINT('',#3661);
#1299=VERTEX_POINT('',#3663);
#1300=VERTEX_POINT('',#3665);
#1301=VERTEX_POINT('',#3667);
#1302=VERTEX_POINT('',#3669);
#1303=VERTEX_POINT('',#3671);
#1304=VERTEX_POINT('',#3673);
#1305=VERTEX_POINT('',#3675);
#1306=VERTEX_POINT('',#3677);
#1307=VERTEX_POINT('',#3679);
#1308=VERTEX_POINT('',#3681);
#1309=VERTEX_POINT('',#3683);
#1310=VERTEX_POINT('',#3685);
#1311=VERTEX_POINT('',#3687);
#1312=VERTEX_POINT('',#3689);
#1313=VERTEX_POINT('',#3691);
#1314=VERTEX_POINT('',#3693);
#1315=VERTEX_POINT('',#3695);
#1316=VERTEX_POINT('',#3697);
#1317=VERTEX_POINT('',#3699);
#1318=VERTEX_POINT('',#3701);
#1319=VERTEX_POINT('',#3705);
#1320=VERTEX_POINT('',#3706);
#1321=VERTEX_POINT('',#3708);
#1322=VERTEX_POINT('',#3710);
#1323=VERTEX_POINT('',#3714);
#1324=VERTEX_POINT('',#3715);
#1325=VERTEX_POINT('',#3717);
#1326=VERTEX_POINT('',#3719);
#1327=VERTEX_POINT('',#3723);
#1328=VERTEX_POINT('',#3724);
#1329=VERTEX_POINT('',#3726);
#1330=VERTEX_POINT('',#3728);
#1331=VERTEX_POINT('',#3732);
#1332=VERTEX_POINT('',#3733);
#1333=VERTEX_POINT('',#3735);
#1334=VERTEX_POINT('',#3737);
#1335=VERTEX_POINT('',#3741);
#1336=VERTEX_POINT('',#3742);
#1337=VERTEX_POINT('',#3744);
#1338=VERTEX_POINT('',#3746);
#1339=VERTEX_POINT('',#3750);
#1340=VERTEX_POINT('',#3751);
#1341=VERTEX_POINT('',#3753);
#1342=VERTEX_POINT('',#3755);
#1343=VERTEX_POINT('',#3759);
#1344=VERTEX_POINT('',#3760);
#1345=VERTEX_POINT('',#3762);
#1346=VERTEX_POINT('',#3764);
#1347=VERTEX_POINT('',#3767);
#1348=VERTEX_POINT('',#3768);
#1349=VERTEX_POINT('',#3770);
#1350=VERTEX_POINT('',#3772);
#1351=VERTEX_POINT('',#3775);
#1352=VERTEX_POINT('',#3776);
#1353=VERTEX_POINT('',#3778);
#1354=VERTEX_POINT('',#3780);
#1355=VERTEX_POINT('',#3782);
#1356=VERTEX_POINT('',#3787);
#1357=VERTEX_POINT('',#3789);
#1358=VERTEX_POINT('',#3791);
#1359=VERTEX_POINT('',#3793);
#1360=VERTEX_POINT('',#3795);
#1361=VERTEX_POINT('',#3797);
#1362=VERTEX_POINT('',#3799);
#1363=VERTEX_POINT('',#3801);
#1364=VERTEX_POINT('',#3803);
#1365=VERTEX_POINT('',#3805);
#1366=VERTEX_POINT('',#3807);
#1367=VERTEX_POINT('',#3809);
#1368=VERTEX_POINT('',#3811);
#1369=VERTEX_POINT('',#3813);
#1370=VERTEX_POINT('',#3815);
#1371=VERTEX_POINT('',#3817);
#1372=VERTEX_POINT('',#3819);
#1373=VERTEX_POINT('',#3821);
#1374=VERTEX_POINT('',#3823);
#1375=VERTEX_POINT('',#3827);
#1376=VERTEX_POINT('',#3828);
#1377=VERTEX_POINT('',#3830);
#1378=VERTEX_POINT('',#3832);
#1379=VERTEX_POINT('',#3836);
#1380=VERTEX_POINT('',#3838);
#1381=VERTEX_POINT('',#3840);
#1382=VERTEX_POINT('',#3844);
#1383=VERTEX_POINT('',#3845);
#1384=VERTEX_POINT('',#3847);
#1385=VERTEX_POINT('',#3849);
#1386=VERTEX_POINT('',#3853);
#1387=VERTEX_POINT('',#3854);
#1388=VERTEX_POINT('',#3856);
#1389=VERTEX_POINT('',#3858);
#1390=VERTEX_POINT('',#3861);
#1391=VERTEX_POINT('',#3862);
#1392=VERTEX_POINT('',#3864);
#1393=VERTEX_POINT('',#3866);
#1394=VERTEX_POINT('',#3869);
#1395=VERTEX_POINT('',#3870);
#1396=VERTEX_POINT('',#3872);
#1397=VERTEX_POINT('',#3874);
#1398=VERTEX_POINT('',#3876);
#1399=VERTEX_POINT('',#3878);
#1400=VERTEX_POINT('',#3880);
#1401=VERTEX_POINT('',#3882);
#1402=VERTEX_POINT('',#3884);
#1403=VERTEX_POINT('',#3886);
#1404=VERTEX_POINT('',#3888);
#1405=VERTEX_POINT('',#3890);
#1406=VERTEX_POINT('',#3894);
#1407=VERTEX_POINT('',#3895);
#1408=VERTEX_POINT('',#3897);
#1409=VERTEX_POINT('',#3899);
#1410=VERTEX_POINT('',#3901);
#1411=VERTEX_POINT('',#3903);
#1412=VERTEX_POINT('',#3926);
#1413=VERTEX_POINT('',#3955);
#1414=VERTEX_POINT('',#3965);
#1415=VERTEX_POINT('',#3966);
#1416=VERTEX_POINT('',#3968);
#1417=VERTEX_POINT('',#3970);
#1418=VERTEX_POINT('',#3972);
#1419=VERTEX_POINT('',#3974);
#1420=VERTEX_POINT('',#3976);
#1421=VERTEX_POINT('',#3978);
#1422=VERTEX_POINT('',#3982);
#1423=VERTEX_POINT('',#3984);
#1424=VERTEX_POINT('',#3986);
#1425=VERTEX_POINT('',#3990);
#1426=VERTEX_POINT('',#3992);
#1427=VERTEX_POINT('',#3996);
#1428=VERTEX_POINT('',#3998);
#1429=VERTEX_POINT('',#4002);
#1430=VERTEX_POINT('',#4004);
#1431=VERTEX_POINT('',#4008);
#1432=VERTEX_POINT('',#4010);
#1433=VERTEX_POINT('',#4014);
#1434=VERTEX_POINT('',#4016);
#1435=VERTEX_POINT('',#4023);
#1436=VERTEX_POINT('',#4025);
#1437=VERTEX_POINT('',#4033);
#1438=VERTEX_POINT('',#4035);
#1439=VERTEX_POINT('',#4037);
#1440=VERTEX_POINT('',#4042);
#1441=VERTEX_POINT('',#4044);
#1442=VERTEX_POINT('',#4051);
#1443=VERTEX_POINT('',#4053);
#1444=VERTEX_POINT('',#4057);
#1445=VERTEX_POINT('',#4059);
#1446=VERTEX_POINT('',#4063);
#1447=VERTEX_POINT('',#4065);
#1448=VERTEX_POINT('',#4069);
#1449=VERTEX_POINT('',#4071);
#1450=VERTEX_POINT('',#4075);
#1451=VERTEX_POINT('',#4077);
#1452=VERTEX_POINT('',#4081);
#1453=VERTEX_POINT('',#4083);
#1454=VERTEX_POINT('',#4087);
#1455=VERTEX_POINT('',#4089);
#1456=VERTEX_POINT('',#4091);
#1457=VERTEX_POINT('',#4095);
#1458=VERTEX_POINT('',#4098);
#1459=VERTEX_POINT('',#4102);
#1460=VERTEX_POINT('',#4106);
#1461=VERTEX_POINT('',#4110);
#1462=VERTEX_POINT('',#4114);
#1463=VERTEX_POINT('',#4118);
#1464=VERTEX_POINT('',#4122);
#1465=VERTEX_POINT('',#4127);
#1466=VERTEX_POINT('',#4137);
#1467=VERTEX_POINT('',#4138);
#1468=VERTEX_POINT('',#4140);
#1469=VERTEX_POINT('',#4142);
#1470=VERTEX_POINT('',#4146);
#1471=VERTEX_POINT('',#4148);
#1472=VERTEX_POINT('',#4152);
#1473=VERTEX_POINT('',#4154);
#1474=VERTEX_POINT('',#4158);
#1475=VERTEX_POINT('',#4159);
#1476=VERTEX_POINT('',#4161);
#1477=VERTEX_POINT('',#4163);
#1478=VERTEX_POINT('',#4167);
#1479=VERTEX_POINT('',#4169);
#1480=VERTEX_POINT('',#4173);
#1481=VERTEX_POINT('',#4175);
#1482=VERTEX_POINT('',#4191);
#1483=VERTEX_POINT('',#4192);
#1484=VERTEX_POINT('',#4194);
#1485=VERTEX_POINT('',#4196);
#1486=VERTEX_POINT('',#4198);
#1487=VERTEX_POINT('',#4203);
#1488=VERTEX_POINT('',#4239);
#1489=VERTEX_POINT('',#4241);
#1490=VERTEX_POINT('',#4245);
#1491=VERTEX_POINT('',#4247);
#1492=VERTEX_POINT('',#4251);
#1493=VERTEX_POINT('',#4253);
#1494=VERTEX_POINT('',#4257);
#1495=VERTEX_POINT('',#4259);
#1496=VERTEX_POINT('',#4263);
#1497=VERTEX_POINT('',#4265);
#1498=VERTEX_POINT('',#4269);
#1499=VERTEX_POINT('',#4271);
#1500=LINE('',#3616,#1748);
#1501=LINE('',#3619,#1749);
#1502=LINE('',#3621,#1750);
#1503=LINE('',#3623,#1751);
#1504=LINE('',#3625,#1752);
#1505=LINE('',#3627,#1753);
#1506=LINE('',#3629,#1754);
#1507=LINE('',#3631,#1755);
#1508=LINE('',#3633,#1756);
#1509=LINE('',#3647,#1757);
#1510=LINE('',#3650,#1758);
#1511=LINE('',#3652,#1759);
#1512=LINE('',#3654,#1760);
#1513=LINE('',#3656,#1761);
#1514=LINE('',#3658,#1762);
#1515=LINE('',#3660,#1763);
#1516=LINE('',#3668,#1764);
#1517=LINE('',#3676,#1765);
#1518=LINE('',#3680,#1766);
#1519=LINE('',#3684,#1767);
#1520=LINE('',#3686,#1768);
#1521=LINE('',#3692,#1769);
#1522=LINE('',#3700,#1770);
#1523=LINE('',#3702,#1771);
#1524=LINE('',#3704,#1772);
#1525=LINE('',#3707,#1773);
#1526=LINE('',#3709,#1774);
#1527=LINE('',#3711,#1775);
#1528=LINE('',#3713,#1776);
#1529=LINE('',#3716,#1777);
#1530=LINE('',#3718,#1778);
#1531=LINE('',#3720,#1779);
#1532=LINE('',#3722,#1780);
#1533=LINE('',#3725,#1781);
#1534=LINE('',#3727,#1782);
#1535=LINE('',#3729,#1783);
#1536=LINE('',#3731,#1784);
#1537=LINE('',#3734,#1785);
#1538=LINE('',#3736,#1786);
#1539=LINE('',#3738,#1787);
#1540=LINE('',#3740,#1788);
#1541=LINE('',#3743,#1789);
#1542=LINE('',#3745,#1790);
#1543=LINE('',#3747,#1791);
#1544=LINE('',#3749,#1792);
#1545=LINE('',#3752,#1793);
#1546=LINE('',#3754,#1794);
#1547=LINE('',#3756,#1795);
#1548=LINE('',#3758,#1796);
#1549=LINE('',#3761,#1797);
#1550=LINE('',#3763,#1798);
#1551=LINE('',#3765,#1799);
#1552=LINE('',#3766,#1800);
#1553=LINE('',#3769,#1801);
#1554=LINE('',#3771,#1802);
#1555=LINE('',#3773,#1803);
#1556=LINE('',#3774,#1804);
#1557=LINE('',#3777,#1805);
#1558=LINE('',#3779,#1806);
#1559=LINE('',#3781,#1807);
#1560=LINE('',#3788,#1808);
#1561=LINE('',#3790,#1809);
#1562=LINE('',#3792,#1810);
#1563=LINE('',#3796,#1811);
#1564=LINE('',#3800,#1812);
#1565=LINE('',#3804,#1813);
#1566=LINE('',#3806,#1814);
#1567=LINE('',#3808,#1815);
#1568=LINE('',#3810,#1816);
#1569=LINE('',#3812,#1817);
#1570=LINE('',#3814,#1818);
#1571=LINE('',#3816,#1819);
#1572=LINE('',#3818,#1820);
#1573=LINE('',#3820,#1821);
#1574=LINE('',#3822,#1822);
#1575=LINE('',#3824,#1823);
#1576=LINE('',#3826,#1824);
#1577=LINE('',#3829,#1825);
#1578=LINE('',#3831,#1826);
#1579=LINE('',#3833,#1827);
#1580=LINE('',#3835,#1828);
#1581=LINE('',#3837,#1829);
#1582=LINE('',#3839,#1830);
#1583=LINE('',#3843,#1831);
#1584=LINE('',#3846,#1832);
#1585=LINE('',#3848,#1833);
#1586=LINE('',#3850,#1834);
#1587=LINE('',#3852,#1835);
#1588=LINE('',#3855,#1836);
#1589=LINE('',#3857,#1837);
#1590=LINE('',#3859,#1838);
#1591=LINE('',#3860,#1839);
#1592=LINE('',#3863,#1840);
#1593=LINE('',#3865,#1841);
#1594=LINE('',#3867,#1842);
#1595=LINE('',#3868,#1843);
#1596=LINE('',#3871,#1844);
#1597=LINE('',#3873,#1845);
#1598=LINE('',#3875,#1846);
#1599=LINE('',#3877,#1847);
#1600=LINE('',#3879,#1848);
#1601=LINE('',#3881,#1849);
#1602=LINE('',#3883,#1850);
#1603=LINE('',#3885,#1851);
#1604=LINE('',#3887,#1852);
#1605=LINE('',#3889,#1853);
#1606=LINE('',#3891,#1854);
#1607=LINE('',#3893,#1855);
#1608=LINE('',#3896,#1856);
#1609=LINE('',#3898,#1857);
#1610=LINE('',#3900,#1858);
#1611=LINE('',#3902,#1859);
#1612=LINE('',#3904,#1860);
#1613=LINE('',#3906,#1861);
#1614=LINE('',#3907,#1862);
#1615=LINE('',#3909,#1863);
#1616=LINE('',#3910,#1864);
#1617=LINE('',#3912,#1865);
#1618=LINE('',#3913,#1866);
#1619=LINE('',#3915,#1867);
#1620=LINE('',#3916,#1868);
#1621=LINE('',#3918,#1869);
#1622=LINE('',#3919,#1870);
#1623=LINE('',#3921,#1871);
#1624=LINE('',#3922,#1872);
#1625=LINE('',#3924,#1873);
#1626=LINE('',#3925,#1874);
#1627=LINE('',#3927,#1875);
#1628=LINE('',#3947,#1876);
#1629=LINE('',#3948,#1877);
#1630=LINE('',#3950,#1878);
#1631=LINE('',#3951,#1879);
#1632=LINE('',#3964,#1880);
#1633=LINE('',#3973,#1881);
#1634=LINE('',#3981,#1882);
#1635=LINE('',#3983,#1883);
#1636=LINE('',#3985,#1884);
#1637=LINE('',#3987,#1885);
#1638=LINE('',#3991,#1886);
#1639=LINE('',#3997,#1887);
#1640=LINE('',#4003,#1888);
#1641=LINE('',#4007,#1889);
#1642=LINE('',#4009,#1890);
#1643=LINE('',#4011,#1891);
#1644=LINE('',#4015,#1892);
#1645=LINE('',#4024,#1893);
#1646=LINE('',#4034,#1894);
#1647=LINE('',#4036,#1895);
#1648=LINE('',#4043,#1896);
#1649=LINE('',#4052,#1897);
#1650=LINE('',#4054,#1898);
#1651=LINE('',#4056,#1899);
#1652=LINE('',#4058,#1900);
#1653=LINE('',#4060,#1901);
#1654=LINE('',#4062,#1902);
#1655=LINE('',#4064,#1903);
#1656=LINE('',#4066,#1904);
#1657=LINE('',#4070,#1905);
#1658=LINE('',#4074,#1906);
#1659=LINE('',#4076,#1907);
#1660=LINE('',#4078,#1908);
#1661=LINE('',#4082,#1909);
#1662=LINE('',#4086,#1910);
#1663=LINE('',#4088,#1911);
#1664=LINE('',#4090,#1912);
#1665=LINE('',#4092,#1913);
#1666=LINE('',#4096,#1914);
#1667=LINE('',#4097,#1915);
#1668=LINE('',#4103,#1916);
#1669=LINE('',#4107,#1917);
#1670=LINE('',#4109,#1918);
#1671=LINE('',#4111,#1919);
#1672=LINE('',#4115,#1920);
#1673=LINE('',#4119,#1921);
#1674=LINE('',#4123,#1922);
#1675=LINE('',#4125,#1923);
#1676=LINE('',#4126,#1924);
#1677=LINE('',#4128,#1925);
#1678=LINE('',#4130,#1926);
#1679=LINE('',#4131,#1927);
#1680=LINE('',#4133,#1928);
#1681=LINE('',#4134,#1929);
#1682=LINE('',#4136,#1930);
#1683=LINE('',#4139,#1931);
#1684=LINE('',#4141,#1932);
#1685=LINE('',#4143,#1933);
#1686=LINE('',#4145,#1934);
#1687=LINE('',#4147,#1935);
#1688=LINE('',#4149,#1936);
#1689=LINE('',#4151,#1937);
#1690=LINE('',#4153,#1938);
#1691=LINE('',#4155,#1939);
#1692=LINE('',#4157,#1940);
#1693=LINE('',#4160,#1941);
#1694=LINE('',#4162,#1942);
#1695=LINE('',#4164,#1943);
#1696=LINE('',#4166,#1944);
#1697=LINE('',#4168,#1945);
#1698=LINE('',#4170,#1946);
#1699=LINE('',#4172,#1947);
#1700=LINE('',#4174,#1948);
#1701=LINE('',#4176,#1949);
#1702=LINE('',#4178,#1950);
#1703=LINE('',#4179,#1951);
#1704=LINE('',#4181,#1952);
#1705=LINE('',#4182,#1953);
#1706=LINE('',#4184,#1954);
#1707=LINE('',#4186,#1955);
#1708=LINE('',#4188,#1956);
#1709=LINE('',#4190,#1957);
#1710=LINE('',#4193,#1958);
#1711=LINE('',#4195,#1959);
#1712=LINE('',#4197,#1960);
#1713=LINE('',#4199,#1961);
#1714=LINE('',#4201,#1962);
#1715=LINE('',#4202,#1963);
#1716=LINE('',#4204,#1964);
#1717=LINE('',#4206,#1965);
#1718=LINE('',#4207,#1966);
#1719=LINE('',#4210,#1967);
#1720=LINE('',#4211,#1968);
#1721=LINE('',#4213,#1969);
#1722=LINE('',#4215,#1970);
#1723=LINE('',#4218,#1971);
#1724=LINE('',#4219,#1972);
#1725=LINE('',#4221,#1973);
#1726=LINE('',#4223,#1974);
#1727=LINE('',#4227,#1975);
#1728=LINE('',#4228,#1976);
#1729=LINE('',#4230,#1977);
#1730=LINE('',#4232,#1978);
#1731=LINE('',#4234,#1979);
#1732=LINE('',#4236,#1980);
#1733=LINE('',#4274,#1981);
#1734=LINE('',#4352,#1982);
#1735=LINE('',#4354,#1983);
#1736=LINE('',#4356,#1984);
#1737=LINE('',#4363,#1985);
#1738=LINE('',#4370,#1986);
#1739=LINE('',#4372,#1987);
#1740=LINE('',#4384,#1988);
#1741=LINE('',#4386,#1989);
#1742=LINE('',#4388,#1990);
#1743=LINE('',#4391,#1991);
#1744=LINE('',#4393,#1992);
#1745=LINE('',#4395,#1993);
#1746=LINE('',#4397,#1994);
#1747=LINE('',#4399,#1995);
#1748=VECTOR('',#2864,1.);
#1749=VECTOR('',#2865,1.);
#1750=VECTOR('',#2866,1.);
#1751=VECTOR('',#2867,1.);
#1752=VECTOR('',#2868,1.);
#1753=VECTOR('',#2869,1.);
#1754=VECTOR('',#2872,1.);
#1755=VECTOR('',#2873,1.);
#1756=VECTOR('',#2874,1.);
#1757=VECTOR('',#2889,1.);
#1758=VECTOR('',#2890,1.);
#1759=VECTOR('',#2891,1.);
#1760=VECTOR('',#2892,1.);
#1761=VECTOR('',#2893,1.);
#1762=VECTOR('',#2894,1.);
#1763=VECTOR('',#2895,1.);
#1764=VECTOR('',#2902,1.);
#1765=VECTOR('',#2909,1.);
#1766=VECTOR('',#2912,1.);
#1767=VECTOR('',#2915,1.);
#1768=VECTOR('',#2916,1.);
#1769=VECTOR('',#2921,1.);
#1770=VECTOR('',#2928,1.);
#1771=VECTOR('',#2929,1.);
#1772=VECTOR('',#2932,1.);
#1773=VECTOR('',#2933,1.);
#1774=VECTOR('',#2934,1.);
#1775=VECTOR('',#2935,1.);
#1776=VECTOR('',#2938,1.);
#1777=VECTOR('',#2939,1.);
#1778=VECTOR('',#2940,1.);
#1779=VECTOR('',#2941,1.);
#1780=VECTOR('',#2944,1.);
#1781=VECTOR('',#2945,1.);
#1782=VECTOR('',#2946,1.);
#1783=VECTOR('',#2947,1.);
#1784=VECTOR('',#2950,1.);
#1785=VECTOR('',#2951,1.);
#1786=VECTOR('',#2952,1.);
#1787=VECTOR('',#2953,1.);
#1788=VECTOR('',#2956,1.);
#1789=VECTOR('',#2957,1.);
#1790=VECTOR('',#2958,1.);
#1791=VECTOR('',#2959,1.);
#1792=VECTOR('',#2962,1.);
#1793=VECTOR('',#2963,1.);
#1794=VECTOR('',#2964,1.);
#1795=VECTOR('',#2965,1.);
#1796=VECTOR('',#2968,1.);
#1797=VECTOR('',#2969,1.);
#1798=VECTOR('',#2970,1.);
#1799=VECTOR('',#2971,1.);
#1800=VECTOR('',#2972,1.);
#1801=VECTOR('',#2973,1.);
#1802=VECTOR('',#2974,1.);
#1803=VECTOR('',#2975,1.);
#1804=VECTOR('',#2976,1.);
#1805=VECTOR('',#2977,1.);
#1806=VECTOR('',#2978,1.);
#1807=VECTOR('',#2979,1.);
#1808=VECTOR('',#2980,1.);
#1809=VECTOR('',#2981,1.);
#1810=VECTOR('',#2982,1.);
#1811=VECTOR('',#2985,1.);
#1812=VECTOR('',#2988,1.);
#1813=VECTOR('',#2991,1.);
#1814=VECTOR('',#2992,1.);
#1815=VECTOR('',#2993,1.);
#1816=VECTOR('',#2994,1.);
#1817=VECTOR('',#2995,1.);
#1818=VECTOR('',#2996,1.);
#1819=VECTOR('',#2997,1.);
#1820=VECTOR('',#2998,1.);
#1821=VECTOR('',#2999,1.);
#1822=VECTOR('',#3000,1.);
#1823=VECTOR('',#3001,1.);
#1824=VECTOR('',#3004,1.);
#1825=VECTOR('',#3005,1.);
#1826=VECTOR('',#3006,1.);
#1827=VECTOR('',#3007,1.);
#1828=VECTOR('',#3010,1.);
#1829=VECTOR('',#3011,1.);
#1830=VECTOR('',#3012,1.);
#1831=VECTOR('',#3017,1.);
#1832=VECTOR('',#3018,1.);
#1833=VECTOR('',#3019,1.);
#1834=VECTOR('',#3020,1.);
#1835=VECTOR('',#3023,1.);
#1836=VECTOR('',#3024,1.);
#1837=VECTOR('',#3025,1.);
#1838=VECTOR('',#3026,1.);
#1839=VECTOR('',#3027,1.);
#1840=VECTOR('',#3028,1.);
#1841=VECTOR('',#3029,1.);
#1842=VECTOR('',#3030,1.);
#1843=VECTOR('',#3031,1.);
#1844=VECTOR('',#3032,1.);
#1845=VECTOR('',#3033,1.);
#1846=VECTOR('',#3034,1.);
#1847=VECTOR('',#3035,1.);
#1848=VECTOR('',#3036,1.);
#1849=VECTOR('',#3037,1.);
#1850=VECTOR('',#3038,1.);
#1851=VECTOR('',#3039,1.);
#1852=VECTOR('',#3040,1.);
#1853=VECTOR('',#3041,1.);
#1854=VECTOR('',#3042,1.);
#1855=VECTOR('',#3045,1.);
#1856=VECTOR('',#3046,1.);
#1857=VECTOR('',#3047,1.);
#1858=VECTOR('',#3048,1.);
#1859=VECTOR('',#3049,1.);
#1860=VECTOR('',#3050,1.);
#1861=VECTOR('',#3053,1.);
#1862=VECTOR('',#3054,1.);
#1863=VECTOR('',#3057,1.);
#1864=VECTOR('',#3058,1.);
#1865=VECTOR('',#3061,1.);
#1866=VECTOR('',#3062,1.);
#1867=VECTOR('',#3065,1.);
#1868=VECTOR('',#3066,1.);
#1869=VECTOR('',#3069,1.);
#1870=VECTOR('',#3070,1.);
#1871=VECTOR('',#3073,1.);
#1872=VECTOR('',#3074,1.);
#1873=VECTOR('',#3077,1.);
#1874=VECTOR('',#3078,1.);
#1875=VECTOR('',#3079,1.);
#1876=VECTOR('',#3118,1.);
#1877=VECTOR('',#3119,1.);
#1878=VECTOR('',#3122,1.);
#1879=VECTOR('',#3123,1.);
#1880=VECTOR('',#3146,1.);
#1881=VECTOR('',#3153,1.);
#1882=VECTOR('',#3162,1.);
#1883=VECTOR('',#3163,1.);
#1884=VECTOR('',#3164,1.);
#1885=VECTOR('',#3165,1.);
#1886=VECTOR('',#3170,1.);
#1887=VECTOR('',#3177,1.);
#1888=VECTOR('',#3184,1.);
#1889=VECTOR('',#3189,1.);
#1890=VECTOR('',#3190,1.);
#1891=VECTOR('',#3191,1.);
#1892=VECTOR('',#3196,1.);
#1893=VECTOR('',#3201,1.);
#1894=VECTOR('',#3208,1.);
#1895=VECTOR('',#3209,1.);
#1896=VECTOR('',#3210,1.);
#1897=VECTOR('',#3215,1.);
#1898=VECTOR('',#3216,1.);
#1899=VECTOR('',#3219,1.);
#1900=VECTOR('',#3220,1.);
#1901=VECTOR('',#3221,1.);
#1902=VECTOR('',#3224,1.);
#1903=VECTOR('',#3225,1.);
#1904=VECTOR('',#3226,1.);
#1905=VECTOR('',#3231,1.);
#1906=VECTOR('',#3236,1.);
#1907=VECTOR('',#3237,1.);
#1908=VECTOR('',#3238,1.);
#1909=VECTOR('',#3243,1.);
#1910=VECTOR('',#3248,1.);
#1911=VECTOR('',#3249,1.);
#1912=VECTOR('',#3250,1.);
#1913=VECTOR('',#3251,1.);
#1914=VECTOR('',#3256,1.);
#1915=VECTOR('',#3257,1.);
#1916=VECTOR('',#3264,1.);
#1917=VECTOR('',#3269,1.);
#1918=VECTOR('',#3272,1.);
#1919=VECTOR('',#3273,1.);
#1920=VECTOR('',#3278,1.);
#1921=VECTOR('',#3283,1.);
#1922=VECTOR('',#3288,1.);
#1923=VECTOR('',#3291,1.);
#1924=VECTOR('',#3292,1.);
#1925=VECTOR('',#3293,1.);
#1926=VECTOR('',#3296,1.);
#1927=VECTOR('',#3297,1.);
#1928=VECTOR('',#3300,1.);
#1929=VECTOR('',#3301,1.);
#1930=VECTOR('',#3304,1.);
#1931=VECTOR('',#3305,1.);
#1932=VECTOR('',#3306,1.);
#1933=VECTOR('',#3307,1.);
#1934=VECTOR('',#3310,1.);
#1935=VECTOR('',#3311,1.);
#1936=VECTOR('',#3312,1.);
#1937=VECTOR('',#3315,1.);
#1938=VECTOR('',#3316,1.);
#1939=VECTOR('',#3317,1.);
#1940=VECTOR('',#3320,1.);
#1941=VECTOR('',#3321,1.);
#1942=VECTOR('',#3322,1.);
#1943=VECTOR('',#3323,1.);
#1944=VECTOR('',#3326,1.);
#1945=VECTOR('',#3327,1.);
#1946=VECTOR('',#3328,1.);
#1947=VECTOR('',#3331,1.);
#1948=VECTOR('',#3332,1.);
#1949=VECTOR('',#3333,1.);
#1950=VECTOR('',#3336,1.);
#1951=VECTOR('',#3337,1.);
#1952=VECTOR('',#3340,1.);
#1953=VECTOR('',#3341,1.);
#1954=VECTOR('',#3344,1.);
#1955=VECTOR('',#3347,1.);
#1956=VECTOR('',#3350,1.);
#1957=VECTOR('',#3353,1.);
#1958=VECTOR('',#3354,1.);
#1959=VECTOR('',#3355,1.);
#1960=VECTOR('',#3356,1.);
#1961=VECTOR('',#3357,1.);
#1962=VECTOR('',#3360,1.);
#1963=VECTOR('',#3361,1.);
#1964=VECTOR('',#3362,1.);
#1965=VECTOR('',#3365,1.);
#1966=VECTOR('',#3366,1.);
#1967=VECTOR('',#3371,1.);
#1968=VECTOR('',#3372,1.);
#1969=VECTOR('',#3375,1.);
#1970=VECTOR('',#3378,1.);
#1971=VECTOR('',#3383,1.);
#1972=VECTOR('',#3384,1.);
#1973=VECTOR('',#3387,1.);
#1974=VECTOR('',#3390,1.);
#1975=VECTOR('',#3397,1.);
#1976=VECTOR('',#3398,1.);
#1977=VECTOR('',#3401,1.);
#1978=VECTOR('',#3404,1.);
#1979=VECTOR('',#3407,1.);
#1980=VECTOR('',#3410,1.);
#1981=VECTOR('',#3461,1.);
#1982=VECTOR('',#3536,1.);
#1983=VECTOR('',#3539,1.);
#1984=VECTOR('',#3542,1.);
#1985=VECTOR('',#3547,1.);
#1986=VECTOR('',#3552,1.);
#1987=VECTOR('',#3555,1.);
#1988=VECTOR('',#3562,1.);
#1989=VECTOR('',#3565,1.);
#1990=VECTOR('',#3568,1.);
#1991=VECTOR('',#3573,1.);
#1992=VECTOR('',#3576,1.);
#1993=VECTOR('',#3579,1.);
#1994=VECTOR('',#3582,1.);
#1995=VECTOR('',#3585,1.);
#1996=EDGE_LOOP('',(#197,#198,#199,#200,#201,#202));
#1997=EDGE_LOOP('',(#203,#204,#205,#206));
#1998=EDGE_LOOP('',(#207));
#1999=EDGE_LOOP('',(#208));
#2000=EDGE_LOOP('',(#209));
#2001=EDGE_LOOP('',(#210));
#2002=EDGE_LOOP('',(#211));
#2003=EDGE_LOOP('',(#212));
#2004=EDGE_LOOP('',(#213,#214,#215,#216,#217,#218,#219,#220,#221,#222,#223,
#224,#225,#226,#227,#228,#229,#230,#231,#232,#233,#234,#235,#236,#237,#238,
#239,#240));
#2005=EDGE_LOOP('',(#241,#242,#243,#244));
#2006=EDGE_LOOP('',(#245,#246,#247,#248));
#2007=EDGE_LOOP('',(#249,#250,#251,#252));
#2008=EDGE_LOOP('',(#253,#254,#255,#256));
#2009=EDGE_LOOP('',(#257,#258,#259,#260));
#2010=EDGE_LOOP('',(#261,#262,#263,#264));
#2011=EDGE_LOOP('',(#265,#266,#267,#268));
#2012=EDGE_LOOP('',(#269,#270,#271,#272));
#2013=EDGE_LOOP('',(#273,#274,#275,#276,#277,#278,#279,#280,#281,#282,#283,
#284,#285,#286,#287,#288,#289,#290,#291,#292,#293,#294,#295,#296));
#2014=EDGE_LOOP('',(#297,#298,#299,#300));
#2015=EDGE_LOOP('',(#301,#302,#303,#304,#305));
#2016=EDGE_LOOP('',(#306,#307,#308,#309));
#2017=EDGE_LOOP('',(#310,#311,#312,#313));
#2018=EDGE_LOOP('',(#314,#315,#316,#317));
#2019=EDGE_LOOP('',(#318,#319,#320,#321,#322,#323,#324,#325,#326,#327,#328,
#329));
#2020=EDGE_LOOP('',(#330,#331,#332,#333,#334,#335));
#2021=EDGE_LOOP('',(#336,#337,#338,#339));
#2022=EDGE_LOOP('',(#340,#341,#342,#343));
#2023=EDGE_LOOP('',(#344,#345,#346,#347));
#2024=EDGE_LOOP('',(#348,#349,#350,#351));
#2025=EDGE_LOOP('',(#352,#353,#354,#355));
#2026=EDGE_LOOP('',(#356,#357,#358,#359));
#2027=EDGE_LOOP('',(#360,#361,#362,#363,#364));
#2028=EDGE_LOOP('',(#365,#366,#367,#368));
#2029=EDGE_LOOP('',(#369,#370,#371,#372));
#2030=EDGE_LOOP('',(#373,#374,#375,#376));
#2031=EDGE_LOOP('',(#377,#378,#379,#380));
#2032=EDGE_LOOP('',(#381,#382,#383,#384));
#2033=EDGE_LOOP('',(#385,#386,#387,#388));
#2034=EDGE_LOOP('',(#389,#390,#391,#392));
#2035=EDGE_LOOP('',(#393,#394,#395,#396));
#2036=EDGE_LOOP('',(#397,#398,#399,#400,#401));
#2037=EDGE_LOOP('',(#402,#403,#404,#405));
#2038=EDGE_LOOP('',(#406,#407,#408,#409));
#2039=EDGE_LOOP('',(#410,#411,#412,#413,#414,#415,#416,#417));
#2040=EDGE_LOOP('',(#418,#419,#420,#421,#422));
#2041=EDGE_LOOP('',(#423,#424,#425,#426));
#2042=EDGE_LOOP('',(#427,#428,#429,#430));
#2043=EDGE_LOOP('',(#431,#432,#433,#434));
#2044=EDGE_LOOP('',(#435,#436,#437,#438));
#2045=EDGE_LOOP('',(#439,#440,#441,#442));
#2046=EDGE_LOOP('',(#443,#444,#445,#446));
#2047=EDGE_LOOP('',(#447,#448,#449,#450,#451,#452,#453,#454,#455));
#2048=EDGE_LOOP('',(#456,#457,#458,#459,#460));
#2049=EDGE_LOOP('',(#461,#462,#463,#464));
#2050=EDGE_LOOP('',(#465,#466,#467,#468));
#2051=EDGE_LOOP('',(#469,#470,#471,#472));
#2052=EDGE_LOOP('',(#473,#474,#475,#476));
#2053=EDGE_LOOP('',(#477,#478,#479,#480));
#2054=EDGE_LOOP('',(#481,#482,#483,#484,#485));
#2055=EDGE_LOOP('',(#486,#487,#488,#489,#490,#491,#492));
#2056=EDGE_LOOP('',(#493,#494,#495,#496));
#2057=EDGE_LOOP('',(#497,#498,#499,#500));
#2058=EDGE_LOOP('',(#501,#502,#503,#504));
#2059=EDGE_LOOP('',(#505,#506,#507,#508));
#2060=EDGE_LOOP('',(#509,#510,#511,#512));
#2061=EDGE_LOOP('',(#513,#514,#515,#516));
#2062=EDGE_LOOP('',(#517,#518,#519,#520,#521));
#2063=EDGE_LOOP('',(#522,#523,#524,#525));
#2064=EDGE_LOOP('',(#526,#527,#528,#529));
#2065=EDGE_LOOP('',(#530,#531,#532,#533));
#2066=EDGE_LOOP('',(#534,#535,#536,#537));
#2067=EDGE_LOOP('',(#538,#539,#540,#541));
#2068=EDGE_LOOP('',(#542,#543,#544,#545));
#2069=EDGE_LOOP('',(#546,#547,#548,#549));
#2070=EDGE_LOOP('',(#550,#551,#552,#553));
#2071=EDGE_LOOP('',(#554,#555,#556,#557));
#2072=EDGE_LOOP('',(#558,#559,#560,#561));
#2073=EDGE_LOOP('',(#562,#563,#564,#565,#566,#567,#568,#569));
#2074=EDGE_LOOP('',(#570,#571,#572,#573));
#2075=EDGE_LOOP('',(#574,#575,#576,#577));
#2076=EDGE_LOOP('',(#578,#579,#580,#581,#582));
#2077=EDGE_LOOP('',(#583,#584,#585,#586,#587,#588));
#2078=EDGE_LOOP('',(#589,#590,#591,#592));
#2079=EDGE_LOOP('',(#593,#594,#595,#596));
#2080=EDGE_LOOP('',(#597,#598,#599,#600));
#2081=EDGE_LOOP('',(#601,#602,#603,#604));
#2082=EDGE_LOOP('',(#605,#606,#607,#608));
#2083=EDGE_LOOP('',(#609,#610,#611,#612));
#2084=EDGE_LOOP('',(#613,#614,#615,#616));
#2085=EDGE_LOOP('',(#617,#618,#619,#620));
#2086=EDGE_LOOP('',(#621,#622,#623,#624));
#2087=EDGE_LOOP('',(#625,#626,#627,#628));
#2088=EDGE_LOOP('',(#629,#630,#631,#632));
#2089=EDGE_LOOP('',(#633,#634,#635,#636,#637));
#2090=EDGE_LOOP('',(#638,#639,#640));
#2091=EDGE_LOOP('',(#641,#642,#643,#644));
#2092=EDGE_LOOP('',(#645,#646,#647));
#2093=EDGE_LOOP('',(#648,#649,#650,#651,#652));
#2094=EDGE_LOOP('',(#653));
#2095=EDGE_LOOP('',(#654));
#2096=EDGE_LOOP('',(#655));
#2097=EDGE_LOOP('',(#656));
#2098=EDGE_LOOP('',(#657));
#2099=EDGE_LOOP('',(#658));
#2100=EDGE_LOOP('',(#659));
#2101=EDGE_LOOP('',(#660));
#2102=EDGE_LOOP('',(#661));
#2103=EDGE_LOOP('',(#662));
#2104=EDGE_LOOP('',(#663));
#2105=EDGE_LOOP('',(#664));
#2106=EDGE_LOOP('',(#665));
#2107=EDGE_LOOP('',(#666));
#2108=EDGE_LOOP('',(#667));
#2109=EDGE_LOOP('',(#668));
#2110=EDGE_LOOP('',(#669));
#2111=EDGE_LOOP('',(#670));
#2112=EDGE_LOOP('',(#671,#672,#673,#674,#675));
#2113=EDGE_LOOP('',(#676,#677,#678,#679,#680));
#2114=EDGE_LOOP('',(#681,#682,#683,#684));
#2115=EDGE_LOOP('',(#685,#686,#687,#688));
#2116=EDGE_LOOP('',(#689,#690,#691,#692));
#2117=EDGE_LOOP('',(#693,#694,#695,#696));
#2118=EDGE_LOOP('',(#697,#698,#699,#700));
#2119=EDGE_LOOP('',(#701,#702,#703,#704));
#2120=EDGE_LOOP('',(#705,#706,#707,#708));
#2121=EDGE_LOOP('',(#709,#710,#711,#712));
#2122=EDGE_LOOP('',(#713,#714,#715,#716));
#2123=EDGE_LOOP('',(#717,#718,#719,#720));
#2124=EDGE_LOOP('',(#721,#722,#723,#724));
#2125=EDGE_LOOP('',(#725,#726,#727,#728));
#2126=EDGE_LOOP('',(#729,#730,#731,#732));
#2127=EDGE_LOOP('',(#733,#734,#735,#736));
#2128=EDGE_LOOP('',(#737,#738,#739,#740));
#2129=EDGE_LOOP('',(#741,#742,#743,#744));
#2130=EDGE_LOOP('',(#745,#746,#747,#748));
#2131=EDGE_LOOP('',(#749,#750,#751,#752));
#2132=EDGE_LOOP('',(#753,#754,#755,#756));
#2133=EDGE_LOOP('',(#757,#758,#759,#760));
#2134=EDGE_LOOP('',(#761,#762,#763,#764));
#2135=EDGE_LOOP('',(#765,#766,#767,#768));
#2136=EDGE_LOOP('',(#769,#770,#771,#772));
#2137=EDGE_LOOP('',(#773,#774,#775,#776,#777));
#2138=EDGE_LOOP('',(#778,#779,#780,#781));
#2139=EDGE_LOOP('',(#782,#783,#784,#785));
#2140=EDGE_LOOP('',(#786,#787,#788,#789));
#2141=EDGE_LOOP('',(#790,#791,#792,#793));
#2142=EDGE_LOOP('',(#794,#795,#796,#797));
#2143=EDGE_LOOP('',(#798,#799,#800,#801));
#2144=EDGE_LOOP('',(#802,#803,#804,#805));
#2145=EDGE_LOOP('',(#806,#807,#808,#809));
#2146=EDGE_LOOP('',(#810,#811,#812,#813));
#2147=EDGE_LOOP('',(#814,#815,#816,#817));
#2148=EDGE_LOOP('',(#818,#819,#820,#821));
#2149=EDGE_LOOP('',(#822,#823,#824,#825));
#2150=EDGE_LOOP('',(#826,#827,#828,#829));
#2151=EDGE_LOOP('',(#830,#831,#832,#833,#834));
#2152=EDGE_LOOP('',(#835,#836,#837,#838));
#2153=EDGE_LOOP('',(#839,#840,#841,#842));
#2154=EDGE_LOOP('',(#843,#844,#845,#846));
#2155=EDGE_LOOP('',(#847,#848,#849,#850));
#2156=EDGE_LOOP('',(#851,#852,#853,#854));
#2157=EDGE_LOOP('',(#855,#856,#857,#858));
#2158=EDGE_LOOP('',(#859,#860,#861,#862));
#2159=EDGE_LOOP('',(#863));
#2160=EDGE_LOOP('',(#864));
#2161=EDGE_LOOP('',(#865));
#2162=EDGE_LOOP('',(#866));
#2163=EDGE_LOOP('',(#867));
#2164=EDGE_LOOP('',(#868));
#2165=EDGE_LOOP('',(#869));
#2166=EDGE_LOOP('',(#870));
#2167=EDGE_LOOP('',(#871));
#2168=EDGE_LOOP('',(#872));
#2169=EDGE_LOOP('',(#873));
#2170=EDGE_LOOP('',(#874));
#2171=EDGE_LOOP('',(#875,#876,#877,#878));
#2172=EDGE_LOOP('',(#879,#880,#881,#882,#883,#884,#885,#886,#887,#888,#889,
#890,#891,#892));
#2173=EDGE_LOOP('',(#893,#894,#895,#896,#897,#898,#899,#900,#901,#902,#903,
#904,#905,#906,#907,#908));
#2174=EDGE_LOOP('',(#909,#910,#911,#912,#913,#914,#915,#916));
#2175=FACE_BOUND('',#1996,.T.);
#2176=FACE_BOUND('',#1997,.T.);
#2177=FACE_BOUND('',#1998,.T.);
#2178=FACE_BOUND('',#1999,.T.);
#2179=FACE_BOUND('',#2000,.T.);
#2180=FACE_BOUND('',#2001,.T.);
#2181=FACE_BOUND('',#2002,.T.);
#2182=FACE_BOUND('',#2003,.T.);
#2183=FACE_BOUND('',#2004,.T.);
#2184=FACE_BOUND('',#2005,.T.);
#2185=FACE_BOUND('',#2006,.T.);
#2186=FACE_BOUND('',#2007,.T.);
#2187=FACE_BOUND('',#2008,.T.);
#2188=FACE_BOUND('',#2009,.T.);
#2189=FACE_BOUND('',#2010,.T.);
#2190=FACE_BOUND('',#2011,.T.);
#2191=FACE_BOUND('',#2012,.T.);
#2192=FACE_BOUND('',#2013,.T.);
#2193=FACE_BOUND('',#2014,.T.);
#2194=FACE_BOUND('',#2015,.T.);
#2195=FACE_BOUND('',#2016,.T.);
#2196=FACE_BOUND('',#2017,.T.);
#2197=FACE_BOUND('',#2018,.T.);
#2198=FACE_BOUND('',#2019,.T.);
#2199=FACE_BOUND('',#2020,.T.);
#2200=FACE_BOUND('',#2021,.T.);
#2201=FACE_BOUND('',#2022,.T.);
#2202=FACE_BOUND('',#2023,.T.);
#2203=FACE_BOUND('',#2024,.T.);
#2204=FACE_BOUND('',#2025,.T.);
#2205=FACE_BOUND('',#2026,.T.);
#2206=FACE_BOUND('',#2027,.T.);
#2207=FACE_BOUND('',#2028,.T.);
#2208=FACE_BOUND('',#2029,.T.);
#2209=FACE_BOUND('',#2030,.T.);
#2210=FACE_BOUND('',#2031,.T.);
#2211=FACE_BOUND('',#2032,.T.);
#2212=FACE_BOUND('',#2033,.T.);
#2213=FACE_BOUND('',#2034,.T.);
#2214=FACE_BOUND('',#2035,.T.);
#2215=FACE_BOUND('',#2036,.T.);
#2216=FACE_BOUND('',#2037,.T.);
#2217=FACE_BOUND('',#2038,.T.);
#2218=FACE_BOUND('',#2039,.T.);
#2219=FACE_BOUND('',#2040,.T.);
#2220=FACE_BOUND('',#2041,.T.);
#2221=FACE_BOUND('',#2042,.T.);
#2222=FACE_BOUND('',#2043,.T.);
#2223=FACE_BOUND('',#2044,.T.);
#2224=FACE_BOUND('',#2045,.T.);
#2225=FACE_BOUND('',#2046,.T.);
#2226=FACE_BOUND('',#2047,.T.);
#2227=FACE_BOUND('',#2048,.T.);
#2228=FACE_BOUND('',#2049,.T.);
#2229=FACE_BOUND('',#2050,.T.);
#2230=FACE_BOUND('',#2051,.T.);
#2231=FACE_BOUND('',#2052,.T.);
#2232=FACE_BOUND('',#2053,.T.);
#2233=FACE_BOUND('',#2054,.T.);
#2234=FACE_BOUND('',#2055,.T.);
#2235=FACE_BOUND('',#2056,.T.);
#2236=FACE_BOUND('',#2057,.T.);
#2237=FACE_BOUND('',#2058,.T.);
#2238=FACE_BOUND('',#2059,.T.);
#2239=FACE_BOUND('',#2060,.T.);
#2240=FACE_BOUND('',#2061,.T.);
#2241=FACE_BOUND('',#2062,.T.);
#2242=FACE_BOUND('',#2063,.T.);
#2243=FACE_BOUND('',#2064,.T.);
#2244=FACE_BOUND('',#2065,.T.);
#2245=FACE_BOUND('',#2066,.T.);
#2246=FACE_BOUND('',#2067,.T.);
#2247=FACE_BOUND('',#2068,.T.);
#2248=FACE_BOUND('',#2069,.T.);
#2249=FACE_BOUND('',#2070,.T.);
#2250=FACE_BOUND('',#2071,.T.);
#2251=FACE_BOUND('',#2072,.T.);
#2252=FACE_BOUND('',#2073,.T.);
#2253=FACE_BOUND('',#2074,.T.);
#2254=FACE_BOUND('',#2075,.T.);
#2255=FACE_BOUND('',#2076,.T.);
#2256=FACE_BOUND('',#2077,.T.);
#2257=FACE_BOUND('',#2078,.T.);
#2258=FACE_BOUND('',#2079,.T.);
#2259=FACE_BOUND('',#2080,.T.);
#2260=FACE_BOUND('',#2081,.T.);
#2261=FACE_BOUND('',#2082,.T.);
#2262=FACE_BOUND('',#2083,.T.);
#2263=FACE_BOUND('',#2084,.T.);
#2264=FACE_BOUND('',#2085,.T.);
#2265=FACE_BOUND('',#2086,.T.);
#2266=FACE_BOUND('',#2087,.T.);
#2267=FACE_BOUND('',#2088,.T.);
#2268=FACE_BOUND('',#2089,.T.);
#2269=FACE_BOUND('',#2090,.T.);
#2270=FACE_BOUND('',#2091,.T.);
#2271=FACE_BOUND('',#2092,.T.);
#2272=FACE_BOUND('',#2093,.T.);
#2273=FACE_BOUND('',#2094,.T.);
#2274=FACE_BOUND('',#2095,.T.);
#2275=FACE_BOUND('',#2096,.T.);
#2276=FACE_BOUND('',#2097,.T.);
#2277=FACE_BOUND('',#2098,.T.);
#2278=FACE_BOUND('',#2099,.T.);
#2279=FACE_BOUND('',#2100,.T.);
#2280=FACE_BOUND('',#2101,.T.);
#2281=FACE_BOUND('',#2102,.T.);
#2282=FACE_BOUND('',#2103,.T.);
#2283=FACE_BOUND('',#2104,.T.);
#2284=FACE_BOUND('',#2105,.T.);
#2285=FACE_BOUND('',#2106,.T.);
#2286=FACE_BOUND('',#2107,.T.);
#2287=FACE_BOUND('',#2108,.T.);
#2288=FACE_BOUND('',#2109,.T.);
#2289=FACE_BOUND('',#2110,.T.);
#2290=FACE_BOUND('',#2111,.T.);
#2291=FACE_BOUND('',#2112,.T.);
#2292=FACE_BOUND('',#2113,.T.);
#2293=FACE_BOUND('',#2114,.T.);
#2294=FACE_BOUND('',#2115,.T.);
#2295=FACE_BOUND('',#2116,.T.);
#2296=FACE_BOUND('',#2117,.T.);
#2297=FACE_BOUND('',#2118,.T.);
#2298=FACE_BOUND('',#2119,.T.);
#2299=FACE_BOUND('',#2120,.T.);
#2300=FACE_BOUND('',#2121,.T.);
#2301=FACE_BOUND('',#2122,.T.);
#2302=FACE_BOUND('',#2123,.T.);
#2303=FACE_BOUND('',#2124,.T.);
#2304=FACE_BOUND('',#2125,.T.);
#2305=FACE_BOUND('',#2126,.T.);
#2306=FACE_BOUND('',#2127,.T.);
#2307=FACE_BOUND('',#2128,.T.);
#2308=FACE_BOUND('',#2129,.T.);
#2309=FACE_BOUND('',#2130,.T.);
#2310=FACE_BOUND('',#2131,.T.);
#2311=FACE_BOUND('',#2132,.T.);
#2312=FACE_BOUND('',#2133,.T.);
#2313=FACE_BOUND('',#2134,.T.);
#2314=FACE_BOUND('',#2135,.T.);
#2315=FACE_BOUND('',#2136,.T.);
#2316=FACE_BOUND('',#2137,.T.);
#2317=FACE_BOUND('',#2138,.T.);
#2318=FACE_BOUND('',#2139,.T.);
#2319=FACE_BOUND('',#2140,.T.);
#2320=FACE_BOUND('',#2141,.T.);
#2321=FACE_BOUND('',#2142,.T.);
#2322=FACE_BOUND('',#2143,.T.);
#2323=FACE_BOUND('',#2144,.T.);
#2324=FACE_BOUND('',#2145,.T.);
#2325=FACE_BOUND('',#2146,.T.);
#2326=FACE_BOUND('',#2147,.T.);
#2327=FACE_BOUND('',#2148,.T.);
#2328=FACE_BOUND('',#2149,.T.);
#2329=FACE_BOUND('',#2150,.T.);
#2330=FACE_BOUND('',#2151,.T.);
#2331=FACE_BOUND('',#2152,.T.);
#2332=FACE_BOUND('',#2153,.T.);
#2333=FACE_BOUND('',#2154,.T.);
#2334=FACE_BOUND('',#2155,.T.);
#2335=FACE_BOUND('',#2156,.T.);
#2336=FACE_BOUND('',#2157,.T.);
#2337=FACE_BOUND('',#2158,.T.);
#2338=FACE_BOUND('',#2159,.T.);
#2339=FACE_BOUND('',#2160,.T.);
#2340=FACE_BOUND('',#2161,.T.);
#2341=FACE_BOUND('',#2162,.T.);
#2342=FACE_BOUND('',#2163,.T.);
#2343=FACE_BOUND('',#2164,.T.);
#2344=FACE_BOUND('',#2165,.T.);
#2345=FACE_BOUND('',#2166,.T.);
#2346=FACE_BOUND('',#2167,.T.);
#2347=FACE_BOUND('',#2168,.T.);
#2348=FACE_BOUND('',#2169,.T.);
#2349=FACE_BOUND('',#2170,.T.);
#2350=FACE_BOUND('',#2171,.T.);
#2351=FACE_BOUND('',#2172,.T.);
#2352=FACE_BOUND('',#2173,.T.);
#2353=FACE_BOUND('',#2174,.T.);
#2354=PLANE('',#2608);
#2355=PLANE('',#2609);
#2356=PLANE('',#2610);
#2357=PLANE('',#2630);
#2358=PLANE('',#2631);
#2359=PLANE('',#2632);
#2360=PLANE('',#2633);
#2361=PLANE('',#2634);
#2362=PLANE('',#2635);
#2363=PLANE('',#2636);
#2364=PLANE('',#2640);
#2365=PLANE('',#2641);
#2366=PLANE('',#2643);
#2367=PLANE('',#2644);
#2368=PLANE('',#2645);
#2369=PLANE('',#2646);
#2370=PLANE('',#2647);
#2371=PLANE('',#2648);
#2372=PLANE('',#2649);
#2373=PLANE('',#2650);
#2374=PLANE('',#2651);
#2375=PLANE('',#2652);
#2376=PLANE('',#2671);
#2377=PLANE('',#2672);
#2378=PLANE('',#2683);
#2379=PLANE('',#2690);
#2380=PLANE('',#2700);
#2381=PLANE('',#2709);
#2382=PLANE('',#2710);
#2383=PLANE('',#2711);
#2384=PLANE('',#2715);
#2385=PLANE('',#2719);
#2386=PLANE('',#2727);
#2387=PLANE('',#2734);
#2388=PLANE('',#2735);
#2389=PLANE('',#2736);
#2390=PLANE('',#2737);
#2391=PLANE('',#2738);
#2392=PLANE('',#2739);
#2393=PLANE('',#2740);
#2394=PLANE('',#2741);
#2395=PLANE('',#2742);
#2396=PLANE('',#2743);
#2397=PLANE('',#2744);
#2398=PLANE('',#2745);
#2399=PLANE('',#2746);
#2400=PLANE('',#2747);
#2401=PLANE('',#2748);
#2402=PLANE('',#2749);
#2403=PLANE('',#2750);
#2404=PLANE('',#2751);
#2405=PLANE('',#2752);
#2406=PLANE('',#2753);
#2407=PLANE('',#2754);
#2408=PLANE('',#2755);
#2409=PLANE('',#2756);
#2410=PLANE('',#2757);
#2411=PLANE('',#2758);
#2412=PLANE('',#2759);
#2413=PLANE('',#2760);
#2414=PLANE('',#2761);
#2415=PLANE('',#2762);
#2416=PLANE('',#2763);
#2417=PLANE('',#2764);
#2418=PLANE('',#2765);
#2419=PLANE('',#2769);
#2420=PLANE('',#2773);
#2421=PLANE('',#2777);
#2422=PLANE('',#2781);
#2423=PLANE('',#2785);
#2424=PLANE('',#2789);
#2425=PLANE('',#2790);
#2426=PLANE('',#2791);
#2427=PLANE('',#2827);
#2428=PLANE('',#2828);
#2429=PLANE('',#2830);
#2430=PLANE('',#2832);
#2431=PLANE('',#2836);
#2432=PLANE('',#2840);
#2433=PLANE('',#2842);
#2434=PLANE('',#2846);
#2435=PLANE('',#2857);
#2436=PLANE('',#2858);
#2437=PLANE('',#2859);
#2438=ADVANCED_FACE('',(#2175),#2354,.F.);
#2439=ADVANCED_FACE('',(#2176),#2355,.F.);
#2440=ADVANCED_FACE('',(#2177,#2178,#2179,#2180,#2181,#2182,#2183),#2356,
 .F.);
#2441=ADVANCED_FACE('',(#2184),#2357,.T.);
#2442=ADVANCED_FACE('',(#2185),#2358,.T.);
#2443=ADVANCED_FACE('',(#2186),#2359,.T.);
#2444=ADVANCED_FACE('',(#2187),#2360,.T.);
#2445=ADVANCED_FACE('',(#2188),#2361,.T.);
#2446=ADVANCED_FACE('',(#2189),#2362,.F.);
#2447=ADVANCED_FACE('',(#2190,#2191,#2192),#2363,.F.);
#2448=ADVANCED_FACE('',(#2193),#2364,.T.);
#2449=ADVANCED_FACE('',(#2194),#2365,.F.);
#2450=ADVANCED_FACE('',(#2195),#2366,.T.);
#2451=ADVANCED_FACE('',(#2196,#2197,#2198),#2367,.T.);
#2452=ADVANCED_FACE('',(#2199),#2368,.T.);
#2453=ADVANCED_FACE('',(#2200),#2369,.F.);
#2454=ADVANCED_FACE('',(#2201),#2370,.T.);
#2455=ADVANCED_FACE('',(#2202),#2371,.F.);
#2456=ADVANCED_FACE('',(#2203),#2372,.F.);
#2457=ADVANCED_FACE('',(#2204),#2373,.T.);
#2458=ADVANCED_FACE('',(#2205),#2374,.F.);
#2459=ADVANCED_FACE('',(#2206),#2375,.F.);
#2460=ADVANCED_FACE('',(#2207),#34,.F.);
#2461=ADVANCED_FACE('',(#2208),#35,.F.);
#2462=ADVANCED_FACE('',(#2209),#36,.T.);
#2463=ADVANCED_FACE('',(#2210),#37,.T.);
#2464=ADVANCED_FACE('',(#2211),#38,.T.);
#2465=ADVANCED_FACE('',(#2212),#39,.T.);
#2466=ADVANCED_FACE('',(#2213),#2376,.T.);
#2467=ADVANCED_FACE('',(#2214),#2377,.T.);
#2468=ADVANCED_FACE('',(#2215),#40,.T.);
#2469=ADVANCED_FACE('',(#2216),#41,.F.);
#2470=ADVANCED_FACE('',(#2217),#42,.F.);
#2471=ADVANCED_FACE('',(#2218),#2378,.F.);
#2472=ADVANCED_FACE('',(#2219),#2379,.F.);
#2473=ADVANCED_FACE('',(#2220),#43,.T.);
#2474=ADVANCED_FACE('',(#2221),#44,.F.);
#2475=ADVANCED_FACE('',(#2222),#45,.F.);
#2476=ADVANCED_FACE('',(#2223),#2380,.T.);
#2477=ADVANCED_FACE('',(#2224),#46,.F.);
#2478=ADVANCED_FACE('',(#2225),#47,.F.);
#2479=ADVANCED_FACE('',(#2226),#48,.T.);
#2480=ADVANCED_FACE('',(#2227),#2381,.T.);
#2481=ADVANCED_FACE('',(#2228),#2382,.T.);
#2482=ADVANCED_FACE('',(#2229),#2383,.T.);
#2483=ADVANCED_FACE('',(#2230),#49,.F.);
#2484=ADVANCED_FACE('',(#2231),#2384,.T.);
#2485=ADVANCED_FACE('',(#2232),#50,.F.);
#2486=ADVANCED_FACE('',(#2233),#2385,.F.);
#2487=ADVANCED_FACE('',(#2234),#51,.T.);
#2488=ADVANCED_FACE('',(#2235),#52,.F.);
#2489=ADVANCED_FACE('',(#2236),#53,.F.);
#2490=ADVANCED_FACE('',(#2237),#2386,.T.);
#2491=ADVANCED_FACE('',(#2238),#54,.F.);
#2492=ADVANCED_FACE('',(#2239),#55,.F.);
#2493=ADVANCED_FACE('',(#2240),#56,.T.);
#2494=ADVANCED_FACE('',(#2241),#2387,.T.);
#2495=ADVANCED_FACE('',(#2242),#2388,.F.);
#2496=ADVANCED_FACE('',(#2243),#2389,.T.);
#2497=ADVANCED_FACE('',(#2244),#2390,.T.);
#2498=ADVANCED_FACE('',(#2245),#2391,.F.);
#2499=ADVANCED_FACE('',(#2246),#2392,.F.);
#2500=ADVANCED_FACE('',(#2247),#2393,.T.);
#2501=ADVANCED_FACE('',(#2248),#2394,.T.);
#2502=ADVANCED_FACE('',(#2249),#2395,.F.);
#2503=ADVANCED_FACE('',(#2250),#2396,.F.);
#2504=ADVANCED_FACE('',(#2251),#2397,.T.);
#2505=ADVANCED_FACE('',(#2252),#2398,.F.);
#2506=ADVANCED_FACE('',(#2253),#2399,.T.);
#2507=ADVANCED_FACE('',(#2254),#2400,.F.);
#2508=ADVANCED_FACE('',(#2255),#2401,.T.);
#2509=ADVANCED_FACE('',(#2256),#2402,.F.);
#2510=ADVANCED_FACE('',(#2257),#2403,.F.);
#2511=ADVANCED_FACE('',(#2258),#2404,.F.);
#2512=ADVANCED_FACE('',(#2259),#2405,.F.);
#2513=ADVANCED_FACE('',(#2260),#2406,.F.);
#2514=ADVANCED_FACE('',(#2261),#2407,.F.);
#2515=ADVANCED_FACE('',(#2262),#2408,.T.);
#2516=ADVANCED_FACE('',(#2263),#2409,.T.);
#2517=ADVANCED_FACE('',(#2264),#2410,.T.);
#2518=ADVANCED_FACE('',(#2265),#2411,.F.);
#2519=ADVANCED_FACE('',(#2266),#2412,.T.);
#2520=ADVANCED_FACE('',(#2267),#2413,.T.);
#2521=ADVANCED_FACE('',(#2268),#2414,.T.);
#2522=ADVANCED_FACE('',(#2269),#2415,.T.);
#2523=ADVANCED_FACE('',(#2270),#2416,.F.);
#2524=ADVANCED_FACE('',(#2271),#2417,.T.);
#2525=ADVANCED_FACE('',(#2272),#2418,.F.);
#2526=ADVANCED_FACE('',(#2273,#2274),#57,.F.);
#2527=ADVANCED_FACE('',(#2275),#2419,.T.);
#2528=ADVANCED_FACE('',(#2276,#2277),#58,.F.);
#2529=ADVANCED_FACE('',(#2278),#2420,.T.);
#2530=ADVANCED_FACE('',(#2279,#2280),#59,.F.);
#2531=ADVANCED_FACE('',(#2281),#2421,.T.);
#2532=ADVANCED_FACE('',(#2282,#2283),#60,.F.);
#2533=ADVANCED_FACE('',(#2284),#2422,.T.);
#2534=ADVANCED_FACE('',(#2285,#2286),#61,.F.);
#2535=ADVANCED_FACE('',(#2287),#2423,.T.);
#2536=ADVANCED_FACE('',(#2288,#2289),#62,.F.);
#2537=ADVANCED_FACE('',(#2290),#2424,.T.);
#2538=ADVANCED_FACE('',(#2291),#2425,.F.);
#2539=ADVANCED_FACE('',(#2292),#2426,.T.);
#2540=ADVANCED_FACE('',(#2293),#63,.F.);
#2541=ADVANCED_FACE('',(#2294),#64,.F.);
#2542=ADVANCED_FACE('',(#2295),#65,.F.);
#2543=ADVANCED_FACE('',(#2296),#31,.F.);
#2544=ADVANCED_FACE('',(#2297),#30,.F.);
#2545=ADVANCED_FACE('',(#2298),#66,.F.);
#2546=ADVANCED_FACE('',(#2299),#67,.F.);
#2547=ADVANCED_FACE('',(#2300),#32,.F.);
#2548=ADVANCED_FACE('',(#2301),#68,.F.);
#2549=ADVANCED_FACE('',(#2302),#69,.F.);
#2550=ADVANCED_FACE('',(#2303),#33,.F.);
#2551=ADVANCED_FACE('',(#2304),#70,.F.);
#2552=ADVANCED_FACE('',(#2305),#71,.F.);
#2553=ADVANCED_FACE('',(#2306),#72,.T.);
#2554=ADVANCED_FACE('',(#2307),#73,.T.);
#2555=ADVANCED_FACE('',(#2308),#74,.T.);
#2556=ADVANCED_FACE('',(#2309),#75,.T.);
#2557=ADVANCED_FACE('',(#2310),#76,.T.);
#2558=ADVANCED_FACE('',(#2311),#77,.T.);
#2559=ADVANCED_FACE('',(#2312),#78,.T.);
#2560=ADVANCED_FACE('',(#2313),#79,.T.);
#2561=ADVANCED_FACE('',(#2314),#80,.T.);
#2562=ADVANCED_FACE('',(#2315),#81,.T.);
#2563=ADVANCED_FACE('',(#2316),#2427,.T.);
#2564=ADVANCED_FACE('',(#2317),#2428,.T.);
#2565=ADVANCED_FACE('',(#2318),#12,.F.);
#2566=ADVANCED_FACE('',(#2319),#2429,.T.);
#2567=ADVANCED_FACE('',(#2320),#13,.F.);
#2568=ADVANCED_FACE('',(#2321),#2430,.F.);
#2569=ADVANCED_FACE('',(#2322),#14,.T.);
#2570=ADVANCED_FACE('',(#2323),#15,.F.);
#2571=ADVANCED_FACE('',(#2324),#16,.F.);
#2572=ADVANCED_FACE('',(#2325),#2431,.T.);
#2573=ADVANCED_FACE('',(#2326),#17,.F.);
#2574=ADVANCED_FACE('',(#2327),#18,.F.);
#2575=ADVANCED_FACE('',(#2328),#19,.T.);
#2576=ADVANCED_FACE('',(#2329),#2432,.T.);
#2577=ADVANCED_FACE('',(#2330),#20,.F.);
#2578=ADVANCED_FACE('',(#2331),#2433,.T.);
#2579=ADVANCED_FACE('',(#2332),#21,.F.);
#2580=ADVANCED_FACE('',(#2333),#22,.F.);
#2581=ADVANCED_FACE('',(#2334),#23,.T.);
#2582=ADVANCED_FACE('',(#2335),#2434,.F.);
#2583=ADVANCED_FACE('',(#2336),#82,.T.);
#2584=ADVANCED_FACE('',(#2337),#83,.T.);
#2585=ADVANCED_FACE('',(#2338,#2339),#24,.F.);
#2586=ADVANCED_FACE('',(#2340,#2341),#25,.F.);
#2587=ADVANCED_FACE('',(#2342,#2343),#26,.F.);
#2588=ADVANCED_FACE('',(#2344,#2345),#27,.F.);
#2589=ADVANCED_FACE('',(#2346,#2347),#28,.F.);
#2590=ADVANCED_FACE('',(#2348,#2349),#29,.F.);
#2591=ADVANCED_FACE('',(#2350),#84,.F.);
#2592=ADVANCED_FACE('',(#2351),#2435,.T.);
#2593=ADVANCED_FACE('',(#2352),#2436,.T.);
#2594=ADVANCED_FACE('',(#2353),#2437,.T.);
#2595=CLOSED_SHELL('',(#2438,#2439,#2440,#2441,#2442,#2443,#2444,#2445,
#2446,#2447,#2448,#2449,#2450,#2451,#2452,#2453,#2454,#2455,#2456,#2457,
#2458,#2459,#2460,#2461,#2462,#2463,#2464,#2465,#2466,#2467,#2468,#2469,
#2470,#2471,#2472,#2473,#2474,#2475,#2476,#2477,#2478,#2479,#2480,#2481,
#2482,#2483,#2484,#2485,#2486,#2487,#2488,#2489,#2490,#2491,#2492,#2493,
#2494,#2495,#2496,#2497,#2498,#2499,#2500,#2501,#2502,#2503,#2504,#2505,
#2506,#2507,#2508,#2509,#2510,#2511,#2512,#2513,#2514,#2515,#2516,#2517,
#2518,#2519,#2520,#2521,#2522,#2523,#2524,#2525,#2526,#2527,#2528,#2529,
#2530,#2531,#2532,#2533,#2534,#2535,#2536,#2537,#2538,#2539,#2540,#2541,
#2542,#2543,#2544,#2545,#2546,#2547,#2548,#2549,#2550,#2551,#2552,#2553,
#2554,#2555,#2556,#2557,#2558,#2559,#2560,#2561,#2562,#2563,#2564,#2565,
#2566,#2567,#2568,#2569,#2570,#2571,#2572,#2573,#2574,#2575,#2576,#2577,
#2578,#2579,#2580,#2581,#2582,#2583,#2584,#2585,#2586,#2587,#2588,#2589,
#2590,#2591,#2592,#2593,#2594));
#2596=STYLED_ITEM('',(#2597),#2604);
#2597=PRESENTATION_STYLE_ASSIGNMENT((#2598));
#2598=SURFACE_STYLE_USAGE(.BOTH.,#2599);
#2599=SURFACE_SIDE_STYLE('',(#2600));
#2600=SURFACE_STYLE_FILL_AREA(#2601);
#2601=FILL_AREA_STYLE('',(#2602));
#2602=FILL_AREA_STYLE_COLOUR('',#2603);
#2603=COLOUR_RGB('',0.141176470588235,0.694117647058824,0.650980392156863);
#2604=MANIFOLD_SOLID_BREP('Part 2',#2595);
#2605=SHAPE_DEFINITION_REPRESENTATION(#4420,#2606);
#2606=SHAPE_REPRESENTATION('Part 2',(#2607),#4415);
#2607=AXIS2_PLACEMENT_3D('',#3614,#2860,#2861);
#2608=AXIS2_PLACEMENT_3D('',#3615,#2862,#2863);
#2609=AXIS2_PLACEMENT_3D('',#3628,#2870,#2871);
#2610=AXIS2_PLACEMENT_3D('',#3634,#2875,#2876);
#2611=AXIS2_PLACEMENT_3D('',#3635,#2877,#2878);
#2612=AXIS2_PLACEMENT_3D('',#3637,#2879,#2880);
#2613=AXIS2_PLACEMENT_3D('',#3639,#2881,#2882);
#2614=AXIS2_PLACEMENT_3D('',#3641,#2883,#2884);
#2615=AXIS2_PLACEMENT_3D('',#3643,#2885,#2886);
#2616=AXIS2_PLACEMENT_3D('',#3645,#2887,#2888);
#2617=AXIS2_PLACEMENT_3D('',#3662,#2896,#2897);
#2618=AXIS2_PLACEMENT_3D('',#3664,#2898,#2899);
#2619=AXIS2_PLACEMENT_3D('',#3666,#2900,#2901);
#2620=AXIS2_PLACEMENT_3D('',#3670,#2903,#2904);
#2621=AXIS2_PLACEMENT_3D('',#3672,#2905,#2906);
#2622=AXIS2_PLACEMENT_3D('',#3674,#2907,#2908);
#2623=AXIS2_PLACEMENT_3D('',#3678,#2910,#2911);
#2624=AXIS2_PLACEMENT_3D('',#3682,#2913,#2914);
#2625=AXIS2_PLACEMENT_3D('',#3688,#2917,#2918);
#2626=AXIS2_PLACEMENT_3D('',#3690,#2919,#2920);
#2627=AXIS2_PLACEMENT_3D('',#3694,#2922,#2923);
#2628=AXIS2_PLACEMENT_3D('',#3696,#2924,#2925);
#2629=AXIS2_PLACEMENT_3D('',#3698,#2926,#2927);
#2630=AXIS2_PLACEMENT_3D('',#3703,#2930,#2931);
#2631=AXIS2_PLACEMENT_3D('',#3712,#2936,#2937);
#2632=AXIS2_PLACEMENT_3D('',#3721,#2942,#2943);
#2633=AXIS2_PLACEMENT_3D('',#3730,#2948,#2949);
#2634=AXIS2_PLACEMENT_3D('',#3739,#2954,#2955);
#2635=AXIS2_PLACEMENT_3D('',#3748,#2960,#2961);
#2636=AXIS2_PLACEMENT_3D('',#3757,#2966,#2967);
#2637=AXIS2_PLACEMENT_3D('',#3794,#2983,#2984);
#2638=AXIS2_PLACEMENT_3D('',#3798,#2986,#2987);
#2639=AXIS2_PLACEMENT_3D('',#3802,#2989,#2990);
#2640=AXIS2_PLACEMENT_3D('',#3825,#3002,#3003);
#2641=AXIS2_PLACEMENT_3D('',#3834,#3008,#3009);
#2642=AXIS2_PLACEMENT_3D('',#3841,#3013,#3014);
#2643=AXIS2_PLACEMENT_3D('',#3842,#3015,#3016);
#2644=AXIS2_PLACEMENT_3D('',#3851,#3021,#3022);
#2645=AXIS2_PLACEMENT_3D('',#3892,#3043,#3044);
#2646=AXIS2_PLACEMENT_3D('',#3905,#3051,#3052);
#2647=AXIS2_PLACEMENT_3D('',#3908,#3055,#3056);
#2648=AXIS2_PLACEMENT_3D('',#3911,#3059,#3060);
#2649=AXIS2_PLACEMENT_3D('',#3914,#3063,#3064);
#2650=AXIS2_PLACEMENT_3D('',#3917,#3067,#3068);
#2651=AXIS2_PLACEMENT_3D('',#3920,#3071,#3072);
#2652=AXIS2_PLACEMENT_3D('',#3923,#3075,#3076);
#2653=AXIS2_PLACEMENT_3D('',#3928,#3080,#3081);
#2654=AXIS2_PLACEMENT_3D('',#3929,#3082,#3083);
#2655=AXIS2_PLACEMENT_3D('',#3930,#3084,#3085);
#2656=AXIS2_PLACEMENT_3D('',#3931,#3086,#3087);
#2657=AXIS2_PLACEMENT_3D('',#3932,#3088,#3089);
#2658=AXIS2_PLACEMENT_3D('',#3933,#3090,#3091);
#2659=AXIS2_PLACEMENT_3D('',#3934,#3092,#3093);
#2660=AXIS2_PLACEMENT_3D('',#3935,#3094,#3095);
#2661=AXIS2_PLACEMENT_3D('',#3936,#3096,#3097);
#2662=AXIS2_PLACEMENT_3D('',#3937,#3098,#3099);
#2663=AXIS2_PLACEMENT_3D('',#3938,#3100,#3101);
#2664=AXIS2_PLACEMENT_3D('',#3939,#3102,#3103);
#2665=AXIS2_PLACEMENT_3D('',#3940,#3104,#3105);
#2666=AXIS2_PLACEMENT_3D('',#3941,#3106,#3107);
#2667=AXIS2_PLACEMENT_3D('',#3942,#3108,#3109);
#2668=AXIS2_PLACEMENT_3D('',#3943,#3110,#3111);
#2669=AXIS2_PLACEMENT_3D('',#3944,#3112,#3113);
#2670=AXIS2_PLACEMENT_3D('',#3945,#3114,#3115);
#2671=AXIS2_PLACEMENT_3D('',#3946,#3116,#3117);
#2672=AXIS2_PLACEMENT_3D('',#3949,#3120,#3121);
#2673=AXIS2_PLACEMENT_3D('',#3952,#3124,#3125);
#2674=AXIS2_PLACEMENT_3D('',#3953,#3126,#3127);
#2675=AXIS2_PLACEMENT_3D('',#3954,#3128,#3129);
#2676=AXIS2_PLACEMENT_3D('',#3956,#3130,#3131);
#2677=AXIS2_PLACEMENT_3D('',#3957,#3132,#3133);
#2678=AXIS2_PLACEMENT_3D('',#3958,#3134,#3135);
#2679=AXIS2_PLACEMENT_3D('',#3959,#3136,#3137);
#2680=AXIS2_PLACEMENT_3D('',#3960,#3138,#3139);
#2681=AXIS2_PLACEMENT_3D('',#3961,#3140,#3141);
#2682=AXIS2_PLACEMENT_3D('',#3962,#3142,#3143);
#2683=AXIS2_PLACEMENT_3D('',#3963,#3144,#3145);
#2684=AXIS2_PLACEMENT_3D('',#3967,#3147,#3148);
#2685=AXIS2_PLACEMENT_3D('',#3969,#3149,#3150);
#2686=AXIS2_PLACEMENT_3D('',#3971,#3151,#3152);
#2687=AXIS2_PLACEMENT_3D('',#3975,#3154,#3155);
#2688=AXIS2_PLACEMENT_3D('',#3977,#3156,#3157);
#2689=AXIS2_PLACEMENT_3D('',#3979,#3158,#3159);
#2690=AXIS2_PLACEMENT_3D('',#3980,#3160,#3161);
#2691=AXIS2_PLACEMENT_3D('',#3988,#3166,#3167);
#2692=AXIS2_PLACEMENT_3D('',#3989,#3168,#3169);
#2693=AXIS2_PLACEMENT_3D('',#3993,#3171,#3172);
#2694=AXIS2_PLACEMENT_3D('',#3994,#3173,#3174);
#2695=AXIS2_PLACEMENT_3D('',#3995,#3175,#3176);
#2696=AXIS2_PLACEMENT_3D('',#3999,#3178,#3179);
#2697=AXIS2_PLACEMENT_3D('',#4000,#3180,#3181);
#2698=AXIS2_PLACEMENT_3D('',#4001,#3182,#3183);
#2699=AXIS2_PLACEMENT_3D('',#4005,#3185,#3186);
#2700=AXIS2_PLACEMENT_3D('',#4006,#3187,#3188);
#2701=AXIS2_PLACEMENT_3D('',#4012,#3192,#3193);
#2702=AXIS2_PLACEMENT_3D('',#4013,#3194,#3195);
#2703=AXIS2_PLACEMENT_3D('',#4017,#3197,#3198);
#2704=AXIS2_PLACEMENT_3D('',#4018,#3199,#3200);
#2705=AXIS2_PLACEMENT_3D('',#4026,#3202,#3203);
#2706=AXIS2_PLACEMENT_3D('',#4027,#3204,#3205);
#2707=AXIS2_PLACEMENT_3D('',#4032,#3206,#3207);
#2708=AXIS2_PLACEMENT_3D('',#4045,#3211,#3212);
#2709=AXIS2_PLACEMENT_3D('',#4046,#3213,#3214);
#2710=AXIS2_PLACEMENT_3D('',#4055,#3217,#3218);
#2711=AXIS2_PLACEMENT_3D('',#4061,#3222,#3223);
#2712=AXIS2_PLACEMENT_3D('',#4067,#3227,#3228);
#2713=AXIS2_PLACEMENT_3D('',#4068,#3229,#3230);
#2714=AXIS2_PLACEMENT_3D('',#4072,#3232,#3233);
#2715=AXIS2_PLACEMENT_3D('',#4073,#3234,#3235);
#2716=AXIS2_PLACEMENT_3D('',#4079,#3239,#3240);
#2717=AXIS2_PLACEMENT_3D('',#4080,#3241,#3242);
#2718=AXIS2_PLACEMENT_3D('',#4084,#3244,#3245);
#2719=AXIS2_PLACEMENT_3D('',#4085,#3246,#3247);
#2720=AXIS2_PLACEMENT_3D('',#4093,#3252,#3253);
#2721=AXIS2_PLACEMENT_3D('',#4094,#3254,#3255);
#2722=AXIS2_PLACEMENT_3D('',#4099,#3258,#3259);
#2723=AXIS2_PLACEMENT_3D('',#4100,#3260,#3261);
#2724=AXIS2_PLACEMENT_3D('',#4101,#3262,#3263);
#2725=AXIS2_PLACEMENT_3D('',#4104,#3265,#3266);
#2726=AXIS2_PLACEMENT_3D('',#4105,#3267,#3268);
#2727=AXIS2_PLACEMENT_3D('',#4108,#3270,#3271);
#2728=AXIS2_PLACEMENT_3D('',#4112,#3274,#3275);
#2729=AXIS2_PLACEMENT_3D('',#4113,#3276,#3277);
#2730=AXIS2_PLACEMENT_3D('',#4116,#3279,#3280);
#2731=AXIS2_PLACEMENT_3D('',#4117,#3281,#3282);
#2732=AXIS2_PLACEMENT_3D('',#4120,#3284,#3285);
#2733=AXIS2_PLACEMENT_3D('',#4121,#3286,#3287);
#2734=AXIS2_PLACEMENT_3D('',#4124,#3289,#3290);
#2735=AXIS2_PLACEMENT_3D('',#4129,#3294,#3295);
#2736=AXIS2_PLACEMENT_3D('',#4132,#3298,#3299);
#2737=AXIS2_PLACEMENT_3D('',#4135,#3302,#3303);
#2738=AXIS2_PLACEMENT_3D('',#4144,#3308,#3309);
#2739=AXIS2_PLACEMENT_3D('',#4150,#3313,#3314);
#2740=AXIS2_PLACEMENT_3D('',#4156,#3318,#3319);
#2741=AXIS2_PLACEMENT_3D('',#4165,#3324,#3325);
#2742=AXIS2_PLACEMENT_3D('',#4171,#3329,#3330);
#2743=AXIS2_PLACEMENT_3D('',#4177,#3334,#3335);
#2744=AXIS2_PLACEMENT_3D('',#4180,#3338,#3339);
#2745=AXIS2_PLACEMENT_3D('',#4183,#3342,#3343);
#2746=AXIS2_PLACEMENT_3D('',#4185,#3345,#3346);
#2747=AXIS2_PLACEMENT_3D('',#4187,#3348,#3349);
#2748=AXIS2_PLACEMENT_3D('',#4189,#3351,#3352);
#2749=AXIS2_PLACEMENT_3D('',#4200,#3358,#3359);
#2750=AXIS2_PLACEMENT_3D('',#4205,#3363,#3364);
#2751=AXIS2_PLACEMENT_3D('',#4208,#3367,#3368);
#2752=AXIS2_PLACEMENT_3D('',#4209,#3369,#3370);
#2753=AXIS2_PLACEMENT_3D('',#4212,#3373,#3374);
#2754=AXIS2_PLACEMENT_3D('',#4214,#3376,#3377);
#2755=AXIS2_PLACEMENT_3D('',#4216,#3379,#3380);
#2756=AXIS2_PLACEMENT_3D('',#4217,#3381,#3382);
#2757=AXIS2_PLACEMENT_3D('',#4220,#3385,#3386);
#2758=AXIS2_PLACEMENT_3D('',#4222,#3388,#3389);
#2759=AXIS2_PLACEMENT_3D('',#4224,#3391,#3392);
#2760=AXIS2_PLACEMENT_3D('',#4225,#3393,#3394);
#2761=AXIS2_PLACEMENT_3D('',#4226,#3395,#3396);
#2762=AXIS2_PLACEMENT_3D('',#4229,#3399,#3400);
#2763=AXIS2_PLACEMENT_3D('',#4231,#3402,#3403);
#2764=AXIS2_PLACEMENT_3D('',#4233,#3405,#3406);
#2765=AXIS2_PLACEMENT_3D('',#4235,#3408,#3409);
#2766=AXIS2_PLACEMENT_3D('',#4237,#3411,#3412);
#2767=AXIS2_PLACEMENT_3D('',#4238,#3413,#3414);
#2768=AXIS2_PLACEMENT_3D('',#4240,#3415,#3416);
#2769=AXIS2_PLACEMENT_3D('',#4242,#3417,#3418);
#2770=AXIS2_PLACEMENT_3D('',#4243,#3419,#3420);
#2771=AXIS2_PLACEMENT_3D('',#4244,#3421,#3422);
#2772=AXIS2_PLACEMENT_3D('',#4246,#3423,#3424);
#2773=AXIS2_PLACEMENT_3D('',#4248,#3425,#3426);
#2774=AXIS2_PLACEMENT_3D('',#4249,#3427,#3428);
#2775=AXIS2_PLACEMENT_3D('',#4250,#3429,#3430);
#2776=AXIS2_PLACEMENT_3D('',#4252,#3431,#3432);
#2777=AXIS2_PLACEMENT_3D('',#4254,#3433,#3434);
#2778=AXIS2_PLACEMENT_3D('',#4255,#3435,#3436);
#2779=AXIS2_PLACEMENT_3D('',#4256,#3437,#3438);
#2780=AXIS2_PLACEMENT_3D('',#4258,#3439,#3440);
#2781=AXIS2_PLACEMENT_3D('',#4260,#3441,#3442);
#2782=AXIS2_PLACEMENT_3D('',#4261,#3443,#3444);
#2783=AXIS2_PLACEMENT_3D('',#4262,#3445,#3446);
#2784=AXIS2_PLACEMENT_3D('',#4264,#3447,#3448);
#2785=AXIS2_PLACEMENT_3D('',#4266,#3449,#3450);
#2786=AXIS2_PLACEMENT_3D('',#4267,#3451,#3452);
#2787=AXIS2_PLACEMENT_3D('',#4268,#3453,#3454);
#2788=AXIS2_PLACEMENT_3D('',#4270,#3455,#3456);
#2789=AXIS2_PLACEMENT_3D('',#4272,#3457,#3458);
#2790=AXIS2_PLACEMENT_3D('',#4273,#3459,#3460);
#2791=AXIS2_PLACEMENT_3D('',#4275,#3462,#3463);
#2792=AXIS2_PLACEMENT_3D('',#4276,#3464,#3465);
#2793=AXIS2_PLACEMENT_3D('',#4277,#3466,#3467);
#2794=AXIS2_PLACEMENT_3D('',#4278,#3468,#3469);
#2795=AXIS2_PLACEMENT_3D('',#4279,#3470,#3471);
#2796=AXIS2_PLACEMENT_3D('',#4280,#3472,#3473);
#2797=AXIS2_PLACEMENT_3D('',#4281,#3474,#3475);
#2798=AXIS2_PLACEMENT_3D('',#4286,#3476,#3477);
#2799=AXIS2_PLACEMENT_3D('',#4287,#3478,#3479);
#2800=AXIS2_PLACEMENT_3D('',#4304,#3480,#3481);
#2801=AXIS2_PLACEMENT_3D('',#4309,#3482,#3483);
#2802=AXIS2_PLACEMENT_3D('',#4314,#3484,#3485);
#2803=AXIS2_PLACEMENT_3D('',#4315,#3486,#3487);
#2804=AXIS2_PLACEMENT_3D('',#4316,#3488,#3489);
#2805=AXIS2_PLACEMENT_3D('',#4317,#3490,#3491);
#2806=AXIS2_PLACEMENT_3D('',#4322,#3492,#3493);
#2807=AXIS2_PLACEMENT_3D('',#4327,#3494,#3495);
#2808=AXIS2_PLACEMENT_3D('',#4332,#3496,#3497);
#2809=AXIS2_PLACEMENT_3D('',#4333,#3498,#3499);
#2810=AXIS2_PLACEMENT_3D('',#4334,#3500,#3501);
#2811=AXIS2_PLACEMENT_3D('',#4335,#3502,#3503);
#2812=AXIS2_PLACEMENT_3D('',#4336,#3504,#3505);
#2813=AXIS2_PLACEMENT_3D('',#4337,#3506,#3507);
#2814=AXIS2_PLACEMENT_3D('',#4338,#3508,#3509);
#2815=AXIS2_PLACEMENT_3D('',#4339,#3510,#3511);
#2816=AXIS2_PLACEMENT_3D('',#4340,#3512,#3513);
#2817=AXIS2_PLACEMENT_3D('',#4341,#3514,#3515);
#2818=AXIS2_PLACEMENT_3D('',#4342,#3516,#3517);
#2819=AXIS2_PLACEMENT_3D('',#4343,#3518,#3519);
#2820=AXIS2_PLACEMENT_3D('',#4344,#3520,#3521);
#2821=AXIS2_PLACEMENT_3D('',#4345,#3522,#3523);
#2822=AXIS2_PLACEMENT_3D('',#4346,#3524,#3525);
#2823=AXIS2_PLACEMENT_3D('',#4347,#3526,#3527);
#2824=AXIS2_PLACEMENT_3D('',#4348,#3528,#3529);
#2825=AXIS2_PLACEMENT_3D('',#4349,#3530,#3531);
#2826=AXIS2_PLACEMENT_3D('',#4350,#3532,#3533);
#2827=AXIS2_PLACEMENT_3D('',#4351,#3534,#3535);
#2828=AXIS2_PLACEMENT_3D('',#4353,#3537,#3538);
#2829=AXIS2_PLACEMENT_3D('',#4355,#3540,#3541);
#2830=AXIS2_PLACEMENT_3D('',#4357,#3543,#3544);
#2831=AXIS2_PLACEMENT_3D('',#4362,#3545,#3546);
#2832=AXIS2_PLACEMENT_3D('',#4364,#3548,#3549);
#2833=AXIS2_PLACEMENT_3D('',#4369,#3550,#3551);
#2834=AXIS2_PLACEMENT_3D('',#4371,#3553,#3554);
#2835=AXIS2_PLACEMENT_3D('',#4373,#3556,#3557);
#2836=AXIS2_PLACEMENT_3D('',#4378,#3558,#3559);
#2837=AXIS2_PLACEMENT_3D('',#4383,#3560,#3561);
#2838=AXIS2_PLACEMENT_3D('',#4385,#3563,#3564);
#2839=AXIS2_PLACEMENT_3D('',#4387,#3566,#3567);
#2840=AXIS2_PLACEMENT_3D('',#4389,#3569,#3570);
#2841=AXIS2_PLACEMENT_3D('',#4390,#3571,#3572);
#2842=AXIS2_PLACEMENT_3D('',#4392,#3574,#3575);
#2843=AXIS2_PLACEMENT_3D('',#4394,#3577,#3578);
#2844=AXIS2_PLACEMENT_3D('',#4396,#3580,#3581);
#2845=AXIS2_PLACEMENT_3D('',#4398,#3583,#3584);
#2846=AXIS2_PLACEMENT_3D('',#4400,#3586,#3587);
#2847=AXIS2_PLACEMENT_3D('',#4401,#3588,#3589);
#2848=AXIS2_PLACEMENT_3D('',#4402,#3590,#3591);
#2849=AXIS2_PLACEMENT_3D('',#4403,#3592,#3593);
#2850=AXIS2_PLACEMENT_3D('',#4404,#3594,#3595);
#2851=AXIS2_PLACEMENT_3D('',#4405,#3596,#3597);
#2852=AXIS2_PLACEMENT_3D('',#4406,#3598,#3599);
#2853=AXIS2_PLACEMENT_3D('',#4407,#3600,#3601);
#2854=AXIS2_PLACEMENT_3D('',#4408,#3602,#3603);
#2855=AXIS2_PLACEMENT_3D('',#4409,#3604,#3605);
#2856=AXIS2_PLACEMENT_3D('',#4410,#3606,#3607);
#2857=AXIS2_PLACEMENT_3D('',#4411,#3608,#3609);
#2858=AXIS2_PLACEMENT_3D('',#4412,#3610,#3611);
#2859=AXIS2_PLACEMENT_3D('',#4413,#3612,#3613);
#2860=DIRECTION('',(0.,0.,1.));
#2861=DIRECTION('',(1.,0.,0.));
#2862=DIRECTION('',(0.,-0.766044443118978,0.64278760968654));
#2863=DIRECTION('',(0.,-0.64278760968654,-0.766044443118978));
#2864=DIRECTION('',(0.,0.64278760968654,0.766044443118978));
#2865=DIRECTION('',(1.,6.81070641447516E-17,8.1166838375552E-17));
#2866=DIRECTION('',(1.,0.,0.));
#2867=DIRECTION('',(-0.589121309450408,0.519401059802859,0.618998079017297));
#2868=DIRECTION('',(0.540716203060934,0.540716203060939,0.644400477571773));
#2869=DIRECTION('',(-1.,0.,0.));
#2870=DIRECTION('',(0.,-1.,0.));
#2871=DIRECTION('',(0.,0.,-1.));
#2872=DIRECTION('',(0.,0.,1.));
#2873=DIRECTION('',(0.,0.,1.));
#2874=DIRECTION('',(1.,0.,0.));
#2875=DIRECTION('',(0.,0.,1.));
#2876=DIRECTION('',(1.,0.,0.));
#2877=DIRECTION('',(0.,0.,1.));
#2878=DIRECTION('',(1.,0.,0.));
#2879=DIRECTION('',(0.,0.,1.));
#2880=DIRECTION('',(1.,0.,0.));
#2881=DIRECTION('',(0.,0.,1.));
#2882=DIRECTION('',(1.,0.,0.));
#2883=DIRECTION('',(0.,0.,1.));
#2884=DIRECTION('',(1.,0.,0.));
#2885=DIRECTION('',(0.,0.,1.));
#2886=DIRECTION('',(1.,0.,0.));
#2887=DIRECTION('',(0.,0.,1.));
#2888=DIRECTION('',(1.,0.,0.));
#2889=DIRECTION('',(0.,1.,0.));
#2890=DIRECTION('',(1.,1.36214128289503E-16,0.));
#2891=DIRECTION('',(0.,1.,0.));
#2892=DIRECTION('',(1.,6.81070641447516E-17,0.));
#2893=DIRECTION('',(0.,1.,0.));
#2894=DIRECTION('',(-1.,-6.66289362204483E-8,0.));
#2895=DIRECTION('',(-1.,0.,0.));
#2896=DIRECTION('',(0.,0.,1.));
#2897=DIRECTION('',(1.,0.,0.));
#2898=DIRECTION('',(0.,0.,1.));
#2899=DIRECTION('',(1.,0.,0.));
#2900=DIRECTION('',(0.,0.,1.));
#2901=DIRECTION('',(1.,0.,0.));
#2902=DIRECTION('',(-1.,0.,0.));
#2903=DIRECTION('',(0.,0.,1.));
#2904=DIRECTION('',(1.,0.,0.));
#2905=DIRECTION('',(0.,0.,1.));
#2906=DIRECTION('',(1.,0.,0.));
#2907=DIRECTION('',(0.,0.,1.));
#2908=DIRECTION('',(1.,0.,0.));
#2909=DIRECTION('',(-1.,0.,0.));
#2910=DIRECTION('',(0.,0.,1.));
#2911=DIRECTION('',(1.,0.,0.));
#2912=DIRECTION('',(0.,-1.,0.));
#2913=DIRECTION('',(0.,0.,1.));
#2914=DIRECTION('',(1.,0.,0.));
#2915=DIRECTION('',(1.,0.,0.));
#2916=DIRECTION('',(0.99999656099397,0.00262259417997695,0.));
#2917=DIRECTION('',(-6.12323399567106E-17,2.83666415069673E-22,1.));
#2918=DIRECTION('',(-7.83686840911834E-13,-1.,2.83666367082694E-22));
#2919=DIRECTION('',(0.,0.,1.));
#2920=DIRECTION('',(1.,0.,0.));
#2921=DIRECTION('',(1.,0.,0.));
#2922=DIRECTION('',(0.,0.,1.));
#2923=DIRECTION('',(1.,0.,0.));
#2924=DIRECTION('',(0.,0.,1.));
#2925=DIRECTION('',(1.,0.,0.));
#2926=DIRECTION('',(0.,0.,1.));
#2927=DIRECTION('',(1.,0.,0.));
#2928=DIRECTION('',(1.,0.,0.));
#2929=DIRECTION('',(0.99999999999998,-1.99764511718178E-7,0.));
#2930=DIRECTION('',(1.99764511718178E-7,0.99999999999998,0.));
#2931=DIRECTION('',(-0.99999999999998,1.99764511718178E-7,0.));
#2932=DIRECTION('',(-0.99999999999998,1.99764511718178E-7,0.));
#2933=DIRECTION('',(0.,0.,-1.));
#2934=DIRECTION('',(-0.99999999999998,1.99764511718178E-7,0.));
#2935=DIRECTION('',(0.,0.,1.));
#2936=DIRECTION('',(6.66289362204483E-8,-1.,0.));
#2937=DIRECTION('',(1.,6.66289362204483E-8,0.));
#2938=DIRECTION('',(1.,6.66289362204483E-8,0.));
#2939=DIRECTION('',(0.,0.,1.));
#2940=DIRECTION('',(1.,6.66289362204483E-8,0.));
#2941=DIRECTION('',(0.,0.,1.));
#2942=DIRECTION('',(0.,1.,0.));
#2943=DIRECTION('',(0.,0.,1.));
#2944=DIRECTION('',(1.,0.,0.));
#2945=DIRECTION('',(0.,0.,-1.));
#2946=DIRECTION('',(1.,0.,0.));
#2947=DIRECTION('',(0.,0.,-1.));
#2948=DIRECTION('',(0.,-1.,0.));
#2949=DIRECTION('',(0.,0.,-1.));
#2950=DIRECTION('',(-1.,0.,0.));
#2951=DIRECTION('',(0.,0.,1.));
#2952=DIRECTION('',(-1.,0.,0.));
#2953=DIRECTION('',(0.,0.,-1.));
#2954=DIRECTION('',(0.,-1.,0.));
#2955=DIRECTION('',(0.,0.,-1.));
#2956=DIRECTION('',(-1.,0.,0.));
#2957=DIRECTION('',(0.,0.,1.));
#2958=DIRECTION('',(-1.,0.,0.));
#2959=DIRECTION('',(0.,0.,-1.));
#2960=DIRECTION('',(-8.99161314659545E-17,-1.,0.));
#2961=DIRECTION('',(1.,-8.99161314659545E-17,0.));
#2962=DIRECTION('',(0.,0.,1.));
#2963=DIRECTION('',(-1.,8.99161314659545E-17,0.));
#2964=DIRECTION('',(0.,0.,-1.));
#2965=DIRECTION('',(1.,-8.99161314659545E-17,0.));
#2966=DIRECTION('',(0.,0.,1.));
#2967=DIRECTION('',(1.,0.,0.));
#2968=DIRECTION('',(-1.,0.,0.));
#2969=DIRECTION('',(0.,1.,0.));
#2970=DIRECTION('',(-1.,3.54749177091371E-16,0.));
#2971=DIRECTION('',(0.,-1.,0.));
#2972=DIRECTION('',(-1.,8.98238693062425E-17,0.));
#2973=DIRECTION('',(0.,1.,0.));
#2974=DIRECTION('',(-1.,0.,0.));
#2975=DIRECTION('',(0.,-1.,0.));
#2976=DIRECTION('',(0.,1.,0.));
#2977=DIRECTION('',(-0.99999999999998,1.99764511718178E-7,0.));
#2978=DIRECTION('',(1.,0.,0.));
#2979=DIRECTION('',(0.99999999759145,6.9405326546514E-5,0.));
#2980=DIRECTION('',(-1.,0.,0.));
#2981=DIRECTION('',(-0.99999656099397,-0.00262259417997695,0.));
#2982=DIRECTION('',(-1.,0.,0.));
#2983=DIRECTION('',(0.,0.,1.));
#2984=DIRECTION('',(1.,0.,0.));
#2985=DIRECTION('',(0.,1.,0.));
#2986=DIRECTION('',(0.,0.,1.));
#2987=DIRECTION('',(1.,0.,0.));
#2988=DIRECTION('',(-1.,0.,0.));
#2989=DIRECTION('',(0.,0.,1.));
#2990=DIRECTION('',(1.,0.,0.));
#2991=DIRECTION('',(0.999999993864179,-0.000110777443318538,0.));
#2992=DIRECTION('',(1.,0.,0.));
#2993=DIRECTION('',(1.,6.66289362204483E-8,0.));
#2994=DIRECTION('',(0.,1.,0.));
#2995=DIRECTION('',(-1.,0.,0.));
#2996=DIRECTION('',(0.,-1.,0.));
#2997=DIRECTION('',(-1.,8.99161314659545E-17,0.));
#2998=DIRECTION('',(0.,1.,0.));
#2999=DIRECTION('',(-1.,0.,0.));
#3000=DIRECTION('',(0.,1.,0.));
#3001=DIRECTION('',(1.,0.,0.));
#3002=DIRECTION('',(0.,-1.,0.));
#3003=DIRECTION('',(0.,0.,-1.));
#3004=DIRECTION('',(1.,0.,0.));
#3005=DIRECTION('',(0.,0.,1.));
#3006=DIRECTION('',(-1.,0.,0.));
#3007=DIRECTION('',(0.,0.,-1.));
#3008=DIRECTION('',(-6.81070641447516E-17,1.,0.));
#3009=DIRECTION('',(-1.,-6.81070641447516E-17,0.));
#3010=DIRECTION('',(0.,0.,-1.));
#3011=DIRECTION('',(1.,6.81070641447516E-17,0.));
#3012=DIRECTION('',(0.,0.,1.));
#3013=DIRECTION('',(-6.81070641447516E-17,1.,0.));
#3014=DIRECTION('',(1.221438795231E-15,8.31886103756856E-32,1.));
#3015=DIRECTION('',(-1.36214128289503E-16,1.,0.));
#3016=DIRECTION('',(-1.,-1.36214128289503E-16,0.));
#3017=DIRECTION('',(1.,1.36214128289503E-16,0.));
#3018=DIRECTION('',(0.,0.,-1.));
#3019=DIRECTION('',(-1.,-1.36214128289503E-16,1.67249919307985E-17));
#3020=DIRECTION('',(0.,0.,1.));
#3021=DIRECTION('',(0.,0.,1.));
#3022=DIRECTION('',(1.,0.,0.));
#3023=DIRECTION('',(-1.,3.54749177091371E-16,0.));
#3024=DIRECTION('',(0.,1.,0.));
#3025=DIRECTION('',(1.,0.,0.));
#3026=DIRECTION('',(0.,-1.,0.));
#3027=DIRECTION('',(0.,-1.,0.));
#3028=DIRECTION('',(-1.,8.98238693062425E-17,0.));
#3029=DIRECTION('',(0.,1.,0.));
#3030=DIRECTION('',(1.,0.,0.));
#3031=DIRECTION('',(1.,0.,0.));
#3032=DIRECTION('',(0.,1.,0.));
#3033=DIRECTION('',(-1.,0.,0.));
#3034=DIRECTION('',(0.,1.,0.));
#3035=DIRECTION('',(1.,0.,0.));
#3036=DIRECTION('',(0.,1.,0.));
#3037=DIRECTION('',(-1.,8.99161314659545E-17,0.));
#3038=DIRECTION('',(0.,1.,0.));
#3039=DIRECTION('',(1.,0.,0.));
#3040=DIRECTION('',(0.,1.,0.));
#3041=DIRECTION('',(-1.,0.,0.));
#3042=DIRECTION('',(0.,-1.,0.));
#3043=DIRECTION('',(0.,-0.121869343405147,-0.992546151641322));
#3044=DIRECTION('',(0.,0.992546151641322,-0.121869343405147));
#3045=DIRECTION('',(-1.,-1.36214128289503E-16,1.67249919307985E-17));
#3046=DIRECTION('',(0.,-0.992546151641322,0.121869343405147));
#3047=DIRECTION('',(-1.,0.,0.));
#3048=DIRECTION('',(0.,0.992546151641322,-0.121869343405147));
#3049=DIRECTION('',(-1.,0.,0.));
#3050=DIRECTION('',(0.,0.992546151641322,-0.121869343405147));
#3051=DIRECTION('',(0.,0.707106781186548,-0.707106781186548));
#3052=DIRECTION('',(-1.,0.,0.));
#3053=DIRECTION('',(0.,-0.707106781186548,-0.707106781186548));
#3054=DIRECTION('',(0.577350269189626,-0.577350269189626,-0.577350269189626));
#3055=DIRECTION('',(6.35803062976377E-17,0.70710678118655,0.707106781186545));
#3056=DIRECTION('',(1.,-8.99161314659545E-17,0.));
#3057=DIRECTION('',(0.,0.707106781186545,-0.70710678118655));
#3058=DIRECTION('',(-0.577350269189627,-0.577350269189623,0.577350269189627));
#3059=DIRECTION('',(0.,-0.707106781186543,-0.707106781186552));
#3060=DIRECTION('',(1.,0.,0.));
#3061=DIRECTION('',(0.,-0.707106781186553,0.707106781186543));
#3062=DIRECTION('',(0.577350269189623,0.577350269189631,-0.577350269189623));
#3063=DIRECTION('',(0.,0.707106781186548,-0.707106781186548));
#3064=DIRECTION('',(-1.,0.,0.));
#3065=DIRECTION('',(0.,-0.707106781186548,-0.707106781186548));
#3066=DIRECTION('',(-0.577350269189626,0.577350269189626,0.577350269189626));
#3067=DIRECTION('',(0.,0.707106781186547,0.707106781186548));
#3068=DIRECTION('',(-1.,0.,0.));
#3069=DIRECTION('',(0.,0.707106781186548,-0.707106781186547));
#3070=DIRECTION('',(0.,0.707106781186548,-0.707106781186547));
#3071=DIRECTION('',(0.,0.707106781186547,-0.707106781186548));
#3072=DIRECTION('',(1.,0.,0.));
#3073=DIRECTION('',(0.,-0.707106781186548,-0.707106781186547));
#3074=DIRECTION('',(1.30761462674082E-14,-0.707106781186548,-0.707106781186547));
#3075=DIRECTION('',(0.,0.748955720789008,0.662620048215731));
#3076=DIRECTION('',(-1.,0.,0.));
#3077=DIRECTION('',(0.,0.662620048215731,-0.748955720789008));
#3078=DIRECTION('',(0.552362665720227,-0.552362665720221,0.624332420299392));
#3079=DIRECTION('',(0.55236266572021,0.552362665720229,-0.6243324202994));
#3080=DIRECTION('',(-0.99999999999998,1.99764511718178E-7,0.));
#3081=DIRECTION('',(-1.99764511718178E-7,-0.99999999999998,0.));
#3082=DIRECTION('',(1.,0.,0.));
#3083=DIRECTION('',(0.,0.,-1.));
#3084=DIRECTION('',(-0.99999999999998,0.,1.99764510488972E-7));
#3085=DIRECTION('',(1.99764510488972E-7,0.,0.99999999999998));
#3086=DIRECTION('',(1.,6.66289362204483E-8,0.));
#3087=DIRECTION('',(-6.66289362204483E-8,1.,0.));
#3088=DIRECTION('',(1.,0.,0.));
#3089=DIRECTION('',(0.,0.,-1.));
#3090=DIRECTION('',(-1.,0.,0.));
#3091=DIRECTION('',(0.,0.,1.));
#3092=DIRECTION('',(1.,0.,0.));
#3093=DIRECTION('',(0.,0.,-1.));
#3094=DIRECTION('',(1.,0.,0.));
#3095=DIRECTION('',(0.,0.,-1.));
#3096=DIRECTION('',(0.707106781186548,0.707106781186548,0.));
#3097=DIRECTION('',(0.707106781186548,-0.707106781186548,0.));
#3098=DIRECTION('',(-1.,8.99161314659545E-17,0.));
#3099=DIRECTION('',(-8.99161314659545E-17,-1.,0.));
#3100=DIRECTION('',(1.,0.,0.));
#3101=DIRECTION('',(0.,0.,-1.));
#3102=DIRECTION('',(-0.707106781186548,0.707106781186548,0.));
#3103=DIRECTION('',(-0.707106781186548,-0.707106781186548,0.));
#3104=DIRECTION('',(-1.,0.,0.));
#3105=DIRECTION('',(0.,0.,1.));
#3106=DIRECTION('',(1.,0.,0.));
#3107=DIRECTION('',(0.,0.,-1.));
#3108=DIRECTION('',(-0.707106781186548,0.707106781186548,0.));
#3109=DIRECTION('',(0.707106781186548,0.707106781186548,0.));
#3110=DIRECTION('',(1.,0.,0.));
#3111=DIRECTION('',(0.,0.,-1.));
#3112=DIRECTION('',(1.,0.,0.));
#3113=DIRECTION('',(0.,0.,-1.));
#3114=DIRECTION('',(0.707106781186548,0.707106781186548,0.));
#3115=DIRECTION('',(-0.707106781186548,0.707106781186548,0.));
#3116=DIRECTION('',(4.71137726247227E-8,-0.707106781186512,-0.707106781186581));
#3117=DIRECTION('',(-1.,-6.66289362204483E-8,0.));
#3118=DIRECTION('',(0.,-0.707106781186582,0.707106781186513));
#3119=DIRECTION('',(-4.71137644077226E-8,0.707106781186566,-0.707106781186527));
#3120=DIRECTION('',(1.41254840876345E-7,0.707106781186541,-0.70710678118654));
#3121=DIRECTION('',(0.99999999999998,-1.99764511718178E-7,0.));
#3122=DIRECTION('',(0.,-0.707106781186547,-0.707106781186548));
#3123=DIRECTION('',(0.,0.707106781186548,0.707106781186548));
#3124=DIRECTION('',(-1.,-1.36214128289503E-16,1.67249919307985E-17));
#3125=DIRECTION('',(1.36214128289503E-16,-1.,0.));
#3126=DIRECTION('',(1.,0.,0.));
#3127=DIRECTION('',(0.,0.,-1.));
#3128=DIRECTION('',(0.707106781186548,-0.70183611446619,0.0861746391405315));
#3129=DIRECTION('',(-0.707106781186548,-0.70183611446619,0.0861746391405315));
#3130=DIRECTION('',(-1.,0.,0.));
#3131=DIRECTION('',(0.,0.,1.));
#3132=DIRECTION('',(1.,1.36214128289503E-16,0.));
#3133=DIRECTION('',(-1.36214128289503E-16,1.,0.));
#3134=DIRECTION('',(1.,0.,0.));
#3135=DIRECTION('',(0.,0.,-1.));
#3136=DIRECTION('',(0.707106781186548,-0.707106781186548,0.));
#3137=DIRECTION('',(-0.707106781186548,-0.707106781186548,0.));
#3138=DIRECTION('',(-1.,-6.81070641447516E-17,0.));
#3139=DIRECTION('',(6.81070641447516E-17,-1.,0.));
#3140=DIRECTION('',(1.,0.,0.));
#3141=DIRECTION('',(0.,0.,-1.));
#3142=DIRECTION('',(-0.707106781186548,-0.707106781186548,0.));
#3143=DIRECTION('',(0.707106781186548,-0.707106781186548,0.));
#3144=DIRECTION('',(0.,0.,1.));
#3145=DIRECTION('',(1.,0.,0.));
#3146=DIRECTION('',(0.999999993864179,-0.000110777443318538,0.));
#3147=DIRECTION('',(0.,0.,1.));
#3148=DIRECTION('',(1.,0.,0.));
#3149=DIRECTION('',(0.,0.,1.));
#3150=DIRECTION('',(1.,0.,0.));
#3151=DIRECTION('',(0.,0.,1.));
#3152=DIRECTION('',(1.,0.,0.));
#3153=DIRECTION('',(1.,0.,0.));
#3154=DIRECTION('',(0.,0.,1.));
#3155=DIRECTION('',(1.,0.,0.));
#3156=DIRECTION('',(0.,0.,1.));
#3157=DIRECTION('',(1.,0.,0.));
#3158=DIRECTION('',(0.,0.,1.));
#3159=DIRECTION('',(1.,0.,0.));
#3160=DIRECTION('',(0.,-1.,0.));
#3161=DIRECTION('',(0.,0.,-1.));
#3162=DIRECTION('',(-1.,0.,0.));
#3163=DIRECTION('',(0.,0.,1.));
#3164=DIRECTION('',(0.,0.,-1.));
#3165=DIRECTION('',(1.,0.,0.));
#3166=DIRECTION('',(0.,0.,1.));
#3167=DIRECTION('',(1.,0.,0.));
#3168=DIRECTION('',(0.,0.,1.));
#3169=DIRECTION('',(1.,0.,0.));
#3170=DIRECTION('',(0.,0.,1.));
#3171=DIRECTION('',(0.,0.,1.));
#3172=DIRECTION('',(1.,0.,0.));
#3173=DIRECTION('',(0.,0.,1.));
#3174=DIRECTION('',(1.,0.,0.));
#3175=DIRECTION('',(0.,0.,1.));
#3176=DIRECTION('',(1.,0.,0.));
#3177=DIRECTION('',(0.,0.,1.));
#3178=DIRECTION('',(0.,0.,1.));
#3179=DIRECTION('',(1.,0.,0.));
#3180=DIRECTION('',(0.,0.,1.));
#3181=DIRECTION('',(1.,0.,0.));
#3182=DIRECTION('',(0.,0.,1.));
#3183=DIRECTION('',(1.,0.,0.));
#3184=DIRECTION('',(0.,0.,1.));
#3185=DIRECTION('',(0.,0.,1.));
#3186=DIRECTION('',(1.,0.,0.));
#3187=DIRECTION('',(0.,1.,0.));
#3188=DIRECTION('',(0.,0.,1.));
#3189=DIRECTION('',(-1.,0.,0.));
#3190=DIRECTION('',(0.,0.,1.));
#3191=DIRECTION('',(-1.,0.,0.));
#3192=DIRECTION('',(0.,0.,1.));
#3193=DIRECTION('',(1.,0.,0.));
#3194=DIRECTION('',(0.,0.,1.));
#3195=DIRECTION('',(1.,0.,0.));
#3196=DIRECTION('',(0.,0.,1.));
#3197=DIRECTION('',(0.,0.,1.));
#3198=DIRECTION('',(1.,0.,0.));
#3199=DIRECTION('',(0.,0.,1.));
#3200=DIRECTION('',(1.,0.,0.));
#3201=DIRECTION('',(0.,0.,1.));
#3202=DIRECTION('',(0.,0.,1.));
#3203=DIRECTION('',(1.,0.,0.));
#3204=DIRECTION('',(0.,0.,1.));
#3205=DIRECTION('',(0.99999999998927,-4.63262428418413E-6,0.));
#3206=DIRECTION('',(-0.00185445412896214,0.707104349442087,-0.707106781186524));
#3207=DIRECTION('',(-0.00185445412896201,0.70710434944204,0.707106781186571));
#3208=DIRECTION('',(0.,0.,1.));
#3209=DIRECTION('',(0.,0.,-1.));
#3210=DIRECTION('',(0.,0.,-1.));
#3211=DIRECTION('',(3.49148133880567E-15,-1.61747206682263E-20,1.));
#3212=DIRECTION('',(-7.83686840911834E-13,-1.,0.));
#3213=DIRECTION('',(0.,1.,0.));
#3214=DIRECTION('',(0.,0.,1.));
#3215=DIRECTION('',(0.,0.,1.));
#3216=DIRECTION('',(-1.,0.,0.));
#3217=DIRECTION('',(-0.00262259417997695,0.99999656099397,0.));
#3218=DIRECTION('',(-0.99999656099397,-0.00262259417997695,0.));
#3219=DIRECTION('',(-0.99999656099397,-0.00262259417997695,0.));
#3220=DIRECTION('',(0.,0.,1.));
#3221=DIRECTION('',(-0.99999656099397,-0.00262259417997695,0.));
#3222=DIRECTION('',(0.,1.,0.));
#3223=DIRECTION('',(0.,0.,1.));
#3224=DIRECTION('',(-1.,0.,0.));
#3225=DIRECTION('',(0.,0.,1.));
#3226=DIRECTION('',(-1.,0.,0.));
#3227=DIRECTION('',(0.,0.,1.));
#3228=DIRECTION('',(1.,0.,0.));
#3229=DIRECTION('',(0.,0.,1.));
#3230=DIRECTION('',(1.,0.,0.));
#3231=DIRECTION('',(0.,0.,1.));
#3232=DIRECTION('',(0.,0.,1.));
#3233=DIRECTION('',(1.,0.,0.));
#3234=DIRECTION('',(1.,0.,0.));
#3235=DIRECTION('',(0.,0.,-1.));
#3236=DIRECTION('',(0.,1.,0.));
#3237=DIRECTION('',(0.,0.,1.));
#3238=DIRECTION('',(0.,1.,0.));
#3239=DIRECTION('',(0.,0.,1.));
#3240=DIRECTION('',(1.,0.,0.));
#3241=DIRECTION('',(0.,0.,1.));
#3242=DIRECTION('',(1.,0.,0.));
#3243=DIRECTION('',(0.,0.,1.));
#3244=DIRECTION('',(0.,0.,1.));
#3245=DIRECTION('',(1.,0.,0.));
#3246=DIRECTION('',(0.,1.,0.));
#3247=DIRECTION('',(0.,0.,1.));
#3248=DIRECTION('',(1.,0.,0.));
#3249=DIRECTION('',(0.,0.,1.));
#3250=DIRECTION('',(0.,0.,-1.));
#3251=DIRECTION('',(-1.,0.,0.));
#3252=DIRECTION('',(0.,0.,1.));
#3253=DIRECTION('',(1.,0.,0.));
#3254=DIRECTION('',(0.,0.,1.));
#3255=DIRECTION('',(1.,0.,0.));
#3256=DIRECTION('',(0.,0.,1.));
#3257=DIRECTION('',(0.,0.,-1.));
#3258=DIRECTION('',(0.,0.,1.));
#3259=DIRECTION('',(1.,0.,0.));
#3260=DIRECTION('',(0.,0.,1.));
#3261=DIRECTION('',(1.,0.,0.));
#3262=DIRECTION('',(0.,0.,1.));
#3263=DIRECTION('',(1.,0.,0.));
#3264=DIRECTION('',(0.,0.,1.));
#3265=DIRECTION('',(0.,0.,1.));
#3266=DIRECTION('',(1.,0.,0.));
#3267=DIRECTION('',(0.,0.,1.));
#3268=DIRECTION('',(1.,0.,0.));
#3269=DIRECTION('',(0.,0.,1.));
#3270=DIRECTION('',(0.,-1.,0.));
#3271=DIRECTION('',(0.,0.,-1.));
#3272=DIRECTION('',(1.,0.,0.));
#3273=DIRECTION('',(0.,0.,1.));
#3274=DIRECTION('',(0.,0.,1.));
#3275=DIRECTION('',(1.,0.,0.));
#3276=DIRECTION('',(0.,0.,1.));
#3277=DIRECTION('',(1.,0.,0.));
#3278=DIRECTION('',(0.,0.,1.));
#3279=DIRECTION('',(0.,0.,1.));
#3280=DIRECTION('',(1.,0.,0.));
#3281=DIRECTION('',(0.,0.,1.));
#3282=DIRECTION('',(1.,0.,0.));
#3283=DIRECTION('',(0.,0.,1.));
#3284=DIRECTION('',(0.,0.,1.));
#3285=DIRECTION('',(1.,0.,0.));
#3286=DIRECTION('',(0.,0.,1.));
#3287=DIRECTION('',(1.,0.,0.));
#3288=DIRECTION('',(0.,0.,1.));
#3289=DIRECTION('',(0.,-1.,0.));
#3290=DIRECTION('',(0.,0.,-1.));
#3291=DIRECTION('',(1.,0.,0.));
#3292=DIRECTION('',(1.,0.,0.));
#3293=DIRECTION('',(0.,0.,-1.));
#3294=DIRECTION('',(-1.,0.,0.));
#3295=DIRECTION('',(0.,0.,1.));
#3296=DIRECTION('',(0.,1.,0.));
#3297=DIRECTION('',(0.,-1.,0.));
#3298=DIRECTION('',(1.,0.,0.));
#3299=DIRECTION('',(0.,0.,-1.));
#3300=DIRECTION('',(0.,-1.,0.));
#3301=DIRECTION('',(0.,-1.,0.));
#3302=DIRECTION('',(0.,-1.,0.));
#3303=DIRECTION('',(0.,0.,-1.));
#3304=DIRECTION('',(0.,0.,-1.));
#3305=DIRECTION('',(-1.,0.,0.));
#3306=DIRECTION('',(0.,0.,-1.));
#3307=DIRECTION('',(-1.,0.,0.));
#3308=DIRECTION('',(1.,0.,0.));
#3309=DIRECTION('',(0.,0.,-1.));
#3310=DIRECTION('',(0.,-1.,0.));
#3311=DIRECTION('',(0.,0.,-1.));
#3312=DIRECTION('',(0.,1.,0.));
#3313=DIRECTION('',(-3.54749177091371E-16,-1.,0.));
#3314=DIRECTION('',(1.,-3.54749177091371E-16,0.));
#3315=DIRECTION('',(-1.,3.54749177091371E-16,0.));
#3316=DIRECTION('',(0.,0.,-1.));
#3317=DIRECTION('',(1.,-3.54749177091371E-16,0.));
#3318=DIRECTION('',(0.,-1.,0.));
#3319=DIRECTION('',(0.,0.,-1.));
#3320=DIRECTION('',(0.,0.,-1.));
#3321=DIRECTION('',(-1.,0.,0.));
#3322=DIRECTION('',(0.,0.,-1.));
#3323=DIRECTION('',(-1.,0.,0.));
#3324=DIRECTION('',(-1.,0.,0.));
#3325=DIRECTION('',(0.,0.,1.));
#3326=DIRECTION('',(0.,1.,0.));
#3327=DIRECTION('',(0.,0.,-1.));
#3328=DIRECTION('',(0.,1.,0.));
#3329=DIRECTION('',(-8.98238693062425E-17,-1.,0.));
#3330=DIRECTION('',(1.,-8.98238693062425E-17,0.));
#3331=DIRECTION('',(-1.,8.98238693062425E-17,0.));
#3332=DIRECTION('',(0.,0.,-1.));
#3333=DIRECTION('',(1.,-8.98238693062425E-17,0.));
#3334=DIRECTION('',(-1.,0.,0.));
#3335=DIRECTION('',(0.,0.,1.));
#3336=DIRECTION('',(0.,1.,0.));
#3337=DIRECTION('',(0.,-1.,0.));
#3338=DIRECTION('',(1.,0.,0.));
#3339=DIRECTION('',(0.,0.,-1.));
#3340=DIRECTION('',(0.,-1.,0.));
#3341=DIRECTION('',(0.,-1.,0.));
#3342=DIRECTION('',(0.,0.,1.));
#3343=DIRECTION('',(1.,0.,0.));
#3344=DIRECTION('',(0.99999999759145,6.9405326546514E-5,0.));
#3345=DIRECTION('',(-6.9405326546514E-5,0.99999999759145,0.));
#3346=DIRECTION('',(-0.99999999759145,-6.9405326546514E-5,0.));
#3347=DIRECTION('',(0.99999999759145,6.9405326546514E-5,0.));
#3348=DIRECTION('',(0.000110777443318538,0.999999993864179,0.));
#3349=DIRECTION('',(-0.999999993864179,0.000110777443318538,0.));
#3350=DIRECTION('',(0.999999993864179,-0.000110777443318538,0.));
#3351=DIRECTION('',(-1.,0.,0.));
#3352=DIRECTION('',(0.,0.,1.));
#3353=DIRECTION('',(0.,0.,-1.));
#3354=DIRECTION('',(0.,-0.998449043450197,-0.0556732218700063));
#3355=DIRECTION('',(0.,-0.992546151641322,0.121869343405147));
#3356=DIRECTION('',(0.,0.,1.));
#3357=DIRECTION('',(0.,1.,0.));
#3358=DIRECTION('',(-1.,0.,0.));
#3359=DIRECTION('',(0.,0.,1.));
#3360=DIRECTION('',(0.,1.,0.));
#3361=DIRECTION('',(0.,0.992546151641322,-0.121869343405147));
#3362=DIRECTION('',(0.,0.998449043450197,0.0556732218700063));
#3363=DIRECTION('',(0.,-0.0556732218700063,0.998449043450197));
#3364=DIRECTION('',(0.,-0.998449043450197,-0.0556732218700063));
#3365=DIRECTION('',(0.,0.998449043450197,0.0556732218700063));
#3366=DIRECTION('',(0.,0.998449043450197,0.0556732218700063));
#3367=DIRECTION('',(-0.707106781186548,0.,-0.707106781186548));
#3368=DIRECTION('',(0.,-1.,0.));
#3369=DIRECTION('',(0.,0.707106781186548,-0.707106781186548));
#3370=DIRECTION('',(-1.,0.,0.));
#3371=DIRECTION('',(0.577350269189626,-0.577350269189626,-0.577350269189626));
#3372=DIRECTION('',(-0.577350269189626,-0.577350269189626,-0.577350269189626));
#3373=DIRECTION('',(0.707106781186548,0.,-0.707106781186548));
#3374=DIRECTION('',(0.,1.,0.));
#3375=DIRECTION('',(-0.577350269189625,0.577350269189628,-0.577350269189625));
#3376=DIRECTION('',(-0.707106781186548,0.,-0.707106781186548));
#3377=DIRECTION('',(0.,-1.,0.));
#3378=DIRECTION('',(-0.577350269189625,-0.577350269189628,0.577350269189625));
#3379=DIRECTION('',(6.35150670988581E-17,0.707106781186545,0.70710678118655));
#3380=DIRECTION('',(1.,-8.98238693062425E-17,0.));
#3381=DIRECTION('',(-0.707106781186548,0.,0.707106781186548));
#3382=DIRECTION('',(0.,1.,0.));
#3383=DIRECTION('',(-0.577350269189626,-0.577350269189626,-0.577350269189626));
#3384=DIRECTION('',(0.577350269189625,-0.577350269189629,0.577350269189624));
#3385=DIRECTION('',(2.50845548741655E-16,0.707106781186545,0.70710678118655));
#3386=DIRECTION('',(1.,-3.54749177091371E-16,0.));
#3387=DIRECTION('',(-0.577350269189625,-0.577350269189628,0.577350269189625));
#3388=DIRECTION('',(0.,0.707106781186548,-0.707106781186548));
#3389=DIRECTION('',(-1.,0.,0.));
#3390=DIRECTION('',(-0.577350269189626,0.577350269189626,0.577350269189626));
#3391=DIRECTION('',(0.707106781186548,0.,0.707106781186548));
#3392=DIRECTION('',(0.,-1.,0.));
#3393=DIRECTION('',(0.707106781186548,0.,0.707106781186548));
#3394=DIRECTION('',(0.,-1.,0.));
#3395=DIRECTION('',(-0.707106781186551,0.707106781186544,0.));
#3396=DIRECTION('',(0.,0.,-1.));
#3397=DIRECTION('',(-0.587775254973269,-0.587775254973275,0.555914111425686));
#3398=DIRECTION('',(-0.707106781186544,-0.707106781186551,6.40987562127857E-17));
#3399=DIRECTION('',(-0.577350269189629,0.577350269189624,0.577350269189625));
#3400=DIRECTION('',(0.707106781186545,0.,0.70710678118655));
#3401=DIRECTION('',(-0.707106781186548,-6.51031755808851E-15,-0.707106781186547));
#3402=DIRECTION('',(0.707106781186547,0.,-0.707106781186548));
#3403=DIRECTION('',(0.,-1.,0.));
#3404=DIRECTION('',(0.707106781186548,-6.53807313370406E-15,0.707106781186547));
#3405=DIRECTION('',(-0.577350269189625,-0.577350269189631,0.577350269189621));
#3406=DIRECTION('',(0.707106781186551,-0.707106781186544,0.));
#3407=DIRECTION('',(-0.707106781186551,0.707106781186544,-6.40987562127865E-17));
#3408=DIRECTION('',(0.707106781186544,0.707106781186551,0.));
#3409=DIRECTION('',(0.,0.,1.));
#3410=DIRECTION('',(0.5994649268858,-0.599464926885795,-0.530361766031084));
#3411=DIRECTION('',(0.,0.,-1.));
#3412=DIRECTION('',(-1.,0.,0.));
#3413=DIRECTION('',(0.,0.,1.));
#3414=DIRECTION('',(1.,0.,0.));
#3415=DIRECTION('',(0.,0.,-1.));
#3416=DIRECTION('',(-1.,0.,0.));
#3417=DIRECTION('',(0.,0.,-1.));
#3418=DIRECTION('',(1.,0.,0.));
#3419=DIRECTION('',(0.,0.,-1.));
#3420=DIRECTION('',(-1.,0.,0.));
#3421=DIRECTION('',(0.,0.,1.));
#3422=DIRECTION('',(1.,0.,0.));
#3423=DIRECTION('',(0.,0.,-1.));
#3424=DIRECTION('',(-1.,0.,0.));
#3425=DIRECTION('',(0.,0.,-1.));
#3426=DIRECTION('',(1.,0.,0.));
#3427=DIRECTION('',(0.,0.,-1.));
#3428=DIRECTION('',(-1.,0.,0.));
#3429=DIRECTION('',(0.,0.,1.));
#3430=DIRECTION('',(1.,0.,0.));
#3431=DIRECTION('',(0.,0.,-1.));
#3432=DIRECTION('',(-1.,0.,0.));
#3433=DIRECTION('',(0.,0.,-1.));
#3434=DIRECTION('',(1.,0.,0.));
#3435=DIRECTION('',(0.,0.,-1.));
#3436=DIRECTION('',(-1.,0.,0.));
#3437=DIRECTION('',(0.,0.,1.));
#3438=DIRECTION('',(1.,0.,0.));
#3439=DIRECTION('',(0.,0.,-1.));
#3440=DIRECTION('',(-1.,0.,0.));
#3441=DIRECTION('',(0.,0.,-1.));
#3442=DIRECTION('',(1.,0.,0.));
#3443=DIRECTION('',(0.,0.,-1.));
#3444=DIRECTION('',(-1.,0.,0.));
#3445=DIRECTION('',(0.,0.,1.));
#3446=DIRECTION('',(1.,0.,0.));
#3447=DIRECTION('',(0.,0.,-1.));
#3448=DIRECTION('',(-1.,0.,0.));
#3449=DIRECTION('',(0.,0.,-1.));
#3450=DIRECTION('',(1.,0.,0.));
#3451=DIRECTION('',(0.,0.,-1.));
#3452=DIRECTION('',(-1.,0.,0.));
#3453=DIRECTION('',(0.,0.,1.));
#3454=DIRECTION('',(1.,0.,0.));
#3455=DIRECTION('',(0.,0.,-1.));
#3456=DIRECTION('',(-1.,0.,0.));
#3457=DIRECTION('',(0.,0.,-1.));
#3458=DIRECTION('',(1.,0.,0.));
#3459=DIRECTION('',(0.707106781186567,0.086174639140529,0.70183611446617));
#3460=DIRECTION('',(0.,-0.992546151641322,0.121869343405147));
#3461=DIRECTION('',(-0.705705268958614,0.0235432094718372,0.708114249716679));
#3462=DIRECTION('',(-0.707106781186547,0.0393669127147847,-0.706010089292856));
#3463=DIRECTION('',(0.,-0.998449043450197,-0.0556732218700063));
#3464=DIRECTION('',(-0.99999656099397,-0.00262259417997695,0.));
#3465=DIRECTION('',(0.00262259417997695,-0.99999656099397,0.));
#3466=DIRECTION('',(-0.99999656099397,-0.00262259418001842,9.09895138407623E-17));
#3467=DIRECTION('',(0.00262259418001842,-0.99999656099397,0.));
#3468=DIRECTION('',(0.99999656099397,0.00262259418001834,0.));
#3469=DIRECTION('',(-0.00262259418001834,0.99999656099397,0.));
#3470=DIRECTION('',(-1.,0.,0.));
#3471=DIRECTION('',(0.,0.,1.));
#3472=DIRECTION('',(1.,0.,0.));
#3473=DIRECTION('',(0.,0.,-1.));
#3474=DIRECTION('',(-1.,0.,0.));
#3475=DIRECTION('',(0.,0.,1.));
#3476=DIRECTION('',(0.,0.,1.));
#3477=DIRECTION('',(1.,0.,0.));
#3478=DIRECTION('',(3.99999998401687E-6,-0.999999999992,0.));
#3479=DIRECTION('',(0.999999999992,3.99999998401687E-6,0.));
#3480=DIRECTION('',(0.,1.,0.));
#3481=DIRECTION('',(0.,0.,1.));
#3482=DIRECTION('',(0.99999999759145,6.9405326546514E-5,0.));
#3483=DIRECTION('',(-6.9405326546514E-5,0.99999999759145,0.));
#3484=DIRECTION('',(0.,0.,1.));
#3485=DIRECTION('',(1.,0.,0.));
#3486=DIRECTION('',(-1.,-2.775557561563E-13,0.));
#3487=DIRECTION('',(2.775557561563E-13,-1.,0.));
#3488=DIRECTION('',(-1.,0.,0.));
#3489=DIRECTION('',(0.,0.,1.));
#3490=DIRECTION('',(1.,0.,0.));
#3491=DIRECTION('',(0.,0.,-1.));
#3492=DIRECTION('',(0.,0.,1.));
#3493=DIRECTION('',(1.,0.,0.));
#3494=DIRECTION('',(-0.999999993864179,0.000110777443318538,0.));
#3495=DIRECTION('',(-0.000110777443318538,-0.999999993864179,0.));
#3496=DIRECTION('',(1.,0.,0.));
#3497=DIRECTION('',(0.,0.,-1.));
#3498=DIRECTION('',(0.,1.,0.));
#3499=DIRECTION('',(0.,0.,1.));
#3500=DIRECTION('',(1.,0.,0.));
#3501=DIRECTION('',(0.,0.,-1.));
#3502=DIRECTION('',(0.707106781186548,0.707106781186548,0.));
#3503=DIRECTION('',(0.707106781186548,-0.707106781186548,0.));
#3504=DIRECTION('',(0.707106781186548,-0.707106781186548,0.));
#3505=DIRECTION('',(0.707106781186548,0.707106781186548,0.));
#3506=DIRECTION('',(0.,-1.,0.));
#3507=DIRECTION('',(0.,0.,-1.));
#3508=DIRECTION('',(-0.707106781186548,-0.707106781186548,0.));
#3509=DIRECTION('',(-0.707106781186548,0.707106781186548,0.));
#3510=DIRECTION('',(0.,1.,0.));
#3511=DIRECTION('',(0.,0.,1.));
#3512=DIRECTION('',(-0.707106781186548,0.707106781186548,0.));
#3513=DIRECTION('',(-0.707106781186548,-0.707106781186548,0.));
#3514=DIRECTION('',(-1.,8.98238693062425E-17,0.));
#3515=DIRECTION('',(-8.98238693062425E-17,-1.,0.));
#3516=DIRECTION('',(0.,-1.,0.));
#3517=DIRECTION('',(0.,0.,-1.));
#3518=DIRECTION('',(0.707106781186548,-0.707106781186548,0.));
#3519=DIRECTION('',(0.707106781186548,0.707106781186548,0.));
#3520=DIRECTION('',(-0.707106781186548,-0.707106781186547,0.));
#3521=DIRECTION('',(-0.707106781186547,0.707106781186548,0.));
#3522=DIRECTION('',(-1.,3.54749177091371E-16,0.));
#3523=DIRECTION('',(-3.54749177091371E-16,-1.,0.));
#3524=DIRECTION('',(-0.707106781186547,0.707106781186548,0.));
#3525=DIRECTION('',(0.707106781186548,0.707106781186547,0.));
#3526=DIRECTION('',(1.,0.,0.));
#3527=DIRECTION('',(0.,0.,-1.));
#3528=DIRECTION('',(0.707106781186548,0.707106781186548,0.));
#3529=DIRECTION('',(-0.707106781186548,0.707106781186548,0.));
#3530=DIRECTION('',(0.,1.,0.));
#3531=DIRECTION('',(0.,0.,1.));
#3532=DIRECTION('',(0.,1.,0.));
#3533=DIRECTION('',(0.,0.,1.));
#3534=DIRECTION('',(-0.00185445412896214,0.707104349442087,-0.707106781186524));
#3535=DIRECTION('',(0.99999656099397,0.00262259417997695,0.));
#3536=DIRECTION('',(6.37746908725592E-9,-0.707107997051442,-0.707105565319563));
#3537=DIRECTION('',(0.,0.707106781186548,-0.707106781186548));
#3538=DIRECTION('',(1.,0.,0.));
#3539=DIRECTION('',(-1.57009245868378E-13,-0.707106781186548,-0.707106781186548));
#3540=DIRECTION('',(0.,0.,-1.));
#3541=DIRECTION('',(-1.,0.,0.));
#3542=DIRECTION('',(-0.707106781180893,-2.82842712325742E-6,-0.707106781186545));
#3543=DIRECTION('',(0.707106781186548,0.,-0.707106781186548));
#3544=DIRECTION('',(0.,-1.,0.));
#3545=DIRECTION('',(0.,0.,-1.));
#3546=DIRECTION('',(-1.,0.,0.));
#3547=DIRECTION('',(-1.57009245868373E-13,0.707106781186567,-0.707106781186528));
#3548=DIRECTION('',(0.,0.707106781186548,0.707106781186548));
#3549=DIRECTION('',(-1.,0.,0.));
#3550=DIRECTION('',(0.,0.,1.));
#3551=DIRECTION('',(1.,0.,0.));
#3552=DIRECTION('',(6.28183002072166E-8,-0.707106781186546,-0.707106781186546));
#3553=DIRECTION('',(0.,0.,-1.));
#3554=DIRECTION('',(-1.,0.,0.));
#3555=DIRECTION('',(-7.06960832019576E-8,-0.707113051814053,-0.70710051050343));
#3556=DIRECTION('',(0.,0.,-1.));
#3557=DIRECTION('',(-1.,0.,0.));
#3558=DIRECTION('',(0.,-0.707106781186548,-0.707106781186548));
#3559=DIRECTION('',(-1.,0.,0.));
#3560=DIRECTION('',(0.,0.,-1.));
#3561=DIRECTION('',(-1.,0.,0.));
#3562=DIRECTION('',(-1.40514639543675E-8,-0.707106781186547,-0.707106781186547));
#3563=DIRECTION('',(0.,0.,-1.));
#3564=DIRECTION('',(-1.,0.,0.));
#3565=DIRECTION('',(-7.06960832019576E-8,-0.707113051814053,-0.70710051050343));
#3566=DIRECTION('',(0.,0.,1.));
#3567=DIRECTION('',(1.,0.,0.));
#3568=DIRECTION('',(0.,0.707106781186567,-0.707106781186528));
#3569=DIRECTION('',(0.,-0.707106781186528,-0.707106781186567));
#3570=DIRECTION('',(-1.,0.,0.));
#3571=DIRECTION('',(0.,0.,-1.));
#3572=DIRECTION('',(-1.,0.,0.));
#3573=DIRECTION('',(0.,0.707106781186548,0.707106781186548));
#3574=DIRECTION('',(0.,0.707106781186548,-0.707106781186548));
#3575=DIRECTION('',(1.,0.,0.));
#3576=DIRECTION('',(0.,0.707106781186548,0.707106781186548));
#3577=DIRECTION('',(0.,0.,-1.));
#3578=DIRECTION('',(-1.,0.,0.));
#3579=DIRECTION('',(0.,-0.707106781186548,0.707106781186548));
#3580=DIRECTION('',(0.,0.,-1.));
#3581=DIRECTION('',(-1.,0.,0.));
#3582=DIRECTION('',(7.88093069999275E-9,-0.707113052026124,0.707100510291359));
#3583=DIRECTION('',(0.,0.,1.));
#3584=DIRECTION('',(1.,0.,0.));
#3585=DIRECTION('',(0.,0.707106781186548,0.707106781186548));
#3586=DIRECTION('',(0.,-0.707106781186548,0.707106781186548));
#3587=DIRECTION('',(1.,0.,0.));
#3588=DIRECTION('',(0.,0.998449043450197,0.0556732218700063));
#3589=DIRECTION('',(0.,-0.0556732218700063,0.998449043450197));
#3590=DIRECTION('',(0.,0.99944775118087,-0.0332293945099906));
#3591=DIRECTION('',(0.,0.0332293945099911,0.99944775118087));
#3592=DIRECTION('',(0.,-0.992546151641322,0.121869343405147));
#3593=DIRECTION('',(0.,-0.121869343405147,-0.992546151641322));
#3594=DIRECTION('',(0.,0.,-1.));
#3595=DIRECTION('',(-1.,0.,0.));
#3596=DIRECTION('',(0.,0.,-1.));
#3597=DIRECTION('',(-1.,0.,0.));
#3598=DIRECTION('',(0.,0.,-1.));
#3599=DIRECTION('',(-1.,0.,0.));
#3600=DIRECTION('',(0.,0.,-1.));
#3601=DIRECTION('',(-1.,0.,0.));
#3602=DIRECTION('',(0.,0.,-1.));
#3603=DIRECTION('',(-1.,0.,0.));
#3604=DIRECTION('',(0.,0.,-1.));
#3605=DIRECTION('',(-1.,0.,0.));
#3606=DIRECTION('',(0.,-1.,0.));
#3607=DIRECTION('',(0.,0.,-1.));
#3608=DIRECTION('',(1.,0.,0.));
#3609=DIRECTION('',(0.,1.,0.));
#3610=DIRECTION('',(1.,0.,0.));
#3611=DIRECTION('',(0.,1.,0.));
#3612=DIRECTION('',(1.,0.,0.));
#3613=DIRECTION('',(0.,1.,0.));
#3614=CARTESIAN_POINT('',(0.,0.,0.));
#3615=CARTESIAN_POINT('',(0.25103737649758,0.0795841928417437,-0.00370130729073835));
#3616=CARTESIAN_POINT('',(-0.0179417069677517,0.0795841928417437,-0.00370130729073835));
#3617=CARTESIAN_POINT('',(-0.0179417069677517,0.0785341928417437,-0.0049526485629622));
#3618=CARTESIAN_POINT('',(-0.0179417069677517,0.0810341928417437,-0.00197326458147668));
#3619=CARTESIAN_POINT('',(0.0148479965322478,0.0785341928417437,-0.0049526485629622));
#3620=CARTESIAN_POINT('',(-0.189416296967752,0.0785341928417438,-0.00495264856296213));
#3621=CARTESIAN_POINT('',(-0.221663016773404,0.0785341928417438,-0.00495264856296213));
#3622=CARTESIAN_POINT('',(-0.189916296967752,0.0785341928417438,-0.00495264856296213));
#3623=CARTESIAN_POINT('',(-0.188521391356264,0.0773043689645397,-0.00641829558687828));
#3624=CARTESIAN_POINT('',(-0.191244915419194,0.0797055743903018,-0.00355665039416952));
#3625=CARTESIAN_POINT('',(-0.191120527696686,0.079829962112809,-0.00340841087899702));
#3626=CARTESIAN_POINT('',(-0.189916296967752,0.0810341928417437,-0.00197326458147668));
#3627=CARTESIAN_POINT('',(0.25103737649758,0.0810341928417437,-0.00197326458147668));
#3628=CARTESIAN_POINT('',(0.0148479965322477,0.0810341928417437,-0.00542935));
#3629=CARTESIAN_POINT('',(-0.0179417069677517,0.0810341928417437,-0.00542935));
#3630=CARTESIAN_POINT('',(-0.0179417069677517,0.0810341928417437,0.0107));
#3631=CARTESIAN_POINT('',(-0.189916296967752,0.0810341928417437,0.0122));
#3632=CARTESIAN_POINT('',(-0.189916296967752,0.0810341928417437,0.0107));
#3633=CARTESIAN_POINT('',(0.221112290032247,0.0810341928417437,0.0107));
#3634=CARTESIAN_POINT('',(0.0148493610322475,0.00457914484174363,0.));
#3635=CARTESIAN_POINT('',(-0.146939123967752,-0.0630765301582564,0.));
#3636=CARTESIAN_POINT('',(-0.145189123967752,-0.0630765301582564,0.));
#3637=CARTESIAN_POINT('',(-0.183739123967752,-0.0630765301582564,0.));
#3638=CARTESIAN_POINT('',(-0.181989123967752,-0.0630765301582564,0.));
#3639=CARTESIAN_POINT('',(-0.0752507109677526,-0.0630765451582566,0.));
#3640=CARTESIAN_POINT('',(-0.0735007109677526,-0.0630765451582566,0.));
#3641=CARTESIAN_POINT('',(-0.183737752967752,0.0722348298417436,0.));
#3642=CARTESIAN_POINT('',(-0.181987752967752,0.0722348298417436,0.));
#3643=CARTESIAN_POINT('',(-0.146937752967778,0.0722348398417431,0.));
#3644=CARTESIAN_POINT('',(-0.145187752967778,0.0722348398417431,0.));
#3645=CARTESIAN_POINT('',(-0.0752952859677663,0.0722348398417431,0.));
#3646=CARTESIAN_POINT('',(-0.0735452859677663,0.0722348398417431,0.));
#3647=CARTESIAN_POINT('',(-0.0179417069677517,0.00457914484174363,0.));
#3648=CARTESIAN_POINT('',(-0.0179417069677517,-0.0748252601582564,2.71050543121376E-20));
#3649=CARTESIAN_POINT('',(-0.0179417069677517,-0.0605765566065618,-8.40256683676266E-19));
#3650=CARTESIAN_POINT('',(0.0148493610322475,-0.0748252601582564,0.));
#3651=CARTESIAN_POINT('',(-0.188766296967751,-0.0748252601582564,0.));
#3652=CARTESIAN_POINT('',(-0.188766296967751,0.0785341928417437,0.));
#3653=CARTESIAN_POINT('',(-0.188766296967751,0.0783841928417437,0.));
#3654=CARTESIAN_POINT('',(0.117658819595726,0.0783841928417437,0.));
#3655=CARTESIAN_POINT('',(-0.0179417069677517,0.0783841928417437,0.));
#3656=CARTESIAN_POINT('',(-0.0179417069677517,0.00457914484174363,0.));
#3657=CARTESIAN_POINT('',(-0.0179417069677522,0.0697348386631514,0.));
#3658=CARTESIAN_POINT('',(-0.15033775298441,0.0697348298417437,0.));
#3659=CARTESIAN_POINT('',(-0.15033775298441,0.0697348298417437,0.));
#3660=CARTESIAN_POINT('',(-0.151864793616436,0.0697348398417432,0.));
#3661=CARTESIAN_POINT('',(-0.151864793616436,0.0697348398417432,0.));
#3662=CARTESIAN_POINT('',(-0.151864793616436,0.0699098298417436,0.));
#3663=CARTESIAN_POINT('',(-0.151864793616436,0.0700848298417436,0.));
#3664=CARTESIAN_POINT('',(-0.151851273292094,0.0724833007937556,0.));
#3665=CARTESIAN_POINT('',(-0.151837752985481,0.0700848254074406,0.));
#3666=CARTESIAN_POINT('',(-0.151837752967753,0.0722348298417437,0.));
#3667=CARTESIAN_POINT('',(-0.151837752967753,0.0743848298417437,0.));
#3668=CARTESIAN_POINT('',(-0.178837752967753,0.0743835558417436,0.));
#3669=CARTESIAN_POINT('',(-0.178837752967753,0.0743838243417436,0.));
#3670=CARTESIAN_POINT('',(-0.178837752967753,0.0722348298417437,0.));
#3671=CARTESIAN_POINT('',(-0.178837752992748,0.0700848254076815,0.));
#3672=CARTESIAN_POINT('',(-0.178824232643411,0.0724833007937545,0.));
#3673=CARTESIAN_POINT('',(-0.178810712334616,0.0700848298417436,0.));
#3674=CARTESIAN_POINT('',(-0.178810712319069,0.0699098298417436,0.));
#3675=CARTESIAN_POINT('',(-0.178810712319069,0.0697363193417437,0.));
#3676=CARTESIAN_POINT('',(0.0148493610322475,0.0697378088417437,0.));
#3677=CARTESIAN_POINT('',(-0.182024765264735,0.0697378148417437,0.));
#3678=CARTESIAN_POINT('',(-0.182024765264735,0.0679878148417436,0.));
#3679=CARTESIAN_POINT('',(-0.183766296967751,0.068159766368018,0.));
#3680=CARTESIAN_POINT('',(-0.183766296967751,-0.0588321437375198,0.));
#3681=CARTESIAN_POINT('',(-0.183766296967737,-0.0588321447375198,0.));
#3682=CARTESIAN_POINT('',(-0.182016296967752,-0.0588321377375198,0.));
#3683=CARTESIAN_POINT('',(-0.182016296967752,-0.0605821377375198,0.));
#3684=CARTESIAN_POINT('',(-0.181336321967753,-0.0605821377375198,0.));
#3685=CARTESIAN_POINT('',(-0.181336321965498,-0.0605821385972684,0.));
#3686=CARTESIAN_POINT('',(-0.180338460487317,-0.0605795216025634,0.));
#3687=CARTESIAN_POINT('',(-0.178425706344102,-0.0605745052074284,0.));
#3688=CARTESIAN_POINT('',(-0.178812083319069,-0.0607515301582564,-1.20558204711715E-25));
#3689=CARTESIAN_POINT('',(-0.178443562575433,-0.0609632315080637,0.));
#3690=CARTESIAN_POINT('',(-0.178839123967753,-0.0630765301582564,0.));
#3691=CARTESIAN_POINT('',(-0.178839123967753,-0.0652265301582564,0.));
#3692=CARTESIAN_POINT('',(-0.151839123967753,-0.0652265301582564,0.));
#3693=CARTESIAN_POINT('',(-0.151839123967753,-0.0652265301582564,0.));
#3694=CARTESIAN_POINT('',(-0.151839123967753,-0.0630765301582564,0.));
#3695=CARTESIAN_POINT('',(-0.151839123942758,-0.0609265257241942,0.));
#3696=CARTESIAN_POINT('',(-0.151852644292093,-0.0633250011105463,0.));
#3697=CARTESIAN_POINT('',(-0.151866164631982,-0.0609265301582564,0.));
#3698=CARTESIAN_POINT('',(-0.151866164616436,-0.0607515301582564,0.));
#3699=CARTESIAN_POINT('',(-0.151866164616436,-0.0605765301582564,0.));
#3700=CARTESIAN_POINT('',(0.0148493610322475,-0.0605765301582564,0.));
#3701=CARTESIAN_POINT('',(-0.150339123967753,-0.0605765301582564,0.));
#3702=CARTESIAN_POINT('',(-0.000162298017693359,-0.0605765601582567,0.));
#3703=CARTESIAN_POINT('',(-0.0752507109677517,-0.0603265451582566,-0.022));
#3704=CARTESIAN_POINT('',(-0.0752507109677517,-0.0603265451582566,0.006915));
#3705=CARTESIAN_POINT('',(-0.150339123967753,-0.0603265301582564,0.006915));
#3706=CARTESIAN_POINT('',(-0.0179417069677517,-0.0603265566065618,0.006915));
#3707=CARTESIAN_POINT('',(-0.0179417069677517,-0.0603265566065618,-0.022));
#3708=CARTESIAN_POINT('',(-0.0179417069677513,-0.0603265566065618,0.00025));
#3709=CARTESIAN_POINT('',(-0.150339123967753,-0.0603265301582564,0.00025));
#3710=CARTESIAN_POINT('',(-0.150339123967753,-0.0603265301582564,0.00025));
#3711=CARTESIAN_POINT('',(-0.150339123967753,-0.0603265301582564,-0.022));
#3712=CARTESIAN_POINT('',(-0.0752952859677538,0.0694848348417434,-0.022));
#3713=CARTESIAN_POINT('',(-0.000252818967754386,0.0694848398417431,0.00025));
#3714=CARTESIAN_POINT('',(-0.150337752967753,0.0694848298417436,0.00025));
#3715=CARTESIAN_POINT('',(-0.0179417069677517,0.0694848386631513,0.00025));
#3716=CARTESIAN_POINT('',(-0.0179417069677517,0.0694848386631513,-0.022));
#3717=CARTESIAN_POINT('',(-0.017941706967752,0.0694848386631513,0.006915));
#3718=CARTESIAN_POINT('',(-0.0752952859677538,0.0694848348417434,0.006915));
#3719=CARTESIAN_POINT('',(-0.150337752967753,0.0694848298417436,0.006915));
#3720=CARTESIAN_POINT('',(-0.150337752967753,0.0694848298417436,-0.022));
#3721=CARTESIAN_POINT('',(0.0666902447822475,-0.0551607701582563,0.00835));
#3722=CARTESIAN_POINT('',(0.0666902447822475,-0.0551607701582563,0.0117));
#3723=CARTESIAN_POINT('',(-0.181484755217752,-0.0551607701582563,0.0117));
#3724=CARTESIAN_POINT('',(-0.0179417069677517,-0.0551607701582563,0.0117));
#3725=CARTESIAN_POINT('',(-0.0179417069677517,-0.0551607701582563,0.00835));
#3726=CARTESIAN_POINT('',(-0.0179417069677517,-0.0551607701582563,0.007315));
#3727=CARTESIAN_POINT('',(-0.181484755217752,-0.0551607701582563,0.007315));
#3728=CARTESIAN_POINT('',(-0.181484755217752,-0.0551607701582563,0.007315));
#3729=CARTESIAN_POINT('',(-0.181484755217752,-0.0551607701582563,0.00835));
#3730=CARTESIAN_POINT('',(-0.180959755217752,0.0411392298417437,0.00835));
#3731=CARTESIAN_POINT('',(0.105308994782247,0.0411392298417437,0.007315));
#3732=CARTESIAN_POINT('',(-0.181484755217752,0.0411392298417437,0.007315));
#3733=CARTESIAN_POINT('',(-0.0179417069677517,0.0411392298417437,0.007315));
#3734=CARTESIAN_POINT('',(-0.0179417069677517,0.0411392298417437,0.00835));
#3735=CARTESIAN_POINT('',(-0.0179417069677517,0.0411392298417437,0.0117));
#3736=CARTESIAN_POINT('',(-0.180959755217752,0.0411392298417437,0.0117));
#3737=CARTESIAN_POINT('',(-0.181484755217752,0.0411392298417437,0.0117));
#3738=CARTESIAN_POINT('',(-0.181484755217752,0.0411392298417437,0.00835));
#3739=CARTESIAN_POINT('',(-0.0190347552177525,0.0649517298417437,0.00835));
#3740=CARTESIAN_POINT('',(0.0195902447822475,0.0649517298417437,0.007315));
#3741=CARTESIAN_POINT('',(-0.0576597552177525,0.0649517298417437,0.007315));
#3742=CARTESIAN_POINT('',(-0.0179417069677517,0.0649517298417437,0.007315));
#3743=CARTESIAN_POINT('',(-0.0179417069677517,0.0649517298417437,0.00835));
#3744=CARTESIAN_POINT('',(-0.0179417069677517,0.0649517298417437,0.0117));
#3745=CARTESIAN_POINT('',(-0.0190347552177525,0.0649517298417437,0.0117));
#3746=CARTESIAN_POINT('',(-0.0576597552177525,0.0649517298417437,0.0117));
#3747=CARTESIAN_POINT('',(-0.0576597552177525,0.0649517298417437,0.00835));
#3748=CARTESIAN_POINT('',(-0.0189951224415112,0.0448517298417437,0.00835));
#3749=CARTESIAN_POINT('',(-0.0179417069677517,0.0448517298417437,0.00835));
#3750=CARTESIAN_POINT('',(-0.0179417069677517,0.0448517298417437,0.007315));
#3751=CARTESIAN_POINT('',(-0.0179417069677517,0.0448517298417437,0.0117));
#3752=CARTESIAN_POINT('',(-0.0189951224415112,0.0448517298417437,0.007315));
#3753=CARTESIAN_POINT('',(-0.0576597552177525,0.0448517298417437,0.007315));
#3754=CARTESIAN_POINT('',(-0.0576597552177525,0.0448517298417437,0.00835));
#3755=CARTESIAN_POINT('',(-0.0576597552177525,0.0448517298417437,0.0117));
#3756=CARTESIAN_POINT('',(0.0195902447822475,0.0448517298417437,0.0117));
#3757=CARTESIAN_POINT('',(0.0148479962157229,0.0045800191450809,0.007115));
#3758=CARTESIAN_POINT('',(-0.181484755217752,0.0651517298417437,0.007115));
#3759=CARTESIAN_POINT('',(-0.161184755217752,0.0651517298417437,0.007115));
#3760=CARTESIAN_POINT('',(-0.181684755217752,0.0651517298417437,0.007115));
#3761=CARTESIAN_POINT('',(-0.181684755217752,0.0045800191450809,0.007115));
#3762=CARTESIAN_POINT('',(-0.181684755217752,0.0446517298417437,0.007115));
#3763=CARTESIAN_POINT('',(0.014847996215723,0.0446517298417436,0.007115));
#3764=CARTESIAN_POINT('',(-0.161184755217752,0.0446517298417437,0.007115));
#3765=CARTESIAN_POINT('',(-0.161184755217752,0.0045800191450809,0.007115));
#3766=CARTESIAN_POINT('',(0.0148479962157229,0.0446517298417437,0.007115));
#3767=CARTESIAN_POINT('',(-0.143584755217752,0.0446517298417437,0.007115));
#3768=CARTESIAN_POINT('',(-0.0659347552177525,0.0446517298417437,0.007115));
#3769=CARTESIAN_POINT('',(-0.0659347552177525,0.0649517298417437,0.007115));
#3770=CARTESIAN_POINT('',(-0.0659347552177525,0.0651517298417437,0.007115));
#3771=CARTESIAN_POINT('',(-0.143384755217752,0.0651517298417437,0.007115));
#3772=CARTESIAN_POINT('',(-0.143584755217752,0.0651517298417437,0.007115));
#3773=CARTESIAN_POINT('',(-0.143584755217752,0.0448517298417437,0.007115));
#3774=CARTESIAN_POINT('',(-0.0179417069677517,0.0045800191450809,0.007115));
#3775=CARTESIAN_POINT('',(-0.0179417069677517,-0.0601265566065618,0.007115));
#3776=CARTESIAN_POINT('',(-0.0179417069677517,-0.0553607701582563,0.007115));
#3777=CARTESIAN_POINT('',(0.0148479832896441,-0.0601265631567782,0.007115));
#3778=CARTESIAN_POINT('',(-0.1503391239278,-0.0601265301582564,0.007115));
#3779=CARTESIAN_POINT('',(-0.1518661941137,-0.0601265301582564,0.007115));
#3780=CARTESIAN_POINT('',(-0.1518661941137,-0.060126530159822,0.007115));
#3781=CARTESIAN_POINT('',(0.0148524863918175,-0.0601149589953322,0.007115));
#3782=CARTESIAN_POINT('',(-0.178763812578824,-0.0601283969978194,0.007115));
#3783=CARTESIAN_POINT('',(-0.178763812578824,-0.0601283969978194,0.007115));
#3784=CARTESIAN_POINT('',(-0.178779877439467,-0.0601271525403513,0.007115));
#3785=CARTESIAN_POINT('',(-0.178795966366222,-0.060126530307558,0.007115));
#3786=CARTESIAN_POINT('',(-0.178812079353629,-0.0601265301582672,0.007115));
#3787=CARTESIAN_POINT('',(-0.178812079353629,-0.0601265301582663,0.007115));
#3788=CARTESIAN_POINT('',(0.0148479962157229,-0.0601295224622737,0.007115));
#3789=CARTESIAN_POINT('',(-0.180339640654698,-0.0601295224622737,0.007115));
#3790=CARTESIAN_POINT('',(0.0150163600005005,-0.0596171818778295,0.007115));
#3791=CARTESIAN_POINT('',(-0.181336846486588,-0.060132138425321,0.007115));
#3792=CARTESIAN_POINT('',(0.0148479962157229,-0.0601321377375198,0.007115));
#3793=CARTESIAN_POINT('',(-0.182016296967752,-0.0601321377375198,0.007115));
#3794=CARTESIAN_POINT('',(-0.182016296967752,-0.0588321377375198,0.007115));
#3795=CARTESIAN_POINT('',(-0.183316296967741,-0.0588321429375198,0.007115));
#3796=CARTESIAN_POINT('',(-0.183316296967752,0.0045800191450809,0.007115));
#3797=CARTESIAN_POINT('',(-0.183316296967752,0.0681359561935089,0.007115));
#3798=CARTESIAN_POINT('',(-0.182024765264735,0.0679878148417436,0.007115));
#3799=CARTESIAN_POINT('',(-0.182024765264735,0.0692878148417437,0.007115));
#3800=CARTESIAN_POINT('',(-0.178810712319069,0.0692878088417437,0.007115));
#3801=CARTESIAN_POINT('',(-0.178810712319069,0.0692850287917436,0.007115));
#3802=CARTESIAN_POINT('',(-0.178810712319069,0.0699098298417436,0.007115));
#3803=CARTESIAN_POINT('',(-0.178749831419921,0.0692878020962862,0.007115));
#3804=CARTESIAN_POINT('',(-0.151864862853556,0.0692848238481865,0.007115));
#3805=CARTESIAN_POINT('',(-0.151864862853556,0.0692848318449648,0.007115));
#3806=CARTESIAN_POINT('',(0.0148479962157229,0.0692848398417432,0.007115));
#3807=CARTESIAN_POINT('',(-0.150337752967753,0.0692848398417432,0.007115));
#3808=CARTESIAN_POINT('',(0.0148479919045095,0.0692848408478941,0.007115));
#3809=CARTESIAN_POINT('',(-0.0179417069677517,0.0692848386631513,0.007115));
#3810=CARTESIAN_POINT('',(-0.0179417069677517,0.0045800191450809,0.007115));
#3811=CARTESIAN_POINT('',(-0.0179417069677517,0.0651517298417437,0.007115));
#3812=CARTESIAN_POINT('',(-0.0576597552177525,0.0651517298417437,0.007115));
#3813=CARTESIAN_POINT('',(-0.0578597552177525,0.0651517298417437,0.007115));
#3814=CARTESIAN_POINT('',(-0.0578597552177525,0.0448517298417437,0.007115));
#3815=CARTESIAN_POINT('',(-0.0578597552177525,0.0446517298417437,0.007115));
#3816=CARTESIAN_POINT('',(0.0148479962157229,0.0446517298417437,0.007115));
#3817=CARTESIAN_POINT('',(-0.0179417069677517,0.0446517298417437,0.007115));
#3818=CARTESIAN_POINT('',(-0.0179417069677517,0.0045800191450809,0.007115));
#3819=CARTESIAN_POINT('',(-0.0179417069677517,0.0413392298417437,0.007115));
#3820=CARTESIAN_POINT('',(-0.181484755217752,0.0413392298417437,0.007115));
#3821=CARTESIAN_POINT('',(-0.181684755217752,0.0413392298417437,0.007115));
#3822=CARTESIAN_POINT('',(-0.181684755217752,0.0045800191450809,0.007115));
#3823=CARTESIAN_POINT('',(-0.181684755217752,-0.0553607701582563,0.007115));
#3824=CARTESIAN_POINT('',(0.0672152447822475,-0.0553607701582563,0.007115));
#3825=CARTESIAN_POINT('',(0.0148479965322478,-0.0774752601582564,-0.00542935));
#3826=CARTESIAN_POINT('',(0.0148479965322478,-0.0774752601582564,-0.00466943457461875));
#3827=CARTESIAN_POINT('',(-0.189916296967752,-0.0774752601582564,-0.00466943457461875));
#3828=CARTESIAN_POINT('',(-0.0179417069677517,-0.0774752601582564,-0.00466943457461875));
#3829=CARTESIAN_POINT('',(-0.0179417069677517,-0.0774752601582564,-0.00542935));
#3830=CARTESIAN_POINT('',(-0.0179417069677517,-0.0774752601582564,0.0107));
#3831=CARTESIAN_POINT('',(0.0148479965322478,-0.0774752601582564,0.0107));
#3832=CARTESIAN_POINT('',(-0.189916296967752,-0.0774752601582564,0.0107));
#3833=CARTESIAN_POINT('',(-0.189916296967752,-0.0774752601582564,-0.00542935));
#3834=CARTESIAN_POINT('',(0.0148479965322478,0.0785341928417437,-0.00542935));
#3835=CARTESIAN_POINT('',(-0.0179417069677517,0.0785341928417437,-0.00542935));
#3836=CARTESIAN_POINT('',(-0.0179417069677517,0.0785341928417437,-0.00015));
#3837=CARTESIAN_POINT('',(-0.188916296967752,0.0785341928417437,-0.00015));
#3838=CARTESIAN_POINT('',(-0.188916296967752,0.0785341928417437,-0.00015));
#3839=CARTESIAN_POINT('',(-0.188916296967752,0.0785341928417437,-0.00542935));
#3840=CARTESIAN_POINT('',(-0.188916296967752,0.0785341928417437,-0.00445187188008584));
#3841=CARTESIAN_POINT('',(-0.189416296967752,0.0785341928417437,-0.00445187188008584));
#3842=CARTESIAN_POINT('',(0.0148479965322478,-0.0749752601582564,-0.00542935));
#3843=CARTESIAN_POINT('',(0.0148479965322478,-0.0749752601582564,-0.00015));
#3844=CARTESIAN_POINT('',(-0.188916296967752,-0.0749752601582564,-0.00015));
#3845=CARTESIAN_POINT('',(-0.0179417069677517,-0.0749752601582564,-0.00015));
#3846=CARTESIAN_POINT('',(-0.0179417069677517,-0.0749752601582564,-0.00542935));
#3847=CARTESIAN_POINT('',(-0.0179417069677517,-0.0749752601582564,-0.00591124878369514));
#3848=CARTESIAN_POINT('',(0.0148479965322478,-0.0749752601582564,-0.00591124878369514));
#3849=CARTESIAN_POINT('',(-0.188916296967752,-0.0749752601582564,-0.00591124878369514));
#3850=CARTESIAN_POINT('',(-0.188916296967752,-0.0749752601582564,-0.00542935));
#3851=CARTESIAN_POINT('',(0.0148493610322475,0.030348297657631,0.0122));
#3852=CARTESIAN_POINT('',(-0.181484755217752,0.0443517298417438,0.0122));
#3853=CARTESIAN_POINT('',(-0.160884755217753,0.0443517298417437,0.0122));
#3854=CARTESIAN_POINT('',(-0.181984755217752,0.0443517298417438,0.0122));
#3855=CARTESIAN_POINT('',(-0.181984755217752,0.0649517298417437,0.0122));
#3856=CARTESIAN_POINT('',(-0.181984755217752,0.0654517298417437,0.0122));
#3857=CARTESIAN_POINT('',(0.0148493610322475,0.0654517298417437,0.0122));
#3858=CARTESIAN_POINT('',(-0.160884755217753,0.0654517298417437,0.0122));
#3859=CARTESIAN_POINT('',(-0.160884755217753,0.0448517298417437,0.0122));
#3860=CARTESIAN_POINT('',(-0.0656347552177525,0.030348297657631,0.0122));
#3861=CARTESIAN_POINT('',(-0.0656347552177525,0.0654517298417437,0.0122));
#3862=CARTESIAN_POINT('',(-0.0656347552177525,0.0443517298417437,0.0122));
#3863=CARTESIAN_POINT('',(-0.143384755217752,0.0443517298417437,0.0122));
#3864=CARTESIAN_POINT('',(-0.143884755217752,0.0443517298417437,0.0122));
#3865=CARTESIAN_POINT('',(-0.143884755217752,0.030348297657631,0.0122));
#3866=CARTESIAN_POINT('',(-0.143884755217752,0.0654517298417437,0.0122));
#3867=CARTESIAN_POINT('',(0.0148493610322475,0.0654517298417437,0.0122));
#3868=CARTESIAN_POINT('',(0.0148493610322475,-0.0759752601582564,0.0122));
#3869=CARTESIAN_POINT('',(-0.189916296967752,-0.0759752601582564,0.0122));
#3870=CARTESIAN_POINT('',(-0.0179417069677517,-0.0759752601582564,0.0122));
#3871=CARTESIAN_POINT('',(-0.0179417069677517,0.030348297657631,0.0122));
#3872=CARTESIAN_POINT('',(-0.0179417069677517,-0.0556607701582563,0.0122));
#3873=CARTESIAN_POINT('',(0.0148493610322475,-0.0556607701582563,0.0122));
#3874=CARTESIAN_POINT('',(-0.181984755217752,-0.0556607701582563,0.0122));
#3875=CARTESIAN_POINT('',(-0.181984755217752,0.0411392298417437,0.0122));
#3876=CARTESIAN_POINT('',(-0.181984755217752,0.0416392298417437,0.0122));
#3877=CARTESIAN_POINT('',(0.0148493610322475,0.0416392298417437,0.0122));
#3878=CARTESIAN_POINT('',(-0.0179417069677517,0.0416392298417437,0.0122));
#3879=CARTESIAN_POINT('',(-0.0179417069677517,0.030348297657631,0.0122));
#3880=CARTESIAN_POINT('',(-0.0179417069677517,0.0443517298417437,0.0122));
#3881=CARTESIAN_POINT('',(-0.0576597552177525,0.0443517298417437,0.0122));
#3882=CARTESIAN_POINT('',(-0.0581597552177525,0.0443517298417437,0.0122));
#3883=CARTESIAN_POINT('',(-0.0581597552177525,0.030348297657631,0.0122));
#3884=CARTESIAN_POINT('',(-0.0581597552177525,0.0654517298417437,0.0122));
#3885=CARTESIAN_POINT('',(0.0148493610322475,0.0654517298417437,0.0122));
#3886=CARTESIAN_POINT('',(-0.0179417069677517,0.0654517298417437,0.0122));
#3887=CARTESIAN_POINT('',(-0.0179417069677517,0.030348297657631,0.0122));
#3888=CARTESIAN_POINT('',(-0.0179417069677517,0.0795341928417437,0.0122));
#3889=CARTESIAN_POINT('',(-0.191416296967752,0.0795341928417437,0.0122));
#3890=CARTESIAN_POINT('',(-0.189916296967752,0.0795341928417437,0.0122));
#3891=CARTESIAN_POINT('',(-0.189916296967752,0.030348297657631,0.0122));
#3892=CARTESIAN_POINT('',(0.218610290032248,-0.0562736229021009,-0.00877266829553846));
#3893=CARTESIAN_POINT('',(0.218610290032248,-0.0755361948299589,-0.0064075218595158));
#3894=CARTESIAN_POINT('',(-0.189416296967752,-0.075536194829959,-0.0064075218595158));
#3895=CARTESIAN_POINT('',(-0.0179417069677517,-0.075536194829959,-0.0064075218595158));
#3896=CARTESIAN_POINT('',(-0.0179417069677517,-0.0562736229021009,-0.00877266829553846));
#3897=CARTESIAN_POINT('',(-0.0179417069677517,-0.0759864409307944,-0.00635223858972647));
#3898=CARTESIAN_POINT('',(0.218610290032248,-0.0759864409307944,-0.00635223858972647));
#3899=CARTESIAN_POINT('',(-0.189916296967752,-0.0759864409307944,-0.00635223858972647));
#3900=CARTESIAN_POINT('',(-0.189916296967752,-0.0562736229021009,-0.00877266829553846));
#3901=CARTESIAN_POINT('',(-0.189916296967752,-0.035568258721766,-0.0113149673447556));
#3902=CARTESIAN_POINT('',(-0.188914296967751,-0.035568258721766,-0.0113149673447556));
#3903=CARTESIAN_POINT('',(-0.189416296967752,-0.035568258721766,-0.0113149673447556));
#3904=CARTESIAN_POINT('',(-0.189416296967752,-0.0749752601582564,-0.00647639597687602));
#3905=CARTESIAN_POINT('',(-0.0190347552177525,0.0649517298417437,0.0117));
#3906=CARTESIAN_POINT('',(-0.0179417069677517,0.0649517298417437,0.0117));
#3907=CARTESIAN_POINT('',(-0.0544847552177525,0.0617767298417437,0.008525));
#3908=CARTESIAN_POINT('',(0.0148493610322475,0.0443517298417437,0.0122));
#3909=CARTESIAN_POINT('',(-0.0179417069677517,0.0443517298417437,0.0122));
#3910=CARTESIAN_POINT('',(-0.0338233831344191,0.068688101925077,-0.0121363720833334));
#3911=CARTESIAN_POINT('',(0.0666902447822475,-0.0551607701582563,0.0117));
#3912=CARTESIAN_POINT('',(-0.0179417069677517,-0.0551607701582563,0.0117));
#3913=CARTESIAN_POINT('',(-0.15331506594579,-0.0269910808862934,-0.0164696892719626));
#3914=CARTESIAN_POINT('',(-0.180959755217752,0.0411392298417437,0.0117));
#3915=CARTESIAN_POINT('',(-0.0179417069677517,0.0411392298417437,0.0117));
#3916=CARTESIAN_POINT('',(-0.178221111156382,0.0378755857803728,0.00843635593862911));
#3917=CARTESIAN_POINT('',(0.0148479965322477,0.0810341928417437,0.0107));
#3918=CARTESIAN_POINT('',(-0.0179417069677517,0.0810341928417437,0.0107));
#3919=CARTESIAN_POINT('',(-0.189916296967752,0.0810341928417437,0.0107));
#3920=CARTESIAN_POINT('',(0.0148493610322475,-0.0759752601582564,0.0122));
#3921=CARTESIAN_POINT('',(-0.0179417069677517,-0.0759752601582564,0.0122));
#3922=CARTESIAN_POINT('',(-0.189916296967752,-0.0767252601582564,0.01145));
#3923=CARTESIAN_POINT('',(0.218610290032248,-0.0759864409307944,-0.00635223858972647));
#3924=CARTESIAN_POINT('',(-0.0179417069677517,-0.0759864409307944,-0.00635223858972647));
#3925=CARTESIAN_POINT('',(-0.191093673364148,-0.07629788376186,-0.00600021650610043));
#3926=CARTESIAN_POINT('',(-0.190660706581482,-0.0767308505445254,-0.00551083658217266));
#3927=CARTESIAN_POINT('',(-0.0652729909883182,0.0486568650486437,-0.147235867635858));
#3928=CARTESIAN_POINT('',(0.0148479832896441,-0.0601265631567782,0.006915));
#3929=CARTESIAN_POINT('',(-0.0179417069677517,-0.0601265566065618,0.006915));
#3930=CARTESIAN_POINT('',(-0.150339123967753,-0.0601265301582564,0.006915));
#3931=CARTESIAN_POINT('',(0.0148479919045095,0.0692848408478941,0.006915));
#3932=CARTESIAN_POINT('',(-0.0179417069677517,0.0692848386631513,0.006915));
#3933=CARTESIAN_POINT('',(-0.150337752967753,0.0692848398417432,0.006915));
#3934=CARTESIAN_POINT('',(0.0148479962157229,0.0651517298417437,0.007315));
#3935=CARTESIAN_POINT('',(-0.0179417069677517,0.0651517298417437,0.007315));
#3936=CARTESIAN_POINT('',(-0.0578597552177525,0.0651517298417437,0.007315));
#3937=CARTESIAN_POINT('',(-0.0189951224415112,0.0446517298417437,0.007315));
#3938=CARTESIAN_POINT('',(-0.0179417069677517,0.0446517298417437,0.007315));
#3939=CARTESIAN_POINT('',(-0.0578597552177525,0.0446517298417437,0.007315));
#3940=CARTESIAN_POINT('',(0.0148479962157229,-0.0553607701582563,0.007315));
#3941=CARTESIAN_POINT('',(-0.0179417069677517,-0.0553607701582563,0.007315));
#3942=CARTESIAN_POINT('',(-0.181684755217752,-0.0553607701582563,0.007315));
#3943=CARTESIAN_POINT('',(0.0148479962157229,0.0413392298417437,0.007315));
#3944=CARTESIAN_POINT('',(-0.0179417069677517,0.0413392298417437,0.007315));
#3945=CARTESIAN_POINT('',(-0.181684755217752,0.0413392298417437,0.007315));
#3946=CARTESIAN_POINT('',(-0.0752952859677538,0.0694848348417434,0.00025));
#3947=CARTESIAN_POINT('',(-0.0179417069677517,0.0694848367524474,0.000250001910703979));
#3948=CARTESIAN_POINT('',(-0.150337752967753,0.0694848398417432,0.00025));
#3949=CARTESIAN_POINT('',(-0.0752507109677517,-0.0603265451582566,0.00025));
#3950=CARTESIAN_POINT('',(-0.0179417069677517,-0.0603265508824092,0.000250005724152601));
#3951=CARTESIAN_POINT('',(-0.150339123967753,-0.0605765301582564,0.));
#3952=CARTESIAN_POINT('',(0.0148479965322478,-0.0754752601582564,-0.00591124878369514));
#3953=CARTESIAN_POINT('',(-0.0179417069677517,-0.0754752601582564,-0.00591124878369514));
#3954=CARTESIAN_POINT('',(-0.189416296967752,-0.0754752601582564,-0.00591124878369514));
#3955=CARTESIAN_POINT('',(-0.188916296967752,-0.0749789870824358,-0.00597218345539771));
#3956=CARTESIAN_POINT('',(-0.188916296967752,-0.0754752601582564,-0.00591124878369514));
#3957=CARTESIAN_POINT('',(0.0148479965322478,-0.0748252601582564,-0.00015));
#3958=CARTESIAN_POINT('',(-0.0179417069677517,-0.0748252601582564,-0.00015));
#3959=CARTESIAN_POINT('',(-0.188766296967751,-0.0748252601582564,-0.00015));
#3960=CARTESIAN_POINT('',(0.0148493610322475,0.0783841928417437,-0.00015));
#3961=CARTESIAN_POINT('',(-0.0179417069677517,0.0783841928417437,-0.00015));
#3962=CARTESIAN_POINT('',(-0.188766296967751,0.0783841928417437,-0.00015));
#3963=CARTESIAN_POINT('',(0.0148493610322475,0.030348297657631,0.003));
#3964=CARTESIAN_POINT('',(-0.165312683764598,0.0694863135646415,0.003));
#3965=CARTESIAN_POINT('',(-0.178760511514623,0.069487804192341,0.003));
#3966=CARTESIAN_POINT('',(-0.151864793616436,0.0694848398417432,0.003));
#3967=CARTESIAN_POINT('',(-0.178810712319069,0.0699098298417436,0.003));
#3968=CARTESIAN_POINT('',(-0.178810712356825,0.0703348298415061,0.003));
#3969=CARTESIAN_POINT('',(-0.178824232643411,0.0724833007937545,0.003));
#3970=CARTESIAN_POINT('',(-0.178837752967753,0.0703348298417437,0.003));
#3971=CARTESIAN_POINT('',(-0.178837752967753,0.0722348298417437,0.003));
#3972=CARTESIAN_POINT('',(-0.178837752967753,0.0741340335917436,0.003));
#3973=CARTESIAN_POINT('',(-0.165337752967752,0.0741335558417436,0.003));
#3974=CARTESIAN_POINT('',(-0.151837752967753,0.0741343520917436,0.003));
#3975=CARTESIAN_POINT('',(-0.151837752967753,0.0722348298417437,0.003));
#3976=CARTESIAN_POINT('',(-0.151837753005509,0.0703348298415061,0.003));
#3977=CARTESIAN_POINT('',(-0.151851273292094,0.0724833007937556,0.003));
#3978=CARTESIAN_POINT('',(-0.151864793616436,0.0703348298417436,0.003));
#3979=CARTESIAN_POINT('',(-0.151864793616436,0.0699098298417436,0.003));
#3980=CARTESIAN_POINT('',(-0.151102644292094,-0.0603265301582564,-0.022));
#3981=CARTESIAN_POINT('',(-0.151102644292094,-0.0603265301582564,0.00025));
#3982=CARTESIAN_POINT('',(-0.151866164616436,-0.0603265301582564,0.00025));
#3983=CARTESIAN_POINT('',(-0.151866164616436,-0.0603265301582564,-0.022));
#3984=CARTESIAN_POINT('',(-0.151866164616436,-0.0603265301582564,0.003));
#3985=CARTESIAN_POINT('',(-0.1518661941137,-0.06032653015928,0.007115));
#3986=CARTESIAN_POINT('',(-0.1518661941137,-0.06032653015928,0.006915));
#3987=CARTESIAN_POINT('',(-0.150339123967753,-0.0603265301582564,0.006915));
#3988=CARTESIAN_POINT('',(-0.151866164616436,-0.0607515301582564,-0.022));
#3989=CARTESIAN_POINT('',(-0.151866164616436,-0.0607515301582564,0.00025));
#3990=CARTESIAN_POINT('',(-0.151866164654193,-0.061176530158494,0.000249999999999997));
#3991=CARTESIAN_POINT('',(-0.151866164654193,-0.061176530158494,-0.022));
#3992=CARTESIAN_POINT('',(-0.151866164654193,-0.061176530158494,0.003));
#3993=CARTESIAN_POINT('',(-0.151866164616436,-0.0607515301582564,0.003));
#3994=CARTESIAN_POINT('',(-0.151852644292093,-0.0633250011105463,-0.022));
#3995=CARTESIAN_POINT('',(-0.151852644292093,-0.0633250011105463,0.000249999999999997));
#3996=CARTESIAN_POINT('',(-0.151839123967753,-0.0611765301582564,0.000249999999999997));
#3997=CARTESIAN_POINT('',(-0.151839123967753,-0.0611765301582564,-0.022));
#3998=CARTESIAN_POINT('',(-0.151839123967753,-0.0611765301582564,0.003));
#3999=CARTESIAN_POINT('',(-0.151852644292093,-0.0633250011105463,0.003));
#4000=CARTESIAN_POINT('',(-0.151839123967753,-0.0630765301582564,-0.022));
#4001=CARTESIAN_POINT('',(-0.151839123967753,-0.0630765301582564,0.00025));
#4002=CARTESIAN_POINT('',(-0.151839123967753,-0.0649765301582564,0.00025));
#4003=CARTESIAN_POINT('',(-0.151839123967753,-0.0649765301582564,-0.022));
#4004=CARTESIAN_POINT('',(-0.151839123967753,-0.0649765301582564,0.003));
#4005=CARTESIAN_POINT('',(-0.151839123967753,-0.0630765301582564,0.003));
#4006=CARTESIAN_POINT('',(-0.165339123967752,-0.0649765301582564,-0.022));
#4007=CARTESIAN_POINT('',(-0.178839123967753,-0.0649765301582564,0.00025));
#4008=CARTESIAN_POINT('',(-0.178839123967753,-0.0649765301582564,0.00025));
#4009=CARTESIAN_POINT('',(-0.178839123967753,-0.0649765301582564,-0.022));
#4010=CARTESIAN_POINT('',(-0.178839123967753,-0.0649765301582564,0.003));
#4011=CARTESIAN_POINT('',(-0.165339123967752,-0.0649765301582564,0.003));
#4012=CARTESIAN_POINT('',(-0.178839123967753,-0.0630765301582564,-0.022));
#4013=CARTESIAN_POINT('',(-0.178839123967753,-0.0630765301582564,0.00025));
#4014=CARTESIAN_POINT('',(-0.178839124005509,-0.061176530158494,0.00025));
#4015=CARTESIAN_POINT('',(-0.178839124005509,-0.061176530158494,-0.022));
#4016=CARTESIAN_POINT('',(-0.178839124005509,-0.061176530158494,0.003));
#4017=CARTESIAN_POINT('',(-0.178839123967753,-0.0630765301582564,0.003));
#4018=CARTESIAN_POINT('',(-0.17882560364341,-0.0633250011105617,-0.022));
#4019=CARTESIAN_POINT('',(-0.178839124005509,-0.0611765301582564,0.00025));
#4020=CARTESIAN_POINT('',(-0.178830110390606,-0.0611764734354335,0.000249943277356229));
#4021=CARTESIAN_POINT('',(-0.178821096828464,-0.0611764734362559,0.000249879139864852));
#4022=CARTESIAN_POINT('',(-0.178812083319069,-0.0611765301582564,0.000249807589563299));
#4023=CARTESIAN_POINT('',(-0.178812083319069,-0.0611765301582564,0.000249807589563292));
#4024=CARTESIAN_POINT('',(-0.178812083319069,-0.0611765301582564,-0.022));
#4025=CARTESIAN_POINT('',(-0.178812083319069,-0.0611765301582564,0.003));
#4026=CARTESIAN_POINT('',(-0.17882560364341,-0.0633250011105617,0.003));
#4027=CARTESIAN_POINT('',(-0.178812083319069,-0.0607515301582564,-0.022));
#4028=CARTESIAN_POINT('',(-0.178812083319069,-0.0611765301582564,0.000249807589563295));
#4029=CARTESIAN_POINT('',(-0.178635549483923,-0.0611765301582565,0.000247295428484006));
#4030=CARTESIAN_POINT('',(-0.178506979237088,-0.0610736245468099,0.000120176112908601));
#4031=CARTESIAN_POINT('',(-0.178443562575433,-0.0609632315080637,-3.38084832560359E-18));
#4032=CARTESIAN_POINT('',(-0.178812083319069,-0.0607515301582564,-0.000176011032032453));
#4033=CARTESIAN_POINT('',(-0.178812079381354,-0.060328026310425,0.000248837881353396));
#4034=CARTESIAN_POINT('',(-0.178812079388297,-0.0603280263102742,-0.022));
#4035=CARTESIAN_POINT('',(-0.178812079374374,-0.0603280263102742,0.003));
#4036=CARTESIAN_POINT('',(-0.178812079381354,-0.0603280263102742,0.007115));
#4037=CARTESIAN_POINT('',(-0.178812079673962,-0.0603280263102714,0.006915));
#4038=CARTESIAN_POINT('',(-0.178812079367443,-0.0603265301582748,0.006915));
#4039=CARTESIAN_POINT('',(-0.178798795447579,-0.0603265302817879,0.006915));
#4040=CARTESIAN_POINT('',(-0.17878551155062,-0.0603271536701606,0.006915));
#4041=CARTESIAN_POINT('',(-0.178772285999617,-0.0603283975864016,0.006915));
#4042=CARTESIAN_POINT('',(-0.178772285999617,-0.0603283975864016,0.006915));
#4043=CARTESIAN_POINT('',(-0.178772285999617,-0.0603283975864016,0.007115));
#4044=CARTESIAN_POINT('',(-0.178772285999617,-0.0603283975864016,0.003));
#4045=CARTESIAN_POINT('',(-0.178812083319069,-0.0607515301582564,0.003));
#4046=CARTESIAN_POINT('',(-0.179575597757691,-0.0603295224622737,-0.022));
#4047=CARTESIAN_POINT('',(-0.178812079576612,-0.0603295224622737,0.000248987495762614));
#4048=CARTESIAN_POINT('',(-0.179319979223276,-0.0603295224622737,0.000248324648477145));
#4049=CARTESIAN_POINT('',(-0.179828991409692,-0.0603295224622737,0.000248662149903357));
#4050=CARTESIAN_POINT('',(-0.180339116135862,-0.0603295224622737,0.000250000000041252));
#4051=CARTESIAN_POINT('',(-0.180339116135862,-0.0603295224623149,0.000250000000041263));
#4052=CARTESIAN_POINT('',(-0.180339116135862,-0.0603295224623149,-0.022));
#4053=CARTESIAN_POINT('',(-0.180339116135862,-0.0603295224623149,0.006915));
#4054=CARTESIAN_POINT('',(-0.179575597757691,-0.0603295224622737,0.006915));
#4055=CARTESIAN_POINT('',(-0.180837719059675,-0.060330830099938,-0.022));
#4056=CARTESIAN_POINT('',(-0.181336321967753,-0.0603321377375198,0.00025));
#4057=CARTESIAN_POINT('',(-0.181336321967753,-0.0603321377375198,0.00025));
#4058=CARTESIAN_POINT('',(-0.181336321967753,-0.0603321377375198,-0.022));
#4059=CARTESIAN_POINT('',(-0.181336321967753,-0.0603321377375198,0.006915));
#4060=CARTESIAN_POINT('',(-0.180837719059675,-0.060330830099938,0.006915));
#4061=CARTESIAN_POINT('',(-0.181676309467752,-0.0603321377375198,-0.022));
#4062=CARTESIAN_POINT('',(-0.182016296967752,-0.0603321377375198,0.00025));
#4063=CARTESIAN_POINT('',(-0.182016296967752,-0.0603321377375198,0.00025));
#4064=CARTESIAN_POINT('',(-0.182016296967752,-0.0603321377375198,-0.022));
#4065=CARTESIAN_POINT('',(-0.182016296967752,-0.0603321377375198,0.006915));
#4066=CARTESIAN_POINT('',(-0.181676309467752,-0.0603321377375198,0.006915));
#4067=CARTESIAN_POINT('',(-0.182016296967752,-0.0588321377375198,-0.022));
#4068=CARTESIAN_POINT('',(-0.182016296967752,-0.0588321377375198,0.00025));
#4069=CARTESIAN_POINT('',(-0.183516296967751,-0.0588321437375198,0.00025));
#4070=CARTESIAN_POINT('',(-0.183516296967751,-0.0588321437375198,-0.022));
#4071=CARTESIAN_POINT('',(-0.183516296967751,-0.0588321437375198,0.006915));
#4072=CARTESIAN_POINT('',(-0.182016296967752,-0.0588321377375198,0.006915));
#4073=CARTESIAN_POINT('',(-0.183516296967751,0.00465741455211165,-0.022));
#4074=CARTESIAN_POINT('',(-0.183516296967751,0.0681469729092944,0.00025));
#4075=CARTESIAN_POINT('',(-0.183516297600802,0.0681469729092944,0.00025));
#4076=CARTESIAN_POINT('',(-0.183516297600802,0.0681469729092944,-0.022));
#4077=CARTESIAN_POINT('',(-0.183516297600802,0.0681469729092944,0.006915));
#4078=CARTESIAN_POINT('',(-0.183516296967751,0.00465741455211165,0.006915));
#4079=CARTESIAN_POINT('',(-0.182024765264735,0.0679878148417436,-0.022));
#4080=CARTESIAN_POINT('',(-0.182024765264735,0.0679878148417436,0.00025));
#4081=CARTESIAN_POINT('',(-0.182024765264735,0.0694878088417437,0.00025));
#4082=CARTESIAN_POINT('',(-0.182024765264735,0.0694878088417437,-0.022));
#4083=CARTESIAN_POINT('',(-0.182024765264735,0.0694878088417437,0.006915));
#4084=CARTESIAN_POINT('',(-0.182024765264735,0.0679878148417436,0.006915));
#4085=CARTESIAN_POINT('',(-0.180417738791902,0.0694878088417437,-0.022));
#4086=CARTESIAN_POINT('',(-0.180417738791902,0.0694878088417437,0.00025));
#4087=CARTESIAN_POINT('',(-0.178810712319069,0.0694863193417437,0.00025));
#4088=CARTESIAN_POINT('',(-0.178810712319069,0.0694863193417437,-0.022));
#4089=CARTESIAN_POINT('',(-0.178810712319069,0.0694859469667437,0.003));
#4090=CARTESIAN_POINT('',(-0.178810712319069,0.0694863193417437,0.007115));
#4091=CARTESIAN_POINT('',(-0.178810712319069,0.0694850287917437,0.006915));
#4092=CARTESIAN_POINT('',(-0.182024765264735,0.0694878088417437,0.006915));
#4093=CARTESIAN_POINT('',(-0.178810712319069,0.0699098298417436,-0.022));
#4094=CARTESIAN_POINT('',(-0.178810712319069,0.0699098298417436,0.00025));
#4095=CARTESIAN_POINT('',(-0.178810712356825,0.0703348298415061,0.00025));
#4096=CARTESIAN_POINT('',(-0.178810712356825,0.0703348298415061,-0.022));
#4097=CARTESIAN_POINT('',(-0.178760511514623,0.069487804192341,0.007115));
#4098=CARTESIAN_POINT('',(-0.178760511568141,0.0694878041859739,0.006915));
#4099=CARTESIAN_POINT('',(-0.178810712319069,0.0699098298417436,0.006915));
#4100=CARTESIAN_POINT('',(-0.178824232643411,0.0724833007937545,-0.022));
#4101=CARTESIAN_POINT('',(-0.178824232643411,0.0724833007937545,0.00025));
#4102=CARTESIAN_POINT('',(-0.178837752967753,0.0703348298417437,0.00025));
#4103=CARTESIAN_POINT('',(-0.178837752967753,0.0703348298417437,-0.022));
#4104=CARTESIAN_POINT('',(-0.178837752967753,0.0722348298417437,-0.022));
#4105=CARTESIAN_POINT('',(-0.178837752967753,0.0722348298417437,0.00025));
#4106=CARTESIAN_POINT('',(-0.178837752967753,0.0741338243417436,0.00025));
#4107=CARTESIAN_POINT('',(-0.178837752967753,0.0741341928417436,-0.022));
#4108=CARTESIAN_POINT('',(-0.165337752967752,0.0741335558417436,-0.022));
#4109=CARTESIAN_POINT('',(-0.151837752967753,0.0741335558417436,0.00025));
#4110=CARTESIAN_POINT('',(-0.151837752967753,0.0741345613417437,0.00025));
#4111=CARTESIAN_POINT('',(-0.151837752967753,0.0741341928417436,-0.022));
#4112=CARTESIAN_POINT('',(-0.151837752967753,0.0722348298417437,-0.022));
#4113=CARTESIAN_POINT('',(-0.151837752967753,0.0722348298417437,0.00025));
#4114=CARTESIAN_POINT('',(-0.151837753005509,0.0703348298415061,0.00025));
#4115=CARTESIAN_POINT('',(-0.151837753005509,0.0703348298415061,-0.022));
#4116=CARTESIAN_POINT('',(-0.151851273292094,0.0724833007937556,-0.022));
#4117=CARTESIAN_POINT('',(-0.151851273292094,0.0724833007937556,0.00025));
#4118=CARTESIAN_POINT('',(-0.151864793616436,0.0703348298417436,0.00025));
#4119=CARTESIAN_POINT('',(-0.151864793616436,0.0703348298417436,-0.022));
#4120=CARTESIAN_POINT('',(-0.151864793616436,0.0699098298417436,-0.022));
#4121=CARTESIAN_POINT('',(-0.151864793616436,0.0699098298417436,0.00025));
#4122=CARTESIAN_POINT('',(-0.151864793616436,0.0694848298417436,0.00025));
#4123=CARTESIAN_POINT('',(-0.151864793616436,0.0694848398417432,-0.022));
#4124=CARTESIAN_POINT('',(-0.151101273292094,0.0694848398417432,-0.022));
#4125=CARTESIAN_POINT('',(-0.150337752967753,0.0694848398417432,0.00025));
#4126=CARTESIAN_POINT('',(-0.151101273292094,0.0694848398417432,0.006915));
#4127=CARTESIAN_POINT('',(-0.151864840697624,0.0694848318443512,0.006915));
#4128=CARTESIAN_POINT('',(-0.151864840697182,0.0694848318443512,0.007115));
#4129=CARTESIAN_POINT('',(-0.181484755217752,-0.0070107701582563,0.00835));
#4130=CARTESIAN_POINT('',(-0.181484755217752,-0.0070107701582563,0.007315));
#4131=CARTESIAN_POINT('',(-0.181484755217752,-0.0551607701582563,0.0117));
#4132=CARTESIAN_POINT('',(-0.0576597552177525,0.0554267298417437,0.00835));
#4133=CARTESIAN_POINT('',(-0.0576597552177525,0.0649517298417437,0.007315));
#4134=CARTESIAN_POINT('',(-0.0576597552177525,0.0554267298417437,0.0117));
#4135=CARTESIAN_POINT('',(-0.171434755217753,0.0649517298417437,0.00835));
#4136=CARTESIAN_POINT('',(-0.181484755217752,0.0649517298417437,0.00835));
#4137=CARTESIAN_POINT('',(-0.181484755217752,0.0649517298417437,0.0117));
#4138=CARTESIAN_POINT('',(-0.181484755217752,0.0649517298417437,0.007315));
#4139=CARTESIAN_POINT('',(-0.161384755217753,0.0649517298417437,0.007315));
#4140=CARTESIAN_POINT('',(-0.161384755217753,0.0649517298417437,0.007315));
#4141=CARTESIAN_POINT('',(-0.161384755217753,0.0649517298417437,0.00835));
#4142=CARTESIAN_POINT('',(-0.161384755217753,0.0649517298417437,0.0117));
#4143=CARTESIAN_POINT('',(-0.171434755217753,0.0649517298417437,0.0117));
#4144=CARTESIAN_POINT('',(-0.161384755217753,0.0554267298417437,0.00835));
#4145=CARTESIAN_POINT('',(-0.161384755217753,0.0554267298417437,0.007315));
#4146=CARTESIAN_POINT('',(-0.161384755217753,0.0448517298417437,0.007315));
#4147=CARTESIAN_POINT('',(-0.161384755217753,0.0448517298417437,0.00835));
#4148=CARTESIAN_POINT('',(-0.161384755217753,0.0448517298417437,0.0117));
#4149=CARTESIAN_POINT('',(-0.161384755217753,0.0649517298417437,0.0117));
#4150=CARTESIAN_POINT('',(-0.171164755217752,0.0448517298417437,0.00835));
#4151=CARTESIAN_POINT('',(-0.171164755217752,0.0448517298417437,0.007315));
#4152=CARTESIAN_POINT('',(-0.181484755217752,0.0448517298417437,0.007315));
#4153=CARTESIAN_POINT('',(-0.181484755217752,0.0448517298417437,0.00835));
#4154=CARTESIAN_POINT('',(-0.181484755217752,0.0448517298417437,0.0117));
#4155=CARTESIAN_POINT('',(-0.161384755217753,0.0448517298417437,0.0117));
#4156=CARTESIAN_POINT('',(-0.104759755217752,0.0649517298417437,0.00835));
#4157=CARTESIAN_POINT('',(-0.143384755217752,0.0649517298417437,0.00835));
#4158=CARTESIAN_POINT('',(-0.143384755217752,0.0649517298417437,0.0117));
#4159=CARTESIAN_POINT('',(-0.143384755217752,0.0649517298417437,0.007315));
#4160=CARTESIAN_POINT('',(-0.0661347552177525,0.0649517298417437,0.007315));
#4161=CARTESIAN_POINT('',(-0.0661347552177525,0.0649517298417437,0.007315));
#4162=CARTESIAN_POINT('',(-0.0661347552177525,0.0649517298417437,0.00835));
#4163=CARTESIAN_POINT('',(-0.0661347552177525,0.0649517298417437,0.0117));
#4164=CARTESIAN_POINT('',(-0.104759755217752,0.0649517298417437,0.0117));
#4165=CARTESIAN_POINT('',(-0.0661347552177525,0.0554267298417437,0.00835));
#4166=CARTESIAN_POINT('',(-0.0661347552177525,0.0448517298417437,0.007315));
#4167=CARTESIAN_POINT('',(-0.0661347552177525,0.0448517298417437,0.007315));
#4168=CARTESIAN_POINT('',(-0.0661347552177525,0.0448517298417437,0.00835));
#4169=CARTESIAN_POINT('',(-0.0661347552177525,0.0448517298417437,0.0117));
#4170=CARTESIAN_POINT('',(-0.0661347552177525,0.0554267298417437,0.0117));
#4171=CARTESIAN_POINT('',(-0.104759755217752,0.0448517298417437,0.00835));
#4172=CARTESIAN_POINT('',(-0.104759755217752,0.0448517298417437,0.007315));
#4173=CARTESIAN_POINT('',(-0.143384755217752,0.0448517298417437,0.007315));
#4174=CARTESIAN_POINT('',(-0.143384755217752,0.0448517298417437,0.00835));
#4175=CARTESIAN_POINT('',(-0.143384755217752,0.0448517298417437,0.0117));
#4176=CARTESIAN_POINT('',(-0.0661347552177525,0.0448517298417437,0.0117));
#4177=CARTESIAN_POINT('',(-0.181484755217752,0.0549017298417437,0.00835));
#4178=CARTESIAN_POINT('',(-0.181484755217752,0.0549017298417437,0.007315));
#4179=CARTESIAN_POINT('',(-0.181484755217752,0.0448517298417437,0.0117));
#4180=CARTESIAN_POINT('',(-0.143384755217752,0.0453767298417437,0.00835));
#4181=CARTESIAN_POINT('',(-0.143384755217752,0.0649517298417437,0.007315));
#4182=CARTESIAN_POINT('',(-0.143384755217752,0.0453767298417437,0.0117));
#4183=CARTESIAN_POINT('',(0.0148493610322475,0.030348297657631,0.003));
#4184=CARTESIAN_POINT('',(-0.165319240056658,-0.0603274638733527,0.003));
#4185=CARTESIAN_POINT('',(-0.165319240056658,-0.0603274638733527,0.007115));
#4186=CARTESIAN_POINT('',(-0.165319240056658,-0.0603274638733527,0.006915));
#4187=CARTESIAN_POINT('',(-0.165312683764598,0.0694863135646415,0.007115));
#4188=CARTESIAN_POINT('',(-0.178760511514724,0.069487803280627,0.006915));
#4189=CARTESIAN_POINT('',(-0.191416296967752,0.00177946634174366,-0.00542935));
#4190=CARTESIAN_POINT('',(-0.191416296967752,0.0795341928417437,-0.00197326458147668));
#4191=CARTESIAN_POINT('',(-0.191416296967752,0.0795341928417437,0.0107));
#4192=CARTESIAN_POINT('',(-0.191416296967752,0.0795341928417437,-0.00339455881158705));
#4193=CARTESIAN_POINT('',(-0.191416296967752,-0.035651768554571,-0.00981729377958032));
#4194=CARTESIAN_POINT('',(-0.191416296967752,-0.0355182168476851,-0.00980984697610311));
#4195=CARTESIAN_POINT('',(-0.191416296967752,0.000695646980314946,-0.0142563503448216));
#4196=CARTESIAN_POINT('',(-0.191416296967752,-0.0759752601582564,-0.00484234667778484));
#4197=CARTESIAN_POINT('',(-0.191416296967752,-0.0759752601582564,-0.00542935));
#4198=CARTESIAN_POINT('',(-0.191416296967752,-0.0759752601582564,0.0107));
#4199=CARTESIAN_POINT('',(-0.191416296967752,0.00177946634174366,0.0107));
#4200=CARTESIAN_POINT('',(-0.188916296967752,0.00177946634174363,-0.00542935));
#4201=CARTESIAN_POINT('',(-0.188916296967752,-0.0749752601582564,-0.00015));
#4202=CARTESIAN_POINT('',(-0.188916296967752,-0.0355073240500634,-0.0108186942689349));
#4203=CARTESIAN_POINT('',(-0.188916296967752,-0.0355515780970723,-0.0108132605552048));
#4204=CARTESIAN_POINT('',(-0.188916296967752,0.00196303324824285,-0.00872145697795095));
#4205=CARTESIAN_POINT('',(-0.221663016773404,0.0742595875841826,-0.00519099928148107));
#4206=CARTESIAN_POINT('',(-0.189416296967752,0.0742595875841826,-0.00519099928148107));
#4207=CARTESIAN_POINT('',(-0.189916296967752,0.0785341928417438,-0.00495264856296213));
#4208=CARTESIAN_POINT('',(-0.0576597552177525,0.0554267298417437,0.0117));
#4209=CARTESIAN_POINT('',(-0.104759755217752,0.0649517298417437,0.0117));
#4210=CARTESIAN_POINT('',(-0.136859755217752,0.0584267298417437,0.005175));
#4211=CARTESIAN_POINT('',(-0.0790097552177525,0.0520767298417437,-0.001175));
#4212=CARTESIAN_POINT('',(-0.0661347552177525,0.0554267298417437,0.0117));
#4213=CARTESIAN_POINT('',(-0.0388067164677526,0.0175236910917437,0.0390280387499999));
#4214=CARTESIAN_POINT('',(-0.143384755217752,0.0453767298417437,0.0117));
#4215=CARTESIAN_POINT('',(-0.0909733831344193,0.0972631019250771,-0.0407113720833331));
#4216=CARTESIAN_POINT('',(0.0148493610322475,0.0443517298417437,0.0122));
#4217=CARTESIAN_POINT('',(-0.160884755217753,0.030348297657631,0.0122));
#4218=CARTESIAN_POINT('',(-0.172585899279124,0.0537505857803728,0.000498855938629098));
#4219=CARTESIAN_POINT('',(-0.102306716467753,-0.0142263089082564,0.0707780387499997));
#4220=CARTESIAN_POINT('',(0.0148493610322475,0.0443517298417437,0.0122));
#4221=CARTESIAN_POINT('',(-0.18665256594579,0.0396839191137061,0.0168678107280376));
#4222=CARTESIAN_POINT('',(-0.171434755217753,0.0649517298417437,0.0117));
#4223=CARTESIAN_POINT('',(-0.170283611156382,0.0537505857803728,0.000498855938629098));
#4224=CARTESIAN_POINT('',(-0.181984755217752,0.030348297657631,0.0122));
#4225=CARTESIAN_POINT('',(-0.181984755217752,0.030348297657631,0.0122));
#4226=CARTESIAN_POINT('',(-0.189916296967752,0.0810341928417437,-0.00542935));
#4227=CARTESIAN_POINT('',(-0.189714984489672,0.0812355053198235,-0.00500364937214865));
#4228=CARTESIAN_POINT('',(-0.189916296967752,0.0810341928417437,0.0107));
#4229=CARTESIAN_POINT('',(-0.189916296967752,0.0810341928417437,0.0107));
#4230=CARTESIAN_POINT('',(-0.190666296967752,0.0795341928417437,0.01145));
#4231=CARTESIAN_POINT('',(-0.189916296967752,0.030348297657631,0.0122));
#4232=CARTESIAN_POINT('',(-0.191416296967752,-0.0759752601582564,0.0107));
#4233=CARTESIAN_POINT('',(-0.191416296967752,-0.0759752601582564,0.0107));
#4234=CARTESIAN_POINT('',(-0.191416296967752,-0.0759752601582564,0.0107));
#4235=CARTESIAN_POINT('',(-0.191416296967752,-0.0759752601582564,-0.00542935));
#4236=CARTESIAN_POINT('',(-0.191229669077736,-0.0761618880482724,-0.00500746108715277));
#4237=CARTESIAN_POINT('',(-0.0752952859677663,0.0722348398417431,0.00415));
#4238=CARTESIAN_POINT('',(-0.0752952859677663,0.0722348398417431,0.00015));
#4239=CARTESIAN_POINT('',(-0.0736952859677663,0.0722348398417431,0.00015));
#4240=CARTESIAN_POINT('',(-0.0752952859677663,0.0722348398417431,0.00415));
#4241=CARTESIAN_POINT('',(-0.0768952859677663,0.0722348398417431,0.00415));
#4242=CARTESIAN_POINT('',(0.0148479965322478,0.00177946634174366,0.00415));
#4243=CARTESIAN_POINT('',(-0.183737752967752,0.0722348298417436,0.00415));
#4244=CARTESIAN_POINT('',(-0.183737752967752,0.0722348298417436,0.00015));
#4245=CARTESIAN_POINT('',(-0.182137752967752,0.0722348298417436,0.00015));
#4246=CARTESIAN_POINT('',(-0.183737752967752,0.0722348298417436,0.00415));
#4247=CARTESIAN_POINT('',(-0.185337752967752,0.0722348298417436,0.00415));
#4248=CARTESIAN_POINT('',(0.0148479965322478,0.00177946634174366,0.00415));
#4249=CARTESIAN_POINT('',(-0.146937752967778,0.0722348398417431,0.00415));
#4250=CARTESIAN_POINT('',(-0.146937752967778,0.0722348398417431,0.00015));
#4251=CARTESIAN_POINT('',(-0.145337752967778,0.0722348398417431,0.00015));
#4252=CARTESIAN_POINT('',(-0.146937752967778,0.0722348398417431,0.00415));
#4253=CARTESIAN_POINT('',(-0.148537752967778,0.0722348398417431,0.00415));
#4254=CARTESIAN_POINT('',(0.0148479965322478,0.00177946634174366,0.00415));
#4255=CARTESIAN_POINT('',(-0.0752507109677526,-0.0630765451582566,0.00415));
#4256=CARTESIAN_POINT('',(-0.0752507109677526,-0.0630765451582566,0.00015));
#4257=CARTESIAN_POINT('',(-0.0736507109677526,-0.0630765451582566,0.00015));
#4258=CARTESIAN_POINT('',(-0.0752507109677526,-0.0630765451582566,0.00415));
#4259=CARTESIAN_POINT('',(-0.0768507109677526,-0.0630765451582566,0.00415));
#4260=CARTESIAN_POINT('',(0.0148479965322478,0.00177946634174366,0.00415));
#4261=CARTESIAN_POINT('',(-0.183739123967752,-0.0630765301582564,0.00415));
#4262=CARTESIAN_POINT('',(-0.183739123967752,-0.0630765301582564,0.00015));
#4263=CARTESIAN_POINT('',(-0.182139123967752,-0.0630765301582564,0.00015));
#4264=CARTESIAN_POINT('',(-0.183739123967752,-0.0630765301582564,0.00415));
#4265=CARTESIAN_POINT('',(-0.185339123967752,-0.0630765301582564,0.00415));
#4266=CARTESIAN_POINT('',(0.0148479965322478,0.00177946634174366,0.00415));
#4267=CARTESIAN_POINT('',(-0.146939123967752,-0.0630765301582564,0.00415));
#4268=CARTESIAN_POINT('',(-0.146939123967752,-0.0630765301582564,0.00015));
#4269=CARTESIAN_POINT('',(-0.145339123967752,-0.0630765301582564,0.00015));
#4270=CARTESIAN_POINT('',(-0.146939123967752,-0.0630765301582564,0.00415));
#4271=CARTESIAN_POINT('',(-0.148539123967752,-0.0630765301582564,0.00415));
#4272=CARTESIAN_POINT('',(0.0148479965322478,0.00177946634174366,0.00415));
#4273=CARTESIAN_POINT('',(-0.191416296967752,0.000695646980314945,-0.0142563503448216));
#4274=CARTESIAN_POINT('',(-0.189795968161216,-0.0355722730410897,-0.0114357069031902));
#4275=CARTESIAN_POINT('',(-0.189916296967752,0.0742595875841826,-0.00519099928148107));
#4276=CARTESIAN_POINT('',(0.0150163600005005,-0.0596171818778295,0.006915));
#4277=CARTESIAN_POINT('',(-0.180339640654698,-0.0601295231501162,0.006915));
#4278=CARTESIAN_POINT('',(-0.181336846486588,-0.060132138425321,0.006915));
#4279=CARTESIAN_POINT('',(0.0148479962157229,-0.0601321377375198,0.006915));
#4280=CARTESIAN_POINT('',(-0.182016296967752,-0.0601321377375198,0.006915));
#4281=CARTESIAN_POINT('',(0.0148479962157229,-0.0601295224622737,0.006915));
#4282=CARTESIAN_POINT('',(-0.17881207935363,-0.0601265304931194,0.00711497761904918));
#4283=CARTESIAN_POINT('',(-0.178812079358234,-0.0602322357782461,0.0071165591307906));
#4284=CARTESIAN_POINT('',(-0.178812079362838,-0.0603295224622737,0.00702071711537449));
#4285=CARTESIAN_POINT('',(-0.178812079367443,-0.0603295224622737,0.00691499999999999));
#4286=CARTESIAN_POINT('',(-0.182016296967752,-0.0588321377375198,0.006915));
#4287=CARTESIAN_POINT('',(-0.183316296967741,-0.0588321429375198,0.006915));
#4288=CARTESIAN_POINT('',(-0.178812081206679,-0.0603265301582577,0.006915));
#4289=CARTESIAN_POINT('',(-0.178812081206679,-0.0603265301582577,0.007115));
#4290=CARTESIAN_POINT('',(-0.17881207935363,-0.0601265301582663,0.007115));
#4291=CARTESIAN_POINT('',(-0.178798612775734,-0.060326530283046,0.00691499999999983));
#4292=CARTESIAN_POINT('',(-0.178798612775914,-0.0603265302496937,0.00711500000000662));
#4293=CARTESIAN_POINT('',(-0.178792298324898,-0.0601265302924051,0.007115));
#4294=CARTESIAN_POINT('',(-0.178785286920332,-0.0603271673877492,0.00691500000000008));
#4295=CARTESIAN_POINT('',(-0.17878528692013,-0.0603271673851964,0.00711500000000163));
#4296=CARTESIAN_POINT('',(-0.178772676849982,-0.060127467256677,0.00711500000000001));
#4297=CARTESIAN_POINT('',(-0.178772049129317,-0.0603284199318957,0.00691500000000001));
#4298=CARTESIAN_POINT('',(-0.178772049129317,-0.0603284199318957,0.00711500000000002));
#4299=CARTESIAN_POINT('',(-0.178753209510611,-0.0601293092371378,0.00711500000000001));
#4300=CARTESIAN_POINT('',(-0.178772285999617,-0.0603283975864016,0.006915));
#4301=CARTESIAN_POINT('',(-0.178772285999617,-0.0603283975864016,0.00702070558580951));
#4302=CARTESIAN_POINT('',(-0.178767853823295,-0.0602325567428004,0.00711499999999981));
#4303=CARTESIAN_POINT('',(-0.178763812578824,-0.0601283969978197,0.007115));
#4304=CARTESIAN_POINT('',(-0.183316296967752,0.0045800191450809,0.006915));
#4305=CARTESIAN_POINT('',(-0.183516297600802,0.0681469729092944,0.006915));
#4306=CARTESIAN_POINT('',(-0.183516297600802,0.0681469729092944,0.00702073667192011));
#4307=CARTESIAN_POINT('',(-0.183420385328691,0.0681418966898214,0.00711500000000014));
#4308=CARTESIAN_POINT('',(-0.183316296967752,0.0681359561935082,0.007115));
#4309=CARTESIAN_POINT('',(-0.165319253937723,-0.0601274638738344,0.006915));
#4310=CARTESIAN_POINT('',(-0.1518661941137,-0.0601265301582564,0.007115));
#4311=CARTESIAN_POINT('',(-0.151866191472613,-0.0602312499139669,0.00711500000081974));
#4312=CARTESIAN_POINT('',(-0.151866189486678,-0.0603265301599826,0.00701971975564152));
#4313=CARTESIAN_POINT('',(-0.151866194113699,-0.0603265301603037,0.006915));
#4314=CARTESIAN_POINT('',(-0.182024765264735,0.0679878148417436,0.006915));
#4315=CARTESIAN_POINT('',(-0.182024765264735,0.0692878148417437,0.006915));
#4316=CARTESIAN_POINT('',(-0.151102644292094,-0.0601265301582564,0.006915));
#4317=CARTESIAN_POINT('',(-0.180417738791902,0.0692878088417437,0.006915));
#4318=CARTESIAN_POINT('',(-0.178810712319069,0.0694878088417437,0.006915));
#4319=CARTESIAN_POINT('',(-0.178810712319069,0.0694878088417437,0.00702071268169345));
#4320=CARTESIAN_POINT('',(-0.178810712319069,0.0693905311290331,0.00711655223334128));
#4321=CARTESIAN_POINT('',(-0.178810712319069,0.0692848301721507,0.00711497781758849));
#4322=CARTESIAN_POINT('',(-0.178810712319069,0.0699098298417436,0.006915));
#4323=CARTESIAN_POINT('',(-0.178760526831683,0.0694878032823238,0.006915));
#4324=CARTESIAN_POINT('',(-0.178760526831683,0.0694878032823238,0.00702073091573076));
#4325=CARTESIAN_POINT('',(-0.178754927990841,0.0693919330486469,0.00711500000000034));
#4326=CARTESIAN_POINT('',(-0.178749831419921,0.0692878020962856,0.007115));
#4327=CARTESIAN_POINT('',(0.0148551620026739,0.0692663550299696,0.006915));
#4328=CARTESIAN_POINT('',(-0.151864840698953,0.0694848238469594,0.006915));
#4329=CARTESIAN_POINT('',(-0.151864840699248,0.0694848238469595,0.00701971442393411));
#4330=CARTESIAN_POINT('',(-0.151864851253264,0.0693895542647,0.00711499162558017));
#4331=CARTESIAN_POINT('',(-0.151864862853556,0.0692848398417432,0.00711499999936052));
#4332=CARTESIAN_POINT('',(0.0148479962157229,0.0692848398417432,0.006915));
#4333=CARTESIAN_POINT('',(-0.0578597552177525,0.0045800191450809,0.007315));
#4334=CARTESIAN_POINT('',(0.0148479962157229,0.0651517298417437,0.007315));
#4335=CARTESIAN_POINT('',(-0.143584755217752,0.0651517298417437,0.007315));
#4336=CARTESIAN_POINT('',(-0.0659347552177525,0.0651517298417437,0.007315));
#4337=CARTESIAN_POINT('',(-0.0659347552177525,0.0045800191450809,0.007315));
#4338=CARTESIAN_POINT('',(-0.0659347552177525,0.0446517298417437,0.007315));
#4339=CARTESIAN_POINT('',(-0.143584755217752,0.0045800191450809,0.007315));
#4340=CARTESIAN_POINT('',(-0.143584755217752,0.0446517298417437,0.007315));
#4341=CARTESIAN_POINT('',(-0.104759755217752,0.0446517298417437,0.007315));
#4342=CARTESIAN_POINT('',(-0.161184755217752,0.0554267298417437,0.007315));
#4343=CARTESIAN_POINT('',(-0.161184755217752,0.0651517298417437,0.007315));
#4344=CARTESIAN_POINT('',(-0.161184755217752,0.0446517298417437,0.007315));
#4345=CARTESIAN_POINT('',(-0.171164755217752,0.0446517298417437,0.007315));
#4346=CARTESIAN_POINT('',(-0.181684755217752,0.0446517298417437,0.007315));
#4347=CARTESIAN_POINT('',(0.0148479962157229,0.0651517298417437,0.007315));
#4348=CARTESIAN_POINT('',(-0.181684755217752,0.0651517298417437,0.007315));
#4349=CARTESIAN_POINT('',(-0.181684755217752,0.0549017298417437,0.007315));
#4350=CARTESIAN_POINT('',(-0.181684755217752,-0.0070107701582563,0.007315));
#4351=CARTESIAN_POINT('',(-0.180837719059675,-0.060330830099938,0.00025));
#4352=CARTESIAN_POINT('',(-0.181336321967753,-0.0603321377375198,0.00025));
#4353=CARTESIAN_POINT('',(-0.181676309467752,-0.0603321377375198,0.00025));
#4354=CARTESIAN_POINT('',(-0.182016296967752,-0.0603321377375198,0.00025));
#4355=CARTESIAN_POINT('',(-0.182016296967752,-0.0588321377375198,0.));
#4356=CARTESIAN_POINT('',(-0.183516296967739,-0.0588321437375198,0.00025));
#4357=CARTESIAN_POINT('',(-0.183516296967751,0.00465741455211165,0.00025));
#4358=CARTESIAN_POINT('',(-0.183516297600802,0.0681469729092944,0.00025));
#4359=CARTESIAN_POINT('',(-0.183599626508278,0.0681514062452557,0.00016667109252427));
#4360=CARTESIAN_POINT('',(-0.183682959638958,0.0681556621575737,8.33373287938333E-5));
#4361=CARTESIAN_POINT('',(-0.183766296967751,0.0681597663680179,4.5683818250718E-18));
#4362=CARTESIAN_POINT('',(-0.182024765264735,0.0679878148417436,0.));
#4363=CARTESIAN_POINT('',(-0.182024765264735,0.0694878148417437,0.00025));
#4364=CARTESIAN_POINT('',(0.0148493610322475,0.0697378088417437,0.));
#4365=CARTESIAN_POINT('',(-0.178810712319069,0.0697363193417437,1.48950000002091E-6));
#4366=CARTESIAN_POINT('',(-0.178810712319069,0.0696529860084103,8.48228333333544E-5));
#4367=CARTESIAN_POINT('',(-0.178810712319069,0.069569652675077,0.000168156166666688));
#4368=CARTESIAN_POINT('',(-0.178810712319069,0.0694863193417437,0.000251489500000021));
#4369=CARTESIAN_POINT('',(-0.178810712319069,0.0699098298417436,0.00025));
#4370=CARTESIAN_POINT('',(-0.178810712356825,0.0703348298417436,0.00025));
#4371=CARTESIAN_POINT('',(-0.178824232643411,0.0724833007937545,0.));
#4372=CARTESIAN_POINT('',(-0.178837752967753,0.0703348298417437,0.00025));
#4373=CARTESIAN_POINT('',(-0.178837752967753,0.0722348298417437,0.));
#4374=CARTESIAN_POINT('',(-0.178837752967753,0.0741335558417436,0.00025));
#4375=CARTESIAN_POINT('',(-0.178837752967753,0.0742168891750769,0.000166666666666666));
#4376=CARTESIAN_POINT('',(-0.178837752967753,0.0743002225084103,8.33333333333331E-5));
#4377=CARTESIAN_POINT('',(-0.178837752967753,0.0743835558417436,-3.79470760369927E-19));
#4378=CARTESIAN_POINT('',(-0.165337752967752,0.0741335558417436,0.00025));
#4379=CARTESIAN_POINT('',(-0.151837752967752,0.0743841928417436,-6.37000000018974E-7));
#4380=CARTESIAN_POINT('',(-0.151837752967752,0.0743008595084103,8.26963333333145E-5));
#4381=CARTESIAN_POINT('',(-0.151837752967752,0.074217526175077,0.000166029666666648));
#4382=CARTESIAN_POINT('',(-0.151837752967752,0.0741341928417436,0.000249362999999981));
#4383=CARTESIAN_POINT('',(-0.151837752967753,0.0722348298417437,0.));
#4384=CARTESIAN_POINT('',(-0.151837753005509,0.0703348298417437,0.00025));
#4385=CARTESIAN_POINT('',(-0.151851273292094,0.0724833007937556,0.));
#4386=CARTESIAN_POINT('',(-0.151864793616436,0.0703348298417437,0.00025));
#4387=CARTESIAN_POINT('',(-0.151864793616436,0.0699098298417436,0.00025));
#4388=CARTESIAN_POINT('',(-0.151864793616436,0.0694848298417436,0.00025));
#4389=CARTESIAN_POINT('',(-0.151101273292094,0.0694848398417432,0.00025));
#4390=CARTESIAN_POINT('',(-0.178839123967753,-0.0630765301582564,0.));
#4391=CARTESIAN_POINT('',(-0.178839123967753,-0.0652265301582564,0.));
#4392=CARTESIAN_POINT('',(-0.165339123967752,-0.0649765301582564,0.00025));
#4393=CARTESIAN_POINT('',(-0.151839123967753,-0.0652265301582564,0.));
#4394=CARTESIAN_POINT('',(-0.151839123967753,-0.0630765301582564,0.));
#4395=CARTESIAN_POINT('',(-0.151839123967753,-0.0609265301582564,0.));
#4396=CARTESIAN_POINT('',(-0.151852644292093,-0.0633250011105463,0.));
#4397=CARTESIAN_POINT('',(-0.151866164656977,-0.0609265257242818,0.));
#4398=CARTESIAN_POINT('',(-0.151866164616436,-0.0607515301582564,0.00025));
#4399=CARTESIAN_POINT('',(-0.151866164616436,-0.0605765301582564,0.));
#4400=CARTESIAN_POINT('',(0.0148493610322475,-0.0605765301582564,0.));
#4401=CARTESIAN_POINT('',(-0.189416296967752,0.00196303324824285,-0.00872145697795095));
#4402=CARTESIAN_POINT('',(-0.189416296967752,-0.0355515780970723,-0.0108132605552048));
#4403=CARTESIAN_POINT('',(-0.189416296967752,0.000573777636909771,-0.015248896496463));
#4404=CARTESIAN_POINT('',(-0.0752952859677663,0.0722348398417431,0.00015));
#4405=CARTESIAN_POINT('',(-0.146937752967778,0.0722348398417431,0.00015));
#4406=CARTESIAN_POINT('',(-0.183737752967752,0.0722348298417436,0.00015));
#4407=CARTESIAN_POINT('',(-0.0752507109677526,-0.0630765451582566,0.00015));
#4408=CARTESIAN_POINT('',(-0.183739123967752,-0.0630765301582564,0.00015));
#4409=CARTESIAN_POINT('',(-0.146939123967752,-0.0630765301582564,0.00015));
#4410=CARTESIAN_POINT('',(-0.188766296967751,0.00457914484174363,-0.00015));
#4411=CARTESIAN_POINT('',(-0.0179417069677517,0.00177946634174364,-0.00015));
#4412=CARTESIAN_POINT('',(-0.0179417069677517,0.00177946634174364,-0.00015));
#4413=CARTESIAN_POINT('',(-0.0179417069677517,0.00177946634174364,-0.00015));
#4414=MECHANICAL_DESIGN_GEOMETRIC_PRESENTATION_REPRESENTATION('',(#2596),
#4415);
#4415=(
GEOMETRIC_REPRESENTATION_CONTEXT(3)
GLOBAL_UNCERTAINTY_ASSIGNED_CONTEXT((#4416))
GLOBAL_UNIT_ASSIGNED_CONTEXT((#4419,#4418,#4417))
REPRESENTATION_CONTEXT('Part 2','TOP_LEVEL_ASSEMBLY_PART')
);
#4416=UNCERTAINTY_MEASURE_WITH_UNIT(LENGTH_MEASURE(2.37237500000653E-5),
#4419,'DISTANCE_ACCURACY_VALUE','Maximum Tolerance applied to model');
#4417=(
NAMED_UNIT(*)
SI_UNIT($,.STERADIAN.)
SOLID_ANGLE_UNIT()
);
#4418=(
NAMED_UNIT(*)
PLANE_ANGLE_UNIT()
SI_UNIT($,.RADIAN.)
);
#4419=(
LENGTH_UNIT()
NAMED_UNIT(*)
SI_UNIT($,.METRE.)
);
#4420=PRODUCT_DEFINITION_SHAPE('','',#4421);
#4421=PRODUCT_DEFINITION('','',#4423,#4422);
#4422=PRODUCT_DEFINITION_CONTEXT('',#4429,'design');
#4423=PRODUCT_DEFINITION_FORMATION_WITH_SPECIFIED_SOURCE('','',#4425,
 .NOT_KNOWN.);
#4424=PRODUCT_RELATED_PRODUCT_CATEGORY('','',(#4425));
#4425=PRODUCT('Part 2','Part 2','Part 2',(#4427));
#4426=PRODUCT_CATEGORY('','');
#4427=PRODUCT_CONTEXT('',#4429,'mechanical');
#4428=APPLICATION_PROTOCOL_DEFINITION('international standard',
'ap242_managed_model_based_3d_engineering',2020,#4429);
#4429=APPLICATION_CONTEXT('managed model based 3d engineering');
ENDSEC;
END-ISO-10303-21;
